<?xml version="1.0" encoding="UTF-8" standalone="no"?><author age_group="xx" gender="xx" lang="EN" type="twitter" url="https://twitter.com/ovaismehboob">
	<documents count="76">
		<document id="215387675274903552" url="https://twitter.com/ovaismehboob/status/215387675274903552"/>
		<document id="215739288158089216" url="https://twitter.com/ovaismehboob/status/215739288158089216"/>
		<document id="215915564298801153" url="https://twitter.com/ovaismehboob/status/215915564298801153"/>
		<document id="221365915437117440" url="https://twitter.com/ovaismehboob/status/221365915437117440"/>
		<document id="226085871349288960" url="https://twitter.com/ovaismehboob/status/226085871349288960"/>
		<document id="244183824509059072" url="https://twitter.com/ovaismehboob/status/244183824509059072"/>
		<document id="246335284709584896" url="https://twitter.com/ovaismehboob/status/246335284709584896"/>
		<document id="247326510615257088" url="https://twitter.com/ovaismehboob/status/247326510615257088"/>
		<document id="249231620798832640" url="https://twitter.com/ovaismehboob/status/249231620798832640"/>
		<document id="250481846545162240" url="https://twitter.com/ovaismehboob/status/250481846545162240"/>
		<document id="250482515125608448" url="https://twitter.com/ovaismehboob/status/250482515125608448"/>
		<document id="250966284257341440" url="https://twitter.com/ovaismehboob/status/250966284257341440"/>
		<document id="250966605113204737" url="https://twitter.com/ovaismehboob/status/250966605113204737"/>
		<document id="251315488301400065" url="https://twitter.com/ovaismehboob/status/251315488301400065"/>
		<document id="251417775787089920" url="https://twitter.com/ovaismehboob/status/251417775787089920"/>
		<document id="253547508633063424" url="https://twitter.com/ovaismehboob/status/253547508633063424"/>
		<document id="253774821509447681" url="https://twitter.com/ovaismehboob/status/253774821509447681"/>
		<document id="255520993387356160" url="https://twitter.com/ovaismehboob/status/255520993387356160"/>
		<document id="255521121720496128" url="https://twitter.com/ovaismehboob/status/255521121720496128"/>
		<document id="256241854511722496" url="https://twitter.com/ovaismehboob/status/256241854511722496"/>
		<document id="257902875303362560" url="https://twitter.com/ovaismehboob/status/257902875303362560"/>
		<document id="258455189571395585" url="https://twitter.com/ovaismehboob/status/258455189571395585"/>
		<document id="259237108290576384" url="https://twitter.com/ovaismehboob/status/259237108290576384"/>
		<document id="259993930458861568" url="https://twitter.com/ovaismehboob/status/259993930458861568"/>
		<document id="264002914345955328" url="https://twitter.com/ovaismehboob/status/264002914345955328"/>
		<document id="265981795986706432" url="https://twitter.com/ovaismehboob/status/265981795986706432"/>
		<document id="267650201458708481" url="https://twitter.com/ovaismehboob/status/267650201458708481"/>
		<document id="267693250347941889" url="https://twitter.com/ovaismehboob/status/267693250347941889"/>
		<document id="269165018002632705" url="https://twitter.com/ovaismehboob/status/269165018002632705"/>
		<document id="269556269004767232" url="https://twitter.com/ovaismehboob/status/269556269004767232"/>
		<document id="271618529160212481" url="https://twitter.com/ovaismehboob/status/271618529160212481"/>
		<document id="274061236432412672" url="https://twitter.com/ovaismehboob/status/274061236432412672"/>
		<document id="275833604586762240" url="https://twitter.com/ovaismehboob/status/275833604586762240"/>
		<document id="278789361762455552" url="https://twitter.com/ovaismehboob/status/278789361762455552"/>
		<document id="289755492484513795" url="https://twitter.com/ovaismehboob/status/289755492484513795"/>
		<document id="304208633112174592" url="https://twitter.com/ovaismehboob/status/304208633112174592"/>
		<document id="311014796298444801" url="https://twitter.com/ovaismehboob/status/311014796298444801"/>
		<document id="317490440528093184" url="https://twitter.com/ovaismehboob/status/317490440528093184"/>
		<document id="317588118649847809" url="https://twitter.com/ovaismehboob/status/317588118649847809"/>
		<document id="318691652644507648" url="https://twitter.com/ovaismehboob/status/318691652644507648"/>
		<document id="319702366662320129" url="https://twitter.com/ovaismehboob/status/319702366662320129"/>
		<document id="319703529470173185" url="https://twitter.com/ovaismehboob/status/319703529470173185"/>
		<document id="319704331614052352" url="https://twitter.com/ovaismehboob/status/319704331614052352"/>
		<document id="325534226621542400" url="https://twitter.com/ovaismehboob/status/325534226621542400"/>
		<document id="328522866381422594" url="https://twitter.com/ovaismehboob/status/328522866381422594"/>
		<document id="329096115674812416" url="https://twitter.com/ovaismehboob/status/329096115674812416"/>
		<document id="335676435928850432" url="https://twitter.com/ovaismehboob/status/335676435928850432"/>
		<document id="339312013291442176" url="https://twitter.com/ovaismehboob/status/339312013291442176"/>
		<document id="345409111875272704" url="https://twitter.com/ovaismehboob/status/345409111875272704"/>
		<document id="348316469270036480" url="https://twitter.com/ovaismehboob/status/348316469270036480"/>
		<document id="350150693270728705" url="https://twitter.com/ovaismehboob/status/350150693270728705"/>
		<document id="352522971446910977" url="https://twitter.com/ovaismehboob/status/352522971446910977"/>
		<document id="353339746312916992" url="https://twitter.com/ovaismehboob/status/353339746312916992"/>
		<document id="353409896609357824" url="https://twitter.com/ovaismehboob/status/353409896609357824"/>
		<document id="354603219613261825" url="https://twitter.com/ovaismehboob/status/354603219613261825"/>
		<document id="355797640325246976" url="https://twitter.com/ovaismehboob/status/355797640325246976"/>
		<document id="362346056551366656" url="https://twitter.com/ovaismehboob/status/362346056551366656"/>
		<document id="370143637570854912" url="https://twitter.com/ovaismehboob/status/370143637570854912"/>
		<document id="370144913775923200" url="https://twitter.com/ovaismehboob/status/370144913775923200"/>
		<document id="370145090683277312" url="https://twitter.com/ovaismehboob/status/370145090683277312"/>
		<document id="384117197347753984" url="https://twitter.com/ovaismehboob/status/384117197347753984"/>
		<document id="384118958934466560" url="https://twitter.com/ovaismehboob/status/384118958934466560"/>
		<document id="387900915010654208" url="https://twitter.com/ovaismehboob/status/387900915010654208"/>
		<document id="389903412793737216" url="https://twitter.com/ovaismehboob/status/389903412793737216"/>
		<document id="392290706259050497" url="https://twitter.com/ovaismehboob/status/392290706259050497"/>
		<document id="394726992626847744" url="https://twitter.com/ovaismehboob/status/394726992626847744"/>
		<document id="394790980450148353" url="https://twitter.com/ovaismehboob/status/394790980450148353"/>
		<document id="394791030718857216" url="https://twitter.com/ovaismehboob/status/394791030718857216"/>
		<document id="395440130258784256" url="https://twitter.com/ovaismehboob/status/395440130258784256"/>
		<document id="398301123750006784" url="https://twitter.com/ovaismehboob/status/398301123750006784"/>
		<document id="401158619971850240" url="https://twitter.com/ovaismehboob/status/401158619971850240"/>
		<document id="403847891623878656" url="https://twitter.com/ovaismehboob/status/403847891623878656"/>
		<document id="405626493352415232" url="https://twitter.com/ovaismehboob/status/405626493352415232"/>
		<document id="407579560528457728" url="https://twitter.com/ovaismehboob/status/407579560528457728"/>
		<document id="415211486387400704" url="https://twitter.com/ovaismehboob/status/415211486387400704"/>
		<document id="419481500284112896" url="https://twitter.com/ovaismehboob/status/419481500284112896"/>
	</documents>
</author>