<?xml version="1.0" encoding="UTF-8" standalone="no"?><author age_group="xx" gender="xx" lang="EN" type="twitter" url="https://twitter.com/CareerToolboxUS">
	<documents count="869">
		<document id="319809326145490944" url="https://twitter.com/CareerToolboxUS/status/319809326145490944"/>
		<document id="319810456304889857" url="https://twitter.com/CareerToolboxUS/status/319810456304889857"/>
		<document id="319812996916445185" url="https://twitter.com/CareerToolboxUS/status/319812996916445185"/>
		<document id="319813351611965442" url="https://twitter.com/CareerToolboxUS/status/319813351611965442"/>
		<document id="320171039944499202" url="https://twitter.com/CareerToolboxUS/status/320171039944499202"/>
		<document id="320173064560189441" url="https://twitter.com/CareerToolboxUS/status/320173064560189441"/>
		<document id="320173505121484800" url="https://twitter.com/CareerToolboxUS/status/320173505121484800"/>
		<document id="320174047461781505" url="https://twitter.com/CareerToolboxUS/status/320174047461781505"/>
		<document id="320174783444701184" url="https://twitter.com/CareerToolboxUS/status/320174783444701184"/>
		<document id="320515099506925568" url="https://twitter.com/CareerToolboxUS/status/320515099506925568"/>
		<document id="320519313859686400" url="https://twitter.com/CareerToolboxUS/status/320519313859686400"/>
		<document id="320909689334403075" url="https://twitter.com/CareerToolboxUS/status/320909689334403075"/>
		<document id="321066511466913792" url="https://twitter.com/CareerToolboxUS/status/321066511466913792"/>
		<document id="321071689507172353" url="https://twitter.com/CareerToolboxUS/status/321071689507172353"/>
		<document id="321250559799730176" url="https://twitter.com/CareerToolboxUS/status/321250559799730176"/>
		<document id="321251181659832321" url="https://twitter.com/CareerToolboxUS/status/321251181659832321"/>
		<document id="321251497256042496" url="https://twitter.com/CareerToolboxUS/status/321251497256042496"/>
		<document id="321252477720723456" url="https://twitter.com/CareerToolboxUS/status/321252477720723456"/>
		<document id="321254743097884672" url="https://twitter.com/CareerToolboxUS/status/321254743097884672"/>
		<document id="321387489887657985" url="https://twitter.com/CareerToolboxUS/status/321387489887657985"/>
		<document id="321626924956921856" url="https://twitter.com/CareerToolboxUS/status/321626924956921856"/>
		<document id="321627555838971904" url="https://twitter.com/CareerToolboxUS/status/321627555838971904"/>
		<document id="321628197382938624" url="https://twitter.com/CareerToolboxUS/status/321628197382938624"/>
		<document id="321628674933796864" url="https://twitter.com/CareerToolboxUS/status/321628674933796864"/>
		<document id="321629465874690048" url="https://twitter.com/CareerToolboxUS/status/321629465874690048"/>
		<document id="321788778828148736" url="https://twitter.com/CareerToolboxUS/status/321788778828148736"/>
		<document id="321792357060206592" url="https://twitter.com/CareerToolboxUS/status/321792357060206592"/>
		<document id="322001096652517376" url="https://twitter.com/CareerToolboxUS/status/322001096652517376"/>
		<document id="322001155959955456" url="https://twitter.com/CareerToolboxUS/status/322001155959955456"/>
		<document id="322001201250050049" url="https://twitter.com/CareerToolboxUS/status/322001201250050049"/>
		<document id="322001252579934208" url="https://twitter.com/CareerToolboxUS/status/322001252579934208"/>
		<document id="322001346536546304" url="https://twitter.com/CareerToolboxUS/status/322001346536546304"/>
		<document id="322001406754177024" url="https://twitter.com/CareerToolboxUS/status/322001406754177024"/>
		<document id="322001512207355905" url="https://twitter.com/CareerToolboxUS/status/322001512207355905"/>
		<document id="322001667270791168" url="https://twitter.com/CareerToolboxUS/status/322001667270791168"/>
		<document id="322001741400907777" url="https://twitter.com/CareerToolboxUS/status/322001741400907777"/>
		<document id="322001789144666112" url="https://twitter.com/CareerToolboxUS/status/322001789144666112"/>
		<document id="322001835751780355" url="https://twitter.com/CareerToolboxUS/status/322001835751780355"/>
		<document id="322002483310387200" url="https://twitter.com/CareerToolboxUS/status/322002483310387200"/>
		<document id="322002544522047491" url="https://twitter.com/CareerToolboxUS/status/322002544522047491"/>
		<document id="322002610200670209" url="https://twitter.com/CareerToolboxUS/status/322002610200670209"/>
		<document id="322002662310678528" url="https://twitter.com/CareerToolboxUS/status/322002662310678528"/>
		<document id="322005694243016706" url="https://twitter.com/CareerToolboxUS/status/322005694243016706"/>
		<document id="322007051519815680" url="https://twitter.com/CareerToolboxUS/status/322007051519815680"/>
		<document id="322007162001952769" url="https://twitter.com/CareerToolboxUS/status/322007162001952769"/>
		<document id="322007307322028032" url="https://twitter.com/CareerToolboxUS/status/322007307322028032"/>
		<document id="322007413681160192" url="https://twitter.com/CareerToolboxUS/status/322007413681160192"/>
		<document id="322007489644228610" url="https://twitter.com/CareerToolboxUS/status/322007489644228610"/>
		<document id="322007581314916352" url="https://twitter.com/CareerToolboxUS/status/322007581314916352"/>
		<document id="322007647312289793" url="https://twitter.com/CareerToolboxUS/status/322007647312289793"/>
		<document id="322007783602024448" url="https://twitter.com/CareerToolboxUS/status/322007783602024448"/>
		<document id="322007899297693696" url="https://twitter.com/CareerToolboxUS/status/322007899297693696"/>
		<document id="322008042398957568" url="https://twitter.com/CareerToolboxUS/status/322008042398957568"/>
		<document id="322008320930086912" url="https://twitter.com/CareerToolboxUS/status/322008320930086912"/>
		<document id="322008450789949440" url="https://twitter.com/CareerToolboxUS/status/322008450789949440"/>
		<document id="322034736824467456" url="https://twitter.com/CareerToolboxUS/status/322034736824467456"/>
		<document id="322034931427586049" url="https://twitter.com/CareerToolboxUS/status/322034931427586049"/>
		<document id="322068587558887426" url="https://twitter.com/CareerToolboxUS/status/322068587558887426"/>
		<document id="322073318947688449" url="https://twitter.com/CareerToolboxUS/status/322073318947688449"/>
		<document id="322073400598208512" url="https://twitter.com/CareerToolboxUS/status/322073400598208512"/>
		<document id="322073459779833856" url="https://twitter.com/CareerToolboxUS/status/322073459779833856"/>
		<document id="322077762187829248" url="https://twitter.com/CareerToolboxUS/status/322077762187829248"/>
		<document id="322077879770968064" url="https://twitter.com/CareerToolboxUS/status/322077879770968064"/>
		<document id="322127663957434368" url="https://twitter.com/CareerToolboxUS/status/322127663957434368"/>
		<document id="322318418378387456" url="https://twitter.com/CareerToolboxUS/status/322318418378387456"/>
		<document id="322318481028685824" url="https://twitter.com/CareerToolboxUS/status/322318481028685824"/>
		<document id="322318591405998080" url="https://twitter.com/CareerToolboxUS/status/322318591405998080"/>
		<document id="322321679969837056" url="https://twitter.com/CareerToolboxUS/status/322321679969837056"/>
		<document id="322321732084060160" url="https://twitter.com/CareerToolboxUS/status/322321732084060160"/>
		<document id="322321782411493377" url="https://twitter.com/CareerToolboxUS/status/322321782411493377"/>
		<document id="322358050096828416" url="https://twitter.com/CareerToolboxUS/status/322358050096828416"/>
		<document id="322403795898335232" url="https://twitter.com/CareerToolboxUS/status/322403795898335232"/>
		<document id="322403972621156352" url="https://twitter.com/CareerToolboxUS/status/322403972621156352"/>
		<document id="322404087125643264" url="https://twitter.com/CareerToolboxUS/status/322404087125643264"/>
		<document id="322682772437209088" url="https://twitter.com/CareerToolboxUS/status/322682772437209088"/>
		<document id="322683129401847809" url="https://twitter.com/CareerToolboxUS/status/322683129401847809"/>
		<document id="322683206774165505" url="https://twitter.com/CareerToolboxUS/status/322683206774165505"/>
		<document id="322683296964292609" url="https://twitter.com/CareerToolboxUS/status/322683296964292609"/>
		<document id="322901963886981121" url="https://twitter.com/CareerToolboxUS/status/322901963886981121"/>
		<document id="323065128062943234" url="https://twitter.com/CareerToolboxUS/status/323065128062943234"/>
		<document id="323065209235316736" url="https://twitter.com/CareerToolboxUS/status/323065209235316736"/>
		<document id="323065262385528833" url="https://twitter.com/CareerToolboxUS/status/323065262385528833"/>
		<document id="323065805325615105" url="https://twitter.com/CareerToolboxUS/status/323065805325615105"/>
		<document id="323065964159725568" url="https://twitter.com/CareerToolboxUS/status/323065964159725568"/>
		<document id="323066042702258178" url="https://twitter.com/CareerToolboxUS/status/323066042702258178"/>
		<document id="323066152261660672" url="https://twitter.com/CareerToolboxUS/status/323066152261660672"/>
		<document id="323066324307832832" url="https://twitter.com/CareerToolboxUS/status/323066324307832832"/>
		<document id="323068324202303489" url="https://twitter.com/CareerToolboxUS/status/323068324202303489"/>
		<document id="323068490951036928" url="https://twitter.com/CareerToolboxUS/status/323068490951036928"/>
		<document id="323074114703224834" url="https://twitter.com/CareerToolboxUS/status/323074114703224834"/>
		<document id="323082866844119040" url="https://twitter.com/CareerToolboxUS/status/323082866844119040"/>
		<document id="323082960221904897" url="https://twitter.com/CareerToolboxUS/status/323082960221904897"/>
		<document id="323083170104893440" url="https://twitter.com/CareerToolboxUS/status/323083170104893440"/>
		<document id="323083314804187136" url="https://twitter.com/CareerToolboxUS/status/323083314804187136"/>
		<document id="323083403635343360" url="https://twitter.com/CareerToolboxUS/status/323083403635343360"/>
		<document id="323083468256989185" url="https://twitter.com/CareerToolboxUS/status/323083468256989185"/>
		<document id="323083559256600576" url="https://twitter.com/CareerToolboxUS/status/323083559256600576"/>
		<document id="323083664785297408" url="https://twitter.com/CareerToolboxUS/status/323083664785297408"/>
		<document id="323083713716043776" url="https://twitter.com/CareerToolboxUS/status/323083713716043776"/>
		<document id="323083940212666369" url="https://twitter.com/CareerToolboxUS/status/323083940212666369"/>
		<document id="323087092936736768" url="https://twitter.com/CareerToolboxUS/status/323087092936736768"/>
		<document id="323092727002710017" url="https://twitter.com/CareerToolboxUS/status/323092727002710017"/>
		<document id="323426385353904132" url="https://twitter.com/CareerToolboxUS/status/323426385353904132"/>
		<document id="323458781667266560" url="https://twitter.com/CareerToolboxUS/status/323458781667266560"/>
		<document id="323460369928568832" url="https://twitter.com/CareerToolboxUS/status/323460369928568832"/>
		<document id="323507048966922244" url="https://twitter.com/CareerToolboxUS/status/323507048966922244"/>
		<document id="323507117157912577" url="https://twitter.com/CareerToolboxUS/status/323507117157912577"/>
		<document id="323507176968704000" url="https://twitter.com/CareerToolboxUS/status/323507176968704000"/>
		<document id="323518447948554242" url="https://twitter.com/CareerToolboxUS/status/323518447948554242"/>
		<document id="323573242071769088" url="https://twitter.com/CareerToolboxUS/status/323573242071769088"/>
		<document id="323595078876688386" url="https://twitter.com/CareerToolboxUS/status/323595078876688386"/>
		<document id="323791780753584130" url="https://twitter.com/CareerToolboxUS/status/323791780753584130"/>
		<document id="323801641977524225" url="https://twitter.com/CareerToolboxUS/status/323801641977524225"/>
		<document id="323802386365808640" url="https://twitter.com/CareerToolboxUS/status/323802386365808640"/>
		<document id="323803834981953536" url="https://twitter.com/CareerToolboxUS/status/323803834981953536"/>
		<document id="323804124300849152" url="https://twitter.com/CareerToolboxUS/status/323804124300849152"/>
		<document id="323805006090362881" url="https://twitter.com/CareerToolboxUS/status/323805006090362881"/>
		<document id="323831091146395648" url="https://twitter.com/CareerToolboxUS/status/323831091146395648"/>
		<document id="324158049344446464" url="https://twitter.com/CareerToolboxUS/status/324158049344446464"/>
		<document id="324295454751854592" url="https://twitter.com/CareerToolboxUS/status/324295454751854592"/>
		<document id="324309930616160256" url="https://twitter.com/CareerToolboxUS/status/324309930616160256"/>
		<document id="324310069388918786" url="https://twitter.com/CareerToolboxUS/status/324310069388918786"/>
		<document id="324310190142935040" url="https://twitter.com/CareerToolboxUS/status/324310190142935040"/>
		<document id="324341994677751808" url="https://twitter.com/CareerToolboxUS/status/324341994677751808"/>
		<document id="324342186739126272" url="https://twitter.com/CareerToolboxUS/status/324342186739126272"/>
		<document id="324342849346879492" url="https://twitter.com/CareerToolboxUS/status/324342849346879492"/>
		<document id="324343586680352771" url="https://twitter.com/CareerToolboxUS/status/324343586680352771"/>
		<document id="324345026870145024" url="https://twitter.com/CareerToolboxUS/status/324345026870145024"/>
		<document id="324345156973232128" url="https://twitter.com/CareerToolboxUS/status/324345156973232128"/>
		<document id="324345501422075904" url="https://twitter.com/CareerToolboxUS/status/324345501422075904"/>
		<document id="324345566488322048" url="https://twitter.com/CareerToolboxUS/status/324345566488322048"/>
		<document id="324345773372362752" url="https://twitter.com/CareerToolboxUS/status/324345773372362752"/>
		<document id="324345784638267394" url="https://twitter.com/CareerToolboxUS/status/324345784638267394"/>
		<document id="324345846923685890" url="https://twitter.com/CareerToolboxUS/status/324345846923685890"/>
		<document id="324345902779224064" url="https://twitter.com/CareerToolboxUS/status/324345902779224064"/>
		<document id="324345959171633152" url="https://twitter.com/CareerToolboxUS/status/324345959171633152"/>
		<document id="324346078017236992" url="https://twitter.com/CareerToolboxUS/status/324346078017236992"/>
		<document id="324346390870372352" url="https://twitter.com/CareerToolboxUS/status/324346390870372352"/>
		<document id="324514936879464448" url="https://twitter.com/CareerToolboxUS/status/324514936879464448"/>
		<document id="324521196127416321" url="https://twitter.com/CareerToolboxUS/status/324521196127416321"/>
		<document id="324635499690078210" url="https://twitter.com/CareerToolboxUS/status/324635499690078210"/>
		<document id="324880350637617154" url="https://twitter.com/CareerToolboxUS/status/324880350637617154"/>
		<document id="324888117029003264" url="https://twitter.com/CareerToolboxUS/status/324888117029003264"/>
		<document id="324895275460202496" url="https://twitter.com/CareerToolboxUS/status/324895275460202496"/>
		<document id="325002412085628929" url="https://twitter.com/CareerToolboxUS/status/325002412085628929"/>
		<document id="325002750167498753" url="https://twitter.com/CareerToolboxUS/status/325002750167498753"/>
		<document id="325246128704585730" url="https://twitter.com/CareerToolboxUS/status/325246128704585730"/>
		<document id="325264367216103425" url="https://twitter.com/CareerToolboxUS/status/325264367216103425"/>
		<document id="325604031424786433" url="https://twitter.com/CareerToolboxUS/status/325604031424786433"/>
		<document id="325775849653690368" url="https://twitter.com/CareerToolboxUS/status/325775849653690368"/>
		<document id="326335085181804544" url="https://twitter.com/CareerToolboxUS/status/326335085181804544"/>
		<document id="326361843578843136" url="https://twitter.com/CareerToolboxUS/status/326361843578843136"/>
		<document id="326499135194820608" url="https://twitter.com/CareerToolboxUS/status/326499135194820608"/>
		<document id="326696598686035968" url="https://twitter.com/CareerToolboxUS/status/326696598686035968"/>
		<document id="326710645120712704" url="https://twitter.com/CareerToolboxUS/status/326710645120712704"/>
		<document id="327095411389128705" url="https://twitter.com/CareerToolboxUS/status/327095411389128705"/>
		<document id="327128894203383809" url="https://twitter.com/CareerToolboxUS/status/327128894203383809"/>
		<document id="327150442792493056" url="https://twitter.com/CareerToolboxUS/status/327150442792493056"/>
		<document id="327166359974854658" url="https://twitter.com/CareerToolboxUS/status/327166359974854658"/>
		<document id="327426475122913281" url="https://twitter.com/CareerToolboxUS/status/327426475122913281"/>
		<document id="327426693709045762" url="https://twitter.com/CareerToolboxUS/status/327426693709045762"/>
		<document id="327511124201312256" url="https://twitter.com/CareerToolboxUS/status/327511124201312256"/>
		<document id="327781671103516672" url="https://twitter.com/CareerToolboxUS/status/327781671103516672"/>
		<document id="327797563296210946" url="https://twitter.com/CareerToolboxUS/status/327797563296210946"/>
		<document id="327806264686026752" url="https://twitter.com/CareerToolboxUS/status/327806264686026752"/>
		<document id="327832678294515712" url="https://twitter.com/CareerToolboxUS/status/327832678294515712"/>
		<document id="327838657438441472" url="https://twitter.com/CareerToolboxUS/status/327838657438441472"/>
		<document id="327841112972742656" url="https://twitter.com/CareerToolboxUS/status/327841112972742656"/>
		<document id="328846199551578112" url="https://twitter.com/CareerToolboxUS/status/328846199551578112"/>
		<document id="328880731810037761" url="https://twitter.com/CareerToolboxUS/status/328880731810037761"/>
		<document id="328900859981340672" url="https://twitter.com/CareerToolboxUS/status/328900859981340672"/>
		<document id="328915105985212416" url="https://twitter.com/CareerToolboxUS/status/328915105985212416"/>
		<document id="328917756999262209" url="https://twitter.com/CareerToolboxUS/status/328917756999262209"/>
		<document id="329232309905682432" url="https://twitter.com/CareerToolboxUS/status/329232309905682432"/>
		<document id="329258347385720832" url="https://twitter.com/CareerToolboxUS/status/329258347385720832"/>
		<document id="329292870886502401" url="https://twitter.com/CareerToolboxUS/status/329292870886502401"/>
		<document id="329293846922031104" url="https://twitter.com/CareerToolboxUS/status/329293846922031104"/>
		<document id="329293914941054977" url="https://twitter.com/CareerToolboxUS/status/329293914941054977"/>
		<document id="329296896906625027" url="https://twitter.com/CareerToolboxUS/status/329296896906625027"/>
		<document id="329317608887316480" url="https://twitter.com/CareerToolboxUS/status/329317608887316480"/>
		<document id="330025692752396288" url="https://twitter.com/CareerToolboxUS/status/330025692752396288"/>
		<document id="330025817306439681" url="https://twitter.com/CareerToolboxUS/status/330025817306439681"/>
		<document id="330025986370457600" url="https://twitter.com/CareerToolboxUS/status/330025986370457600"/>
		<document id="330026173448982528" url="https://twitter.com/CareerToolboxUS/status/330026173448982528"/>
		<document id="330026347688767488" url="https://twitter.com/CareerToolboxUS/status/330026347688767488"/>
		<document id="330026898686091264" url="https://twitter.com/CareerToolboxUS/status/330026898686091264"/>
		<document id="330027152571518976" url="https://twitter.com/CareerToolboxUS/status/330027152571518976"/>
		<document id="330027432239300608" url="https://twitter.com/CareerToolboxUS/status/330027432239300608"/>
		<document id="330028008914186240" url="https://twitter.com/CareerToolboxUS/status/330028008914186240"/>
		<document id="330028351303598082" url="https://twitter.com/CareerToolboxUS/status/330028351303598082"/>
		<document id="330028448284282881" url="https://twitter.com/CareerToolboxUS/status/330028448284282881"/>
		<document id="330030122814021632" url="https://twitter.com/CareerToolboxUS/status/330030122814021632"/>
		<document id="330030160462086146" url="https://twitter.com/CareerToolboxUS/status/330030160462086146"/>
		<document id="330030315542286337" url="https://twitter.com/CareerToolboxUS/status/330030315542286337"/>
		<document id="330030675816230912" url="https://twitter.com/CareerToolboxUS/status/330030675816230912"/>
		<document id="330030741222195200" url="https://twitter.com/CareerToolboxUS/status/330030741222195200"/>
		<document id="330103289838465024" url="https://twitter.com/CareerToolboxUS/status/330103289838465024"/>
		<document id="330106710326910976" url="https://twitter.com/CareerToolboxUS/status/330106710326910976"/>
		<document id="330106780367605760" url="https://twitter.com/CareerToolboxUS/status/330106780367605760"/>
		<document id="330106843286355969" url="https://twitter.com/CareerToolboxUS/status/330106843286355969"/>
		<document id="330106954800300032" url="https://twitter.com/CareerToolboxUS/status/330106954800300032"/>
		<document id="330107244702232576" url="https://twitter.com/CareerToolboxUS/status/330107244702232576"/>
		<document id="330297113235841024" url="https://twitter.com/CareerToolboxUS/status/330297113235841024"/>
		<document id="330298637311692802" url="https://twitter.com/CareerToolboxUS/status/330298637311692802"/>
		<document id="330299662139523075" url="https://twitter.com/CareerToolboxUS/status/330299662139523075"/>
		<document id="330300908481167361" url="https://twitter.com/CareerToolboxUS/status/330300908481167361"/>
		<document id="330391796611964928" url="https://twitter.com/CareerToolboxUS/status/330391796611964928"/>
		<document id="330391972051308544" url="https://twitter.com/CareerToolboxUS/status/330391972051308544"/>
		<document id="330392033393004544" url="https://twitter.com/CareerToolboxUS/status/330392033393004544"/>
		<document id="330392098132094976" url="https://twitter.com/CareerToolboxUS/status/330392098132094976"/>
		<document id="330392163751981056" url="https://twitter.com/CareerToolboxUS/status/330392163751981056"/>
		<document id="330392223516618752" url="https://twitter.com/CareerToolboxUS/status/330392223516618752"/>
		<document id="330392274733252610" url="https://twitter.com/CareerToolboxUS/status/330392274733252610"/>
		<document id="330392367070842880" url="https://twitter.com/CareerToolboxUS/status/330392367070842880"/>
		<document id="330392415737356289" url="https://twitter.com/CareerToolboxUS/status/330392415737356289"/>
		<document id="330392468057116673" url="https://twitter.com/CareerToolboxUS/status/330392468057116673"/>
		<document id="330392531315605504" url="https://twitter.com/CareerToolboxUS/status/330392531315605504"/>
		<document id="330392573942304770" url="https://twitter.com/CareerToolboxUS/status/330392573942304770"/>
		<document id="330392636831698944" url="https://twitter.com/CareerToolboxUS/status/330392636831698944"/>
		<document id="330392720923324417" url="https://twitter.com/CareerToolboxUS/status/330392720923324417"/>
		<document id="330746430350323712" url="https://twitter.com/CareerToolboxUS/status/330746430350323712"/>
		<document id="330746496267976704" url="https://twitter.com/CareerToolboxUS/status/330746496267976704"/>
		<document id="330746564656111616" url="https://twitter.com/CareerToolboxUS/status/330746564656111616"/>
		<document id="330746739839610880" url="https://twitter.com/CareerToolboxUS/status/330746739839610880"/>
		<document id="330746798903803906" url="https://twitter.com/CareerToolboxUS/status/330746798903803906"/>
		<document id="330747496999571457" url="https://twitter.com/CareerToolboxUS/status/330747496999571457"/>
		<document id="330747809135476736" url="https://twitter.com/CareerToolboxUS/status/330747809135476736"/>
		<document id="330748022487150593" url="https://twitter.com/CareerToolboxUS/status/330748022487150593"/>
		<document id="330748168377626625" url="https://twitter.com/CareerToolboxUS/status/330748168377626625"/>
		<document id="330748362259316736" url="https://twitter.com/CareerToolboxUS/status/330748362259316736"/>
		<document id="330748503905144833" url="https://twitter.com/CareerToolboxUS/status/330748503905144833"/>
		<document id="330789044051144704" url="https://twitter.com/CareerToolboxUS/status/330789044051144704"/>
		<document id="330789097692086272" url="https://twitter.com/CareerToolboxUS/status/330789097692086272"/>
		<document id="330789190918868993" url="https://twitter.com/CareerToolboxUS/status/330789190918868993"/>
		<document id="330789263153176576" url="https://twitter.com/CareerToolboxUS/status/330789263153176576"/>
		<document id="330789449216692224" url="https://twitter.com/CareerToolboxUS/status/330789449216692224"/>
		<document id="330789513821577217" url="https://twitter.com/CareerToolboxUS/status/330789513821577217"/>
		<document id="330789573561053184" url="https://twitter.com/CareerToolboxUS/status/330789573561053184"/>
		<document id="330789637155090432" url="https://twitter.com/CareerToolboxUS/status/330789637155090432"/>
		<document id="330789694231158785" url="https://twitter.com/CareerToolboxUS/status/330789694231158785"/>
		<document id="331043116322803714" url="https://twitter.com/CareerToolboxUS/status/331043116322803714"/>
		<document id="331043195242819584" url="https://twitter.com/CareerToolboxUS/status/331043195242819584"/>
		<document id="331402258849882112" url="https://twitter.com/CareerToolboxUS/status/331402258849882112"/>
		<document id="331402376596566016" url="https://twitter.com/CareerToolboxUS/status/331402376596566016"/>
		<document id="331402436713541632" url="https://twitter.com/CareerToolboxUS/status/331402436713541632"/>
		<document id="331402500848631808" url="https://twitter.com/CareerToolboxUS/status/331402500848631808"/>
		<document id="331402552698613760" url="https://twitter.com/CareerToolboxUS/status/331402552698613760"/>
		<document id="331402619161571329" url="https://twitter.com/CareerToolboxUS/status/331402619161571329"/>
		<document id="331402666091634689" url="https://twitter.com/CareerToolboxUS/status/331402666091634689"/>
		<document id="331402737440915458" url="https://twitter.com/CareerToolboxUS/status/331402737440915458"/>
		<document id="331405714247516160" url="https://twitter.com/CareerToolboxUS/status/331405714247516160"/>
		<document id="331405786553122816" url="https://twitter.com/CareerToolboxUS/status/331405786553122816"/>
		<document id="331405948524584961" url="https://twitter.com/CareerToolboxUS/status/331405948524584961"/>
		<document id="331406116321902593" url="https://twitter.com/CareerToolboxUS/status/331406116321902593"/>
		<document id="331406170139004928" url="https://twitter.com/CareerToolboxUS/status/331406170139004928"/>
		<document id="331406217379450881" url="https://twitter.com/CareerToolboxUS/status/331406217379450881"/>
		<document id="331430203328983041" url="https://twitter.com/CareerToolboxUS/status/331430203328983041"/>
		<document id="331430395742662656" url="https://twitter.com/CareerToolboxUS/status/331430395742662656"/>
		<document id="331453257148923904" url="https://twitter.com/CareerToolboxUS/status/331453257148923904"/>
		<document id="331454373882376193" url="https://twitter.com/CareerToolboxUS/status/331454373882376193"/>
		<document id="331748174647668737" url="https://twitter.com/CareerToolboxUS/status/331748174647668737"/>
		<document id="331748181371129856" url="https://twitter.com/CareerToolboxUS/status/331748181371129856"/>
		<document id="332131524726095873" url="https://twitter.com/CareerToolboxUS/status/332131524726095873"/>
		<document id="332493935618437120" url="https://twitter.com/CareerToolboxUS/status/332493935618437120"/>
		<document id="332498201233981440" url="https://twitter.com/CareerToolboxUS/status/332498201233981440"/>
		<document id="333203540736634880" url="https://twitter.com/CareerToolboxUS/status/333203540736634880"/>
		<document id="333203700048883712" url="https://twitter.com/CareerToolboxUS/status/333203700048883712"/>
		<document id="333203852612489216" url="https://twitter.com/CareerToolboxUS/status/333203852612489216"/>
		<document id="333204059282604033" url="https://twitter.com/CareerToolboxUS/status/333204059282604033"/>
		<document id="333204129516244993" url="https://twitter.com/CareerToolboxUS/status/333204129516244993"/>
		<document id="333204194926399488" url="https://twitter.com/CareerToolboxUS/status/333204194926399488"/>
		<document id="333204282310541317" url="https://twitter.com/CareerToolboxUS/status/333204282310541317"/>
		<document id="333204442021236736" url="https://twitter.com/CareerToolboxUS/status/333204442021236736"/>
		<document id="333204551790391297" url="https://twitter.com/CareerToolboxUS/status/333204551790391297"/>
		<document id="333204651035983872" url="https://twitter.com/CareerToolboxUS/status/333204651035983872"/>
		<document id="333204826840252416" url="https://twitter.com/CareerToolboxUS/status/333204826840252416"/>
		<document id="333204899665956864" url="https://twitter.com/CareerToolboxUS/status/333204899665956864"/>
		<document id="333204977394786309" url="https://twitter.com/CareerToolboxUS/status/333204977394786309"/>
		<document id="333205098798931970" url="https://twitter.com/CareerToolboxUS/status/333205098798931970"/>
		<document id="333205261420490754" url="https://twitter.com/CareerToolboxUS/status/333205261420490754"/>
		<document id="333205397869580288" url="https://twitter.com/CareerToolboxUS/status/333205397869580288"/>
		<document id="333205524470452225" url="https://twitter.com/CareerToolboxUS/status/333205524470452225"/>
		<document id="333253508528750592" url="https://twitter.com/CareerToolboxUS/status/333253508528750592"/>
		<document id="333253561070792706" url="https://twitter.com/CareerToolboxUS/status/333253561070792706"/>
		<document id="333254072721358848" url="https://twitter.com/CareerToolboxUS/status/333254072721358848"/>
		<document id="333254377437556739" url="https://twitter.com/CareerToolboxUS/status/333254377437556739"/>
		<document id="333254427735625728" url="https://twitter.com/CareerToolboxUS/status/333254427735625728"/>
		<document id="333983833714221056" url="https://twitter.com/CareerToolboxUS/status/333983833714221056"/>
		<document id="333984392433258496" url="https://twitter.com/CareerToolboxUS/status/333984392433258496"/>
		<document id="334667415638142977" url="https://twitter.com/CareerToolboxUS/status/334667415638142977"/>
		<document id="334669212276625408" url="https://twitter.com/CareerToolboxUS/status/334669212276625408"/>
		<document id="334672273313263616" url="https://twitter.com/CareerToolboxUS/status/334672273313263616"/>
		<document id="335422643727638529" url="https://twitter.com/CareerToolboxUS/status/335422643727638529"/>
		<document id="335422725399134208" url="https://twitter.com/CareerToolboxUS/status/335422725399134208"/>
		<document id="335422838632755200" url="https://twitter.com/CareerToolboxUS/status/335422838632755200"/>
		<document id="335422930492207105" url="https://twitter.com/CareerToolboxUS/status/335422930492207105"/>
		<document id="335422977732648960" url="https://twitter.com/CareerToolboxUS/status/335422977732648960"/>
		<document id="335423034766815232" url="https://twitter.com/CareerToolboxUS/status/335423034766815232"/>
		<document id="335423116136312832" url="https://twitter.com/CareerToolboxUS/status/335423116136312832"/>
		<document id="336853895399751680" url="https://twitter.com/CareerToolboxUS/status/336853895399751680"/>
		<document id="336856419175387136" url="https://twitter.com/CareerToolboxUS/status/336856419175387136"/>
		<document id="336857681300185088" url="https://twitter.com/CareerToolboxUS/status/336857681300185088"/>
		<document id="337193640982093826" url="https://twitter.com/CareerToolboxUS/status/337193640982093826"/>
		<document id="337193705108824065" url="https://twitter.com/CareerToolboxUS/status/337193705108824065"/>
		<document id="337196829236158464" url="https://twitter.com/CareerToolboxUS/status/337196829236158464"/>
		<document id="337584611464994816" url="https://twitter.com/CareerToolboxUS/status/337584611464994816"/>
		<document id="337584859872636928" url="https://twitter.com/CareerToolboxUS/status/337584859872636928"/>
		<document id="337922969563193344" url="https://twitter.com/CareerToolboxUS/status/337922969563193344"/>
		<document id="337923773053411329" url="https://twitter.com/CareerToolboxUS/status/337923773053411329"/>
		<document id="337925964866674689" url="https://twitter.com/CareerToolboxUS/status/337925964866674689"/>
		<document id="339562732011520000" url="https://twitter.com/CareerToolboxUS/status/339562732011520000"/>
		<document id="339625966294925312" url="https://twitter.com/CareerToolboxUS/status/339625966294925312"/>
		<document id="339627023188242432" url="https://twitter.com/CareerToolboxUS/status/339627023188242432"/>
		<document id="339628618495979520" url="https://twitter.com/CareerToolboxUS/status/339628618495979520"/>
		<document id="339768000280399873" url="https://twitter.com/CareerToolboxUS/status/339768000280399873"/>
		<document id="339790664206254081" url="https://twitter.com/CareerToolboxUS/status/339790664206254081"/>
		<document id="339999916338343936" url="https://twitter.com/CareerToolboxUS/status/339999916338343936"/>
		<document id="340099357053423616" url="https://twitter.com/CareerToolboxUS/status/340099357053423616"/>
		<document id="340100500718505984" url="https://twitter.com/CareerToolboxUS/status/340100500718505984"/>
		<document id="340194630844948481" url="https://twitter.com/CareerToolboxUS/status/340194630844948481"/>
		<document id="340196796070522880" url="https://twitter.com/CareerToolboxUS/status/340196796070522880"/>
		<document id="340465557839179780" url="https://twitter.com/CareerToolboxUS/status/340465557839179780"/>
		<document id="340497164885172225" url="https://twitter.com/CareerToolboxUS/status/340497164885172225"/>
		<document id="340526574891839488" url="https://twitter.com/CareerToolboxUS/status/340526574891839488"/>
		<document id="341710125045776385" url="https://twitter.com/CareerToolboxUS/status/341710125045776385"/>
		<document id="341712641250701312" url="https://twitter.com/CareerToolboxUS/status/341712641250701312"/>
		<document id="341714240459116544" url="https://twitter.com/CareerToolboxUS/status/341714240459116544"/>
		<document id="341956525281124354" url="https://twitter.com/CareerToolboxUS/status/341956525281124354"/>
		<document id="342303681766621186" url="https://twitter.com/CareerToolboxUS/status/342303681766621186"/>
		<document id="342329508415807490" url="https://twitter.com/CareerToolboxUS/status/342329508415807490"/>
		<document id="342330941567537152" url="https://twitter.com/CareerToolboxUS/status/342330941567537152"/>
		<document id="342331446582718466" url="https://twitter.com/CareerToolboxUS/status/342331446582718466"/>
		<document id="342645830265749505" url="https://twitter.com/CareerToolboxUS/status/342645830265749505"/>
		<document id="342681166442278913" url="https://twitter.com/CareerToolboxUS/status/342681166442278913"/>
		<document id="342872484300853248" url="https://twitter.com/CareerToolboxUS/status/342872484300853248"/>
		<document id="343031689867575297" url="https://twitter.com/CareerToolboxUS/status/343031689867575297"/>
		<document id="343118036611518464" url="https://twitter.com/CareerToolboxUS/status/343118036611518464"/>
		<document id="343237736691556352" url="https://twitter.com/CareerToolboxUS/status/343237736691556352"/>
		<document id="343376101072072706" url="https://twitter.com/CareerToolboxUS/status/343376101072072706"/>
		<document id="344119776987209728" url="https://twitter.com/CareerToolboxUS/status/344119776987209728"/>
		<document id="344229410708287488" url="https://twitter.com/CareerToolboxUS/status/344229410708287488"/>
		<document id="344327149571956737" url="https://twitter.com/CareerToolboxUS/status/344327149571956737"/>
		<document id="344491493882474496" url="https://twitter.com/CareerToolboxUS/status/344491493882474496"/>
		<document id="344940590460448770" url="https://twitter.com/CareerToolboxUS/status/344940590460448770"/>
		<document id="345180152419995649" url="https://twitter.com/CareerToolboxUS/status/345180152419995649"/>
		<document id="345184027524857856" url="https://twitter.com/CareerToolboxUS/status/345184027524857856"/>
		<document id="345355651570081792" url="https://twitter.com/CareerToolboxUS/status/345355651570081792"/>
		<document id="345365032160346112" url="https://twitter.com/CareerToolboxUS/status/345365032160346112"/>
		<document id="345369962761842689" url="https://twitter.com/CareerToolboxUS/status/345369962761842689"/>
		<document id="345379561036460033" url="https://twitter.com/CareerToolboxUS/status/345379561036460033"/>
		<document id="345382866227720193" url="https://twitter.com/CareerToolboxUS/status/345382866227720193"/>
		<document id="345586359605538816" url="https://twitter.com/CareerToolboxUS/status/345586359605538816"/>
		<document id="346291257359876097" url="https://twitter.com/CareerToolboxUS/status/346291257359876097"/>
		<document id="346735549891088384" url="https://twitter.com/CareerToolboxUS/status/346735549891088384"/>
		<document id="347036227700154368" url="https://twitter.com/CareerToolboxUS/status/347036227700154368"/>
		<document id="347036753724579840" url="https://twitter.com/CareerToolboxUS/status/347036753724579840"/>
		<document id="347331641154359296" url="https://twitter.com/CareerToolboxUS/status/347331641154359296"/>
		<document id="347375243838509056" url="https://twitter.com/CareerToolboxUS/status/347375243838509056"/>
		<document id="347376903964995584" url="https://twitter.com/CareerToolboxUS/status/347376903964995584"/>
		<document id="347959178146500608" url="https://twitter.com/CareerToolboxUS/status/347959178146500608"/>
		<document id="348080775519928320" url="https://twitter.com/CareerToolboxUS/status/348080775519928320"/>
		<document id="348110233777889281" url="https://twitter.com/CareerToolboxUS/status/348110233777889281"/>
		<document id="348186122939166720" url="https://twitter.com/CareerToolboxUS/status/348186122939166720"/>
		<document id="349225492408303616" url="https://twitter.com/CareerToolboxUS/status/349225492408303616"/>
		<document id="349228063579586560" url="https://twitter.com/CareerToolboxUS/status/349228063579586560"/>
		<document id="349229708782743552" url="https://twitter.com/CareerToolboxUS/status/349229708782743552"/>
		<document id="349881742154407938" url="https://twitter.com/CareerToolboxUS/status/349881742154407938"/>
		<document id="350094748545069056" url="https://twitter.com/CareerToolboxUS/status/350094748545069056"/>
		<document id="350348477747830785" url="https://twitter.com/CareerToolboxUS/status/350348477747830785"/>
		<document id="350382457796829185" url="https://twitter.com/CareerToolboxUS/status/350382457796829185"/>
		<document id="350636731659321344" url="https://twitter.com/CareerToolboxUS/status/350636731659321344"/>
		<document id="350843825658396674" url="https://twitter.com/CareerToolboxUS/status/350843825658396674"/>
		<document id="351162041433731072" url="https://twitter.com/CareerToolboxUS/status/351162041433731072"/>
		<document id="351177394457018368" url="https://twitter.com/CareerToolboxUS/status/351177394457018368"/>
		<document id="351207777210863617" url="https://twitter.com/CareerToolboxUS/status/351207777210863617"/>
		<document id="351207965287653376" url="https://twitter.com/CareerToolboxUS/status/351207965287653376"/>
		<document id="351208028286091264" url="https://twitter.com/CareerToolboxUS/status/351208028286091264"/>
		<document id="351208205004701696" url="https://twitter.com/CareerToolboxUS/status/351208205004701696"/>
		<document id="351208329772666880" url="https://twitter.com/CareerToolboxUS/status/351208329772666880"/>
		<document id="351208493170167809" url="https://twitter.com/CareerToolboxUS/status/351208493170167809"/>
		<document id="351339663908274176" url="https://twitter.com/CareerToolboxUS/status/351339663908274176"/>
		<document id="351354726077566976" url="https://twitter.com/CareerToolboxUS/status/351354726077566976"/>
		<document id="351911025093771266" url="https://twitter.com/CareerToolboxUS/status/351911025093771266"/>
		<document id="351912943174164480" url="https://twitter.com/CareerToolboxUS/status/351912943174164480"/>
		<document id="352051989074550784" url="https://twitter.com/CareerToolboxUS/status/352051989074550784"/>
		<document id="352055441183883266" url="https://twitter.com/CareerToolboxUS/status/352055441183883266"/>
		<document id="352182433761853440" url="https://twitter.com/CareerToolboxUS/status/352182433761853440"/>
		<document id="352187178236911616" url="https://twitter.com/CareerToolboxUS/status/352187178236911616"/>
		<document id="352448111064526849" url="https://twitter.com/CareerToolboxUS/status/352448111064526849"/>
		<document id="352455501331709953" url="https://twitter.com/CareerToolboxUS/status/352455501331709953"/>
		<document id="352461242750865409" url="https://twitter.com/CareerToolboxUS/status/352461242750865409"/>
		<document id="352461623883079682" url="https://twitter.com/CareerToolboxUS/status/352461623883079682"/>
		<document id="352462081343234048" url="https://twitter.com/CareerToolboxUS/status/352462081343234048"/>
		<document id="352462170417668096" url="https://twitter.com/CareerToolboxUS/status/352462170417668096"/>
		<document id="352588807595491329" url="https://twitter.com/CareerToolboxUS/status/352588807595491329"/>
		<document id="352765884781178881" url="https://twitter.com/CareerToolboxUS/status/352765884781178881"/>
		<document id="352782243283996674" url="https://twitter.com/CareerToolboxUS/status/352782243283996674"/>
		<document id="353173190907920386" url="https://twitter.com/CareerToolboxUS/status/353173190907920386"/>
		<document id="353214042753597440" url="https://twitter.com/CareerToolboxUS/status/353214042753597440"/>
		<document id="353581418883973122" url="https://twitter.com/CareerToolboxUS/status/353581418883973122"/>
		<document id="353911244002050048" url="https://twitter.com/CareerToolboxUS/status/353911244002050048"/>
		<document id="354315885231616000" url="https://twitter.com/CareerToolboxUS/status/354315885231616000"/>
		<document id="354329988054519809" url="https://twitter.com/CareerToolboxUS/status/354329988054519809"/>
		<document id="354688787164565504" url="https://twitter.com/CareerToolboxUS/status/354688787164565504"/>
		<document id="354739388720234496" url="https://twitter.com/CareerToolboxUS/status/354739388720234496"/>
		<document id="354739812764360704" url="https://twitter.com/CareerToolboxUS/status/354739812764360704"/>
		<document id="354985141623472128" url="https://twitter.com/CareerToolboxUS/status/354985141623472128"/>
		<document id="354998571201859584" url="https://twitter.com/CareerToolboxUS/status/354998571201859584"/>
		<document id="355000906275762176" url="https://twitter.com/CareerToolboxUS/status/355000906275762176"/>
		<document id="355034687904813056" url="https://twitter.com/CareerToolboxUS/status/355034687904813056"/>
		<document id="355324373802041346" url="https://twitter.com/CareerToolboxUS/status/355324373802041346"/>
		<document id="355714229690564610" url="https://twitter.com/CareerToolboxUS/status/355714229690564610"/>
		<document id="356065233288167428" url="https://twitter.com/CareerToolboxUS/status/356065233288167428"/>
		<document id="356436850002505729" url="https://twitter.com/CareerToolboxUS/status/356436850002505729"/>
		<document id="356557248706785280" url="https://twitter.com/CareerToolboxUS/status/356557248706785280"/>
		<document id="356778010713661441" url="https://twitter.com/CareerToolboxUS/status/356778010713661441"/>
		<document id="356793153052880896" url="https://twitter.com/CareerToolboxUS/status/356793153052880896"/>
		<document id="356978532364193792" url="https://twitter.com/CareerToolboxUS/status/356978532364193792"/>
		<document id="356978715609149444" url="https://twitter.com/CareerToolboxUS/status/356978715609149444"/>
		<document id="356978891837026304" url="https://twitter.com/CareerToolboxUS/status/356978891837026304"/>
		<document id="356987712764526592" url="https://twitter.com/CareerToolboxUS/status/356987712764526592"/>
		<document id="356987988875554816" url="https://twitter.com/CareerToolboxUS/status/356987988875554816"/>
		<document id="356988263824756739" url="https://twitter.com/CareerToolboxUS/status/356988263824756739"/>
		<document id="356991236978122752" url="https://twitter.com/CareerToolboxUS/status/356991236978122752"/>
		<document id="356991446634610689" url="https://twitter.com/CareerToolboxUS/status/356991446634610689"/>
		<document id="357156846714363906" url="https://twitter.com/CareerToolboxUS/status/357156846714363906"/>
		<document id="357167509260075008" url="https://twitter.com/CareerToolboxUS/status/357167509260075008"/>
		<document id="357167776537907202" url="https://twitter.com/CareerToolboxUS/status/357167776537907202"/>
		<document id="357189672524455937" url="https://twitter.com/CareerToolboxUS/status/357189672524455937"/>
		<document id="357206954344583168" url="https://twitter.com/CareerToolboxUS/status/357206954344583168"/>
		<document id="357457556182024192" url="https://twitter.com/CareerToolboxUS/status/357457556182024192"/>
		<document id="357553439493988352" url="https://twitter.com/CareerToolboxUS/status/357553439493988352"/>
		<document id="357564445930700801" url="https://twitter.com/CareerToolboxUS/status/357564445930700801"/>
		<document id="357879327762825216" url="https://twitter.com/CareerToolboxUS/status/357879327762825216"/>
		<document id="357909482862428161" url="https://twitter.com/CareerToolboxUS/status/357909482862428161"/>
		<document id="357916576869134336" url="https://twitter.com/CareerToolboxUS/status/357916576869134336"/>
		<document id="357957990902546432" url="https://twitter.com/CareerToolboxUS/status/357957990902546432"/>
		<document id="358216378647445504" url="https://twitter.com/CareerToolboxUS/status/358216378647445504"/>
		<document id="358416728197312513" url="https://twitter.com/CareerToolboxUS/status/358416728197312513"/>
		<document id="358637647196991488" url="https://twitter.com/CareerToolboxUS/status/358637647196991488"/>
		<document id="359020156489437185" url="https://twitter.com/CareerToolboxUS/status/359020156489437185"/>
		<document id="359140922014969856" url="https://twitter.com/CareerToolboxUS/status/359140922014969856"/>
		<document id="359141077543956480" url="https://twitter.com/CareerToolboxUS/status/359141077543956480"/>
		<document id="359298619653894144" url="https://twitter.com/CareerToolboxUS/status/359298619653894144"/>
		<document id="359305754123046913" url="https://twitter.com/CareerToolboxUS/status/359305754123046913"/>
		<document id="359325800417329152" url="https://twitter.com/CareerToolboxUS/status/359325800417329152"/>
		<document id="359362699169247232" url="https://twitter.com/CareerToolboxUS/status/359362699169247232"/>
		<document id="360192784260534274" url="https://twitter.com/CareerToolboxUS/status/360192784260534274"/>
		<document id="360194951348359170" url="https://twitter.com/CareerToolboxUS/status/360194951348359170"/>
		<document id="360409475150127105" url="https://twitter.com/CareerToolboxUS/status/360409475150127105"/>
		<document id="360409651940040706" url="https://twitter.com/CareerToolboxUS/status/360409651940040706"/>
		<document id="360443132816539650" url="https://twitter.com/CareerToolboxUS/status/360443132816539650"/>
		<document id="360446272785747970" url="https://twitter.com/CareerToolboxUS/status/360446272785747970"/>
		<document id="360460139226079232" url="https://twitter.com/CareerToolboxUS/status/360460139226079232"/>
		<document id="360478508012683266" url="https://twitter.com/CareerToolboxUS/status/360478508012683266"/>
		<document id="360513648629788673" url="https://twitter.com/CareerToolboxUS/status/360513648629788673"/>
		<document id="360766850541428737" url="https://twitter.com/CareerToolboxUS/status/360766850541428737"/>
		<document id="360791966927171584" url="https://twitter.com/CareerToolboxUS/status/360791966927171584"/>
		<document id="360796328512585728" url="https://twitter.com/CareerToolboxUS/status/360796328512585728"/>
		<document id="360797858162679808" url="https://twitter.com/CareerToolboxUS/status/360797858162679808"/>
		<document id="360810841714606080" url="https://twitter.com/CareerToolboxUS/status/360810841714606080"/>
		<document id="360830841154318336" url="https://twitter.com/CareerToolboxUS/status/360830841154318336"/>
		<document id="360897946763526144" url="https://twitter.com/CareerToolboxUS/status/360897946763526144"/>
		<document id="361103047310581760" url="https://twitter.com/CareerToolboxUS/status/361103047310581760"/>
		<document id="361511881216770048" url="https://twitter.com/CareerToolboxUS/status/361511881216770048"/>
		<document id="361847544189427712" url="https://twitter.com/CareerToolboxUS/status/361847544189427712"/>
		<document id="361857511025938433" url="https://twitter.com/CareerToolboxUS/status/361857511025938433"/>
		<document id="361860593222819841" url="https://twitter.com/CareerToolboxUS/status/361860593222819841"/>
		<document id="361898431687565313" url="https://twitter.com/CareerToolboxUS/status/361898431687565313"/>
		<document id="361900322676940803" url="https://twitter.com/CareerToolboxUS/status/361900322676940803"/>
		<document id="361910883246551041" url="https://twitter.com/CareerToolboxUS/status/361910883246551041"/>
		<document id="362224995541327872" url="https://twitter.com/CareerToolboxUS/status/362224995541327872"/>
		<document id="362590151421083649" url="https://twitter.com/CareerToolboxUS/status/362590151421083649"/>
		<document id="362654372775206912" url="https://twitter.com/CareerToolboxUS/status/362654372775206912"/>
		<document id="362763108520951809" url="https://twitter.com/CareerToolboxUS/status/362763108520951809"/>
		<document id="362944782068224000" url="https://twitter.com/CareerToolboxUS/status/362944782068224000"/>
		<document id="362962496358842370" url="https://twitter.com/CareerToolboxUS/status/362962496358842370"/>
		<document id="362978705863221250" url="https://twitter.com/CareerToolboxUS/status/362978705863221250"/>
		<document id="362990027359256578" url="https://twitter.com/CareerToolboxUS/status/362990027359256578"/>
		<document id="363023076583157760" url="https://twitter.com/CareerToolboxUS/status/363023076583157760"/>
		<document id="363294621470056448" url="https://twitter.com/CareerToolboxUS/status/363294621470056448"/>
		<document id="363305951316541440" url="https://twitter.com/CareerToolboxUS/status/363305951316541440"/>
		<document id="363358741917220866" url="https://twitter.com/CareerToolboxUS/status/363358741917220866"/>
		<document id="363684813477117953" url="https://twitter.com/CareerToolboxUS/status/363684813477117953"/>
		<document id="364486194547015680" url="https://twitter.com/CareerToolboxUS/status/364486194547015680"/>
		<document id="365144690120589312" url="https://twitter.com/CareerToolboxUS/status/365144690120589312"/>
		<document id="365516554319826946" url="https://twitter.com/CareerToolboxUS/status/365516554319826946"/>
		<document id="365533663095554050" url="https://twitter.com/CareerToolboxUS/status/365533663095554050"/>
		<document id="365929400404934656" url="https://twitter.com/CareerToolboxUS/status/365929400404934656"/>
		<document id="366090893939322880" url="https://twitter.com/CareerToolboxUS/status/366090893939322880"/>
		<document id="366179680073687040" url="https://twitter.com/CareerToolboxUS/status/366179680073687040"/>
		<document id="366185358804787200" url="https://twitter.com/CareerToolboxUS/status/366185358804787200"/>
		<document id="366222530777853953" url="https://twitter.com/CareerToolboxUS/status/366222530777853953"/>
		<document id="366631584281006080" url="https://twitter.com/CareerToolboxUS/status/366631584281006080"/>
		<document id="366679263702814722" url="https://twitter.com/CareerToolboxUS/status/366679263702814722"/>
		<document id="366681475992666112" url="https://twitter.com/CareerToolboxUS/status/366681475992666112"/>
		<document id="366704392138788864" url="https://twitter.com/CareerToolboxUS/status/366704392138788864"/>
		<document id="366992699569606657" url="https://twitter.com/CareerToolboxUS/status/366992699569606657"/>
		<document id="366994052857606146" url="https://twitter.com/CareerToolboxUS/status/366994052857606146"/>
		<document id="367009150321963008" url="https://twitter.com/CareerToolboxUS/status/367009150321963008"/>
		<document id="367112163351355392" url="https://twitter.com/CareerToolboxUS/status/367112163351355392"/>
		<document id="367310029038166016" url="https://twitter.com/CareerToolboxUS/status/367310029038166016"/>
		<document id="367324902141206528" url="https://twitter.com/CareerToolboxUS/status/367324902141206528"/>
		<document id="367326200542535680" url="https://twitter.com/CareerToolboxUS/status/367326200542535680"/>
		<document id="367401626812047360" url="https://twitter.com/CareerToolboxUS/status/367401626812047360"/>
		<document id="367410418358427648" url="https://twitter.com/CareerToolboxUS/status/367410418358427648"/>
		<document id="367437241691688960" url="https://twitter.com/CareerToolboxUS/status/367437241691688960"/>
		<document id="367674941908733952" url="https://twitter.com/CareerToolboxUS/status/367674941908733952"/>
		<document id="367750409210707968" url="https://twitter.com/CareerToolboxUS/status/367750409210707968"/>
		<document id="367930040094162944" url="https://twitter.com/CareerToolboxUS/status/367930040094162944"/>
		<document id="368136371543998464" url="https://twitter.com/CareerToolboxUS/status/368136371543998464"/>
		<document id="368375695019638785" url="https://twitter.com/CareerToolboxUS/status/368375695019638785"/>
		<document id="368410683983298560" url="https://twitter.com/CareerToolboxUS/status/368410683983298560"/>
		<document id="368418295571308544" url="https://twitter.com/CareerToolboxUS/status/368418295571308544"/>
		<document id="368425821293510656" url="https://twitter.com/CareerToolboxUS/status/368425821293510656"/>
		<document id="368774445441114113" url="https://twitter.com/CareerToolboxUS/status/368774445441114113"/>
		<document id="369123104414388224" url="https://twitter.com/CareerToolboxUS/status/369123104414388224"/>
		<document id="369133052275867648" url="https://twitter.com/CareerToolboxUS/status/369133052275867648"/>
		<document id="369142260878671874" url="https://twitter.com/CareerToolboxUS/status/369142260878671874"/>
		<document id="369150597846425601" url="https://twitter.com/CareerToolboxUS/status/369150597846425601"/>
		<document id="369497953494257665" url="https://twitter.com/CareerToolboxUS/status/369497953494257665"/>
		<document id="369518119313616896" url="https://twitter.com/CareerToolboxUS/status/369518119313616896"/>
		<document id="369528224750915584" url="https://twitter.com/CareerToolboxUS/status/369528224750915584"/>
		<document id="370204838446915584" url="https://twitter.com/CareerToolboxUS/status/370204838446915584"/>
		<document id="370205189720276992" url="https://twitter.com/CareerToolboxUS/status/370205189720276992"/>
		<document id="370268122697433088" url="https://twitter.com/CareerToolboxUS/status/370268122697433088"/>
		<document id="371006457816571904" url="https://twitter.com/CareerToolboxUS/status/371006457816571904"/>
		<document id="371017926385864704" url="https://twitter.com/CareerToolboxUS/status/371017926385864704"/>
		<document id="371057759523192832" url="https://twitter.com/CareerToolboxUS/status/371057759523192832"/>
		<document id="371065667275210753" url="https://twitter.com/CareerToolboxUS/status/371065667275210753"/>
		<document id="371314965883678720" url="https://twitter.com/CareerToolboxUS/status/371314965883678720"/>
		<document id="371740129033220096" url="https://twitter.com/CareerToolboxUS/status/371740129033220096"/>
		<document id="372473712114937858" url="https://twitter.com/CareerToolboxUS/status/372473712114937858"/>
		<document id="372724188567842816" url="https://twitter.com/CareerToolboxUS/status/372724188567842816"/>
		<document id="372732969083224064" url="https://twitter.com/CareerToolboxUS/status/372732969083224064"/>
		<document id="372790949451431936" url="https://twitter.com/CareerToolboxUS/status/372790949451431936"/>
		<document id="372834900040507392" url="https://twitter.com/CareerToolboxUS/status/372834900040507392"/>
		<document id="372843679020777472" url="https://twitter.com/CareerToolboxUS/status/372843679020777472"/>
		<document id="373090659324153856" url="https://twitter.com/CareerToolboxUS/status/373090659324153856"/>
		<document id="373113219361304576" url="https://twitter.com/CareerToolboxUS/status/373113219361304576"/>
		<document id="373554644947304449" url="https://twitter.com/CareerToolboxUS/status/373554644947304449"/>
		<document id="373818849298485248" url="https://twitter.com/CareerToolboxUS/status/373818849298485248"/>
		<document id="373876703648808960" url="https://twitter.com/CareerToolboxUS/status/373876703648808960"/>
		<document id="373885531756961792" url="https://twitter.com/CareerToolboxUS/status/373885531756961792"/>
		<document id="373896847481647104" url="https://twitter.com/CareerToolboxUS/status/373896847481647104"/>
		<document id="374180116135301122" url="https://twitter.com/CareerToolboxUS/status/374180116135301122"/>
		<document id="374261118556200960" url="https://twitter.com/CareerToolboxUS/status/374261118556200960"/>
		<document id="374276015809642496" url="https://twitter.com/CareerToolboxUS/status/374276015809642496"/>
		<document id="374600421446541312" url="https://twitter.com/CareerToolboxUS/status/374600421446541312"/>
		<document id="374862001115504640" url="https://twitter.com/CareerToolboxUS/status/374862001115504640"/>
		<document id="374885923747807232" url="https://twitter.com/CareerToolboxUS/status/374885923747807232"/>
		<document id="374953815583514624" url="https://twitter.com/CareerToolboxUS/status/374953815583514624"/>
		<document id="375255710759542785" url="https://twitter.com/CareerToolboxUS/status/375255710759542785"/>
		<document id="375476754275905536" url="https://twitter.com/CareerToolboxUS/status/375476754275905536"/>
		<document id="375483685677854720" url="https://twitter.com/CareerToolboxUS/status/375483685677854720"/>
		<document id="375599384542838784" url="https://twitter.com/CareerToolboxUS/status/375599384542838784"/>
		<document id="375601867210113024" url="https://twitter.com/CareerToolboxUS/status/375601867210113024"/>
		<document id="375659831690268672" url="https://twitter.com/CareerToolboxUS/status/375659831690268672"/>
		<document id="375662336818036736" url="https://twitter.com/CareerToolboxUS/status/375662336818036736"/>
		<document id="375686862457032704" url="https://twitter.com/CareerToolboxUS/status/375686862457032704"/>
		<document id="375991966766751744" url="https://twitter.com/CareerToolboxUS/status/375991966766751744"/>
		<document id="376003732804075522" url="https://twitter.com/CareerToolboxUS/status/376003732804075522"/>
		<document id="376005753641127936" url="https://twitter.com/CareerToolboxUS/status/376005753641127936"/>
		<document id="376433565372010496" url="https://twitter.com/CareerToolboxUS/status/376433565372010496"/>
		<document id="376723057995677696" url="https://twitter.com/CareerToolboxUS/status/376723057995677696"/>
		<document id="376763272445591552" url="https://twitter.com/CareerToolboxUS/status/376763272445591552"/>
		<document id="376774732806643712" url="https://twitter.com/CareerToolboxUS/status/376774732806643712"/>
		<document id="377084891542073344" url="https://twitter.com/CareerToolboxUS/status/377084891542073344"/>
		<document id="377490543494037504" url="https://twitter.com/CareerToolboxUS/status/377490543494037504"/>
		<document id="377497568088838144" url="https://twitter.com/CareerToolboxUS/status/377497568088838144"/>
		<document id="377499041107431424" url="https://twitter.com/CareerToolboxUS/status/377499041107431424"/>
		<document id="377499687827550208" url="https://twitter.com/CareerToolboxUS/status/377499687827550208"/>
		<document id="377557244243873792" url="https://twitter.com/CareerToolboxUS/status/377557244243873792"/>
		<document id="377571157945630720" url="https://twitter.com/CareerToolboxUS/status/377571157945630720"/>
		<document id="377590097262419968" url="https://twitter.com/CareerToolboxUS/status/377590097262419968"/>
		<document id="377598765550817280" url="https://twitter.com/CareerToolboxUS/status/377598765550817280"/>
		<document id="377607593189199872" url="https://twitter.com/CareerToolboxUS/status/377607593189199872"/>
		<document id="377778906134499328" url="https://twitter.com/CareerToolboxUS/status/377778906134499328"/>
		<document id="377849156637065216" url="https://twitter.com/CareerToolboxUS/status/377849156637065216"/>
		<document id="377850447056621569" url="https://twitter.com/CareerToolboxUS/status/377850447056621569"/>
		<document id="377875646334394368" url="https://twitter.com/CareerToolboxUS/status/377875646334394368"/>
		<document id="378152316278280193" url="https://twitter.com/CareerToolboxUS/status/378152316278280193"/>
		<document id="378238813317136384" url="https://twitter.com/CareerToolboxUS/status/378238813317136384"/>
		<document id="378246706329952257" url="https://twitter.com/CareerToolboxUS/status/378246706329952257"/>
		<document id="378290384918429697" url="https://twitter.com/CareerToolboxUS/status/378290384918429697"/>
		<document id="378516139224997888" url="https://twitter.com/CareerToolboxUS/status/378516139224997888"/>
		<document id="378532474688913408" url="https://twitter.com/CareerToolboxUS/status/378532474688913408"/>
		<document id="378847020305620992" url="https://twitter.com/CareerToolboxUS/status/378847020305620992"/>
		<document id="378877477759631360" url="https://twitter.com/CareerToolboxUS/status/378877477759631360"/>
		<document id="378902421122326528" url="https://twitter.com/CareerToolboxUS/status/378902421122326528"/>
		<document id="378911543981002752" url="https://twitter.com/CareerToolboxUS/status/378911543981002752"/>
		<document id="378941771935674368" url="https://twitter.com/CareerToolboxUS/status/378941771935674368"/>
		<document id="379005588686274560" url="https://twitter.com/CareerToolboxUS/status/379005588686274560"/>
		<document id="379032172717686784" url="https://twitter.com/CareerToolboxUS/status/379032172717686784"/>
		<document id="379258957065625600" url="https://twitter.com/CareerToolboxUS/status/379258957065625600"/>
		<document id="379287408959045632" url="https://twitter.com/CareerToolboxUS/status/379287408959045632"/>
		<document id="379328909172412416" url="https://twitter.com/CareerToolboxUS/status/379328909172412416"/>
		<document id="379739086640381952" url="https://twitter.com/CareerToolboxUS/status/379739086640381952"/>
		<document id="380027081830064128" url="https://twitter.com/CareerToolboxUS/status/380027081830064128"/>
		<document id="380051433250619393" url="https://twitter.com/CareerToolboxUS/status/380051433250619393"/>
		<document id="380062557857648640" url="https://twitter.com/CareerToolboxUS/status/380062557857648640"/>
		<document id="380361635346776064" url="https://twitter.com/CareerToolboxUS/status/380361635346776064"/>
		<document id="380675763998965760" url="https://twitter.com/CareerToolboxUS/status/380675763998965760"/>
		<document id="380728253054730240" url="https://twitter.com/CareerToolboxUS/status/380728253054730240"/>
		<document id="381041822648504321" url="https://twitter.com/CareerToolboxUS/status/381041822648504321"/>
		<document id="381063331790192640" url="https://twitter.com/CareerToolboxUS/status/381063331790192640"/>
		<document id="381074332099018752" url="https://twitter.com/CareerToolboxUS/status/381074332099018752"/>
		<document id="381097970264850434" url="https://twitter.com/CareerToolboxUS/status/381097970264850434"/>
		<document id="381099380087869441" url="https://twitter.com/CareerToolboxUS/status/381099380087869441"/>
		<document id="381101231973728257" url="https://twitter.com/CareerToolboxUS/status/381101231973728257"/>
		<document id="381105858492764160" url="https://twitter.com/CareerToolboxUS/status/381105858492764160"/>
		<document id="381122014788198400" url="https://twitter.com/CareerToolboxUS/status/381122014788198400"/>
		<document id="381805257149661184" url="https://twitter.com/CareerToolboxUS/status/381805257149661184"/>
		<document id="381858169095331840" url="https://twitter.com/CareerToolboxUS/status/381858169095331840"/>
		<document id="382020387347132416" url="https://twitter.com/CareerToolboxUS/status/382020387347132416"/>
		<document id="382105949349355520" url="https://twitter.com/CareerToolboxUS/status/382105949349355520"/>
		<document id="382225600116973568" url="https://twitter.com/CareerToolboxUS/status/382225600116973568"/>
		<document id="382483450940620800" url="https://twitter.com/CareerToolboxUS/status/382483450940620800"/>
		<document id="382510050201202689" url="https://twitter.com/CareerToolboxUS/status/382510050201202689"/>
		<document id="382510115607175168" url="https://twitter.com/CareerToolboxUS/status/382510115607175168"/>
		<document id="382526275061317632" url="https://twitter.com/CareerToolboxUS/status/382526275061317632"/>
		<document id="382557151765331968" url="https://twitter.com/CareerToolboxUS/status/382557151765331968"/>
		<document id="382705378221240321" url="https://twitter.com/CareerToolboxUS/status/382705378221240321"/>
		<document id="382956549733629952" url="https://twitter.com/CareerToolboxUS/status/382956549733629952"/>
		<document id="383278728501280768" url="https://twitter.com/CareerToolboxUS/status/383278728501280768"/>
		<document id="383555483598352384" url="https://twitter.com/CareerToolboxUS/status/383555483598352384"/>
		<document id="383570604567584768" url="https://twitter.com/CareerToolboxUS/status/383570604567584768"/>
		<document id="383624639563300866" url="https://twitter.com/CareerToolboxUS/status/383624639563300866"/>
		<document id="383632347427770368" url="https://twitter.com/CareerToolboxUS/status/383632347427770368"/>
		<document id="383950726566649858" url="https://twitter.com/CareerToolboxUS/status/383950726566649858"/>
		<document id="383955697979109376" url="https://twitter.com/CareerToolboxUS/status/383955697979109376"/>
		<document id="384309626356776960" url="https://twitter.com/CareerToolboxUS/status/384309626356776960"/>
		<document id="384309927293882369" url="https://twitter.com/CareerToolboxUS/status/384309927293882369"/>
		<document id="384310072093839360" url="https://twitter.com/CareerToolboxUS/status/384310072093839360"/>
		<document id="384311220003565568" url="https://twitter.com/CareerToolboxUS/status/384311220003565568"/>
		<document id="384328433980825601" url="https://twitter.com/CareerToolboxUS/status/384328433980825601"/>
		<document id="384710042265862144" url="https://twitter.com/CareerToolboxUS/status/384710042265862144"/>
		<document id="384728198162161664" url="https://twitter.com/CareerToolboxUS/status/384728198162161664"/>
		<document id="384747168252186625" url="https://twitter.com/CareerToolboxUS/status/384747168252186625"/>
		<document id="385061739072868352" url="https://twitter.com/CareerToolboxUS/status/385061739072868352"/>
		<document id="385073229246631936" url="https://twitter.com/CareerToolboxUS/status/385073229246631936"/>
		<document id="385073502664925184" url="https://twitter.com/CareerToolboxUS/status/385073502664925184"/>
		<document id="385073722333229056" url="https://twitter.com/CareerToolboxUS/status/385073722333229056"/>
		<document id="385074083248881665" url="https://twitter.com/CareerToolboxUS/status/385074083248881665"/>
		<document id="385074536435052545" url="https://twitter.com/CareerToolboxUS/status/385074536435052545"/>
		<document id="385074899577872384" url="https://twitter.com/CareerToolboxUS/status/385074899577872384"/>
		<document id="385075409563312129" url="https://twitter.com/CareerToolboxUS/status/385075409563312129"/>
		<document id="385075746483359744" url="https://twitter.com/CareerToolboxUS/status/385075746483359744"/>
		<document id="385075986301063168" url="https://twitter.com/CareerToolboxUS/status/385075986301063168"/>
		<document id="385213167296454656" url="https://twitter.com/CareerToolboxUS/status/385213167296454656"/>
		<document id="385368791288655872" url="https://twitter.com/CareerToolboxUS/status/385368791288655872"/>
		<document id="385377685285109760" url="https://twitter.com/CareerToolboxUS/status/385377685285109760"/>
		<document id="385391474969690112" url="https://twitter.com/CareerToolboxUS/status/385391474969690112"/>
		<document id="385754632758099968" url="https://twitter.com/CareerToolboxUS/status/385754632758099968"/>
		<document id="385754791940345856" url="https://twitter.com/CareerToolboxUS/status/385754791940345856"/>
		<document id="385797802011262976" url="https://twitter.com/CareerToolboxUS/status/385797802011262976"/>
		<document id="385799773594210305" url="https://twitter.com/CareerToolboxUS/status/385799773594210305"/>
		<document id="385949460804956160" url="https://twitter.com/CareerToolboxUS/status/385949460804956160"/>
		<document id="386092644784693248" url="https://twitter.com/CareerToolboxUS/status/386092644784693248"/>
		<document id="386101142188736512" url="https://twitter.com/CareerToolboxUS/status/386101142188736512"/>
		<document id="386180196832772097" url="https://twitter.com/CareerToolboxUS/status/386180196832772097"/>
		<document id="386194804637708289" url="https://twitter.com/CareerToolboxUS/status/386194804637708289"/>
		<document id="386195662905569280" url="https://twitter.com/CareerToolboxUS/status/386195662905569280"/>
		<document id="386195848167972864" url="https://twitter.com/CareerToolboxUS/status/386195848167972864"/>
		<document id="386214251729543168" url="https://twitter.com/CareerToolboxUS/status/386214251729543168"/>
		<document id="386552836601180160" url="https://twitter.com/CareerToolboxUS/status/386552836601180160"/>
		<document id="386569147410579456" url="https://twitter.com/CareerToolboxUS/status/386569147410579456"/>
		<document id="386582876009279488" url="https://twitter.com/CareerToolboxUS/status/386582876009279488"/>
		<document id="387180558897647616" url="https://twitter.com/CareerToolboxUS/status/387180558897647616"/>
		<document id="387190628326838272" url="https://twitter.com/CareerToolboxUS/status/387190628326838272"/>
		<document id="387203250224893952" url="https://twitter.com/CareerToolboxUS/status/387203250224893952"/>
		<document id="387234700416540673" url="https://twitter.com/CareerToolboxUS/status/387234700416540673"/>
		<document id="387549411469172736" url="https://twitter.com/CareerToolboxUS/status/387549411469172736"/>
		<document id="387560628858396672" url="https://twitter.com/CareerToolboxUS/status/387560628858396672"/>
		<document id="387933130587668481" url="https://twitter.com/CareerToolboxUS/status/387933130587668481"/>
		<document id="387943118383099904" url="https://twitter.com/CareerToolboxUS/status/387943118383099904"/>
		<document id="387948228597268480" url="https://twitter.com/CareerToolboxUS/status/387948228597268480"/>
		<document id="388309275384492032" url="https://twitter.com/CareerToolboxUS/status/388309275384492032"/>
		<document id="388310627363852288" url="https://twitter.com/CareerToolboxUS/status/388310627363852288"/>
		<document id="388337049784573953" url="https://twitter.com/CareerToolboxUS/status/388337049784573953"/>
		<document id="388673097286844416" url="https://twitter.com/CareerToolboxUS/status/388673097286844416"/>
		<document id="388699483279990784" url="https://twitter.com/CareerToolboxUS/status/388699483279990784"/>
		<document id="388700700873875456" url="https://twitter.com/CareerToolboxUS/status/388700700873875456"/>
		<document id="389073581889421312" url="https://twitter.com/CareerToolboxUS/status/389073581889421312"/>
		<document id="389671657792880640" url="https://twitter.com/CareerToolboxUS/status/389671657792880640"/>
		<document id="389753840285024256" url="https://twitter.com/CareerToolboxUS/status/389753840285024256"/>
		<document id="389760165568086017" url="https://twitter.com/CareerToolboxUS/status/389760165568086017"/>
		<document id="390011399356694530" url="https://twitter.com/CareerToolboxUS/status/390011399356694530"/>
		<document id="390118706376093697" url="https://twitter.com/CareerToolboxUS/status/390118706376093697"/>
		<document id="390121266344386560" url="https://twitter.com/CareerToolboxUS/status/390121266344386560"/>
		<document id="390479856246743040" url="https://twitter.com/CareerToolboxUS/status/390479856246743040"/>
		<document id="390484999579127808" url="https://twitter.com/CareerToolboxUS/status/390484999579127808"/>
		<document id="390488843692310528" url="https://twitter.com/CareerToolboxUS/status/390488843692310528"/>
		<document id="390843471487328257" url="https://twitter.com/CareerToolboxUS/status/390843471487328257"/>
		<document id="390845978171166720" url="https://twitter.com/CareerToolboxUS/status/390845978171166720"/>
		<document id="390872558629044224" url="https://twitter.com/CareerToolboxUS/status/390872558629044224"/>
		<document id="391170501692764162" url="https://twitter.com/CareerToolboxUS/status/391170501692764162"/>
		<document id="391213701493428224" url="https://twitter.com/CareerToolboxUS/status/391213701493428224"/>
		<document id="391234153888620544" url="https://twitter.com/CareerToolboxUS/status/391234153888620544"/>
		<document id="391236227279892480" url="https://twitter.com/CareerToolboxUS/status/391236227279892480"/>
		<document id="391269436302168066" url="https://twitter.com/CareerToolboxUS/status/391269436302168066"/>
		<document id="392294408462561280" url="https://twitter.com/CareerToolboxUS/status/392294408462561280"/>
		<document id="392299787271540736" url="https://twitter.com/CareerToolboxUS/status/392299787271540736"/>
		<document id="392323356932194305" url="https://twitter.com/CareerToolboxUS/status/392323356932194305"/>
		<document id="392659745204887552" url="https://twitter.com/CareerToolboxUS/status/392659745204887552"/>
		<document id="392660402808438785" url="https://twitter.com/CareerToolboxUS/status/392660402808438785"/>
		<document id="392661924389085184" url="https://twitter.com/CareerToolboxUS/status/392661924389085184"/>
		<document id="392684524725100544" url="https://twitter.com/CareerToolboxUS/status/392684524725100544"/>
		<document id="393016882963308545" url="https://twitter.com/CareerToolboxUS/status/393016882963308545"/>
		<document id="393052341571977217" url="https://twitter.com/CareerToolboxUS/status/393052341571977217"/>
		<document id="393085789669965824" url="https://twitter.com/CareerToolboxUS/status/393085789669965824"/>
		<document id="393106127015387136" url="https://twitter.com/CareerToolboxUS/status/393106127015387136"/>
		<document id="393418169970622464" url="https://twitter.com/CareerToolboxUS/status/393418169970622464"/>
		<document id="393455998171873280" url="https://twitter.com/CareerToolboxUS/status/393455998171873280"/>
		<document id="393465827313586176" url="https://twitter.com/CareerToolboxUS/status/393465827313586176"/>
		<document id="393761789328228352" url="https://twitter.com/CareerToolboxUS/status/393761789328228352"/>
		<document id="393762794912641024" url="https://twitter.com/CareerToolboxUS/status/393762794912641024"/>
		<document id="393765342734192640" url="https://twitter.com/CareerToolboxUS/status/393765342734192640"/>
		<document id="394104147529576448" url="https://twitter.com/CareerToolboxUS/status/394104147529576448"/>
		<document id="394520073156558848" url="https://twitter.com/CareerToolboxUS/status/394520073156558848"/>
		<document id="394793243994755072" url="https://twitter.com/CareerToolboxUS/status/394793243994755072"/>
		<document id="394802007422562304" url="https://twitter.com/CareerToolboxUS/status/394802007422562304"/>
		<document id="394890274906062848" url="https://twitter.com/CareerToolboxUS/status/394890274906062848"/>
		<document id="395231215823126528" url="https://twitter.com/CareerToolboxUS/status/395231215823126528"/>
		<document id="395251462609334272" url="https://twitter.com/CareerToolboxUS/status/395251462609334272"/>
		<document id="395256784614879232" url="https://twitter.com/CareerToolboxUS/status/395256784614879232"/>
		<document id="395570874524659712" url="https://twitter.com/CareerToolboxUS/status/395570874524659712"/>
		<document id="395593551259922432" url="https://twitter.com/CareerToolboxUS/status/395593551259922432"/>
		<document id="395616258127060992" url="https://twitter.com/CareerToolboxUS/status/395616258127060992"/>
		<document id="395981457023574016" url="https://twitter.com/CareerToolboxUS/status/395981457023574016"/>
		<document id="395984996668035072" url="https://twitter.com/CareerToolboxUS/status/395984996668035072"/>
		<document id="395986187862933504" url="https://twitter.com/CareerToolboxUS/status/395986187862933504"/>
		<document id="396300127339425792" url="https://twitter.com/CareerToolboxUS/status/396300127339425792"/>
		<document id="396300633025695744" url="https://twitter.com/CareerToolboxUS/status/396300633025695744"/>
		<document id="396306523561136128" url="https://twitter.com/CareerToolboxUS/status/396306523561136128"/>
		<document id="396308358099382272" url="https://twitter.com/CareerToolboxUS/status/396308358099382272"/>
		<document id="396348566832447488" url="https://twitter.com/CareerToolboxUS/status/396348566832447488"/>
		<document id="397244581013487617" url="https://twitter.com/CareerToolboxUS/status/397244581013487617"/>
		<document id="397245731729203200" url="https://twitter.com/CareerToolboxUS/status/397245731729203200"/>
		<document id="397404359107313665" url="https://twitter.com/CareerToolboxUS/status/397404359107313665"/>
		<document id="397415646222622721" url="https://twitter.com/CareerToolboxUS/status/397415646222622721"/>
		<document id="397444517689040898" url="https://twitter.com/CareerToolboxUS/status/397444517689040898"/>
		<document id="397771180285116416" url="https://twitter.com/CareerToolboxUS/status/397771180285116416"/>
		<document id="397804473411985409" url="https://twitter.com/CareerToolboxUS/status/397804473411985409"/>
		<document id="397804487244775424" url="https://twitter.com/CareerToolboxUS/status/397804487244775424"/>
		<document id="398144276456296448" url="https://twitter.com/CareerToolboxUS/status/398144276456296448"/>
		<document id="398166798644039680" url="https://twitter.com/CareerToolboxUS/status/398166798644039680"/>
		<document id="398169239343071232" url="https://twitter.com/CareerToolboxUS/status/398169239343071232"/>
		<document id="398501493625856000" url="https://twitter.com/CareerToolboxUS/status/398501493625856000"/>
		<document id="398505313168785408" url="https://twitter.com/CareerToolboxUS/status/398505313168785408"/>
		<document id="398533172423839744" url="https://twitter.com/CareerToolboxUS/status/398533172423839744"/>
		<document id="398859520308682753" url="https://twitter.com/CareerToolboxUS/status/398859520308682753"/>
		<document id="398867726162464768" url="https://twitter.com/CareerToolboxUS/status/398867726162464768"/>
		<document id="398869144395083776" url="https://twitter.com/CareerToolboxUS/status/398869144395083776"/>
		<document id="399882316354318336" url="https://twitter.com/CareerToolboxUS/status/399882316354318336"/>
		<document id="399885170691420162" url="https://twitter.com/CareerToolboxUS/status/399885170691420162"/>
		<document id="399953538501320704" url="https://twitter.com/CareerToolboxUS/status/399953538501320704"/>
		<document id="399977531786678272" url="https://twitter.com/CareerToolboxUS/status/399977531786678272"/>
		<document id="399978876576989184" url="https://twitter.com/CareerToolboxUS/status/399978876576989184"/>
		<document id="400245889286942720" url="https://twitter.com/CareerToolboxUS/status/400245889286942720"/>
		<document id="400317318578044928" url="https://twitter.com/CareerToolboxUS/status/400317318578044928"/>
		<document id="400343684505690112" url="https://twitter.com/CareerToolboxUS/status/400343684505690112"/>
		<document id="400348746221092864" url="https://twitter.com/CareerToolboxUS/status/400348746221092864"/>
		<document id="400616256010608640" url="https://twitter.com/CareerToolboxUS/status/400616256010608640"/>
		<document id="400671572480233472" url="https://twitter.com/CareerToolboxUS/status/400671572480233472"/>
		<document id="400674649887244288" url="https://twitter.com/CareerToolboxUS/status/400674649887244288"/>
		<document id="400681060897652736" url="https://twitter.com/CareerToolboxUS/status/400681060897652736"/>
		<document id="400993229262159872" url="https://twitter.com/CareerToolboxUS/status/400993229262159872"/>
		<document id="400997381975445504" url="https://twitter.com/CareerToolboxUS/status/400997381975445504"/>
		<document id="401000088559824896" url="https://twitter.com/CareerToolboxUS/status/401000088559824896"/>
		<document id="401035946252333056" url="https://twitter.com/CareerToolboxUS/status/401035946252333056"/>
		<document id="401037066156650496" url="https://twitter.com/CareerToolboxUS/status/401037066156650496"/>
		<document id="401066089981177857" url="https://twitter.com/CareerToolboxUS/status/401066089981177857"/>
		<document id="401316721589374976" url="https://twitter.com/CareerToolboxUS/status/401316721589374976"/>
		<document id="401317719376932865" url="https://twitter.com/CareerToolboxUS/status/401317719376932865"/>
		<document id="401400646756466688" url="https://twitter.com/CareerToolboxUS/status/401400646756466688"/>
		<document id="401403237892636672" url="https://twitter.com/CareerToolboxUS/status/401403237892636672"/>
		<document id="401404480606183424" url="https://twitter.com/CareerToolboxUS/status/401404480606183424"/>
		<document id="401445319495282688" url="https://twitter.com/CareerToolboxUS/status/401445319495282688"/>
		<document id="401814250404204544" url="https://twitter.com/CareerToolboxUS/status/401814250404204544"/>
		<document id="401814976324575232" url="https://twitter.com/CareerToolboxUS/status/401814976324575232"/>
		<document id="402437719185321984" url="https://twitter.com/CareerToolboxUS/status/402437719185321984"/>
		<document id="402482998505123840" url="https://twitter.com/CareerToolboxUS/status/402482998505123840"/>
		<document id="402515486032031745" url="https://twitter.com/CareerToolboxUS/status/402515486032031745"/>
		<document id="402516782826917888" url="https://twitter.com/CareerToolboxUS/status/402516782826917888"/>
		<document id="402598394905911297" url="https://twitter.com/CareerToolboxUS/status/402598394905911297"/>
		<document id="402937446758764545" url="https://twitter.com/CareerToolboxUS/status/402937446758764545"/>
		<document id="403141506141151232" url="https://twitter.com/CareerToolboxUS/status/403141506141151232"/>
		<document id="403145517116297216" url="https://twitter.com/CareerToolboxUS/status/403145517116297216"/>
		<document id="403162261797482496" url="https://twitter.com/CareerToolboxUS/status/403162261797482496"/>
		<document id="403176396539056129" url="https://twitter.com/CareerToolboxUS/status/403176396539056129"/>
		<document id="403204335959810048" url="https://twitter.com/CareerToolboxUS/status/403204335959810048"/>
		<document id="403278031210696704" url="https://twitter.com/CareerToolboxUS/status/403278031210696704"/>
		<document id="403327317402869760" url="https://twitter.com/CareerToolboxUS/status/403327317402869760"/>
		<document id="403344634639704064" url="https://twitter.com/CareerToolboxUS/status/403344634639704064"/>
		<document id="403357740128432129" url="https://twitter.com/CareerToolboxUS/status/403357740128432129"/>
		<document id="403520834746454017" url="https://twitter.com/CareerToolboxUS/status/403520834746454017"/>
		<document id="403566230701113344" url="https://twitter.com/CareerToolboxUS/status/403566230701113344"/>
		<document id="403571283927269376" url="https://twitter.com/CareerToolboxUS/status/403571283927269376"/>
		<document id="403586338488090625" url="https://twitter.com/CareerToolboxUS/status/403586338488090625"/>
		<document id="403617933781663745" url="https://twitter.com/CareerToolboxUS/status/403617933781663745"/>
		<document id="403645407060037633" url="https://twitter.com/CareerToolboxUS/status/403645407060037633"/>
		<document id="403675546439393281" url="https://twitter.com/CareerToolboxUS/status/403675546439393281"/>
		<document id="403880730360811520" url="https://twitter.com/CareerToolboxUS/status/403880730360811520"/>
		<document id="404257472334270464" url="https://twitter.com/CareerToolboxUS/status/404257472334270464"/>
		<document id="404292044375732224" url="https://twitter.com/CareerToolboxUS/status/404292044375732224"/>
		<document id="404294467680620544" url="https://twitter.com/CareerToolboxUS/status/404294467680620544"/>
		<document id="404305995960422400" url="https://twitter.com/CareerToolboxUS/status/404305995960422400"/>
		<document id="404338819182637057" url="https://twitter.com/CareerToolboxUS/status/404338819182637057"/>
		<document id="404349803875663872" url="https://twitter.com/CareerToolboxUS/status/404349803875663872"/>
		<document id="405051020386242560" url="https://twitter.com/CareerToolboxUS/status/405051020386242560"/>
		<document id="405346962284625920" url="https://twitter.com/CareerToolboxUS/status/405346962284625920"/>
		<document id="405750452396244993" url="https://twitter.com/CareerToolboxUS/status/405750452396244993"/>
		<document id="406047524970299393" url="https://twitter.com/CareerToolboxUS/status/406047524970299393"/>
		<document id="406079095131631616" url="https://twitter.com/CareerToolboxUS/status/406079095131631616"/>
		<document id="407546780440473600" url="https://twitter.com/CareerToolboxUS/status/407546780440473600"/>
		<document id="407577486470688768" url="https://twitter.com/CareerToolboxUS/status/407577486470688768"/>
		<document id="407869436033789952" url="https://twitter.com/CareerToolboxUS/status/407869436033789952"/>
		<document id="408025410098966528" url="https://twitter.com/CareerToolboxUS/status/408025410098966528"/>
		<document id="408239368084930560" url="https://twitter.com/CareerToolboxUS/status/408239368084930560"/>
		<document id="408361371802562560" url="https://twitter.com/CareerToolboxUS/status/408361371802562560"/>
		<document id="408637351569936384" url="https://twitter.com/CareerToolboxUS/status/408637351569936384"/>
		<document id="408976866671071234" url="https://twitter.com/CareerToolboxUS/status/408976866671071234"/>
		<document id="409081112456343552" url="https://twitter.com/CareerToolboxUS/status/409081112456343552"/>
		<document id="409087427001999360" url="https://twitter.com/CareerToolboxUS/status/409087427001999360"/>
		<document id="409323947973697536" url="https://twitter.com/CareerToolboxUS/status/409323947973697536"/>
		<document id="409451040208330752" url="https://twitter.com/CareerToolboxUS/status/409451040208330752"/>
		<document id="409678788508008448" url="https://twitter.com/CareerToolboxUS/status/409678788508008448"/>
		<document id="409683397099806720" url="https://twitter.com/CareerToolboxUS/status/409683397099806720"/>
		<document id="409684749855121408" url="https://twitter.com/CareerToolboxUS/status/409684749855121408"/>
		<document id="409686669973934080" url="https://twitter.com/CareerToolboxUS/status/409686669973934080"/>
		<document id="409803366051880961" url="https://twitter.com/CareerToolboxUS/status/409803366051880961"/>
		<document id="410129757398114304" url="https://twitter.com/CareerToolboxUS/status/410129757398114304"/>
		<document id="410406175445098496" url="https://twitter.com/CareerToolboxUS/status/410406175445098496"/>
		<document id="410514819834728448" url="https://twitter.com/CareerToolboxUS/status/410514819834728448"/>
		<document id="411154529803972608" url="https://twitter.com/CareerToolboxUS/status/411154529803972608"/>
		<document id="411216776446623744" url="https://twitter.com/CareerToolboxUS/status/411216776446623744"/>
		<document id="411493292241862656" url="https://twitter.com/CareerToolboxUS/status/411493292241862656"/>
		<document id="411549832998711296" url="https://twitter.com/CareerToolboxUS/status/411549832998711296"/>
		<document id="411562004688560128" url="https://twitter.com/CareerToolboxUS/status/411562004688560128"/>
		<document id="411602058207592448" url="https://twitter.com/CareerToolboxUS/status/411602058207592448"/>
		<document id="411859555875037184" url="https://twitter.com/CareerToolboxUS/status/411859555875037184"/>
		<document id="411972770256670721" url="https://twitter.com/CareerToolboxUS/status/411972770256670721"/>
		<document id="412229369713917952" url="https://twitter.com/CareerToolboxUS/status/412229369713917952"/>
		<document id="413044481567756288" url="https://twitter.com/CareerToolboxUS/status/413044481567756288"/>
		<document id="413305208434081792" url="https://twitter.com/CareerToolboxUS/status/413305208434081792"/>
		<document id="413413851393433600" url="https://twitter.com/CareerToolboxUS/status/413413851393433600"/>
		<document id="414022911230365696" url="https://twitter.com/CareerToolboxUS/status/414022911230365696"/>
		<document id="414026228132114432" url="https://twitter.com/CareerToolboxUS/status/414026228132114432"/>
		<document id="414056619266572288" url="https://twitter.com/CareerToolboxUS/status/414056619266572288"/>
		<document id="414445976846598144" url="https://twitter.com/CareerToolboxUS/status/414445976846598144"/>
		<document id="414811429309779968" url="https://twitter.com/CareerToolboxUS/status/414811429309779968"/>
		<document id="415472427527712769" url="https://twitter.com/CareerToolboxUS/status/415472427527712769"/>
		<document id="415473533012045824" url="https://twitter.com/CareerToolboxUS/status/415473533012045824"/>
		<document id="416199075067727873" url="https://twitter.com/CareerToolboxUS/status/416199075067727873"/>
		<document id="416271946016628736" url="https://twitter.com/CareerToolboxUS/status/416271946016628736"/>
		<document id="416299858199609344" url="https://twitter.com/CareerToolboxUS/status/416299858199609344"/>
		<document id="416575589743882240" url="https://twitter.com/CareerToolboxUS/status/416575589743882240"/>
		<document id="416713918812520448" url="https://twitter.com/CareerToolboxUS/status/416713918812520448"/>
		<document id="417310306734718976" url="https://twitter.com/CareerToolboxUS/status/417310306734718976"/>
		<document id="417320521114873856" url="https://twitter.com/CareerToolboxUS/status/417320521114873856"/>
		<document id="417662682150760448" url="https://twitter.com/CareerToolboxUS/status/417662682150760448"/>
		<document id="417803346687164416" url="https://twitter.com/CareerToolboxUS/status/417803346687164416"/>
		<document id="417830182050074624" url="https://twitter.com/CareerToolboxUS/status/417830182050074624"/>
		<document id="418016417263665152" url="https://twitter.com/CareerToolboxUS/status/418016417263665152"/>
		<document id="418181157646532608" url="https://twitter.com/CareerToolboxUS/status/418181157646532608"/>
		<document id="418397708622512128" url="https://twitter.com/CareerToolboxUS/status/418397708622512128"/>
		<document id="418728554923163649" url="https://twitter.com/CareerToolboxUS/status/418728554923163649"/>
		<document id="418730033226579968" url="https://twitter.com/CareerToolboxUS/status/418730033226579968"/>
	</documents>
</author>