<?xml version="1.0" encoding="UTF-8" standalone="no"?><author age_group="xx" gender="xx" lang="EN" type="twitter" url="https://twitter.com/ArangoCoaching">
	<documents count="386">
		<document id="359126410532634625" url="https://twitter.com/ArangoCoaching/status/359126410532634625"/>
		<document id="359149162404646913" url="https://twitter.com/ArangoCoaching/status/359149162404646913"/>
		<document id="359176332116103169" url="https://twitter.com/ArangoCoaching/status/359176332116103169"/>
		<document id="360359297407926272" url="https://twitter.com/ArangoCoaching/status/360359297407926272"/>
		<document id="361957763867357184" url="https://twitter.com/ArangoCoaching/status/361957763867357184"/>
		<document id="361957942838312960" url="https://twitter.com/ArangoCoaching/status/361957942838312960"/>
		<document id="362442985310388224" url="https://twitter.com/ArangoCoaching/status/362442985310388224"/>
		<document id="362443765522243584" url="https://twitter.com/ArangoCoaching/status/362443765522243584"/>
		<document id="363603260331917313" url="https://twitter.com/ArangoCoaching/status/363603260331917313"/>
		<document id="364253208954540032" url="https://twitter.com/ArangoCoaching/status/364253208954540032"/>
		<document id="364466682204790784" url="https://twitter.com/ArangoCoaching/status/364466682204790784"/>
		<document id="364467886460768256" url="https://twitter.com/ArangoCoaching/status/364467886460768256"/>
		<document id="364629612006871040" url="https://twitter.com/ArangoCoaching/status/364629612006871040"/>
		<document id="366895102892838913" url="https://twitter.com/ArangoCoaching/status/366895102892838913"/>
		<document id="367545116304502784" url="https://twitter.com/ArangoCoaching/status/367545116304502784"/>
		<document id="368124606156386304" url="https://twitter.com/ArangoCoaching/status/368124606156386304"/>
		<document id="368766571289665536" url="https://twitter.com/ArangoCoaching/status/368766571289665536"/>
		<document id="369450267567075328" url="https://twitter.com/ArangoCoaching/status/369450267567075328"/>
		<document id="370081050124636160" url="https://twitter.com/ArangoCoaching/status/370081050124636160"/>
		<document id="370086846300438528" url="https://twitter.com/ArangoCoaching/status/370086846300438528"/>
		<document id="370087394642776064" url="https://twitter.com/ArangoCoaching/status/370087394642776064"/>
		<document id="370511201283084288" url="https://twitter.com/ArangoCoaching/status/370511201283084288"/>
		<document id="371171542170087424" url="https://twitter.com/ArangoCoaching/status/371171542170087424"/>
		<document id="371321999882481665" url="https://twitter.com/ArangoCoaching/status/371321999882481665"/>
		<document id="371884532301324288" url="https://twitter.com/ArangoCoaching/status/371884532301324288"/>
		<document id="372354232378474496" url="https://twitter.com/ArangoCoaching/status/372354232378474496"/>
		<document id="372825719271092224" url="https://twitter.com/ArangoCoaching/status/372825719271092224"/>
		<document id="373670022511853568" url="https://twitter.com/ArangoCoaching/status/373670022511853568"/>
		<document id="373745277586255872" url="https://twitter.com/ArangoCoaching/status/373745277586255872"/>
		<document id="374129339006472192" url="https://twitter.com/ArangoCoaching/status/374129339006472192"/>
		<document id="374129409340760064" url="https://twitter.com/ArangoCoaching/status/374129409340760064"/>
		<document id="374555376097951744" url="https://twitter.com/ArangoCoaching/status/374555376097951744"/>
		<document id="374629857097166848" url="https://twitter.com/ArangoCoaching/status/374629857097166848"/>
		<document id="375361562217025536" url="https://twitter.com/ArangoCoaching/status/375361562217025536"/>
		<document id="375383095035580416" url="https://twitter.com/ArangoCoaching/status/375383095035580416"/>
		<document id="375705644420300800" url="https://twitter.com/ArangoCoaching/status/375705644420300800"/>
		<document id="376610803673464832" url="https://twitter.com/ArangoCoaching/status/376610803673464832"/>
		<document id="377485935598112768" url="https://twitter.com/ArangoCoaching/status/377485935598112768"/>
		<document id="379182400770953216" url="https://twitter.com/ArangoCoaching/status/379182400770953216"/>
		<document id="379360182578741248" url="https://twitter.com/ArangoCoaching/status/379360182578741248"/>
		<document id="379364413931024384" url="https://twitter.com/ArangoCoaching/status/379364413931024384"/>
		<document id="379685818128138240" url="https://twitter.com/ArangoCoaching/status/379685818128138240"/>
		<document id="380597557808074752" url="https://twitter.com/ArangoCoaching/status/380597557808074752"/>
		<document id="381872694268272640" url="https://twitter.com/ArangoCoaching/status/381872694268272640"/>
		<document id="382972059460329472" url="https://twitter.com/ArangoCoaching/status/382972059460329472"/>
		<document id="385195585458176000" url="https://twitter.com/ArangoCoaching/status/385195585458176000"/>
		<document id="387987257648742400" url="https://twitter.com/ArangoCoaching/status/387987257648742400"/>
		<document id="389843084605145089" url="https://twitter.com/ArangoCoaching/status/389843084605145089"/>
		<document id="389864401542463488" url="https://twitter.com/ArangoCoaching/status/389864401542463488"/>
		<document id="391801600215642112" url="https://twitter.com/ArangoCoaching/status/391801600215642112"/>
		<document id="391802375893446656" url="https://twitter.com/ArangoCoaching/status/391802375893446656"/>
		<document id="391803002379845632" url="https://twitter.com/ArangoCoaching/status/391803002379845632"/>
		<document id="392163710091132928" url="https://twitter.com/ArangoCoaching/status/392163710091132928"/>
		<document id="394498879166873600" url="https://twitter.com/ArangoCoaching/status/394498879166873600"/>
		<document id="397361123777060864" url="https://twitter.com/ArangoCoaching/status/397361123777060864"/>
		<document id="401700229516652544" url="https://twitter.com/ArangoCoaching/status/401700229516652544"/>
		<document id="401766745280872448" url="https://twitter.com/ArangoCoaching/status/401766745280872448"/>
		<document id="407969229699162112" url="https://twitter.com/ArangoCoaching/status/407969229699162112"/>
		<document id="408363027181105152" url="https://twitter.com/ArangoCoaching/status/408363027181105152"/>
		<document id="413091833443385344" url="https://twitter.com/ArangoCoaching/status/413091833443385344"/>
		<document id="413113852255956992" url="https://twitter.com/ArangoCoaching/status/413113852255956992"/>
		<document id="421295159695790080" url="https://twitter.com/ArangoCoaching/status/421295159695790080"/>
		<document id="422315859772592128" url="https://twitter.com/ArangoCoaching/status/422315859772592128"/>
		<document id="422468208096845824" url="https://twitter.com/ArangoCoaching/status/422468208096845824"/>
		<document id="422624913980411904" url="https://twitter.com/ArangoCoaching/status/422624913980411904"/>
		<document id="425140201917538304" url="https://twitter.com/ArangoCoaching/status/425140201917538304"/>
		<document id="425383295795204096" url="https://twitter.com/ArangoCoaching/status/425383295795204096"/>
		<document id="426330994799812608" url="https://twitter.com/ArangoCoaching/status/426330994799812608"/>
		<document id="359126410532634625" url="https://twitter.com/ArangoCoaching/status/359126410532634625"/>
		<document id="359149162404646913" url="https://twitter.com/ArangoCoaching/status/359149162404646913"/>
		<document id="359176332116103169" url="https://twitter.com/ArangoCoaching/status/359176332116103169"/>
		<document id="360359297407926272" url="https://twitter.com/ArangoCoaching/status/360359297407926272"/>
		<document id="361957763867357184" url="https://twitter.com/ArangoCoaching/status/361957763867357184"/>
		<document id="361957942838312960" url="https://twitter.com/ArangoCoaching/status/361957942838312960"/>
		<document id="362442985310388224" url="https://twitter.com/ArangoCoaching/status/362442985310388224"/>
		<document id="362443765522243584" url="https://twitter.com/ArangoCoaching/status/362443765522243584"/>
		<document id="363603260331917313" url="https://twitter.com/ArangoCoaching/status/363603260331917313"/>
		<document id="364253208954540032" url="https://twitter.com/ArangoCoaching/status/364253208954540032"/>
		<document id="364466682204790784" url="https://twitter.com/ArangoCoaching/status/364466682204790784"/>
		<document id="364467886460768256" url="https://twitter.com/ArangoCoaching/status/364467886460768256"/>
		<document id="364629612006871040" url="https://twitter.com/ArangoCoaching/status/364629612006871040"/>
		<document id="366895102892838913" url="https://twitter.com/ArangoCoaching/status/366895102892838913"/>
		<document id="367545116304502784" url="https://twitter.com/ArangoCoaching/status/367545116304502784"/>
		<document id="368124606156386304" url="https://twitter.com/ArangoCoaching/status/368124606156386304"/>
		<document id="368766571289665536" url="https://twitter.com/ArangoCoaching/status/368766571289665536"/>
		<document id="369450267567075328" url="https://twitter.com/ArangoCoaching/status/369450267567075328"/>
		<document id="370081050124636160" url="https://twitter.com/ArangoCoaching/status/370081050124636160"/>
		<document id="370086846300438528" url="https://twitter.com/ArangoCoaching/status/370086846300438528"/>
		<document id="370087394642776064" url="https://twitter.com/ArangoCoaching/status/370087394642776064"/>
		<document id="370511201283084288" url="https://twitter.com/ArangoCoaching/status/370511201283084288"/>
		<document id="371171542170087424" url="https://twitter.com/ArangoCoaching/status/371171542170087424"/>
		<document id="371321999882481665" url="https://twitter.com/ArangoCoaching/status/371321999882481665"/>
		<document id="371884532301324288" url="https://twitter.com/ArangoCoaching/status/371884532301324288"/>
		<document id="372354232378474496" url="https://twitter.com/ArangoCoaching/status/372354232378474496"/>
		<document id="372825719271092224" url="https://twitter.com/ArangoCoaching/status/372825719271092224"/>
		<document id="373670022511853568" url="https://twitter.com/ArangoCoaching/status/373670022511853568"/>
		<document id="373745277586255872" url="https://twitter.com/ArangoCoaching/status/373745277586255872"/>
		<document id="374129339006472192" url="https://twitter.com/ArangoCoaching/status/374129339006472192"/>
		<document id="374129409340760064" url="https://twitter.com/ArangoCoaching/status/374129409340760064"/>
		<document id="374555376097951744" url="https://twitter.com/ArangoCoaching/status/374555376097951744"/>
		<document id="374629857097166848" url="https://twitter.com/ArangoCoaching/status/374629857097166848"/>
		<document id="375361562217025536" url="https://twitter.com/ArangoCoaching/status/375361562217025536"/>
		<document id="375383095035580416" url="https://twitter.com/ArangoCoaching/status/375383095035580416"/>
		<document id="375705644420300800" url="https://twitter.com/ArangoCoaching/status/375705644420300800"/>
		<document id="376610803673464832" url="https://twitter.com/ArangoCoaching/status/376610803673464832"/>
		<document id="377485935598112768" url="https://twitter.com/ArangoCoaching/status/377485935598112768"/>
		<document id="379182400770953216" url="https://twitter.com/ArangoCoaching/status/379182400770953216"/>
		<document id="379360182578741248" url="https://twitter.com/ArangoCoaching/status/379360182578741248"/>
		<document id="379364413931024384" url="https://twitter.com/ArangoCoaching/status/379364413931024384"/>
		<document id="379685818128138240" url="https://twitter.com/ArangoCoaching/status/379685818128138240"/>
		<document id="380597557808074752" url="https://twitter.com/ArangoCoaching/status/380597557808074752"/>
		<document id="381872694268272640" url="https://twitter.com/ArangoCoaching/status/381872694268272640"/>
		<document id="382972059460329472" url="https://twitter.com/ArangoCoaching/status/382972059460329472"/>
		<document id="385195585458176000" url="https://twitter.com/ArangoCoaching/status/385195585458176000"/>
		<document id="387987257648742400" url="https://twitter.com/ArangoCoaching/status/387987257648742400"/>
		<document id="389843084605145089" url="https://twitter.com/ArangoCoaching/status/389843084605145089"/>
		<document id="389864401542463488" url="https://twitter.com/ArangoCoaching/status/389864401542463488"/>
		<document id="391801600215642112" url="https://twitter.com/ArangoCoaching/status/391801600215642112"/>
		<document id="391802375893446656" url="https://twitter.com/ArangoCoaching/status/391802375893446656"/>
		<document id="391803002379845632" url="https://twitter.com/ArangoCoaching/status/391803002379845632"/>
		<document id="392163710091132928" url="https://twitter.com/ArangoCoaching/status/392163710091132928"/>
		<document id="394498879166873600" url="https://twitter.com/ArangoCoaching/status/394498879166873600"/>
		<document id="397361123777060864" url="https://twitter.com/ArangoCoaching/status/397361123777060864"/>
		<document id="401700229516652544" url="https://twitter.com/ArangoCoaching/status/401700229516652544"/>
		<document id="401766745280872448" url="https://twitter.com/ArangoCoaching/status/401766745280872448"/>
		<document id="407969229699162112" url="https://twitter.com/ArangoCoaching/status/407969229699162112"/>
		<document id="408363027181105152" url="https://twitter.com/ArangoCoaching/status/408363027181105152"/>
		<document id="413091833443385344" url="https://twitter.com/ArangoCoaching/status/413091833443385344"/>
		<document id="413113852255956992" url="https://twitter.com/ArangoCoaching/status/413113852255956992"/>
		<document id="421295159695790080" url="https://twitter.com/ArangoCoaching/status/421295159695790080"/>
		<document id="422315859772592128" url="https://twitter.com/ArangoCoaching/status/422315859772592128"/>
		<document id="422468208096845824" url="https://twitter.com/ArangoCoaching/status/422468208096845824"/>
		<document id="422624913980411904" url="https://twitter.com/ArangoCoaching/status/422624913980411904"/>
		<document id="425140201917538304" url="https://twitter.com/ArangoCoaching/status/425140201917538304"/>
		<document id="425383295795204096" url="https://twitter.com/ArangoCoaching/status/425383295795204096"/>
		<document id="426330994799812608" url="https://twitter.com/ArangoCoaching/status/426330994799812608"/>
	</documents>
</author>