<?xml version="1.0" encoding="UTF-8" standalone="no"?><author age_group="xx" gender="xx" lang="EN" type="twitter" url="https://twitter.com/martinhermsen">
	<documents count="744">
		<document id="198330917750714368" url="https://twitter.com/martinhermsen/status/198330917750714368"/>
		<document id="198696564099792897" url="https://twitter.com/martinhermsen/status/198696564099792897"/>
		<document id="199234646922366977" url="https://twitter.com/martinhermsen/status/199234646922366977"/>
		<document id="199808852403822592" url="https://twitter.com/martinhermsen/status/199808852403822592"/>
		<document id="199809721610412032" url="https://twitter.com/martinhermsen/status/199809721610412032"/>
		<document id="199869529390718977" url="https://twitter.com/martinhermsen/status/199869529390718977"/>
		<document id="199870304514875392" url="https://twitter.com/martinhermsen/status/199870304514875392"/>
		<document id="199871030821523456" url="https://twitter.com/martinhermsen/status/199871030821523456"/>
		<document id="199873156775809025" url="https://twitter.com/martinhermsen/status/199873156775809025"/>
		<document id="200198097647833088" url="https://twitter.com/martinhermsen/status/200198097647833088"/>
		<document id="200198785572405248" url="https://twitter.com/martinhermsen/status/200198785572405248"/>
		<document id="200252429260963841" url="https://twitter.com/martinhermsen/status/200252429260963841"/>
		<document id="200252688871604225" url="https://twitter.com/martinhermsen/status/200252688871604225"/>
		<document id="200261280160948224" url="https://twitter.com/martinhermsen/status/200261280160948224"/>
		<document id="200589285240471552" url="https://twitter.com/martinhermsen/status/200589285240471552"/>
		<document id="201010406360227841" url="https://twitter.com/martinhermsen/status/201010406360227841"/>
		<document id="201015731612155904" url="https://twitter.com/martinhermsen/status/201015731612155904"/>
		<document id="201016102233456641" url="https://twitter.com/martinhermsen/status/201016102233456641"/>
		<document id="201461812170985473" url="https://twitter.com/martinhermsen/status/201461812170985473"/>
		<document id="201462336710643713" url="https://twitter.com/martinhermsen/status/201462336710643713"/>
		<document id="201462833496604672" url="https://twitter.com/martinhermsen/status/201462833496604672"/>
		<document id="201463554979790848" url="https://twitter.com/martinhermsen/status/201463554979790848"/>
		<document id="201464214852874244" url="https://twitter.com/martinhermsen/status/201464214852874244"/>
		<document id="201464313532268544" url="https://twitter.com/martinhermsen/status/201464313532268544"/>
		<document id="201464738650132482" url="https://twitter.com/martinhermsen/status/201464738650132482"/>
		<document id="201465781492514816" url="https://twitter.com/martinhermsen/status/201465781492514816"/>
		<document id="201467482584788992" url="https://twitter.com/martinhermsen/status/201467482584788992"/>
		<document id="201573648836984832" url="https://twitter.com/martinhermsen/status/201573648836984832"/>
		<document id="202075864370917378" url="https://twitter.com/martinhermsen/status/202075864370917378"/>
		<document id="202135702098558976" url="https://twitter.com/martinhermsen/status/202135702098558976"/>
		<document id="202137023618887681" url="https://twitter.com/martinhermsen/status/202137023618887681"/>
		<document id="202137655494971393" url="https://twitter.com/martinhermsen/status/202137655494971393"/>
		<document id="202138297110237185" url="https://twitter.com/martinhermsen/status/202138297110237185"/>
		<document id="202139102378860544" url="https://twitter.com/martinhermsen/status/202139102378860544"/>
		<document id="202139625798631426" url="https://twitter.com/martinhermsen/status/202139625798631426"/>
		<document id="202140340424155136" url="https://twitter.com/martinhermsen/status/202140340424155136"/>
		<document id="202141301616033795" url="https://twitter.com/martinhermsen/status/202141301616033795"/>
		<document id="202142136978780161" url="https://twitter.com/martinhermsen/status/202142136978780161"/>
		<document id="202145165589221376" url="https://twitter.com/martinhermsen/status/202145165589221376"/>
		<document id="202146526573764608" url="https://twitter.com/martinhermsen/status/202146526573764608"/>
		<document id="202147164384796672" url="https://twitter.com/martinhermsen/status/202147164384796672"/>
		<document id="203257045904916482" url="https://twitter.com/martinhermsen/status/203257045904916482"/>
		<document id="203258625148461057" url="https://twitter.com/martinhermsen/status/203258625148461057"/>
		<document id="203926942859276288" url="https://twitter.com/martinhermsen/status/203926942859276288"/>
		<document id="203963798804115456" url="https://twitter.com/martinhermsen/status/203963798804115456"/>
		<document id="204236370452021248" url="https://twitter.com/martinhermsen/status/204236370452021248"/>
		<document id="204412319365726210" url="https://twitter.com/martinhermsen/status/204412319365726210"/>
		<document id="204415875569291264" url="https://twitter.com/martinhermsen/status/204415875569291264"/>
		<document id="204940586686488576" url="https://twitter.com/martinhermsen/status/204940586686488576"/>
		<document id="205297924014473216" url="https://twitter.com/martinhermsen/status/205297924014473216"/>
		<document id="205299142816313345" url="https://twitter.com/martinhermsen/status/205299142816313345"/>
		<document id="205300800120041472" url="https://twitter.com/martinhermsen/status/205300800120041472"/>
		<document id="205323332588015616" url="https://twitter.com/martinhermsen/status/205323332588015616"/>
		<document id="205325023760760833" url="https://twitter.com/martinhermsen/status/205325023760760833"/>
		<document id="205325970285150209" url="https://twitter.com/martinhermsen/status/205325970285150209"/>
		<document id="205465658971013120" url="https://twitter.com/martinhermsen/status/205465658971013120"/>
		<document id="205656366822600705" url="https://twitter.com/martinhermsen/status/205656366822600705"/>
		<document id="205657544826425344" url="https://twitter.com/martinhermsen/status/205657544826425344"/>
		<document id="205666679680806914" url="https://twitter.com/martinhermsen/status/205666679680806914"/>
		<document id="206017101322919940" url="https://twitter.com/martinhermsen/status/206017101322919940"/>
		<document id="206018500039409664" url="https://twitter.com/martinhermsen/status/206018500039409664"/>
		<document id="206473247221485568" url="https://twitter.com/martinhermsen/status/206473247221485568"/>
		<document id="206474043367505920" url="https://twitter.com/martinhermsen/status/206474043367505920"/>
		<document id="206475444072087553" url="https://twitter.com/martinhermsen/status/206475444072087553"/>
		<document id="207565775412797440" url="https://twitter.com/martinhermsen/status/207565775412797440"/>
		<document id="207583166955913216" url="https://twitter.com/martinhermsen/status/207583166955913216"/>
		<document id="207583794520264707" url="https://twitter.com/martinhermsen/status/207583794520264707"/>
		<document id="207584048984502272" url="https://twitter.com/martinhermsen/status/207584048984502272"/>
		<document id="207584548656132098" url="https://twitter.com/martinhermsen/status/207584548656132098"/>
		<document id="207585014655881216" url="https://twitter.com/martinhermsen/status/207585014655881216"/>
		<document id="207590645005684736" url="https://twitter.com/martinhermsen/status/207590645005684736"/>
		<document id="207591219767934977" url="https://twitter.com/martinhermsen/status/207591219767934977"/>
		<document id="207592074403524608" url="https://twitter.com/martinhermsen/status/207592074403524608"/>
		<document id="207592260018241536" url="https://twitter.com/martinhermsen/status/207592260018241536"/>
		<document id="207926324269031425" url="https://twitter.com/martinhermsen/status/207926324269031425"/>
		<document id="207926973438230529" url="https://twitter.com/martinhermsen/status/207926973438230529"/>
		<document id="207928020521070592" url="https://twitter.com/martinhermsen/status/207928020521070592"/>
		<document id="207954254630096899" url="https://twitter.com/martinhermsen/status/207954254630096899"/>
		<document id="207965643721543680" url="https://twitter.com/martinhermsen/status/207965643721543680"/>
		<document id="207966402278195200" url="https://twitter.com/martinhermsen/status/207966402278195200"/>
		<document id="207967429744271360" url="https://twitter.com/martinhermsen/status/207967429744271360"/>
		<document id="208307393166188545" url="https://twitter.com/martinhermsen/status/208307393166188545"/>
		<document id="208308074459566083" url="https://twitter.com/martinhermsen/status/208308074459566083"/>
		<document id="208308290239737856" url="https://twitter.com/martinhermsen/status/208308290239737856"/>
		<document id="208308585321594881" url="https://twitter.com/martinhermsen/status/208308585321594881"/>
		<document id="208308942504341504" url="https://twitter.com/martinhermsen/status/208308942504341504"/>
		<document id="208309927020736512" url="https://twitter.com/martinhermsen/status/208309927020736512"/>
		<document id="208310472892612608" url="https://twitter.com/martinhermsen/status/208310472892612608"/>
		<document id="208311076205502465" url="https://twitter.com/martinhermsen/status/208311076205502465"/>
		<document id="208312257254400000" url="https://twitter.com/martinhermsen/status/208312257254400000"/>
		<document id="208313023293685761" url="https://twitter.com/martinhermsen/status/208313023293685761"/>
		<document id="208313904470822912" url="https://twitter.com/martinhermsen/status/208313904470822912"/>
		<document id="208316918929690624" url="https://twitter.com/martinhermsen/status/208316918929690624"/>
		<document id="208317218847592448" url="https://twitter.com/martinhermsen/status/208317218847592448"/>
		<document id="208317502567088128" url="https://twitter.com/martinhermsen/status/208317502567088128"/>
		<document id="208317941488418816" url="https://twitter.com/martinhermsen/status/208317941488418816"/>
		<document id="208318587352526848" url="https://twitter.com/martinhermsen/status/208318587352526848"/>
		<document id="208318830605381633" url="https://twitter.com/martinhermsen/status/208318830605381633"/>
		<document id="208318963615141888" url="https://twitter.com/martinhermsen/status/208318963615141888"/>
		<document id="208649313025392640" url="https://twitter.com/martinhermsen/status/208649313025392640"/>
		<document id="208650138019835904" url="https://twitter.com/martinhermsen/status/208650138019835904"/>
		<document id="208651363243147265" url="https://twitter.com/martinhermsen/status/208651363243147265"/>
		<document id="208651598551990272" url="https://twitter.com/martinhermsen/status/208651598551990272"/>
		<document id="208675558761054209" url="https://twitter.com/martinhermsen/status/208675558761054209"/>
		<document id="208833170420932608" url="https://twitter.com/martinhermsen/status/208833170420932608"/>
		<document id="210045893989249024" url="https://twitter.com/martinhermsen/status/210045893989249024"/>
		<document id="210046419837530113" url="https://twitter.com/martinhermsen/status/210046419837530113"/>
		<document id="210055343001178112" url="https://twitter.com/martinhermsen/status/210055343001178112"/>
		<document id="210146032951107584" url="https://twitter.com/martinhermsen/status/210146032951107584"/>
		<document id="210146734758830081" url="https://twitter.com/martinhermsen/status/210146734758830081"/>
		<document id="210147957650096128" url="https://twitter.com/martinhermsen/status/210147957650096128"/>
		<document id="210148114030542848" url="https://twitter.com/martinhermsen/status/210148114030542848"/>
		<document id="210148532093591552" url="https://twitter.com/martinhermsen/status/210148532093591552"/>
		<document id="210150228140097538" url="https://twitter.com/martinhermsen/status/210150228140097538"/>
		<document id="210445069977780225" url="https://twitter.com/martinhermsen/status/210445069977780225"/>
		<document id="210445526531977216" url="https://twitter.com/martinhermsen/status/210445526531977216"/>
		<document id="210453186161545218" url="https://twitter.com/martinhermsen/status/210453186161545218"/>
		<document id="210453592174370816" url="https://twitter.com/martinhermsen/status/210453592174370816"/>
		<document id="210453844260421633" url="https://twitter.com/martinhermsen/status/210453844260421633"/>
		<document id="210454877267173376" url="https://twitter.com/martinhermsen/status/210454877267173376"/>
		<document id="210455315584528384" url="https://twitter.com/martinhermsen/status/210455315584528384"/>
		<document id="210458026728112129" url="https://twitter.com/martinhermsen/status/210458026728112129"/>
		<document id="210463709389266944" url="https://twitter.com/martinhermsen/status/210463709389266944"/>
		<document id="210464782581628928" url="https://twitter.com/martinhermsen/status/210464782581628928"/>
		<document id="210466278526296067" url="https://twitter.com/martinhermsen/status/210466278526296067"/>
		<document id="210468094605393920" url="https://twitter.com/martinhermsen/status/210468094605393920"/>
		<document id="210468554376609792" url="https://twitter.com/martinhermsen/status/210468554376609792"/>
		<document id="210806535566278657" url="https://twitter.com/martinhermsen/status/210806535566278657"/>
		<document id="210807377547628545" url="https://twitter.com/martinhermsen/status/210807377547628545"/>
		<document id="210808024590323712" url="https://twitter.com/martinhermsen/status/210808024590323712"/>
		<document id="210808589181390848" url="https://twitter.com/martinhermsen/status/210808589181390848"/>
		<document id="210809848185630721" url="https://twitter.com/martinhermsen/status/210809848185630721"/>
		<document id="210843013470097409" url="https://twitter.com/martinhermsen/status/210843013470097409"/>
		<document id="210897153546129408" url="https://twitter.com/martinhermsen/status/210897153546129408"/>
		<document id="210897731579936768" url="https://twitter.com/martinhermsen/status/210897731579936768"/>
		<document id="211005464719273984" url="https://twitter.com/martinhermsen/status/211005464719273984"/>
		<document id="211542923039354880" url="https://twitter.com/martinhermsen/status/211542923039354880"/>
		<document id="211544031619063808" url="https://twitter.com/martinhermsen/status/211544031619063808"/>
		<document id="211544519064305664" url="https://twitter.com/martinhermsen/status/211544519064305664"/>
		<document id="211545059617804289" url="https://twitter.com/martinhermsen/status/211545059617804289"/>
		<document id="211546170961575937" url="https://twitter.com/martinhermsen/status/211546170961575937"/>
		<document id="211556766868180992" url="https://twitter.com/martinhermsen/status/211556766868180992"/>
		<document id="211558033438945280" url="https://twitter.com/martinhermsen/status/211558033438945280"/>
		<document id="211558383516524545" url="https://twitter.com/martinhermsen/status/211558383516524545"/>
		<document id="211559289058377728" url="https://twitter.com/martinhermsen/status/211559289058377728"/>
		<document id="211835780660858880" url="https://twitter.com/martinhermsen/status/211835780660858880"/>
		<document id="212644601956286464" url="https://twitter.com/martinhermsen/status/212644601956286464"/>
		<document id="212970299539464192" url="https://twitter.com/martinhermsen/status/212970299539464192"/>
		<document id="212971060755300355" url="https://twitter.com/martinhermsen/status/212971060755300355"/>
		<document id="212971389353865216" url="https://twitter.com/martinhermsen/status/212971389353865216"/>
		<document id="212972060018868226" url="https://twitter.com/martinhermsen/status/212972060018868226"/>
		<document id="212977437758332929" url="https://twitter.com/martinhermsen/status/212977437758332929"/>
		<document id="212982300487585792" url="https://twitter.com/martinhermsen/status/212982300487585792"/>
		<document id="212985335368531969" url="https://twitter.com/martinhermsen/status/212985335368531969"/>
		<document id="212985942217199617" url="https://twitter.com/martinhermsen/status/212985942217199617"/>
		<document id="212986470707896320" url="https://twitter.com/martinhermsen/status/212986470707896320"/>
		<document id="212986940931313665" url="https://twitter.com/martinhermsen/status/212986940931313665"/>
		<document id="212987137417687042" url="https://twitter.com/martinhermsen/status/212987137417687042"/>
		<document id="212988475249668096" url="https://twitter.com/martinhermsen/status/212988475249668096"/>
		<document id="212988861247275008" url="https://twitter.com/martinhermsen/status/212988861247275008"/>
		<document id="212989106018451457" url="https://twitter.com/martinhermsen/status/212989106018451457"/>
		<document id="212989463712890881" url="https://twitter.com/martinhermsen/status/212989463712890881"/>
		<document id="212990055801819136" url="https://twitter.com/martinhermsen/status/212990055801819136"/>
		<document id="212991804042260480" url="https://twitter.com/martinhermsen/status/212991804042260480"/>
		<document id="212993291057238016" url="https://twitter.com/martinhermsen/status/212993291057238016"/>
		<document id="212993505293897729" url="https://twitter.com/martinhermsen/status/212993505293897729"/>
		<document id="212993989803130881" url="https://twitter.com/martinhermsen/status/212993989803130881"/>
		<document id="212994754756083712" url="https://twitter.com/martinhermsen/status/212994754756083712"/>
		<document id="212995198387625986" url="https://twitter.com/martinhermsen/status/212995198387625986"/>
		<document id="212997116006629377" url="https://twitter.com/martinhermsen/status/212997116006629377"/>
		<document id="213697561545031680" url="https://twitter.com/martinhermsen/status/213697561545031680"/>
		<document id="213697844937363456" url="https://twitter.com/martinhermsen/status/213697844937363456"/>
		<document id="213713921985613824" url="https://twitter.com/martinhermsen/status/213713921985613824"/>
		<document id="213714013383688194" url="https://twitter.com/martinhermsen/status/213714013383688194"/>
		<document id="213716775647461376" url="https://twitter.com/martinhermsen/status/213716775647461376"/>
		<document id="213721861278801920" url="https://twitter.com/martinhermsen/status/213721861278801920"/>
		<document id="214345340915159040" url="https://twitter.com/martinhermsen/status/214345340915159040"/>
		<document id="215357406471921664" url="https://twitter.com/martinhermsen/status/215357406471921664"/>
		<document id="216841109048000512" url="https://twitter.com/martinhermsen/status/216841109048000512"/>
		<document id="216866833389727744" url="https://twitter.com/martinhermsen/status/216866833389727744"/>
		<document id="217364079273193474" url="https://twitter.com/martinhermsen/status/217364079273193474"/>
		<document id="217366488129077249" url="https://twitter.com/martinhermsen/status/217366488129077249"/>
		<document id="217367095124566017" url="https://twitter.com/martinhermsen/status/217367095124566017"/>
		<document id="217367472733569025" url="https://twitter.com/martinhermsen/status/217367472733569025"/>
		<document id="217367644876181504" url="https://twitter.com/martinhermsen/status/217367644876181504"/>
		<document id="217367899998920705" url="https://twitter.com/martinhermsen/status/217367899998920705"/>
		<document id="217368126378090497" url="https://twitter.com/martinhermsen/status/217368126378090497"/>
		<document id="217368301263798273" url="https://twitter.com/martinhermsen/status/217368301263798273"/>
		<document id="217368584131842048" url="https://twitter.com/martinhermsen/status/217368584131842048"/>
		<document id="217368666776403968" url="https://twitter.com/martinhermsen/status/217368666776403968"/>
		<document id="217976777207840772" url="https://twitter.com/martinhermsen/status/217976777207840772"/>
		<document id="220200648715669504" url="https://twitter.com/martinhermsen/status/220200648715669504"/>
		<document id="220206198341894144" url="https://twitter.com/martinhermsen/status/220206198341894144"/>
		<document id="220257506444849153" url="https://twitter.com/martinhermsen/status/220257506444849153"/>
		<document id="220652683122585600" url="https://twitter.com/martinhermsen/status/220652683122585600"/>
		<document id="220653800434839552" url="https://twitter.com/martinhermsen/status/220653800434839552"/>
		<document id="220655748869402625" url="https://twitter.com/martinhermsen/status/220655748869402625"/>
		<document id="220660073830154241" url="https://twitter.com/martinhermsen/status/220660073830154241"/>
		<document id="220992980083937280" url="https://twitter.com/martinhermsen/status/220992980083937280"/>
		<document id="221328298800717824" url="https://twitter.com/martinhermsen/status/221328298800717824"/>
		<document id="221328763164704769" url="https://twitter.com/martinhermsen/status/221328763164704769"/>
		<document id="224933889616003072" url="https://twitter.com/martinhermsen/status/224933889616003072"/>
		<document id="225702970669543425" url="https://twitter.com/martinhermsen/status/225702970669543425"/>
		<document id="226750457245212672" url="https://twitter.com/martinhermsen/status/226750457245212672"/>
		<document id="226755531673567233" url="https://twitter.com/martinhermsen/status/226755531673567233"/>
		<document id="228112173958844416" url="https://twitter.com/martinhermsen/status/228112173958844416"/>
		<document id="228112522887184384" url="https://twitter.com/martinhermsen/status/228112522887184384"/>
		<document id="228393136869748736" url="https://twitter.com/martinhermsen/status/228393136869748736"/>
		<document id="228914562861248512" url="https://twitter.com/martinhermsen/status/228914562861248512"/>
		<document id="232205986193100800" url="https://twitter.com/martinhermsen/status/232205986193100800"/>
		<document id="233660695080747008" url="https://twitter.com/martinhermsen/status/233660695080747008"/>
		<document id="233991906013638656" url="https://twitter.com/martinhermsen/status/233991906013638656"/>
		<document id="234672995543683072" url="https://twitter.com/martinhermsen/status/234672995543683072"/>
		<document id="234864800935587841" url="https://twitter.com/martinhermsen/status/234864800935587841"/>
		<document id="237284826644893696" url="https://twitter.com/martinhermsen/status/237284826644893696"/>
		<document id="237288866711760897" url="https://twitter.com/martinhermsen/status/237288866711760897"/>
		<document id="239588665091829761" url="https://twitter.com/martinhermsen/status/239588665091829761"/>
		<document id="239812128578605056" url="https://twitter.com/martinhermsen/status/239812128578605056"/>
		<document id="240677961932603393" url="https://twitter.com/martinhermsen/status/240677961932603393"/>
		<document id="241286847089737728" url="https://twitter.com/martinhermsen/status/241286847089737728"/>
		<document id="241287285683941376" url="https://twitter.com/martinhermsen/status/241287285683941376"/>
		<document id="241287780276252674" url="https://twitter.com/martinhermsen/status/241287780276252674"/>
		<document id="241288923907776514" url="https://twitter.com/martinhermsen/status/241288923907776514"/>
		<document id="241289611123503104" url="https://twitter.com/martinhermsen/status/241289611123503104"/>
		<document id="241292042121129984" url="https://twitter.com/martinhermsen/status/241292042121129984"/>
		<document id="241293928631005184" url="https://twitter.com/martinhermsen/status/241293928631005184"/>
		<document id="243101105033203713" url="https://twitter.com/martinhermsen/status/243101105033203713"/>
		<document id="243102421205794817" url="https://twitter.com/martinhermsen/status/243102421205794817"/>
		<document id="244486631598460929" url="https://twitter.com/martinhermsen/status/244486631598460929"/>
		<document id="244529251011919873" url="https://twitter.com/martinhermsen/status/244529251011919873"/>
		<document id="248065440822198272" url="https://twitter.com/martinhermsen/status/248065440822198272"/>
		<document id="248066408422981632" url="https://twitter.com/martinhermsen/status/248066408422981632"/>
		<document id="248068721250295809" url="https://twitter.com/martinhermsen/status/248068721250295809"/>
		<document id="248855715714854912" url="https://twitter.com/martinhermsen/status/248855715714854912"/>
		<document id="249621083433607168" url="https://twitter.com/martinhermsen/status/249621083433607168"/>
		<document id="251068605108719616" url="https://twitter.com/martinhermsen/status/251068605108719616"/>
		<document id="251710596083486720" url="https://twitter.com/martinhermsen/status/251710596083486720"/>
		<document id="251772877538471936" url="https://twitter.com/martinhermsen/status/251772877538471936"/>
		<document id="252106527995994112" url="https://twitter.com/martinhermsen/status/252106527995994112"/>
		<document id="252139082866634753" url="https://twitter.com/martinhermsen/status/252139082866634753"/>
		<document id="252674723706720256" url="https://twitter.com/martinhermsen/status/252674723706720256"/>
		<document id="253725662479785984" url="https://twitter.com/martinhermsen/status/253725662479785984"/>
		<document id="253739379300917248" url="https://twitter.com/martinhermsen/status/253739379300917248"/>
		<document id="253743725258362880" url="https://twitter.com/martinhermsen/status/253743725258362880"/>
		<document id="254134863379185665" url="https://twitter.com/martinhermsen/status/254134863379185665"/>
		<document id="256163709657939968" url="https://twitter.com/martinhermsen/status/256163709657939968"/>
		<document id="257583335595978752" url="https://twitter.com/martinhermsen/status/257583335595978752"/>
		<document id="259598965685755904" url="https://twitter.com/martinhermsen/status/259598965685755904"/>
		<document id="261196840681230336" url="https://twitter.com/martinhermsen/status/261196840681230336"/>
		<document id="261198671813681152" url="https://twitter.com/martinhermsen/status/261198671813681152"/>
		<document id="261199335935598592" url="https://twitter.com/martinhermsen/status/261199335935598592"/>
		<document id="261213066321072128" url="https://twitter.com/martinhermsen/status/261213066321072128"/>
		<document id="261214127257702400" url="https://twitter.com/martinhermsen/status/261214127257702400"/>
		<document id="261218592425648128" url="https://twitter.com/martinhermsen/status/261218592425648128"/>
		<document id="261574190426120192" url="https://twitter.com/martinhermsen/status/261574190426120192"/>
		<document id="261574605364396033" url="https://twitter.com/martinhermsen/status/261574605364396033"/>
		<document id="261574697144156160" url="https://twitter.com/martinhermsen/status/261574697144156160"/>
		<document id="261575126250823680" url="https://twitter.com/martinhermsen/status/261575126250823680"/>
		<document id="261576019331411968" url="https://twitter.com/martinhermsen/status/261576019331411968"/>
		<document id="261576252203364352" url="https://twitter.com/martinhermsen/status/261576252203364352"/>
		<document id="261576802110169088" url="https://twitter.com/martinhermsen/status/261576802110169088"/>
		<document id="261578179062407168" url="https://twitter.com/martinhermsen/status/261578179062407168"/>
		<document id="261580371521568768" url="https://twitter.com/martinhermsen/status/261580371521568768"/>
		<document id="261942309137035264" url="https://twitter.com/martinhermsen/status/261942309137035264"/>
		<document id="261943340210204672" url="https://twitter.com/martinhermsen/status/261943340210204672"/>
		<document id="261944459460231168" url="https://twitter.com/martinhermsen/status/261944459460231168"/>
		<document id="261947880372326401" url="https://twitter.com/martinhermsen/status/261947880372326401"/>
		<document id="261949481665310720" url="https://twitter.com/martinhermsen/status/261949481665310720"/>
		<document id="261956326119333889" url="https://twitter.com/martinhermsen/status/261956326119333889"/>
		<document id="263224864758968320" url="https://twitter.com/martinhermsen/status/263224864758968320"/>
		<document id="263741305157455872" url="https://twitter.com/martinhermsen/status/263741305157455872"/>
		<document id="263751456413331456" url="https://twitter.com/martinhermsen/status/263751456413331456"/>
		<document id="265581940025999361" url="https://twitter.com/martinhermsen/status/265581940025999361"/>
		<document id="265582799594086400" url="https://twitter.com/martinhermsen/status/265582799594086400"/>
		<document id="265583842662948864" url="https://twitter.com/martinhermsen/status/265583842662948864"/>
		<document id="265584934008270848" url="https://twitter.com/martinhermsen/status/265584934008270848"/>
		<document id="265586900000182272" url="https://twitter.com/martinhermsen/status/265586900000182272"/>
		<document id="265587447805640705" url="https://twitter.com/martinhermsen/status/265587447805640705"/>
		<document id="265799954780528640" url="https://twitter.com/martinhermsen/status/265799954780528640"/>
		<document id="265806555331567616" url="https://twitter.com/martinhermsen/status/265806555331567616"/>
		<document id="265808876673327105" url="https://twitter.com/martinhermsen/status/265808876673327105"/>
		<document id="265839430386991104" url="https://twitter.com/martinhermsen/status/265839430386991104"/>
		<document id="265955505992777728" url="https://twitter.com/martinhermsen/status/265955505992777728"/>
		<document id="265976369807241216" url="https://twitter.com/martinhermsen/status/265976369807241216"/>
		<document id="266121085144158209" url="https://twitter.com/martinhermsen/status/266121085144158209"/>
		<document id="267333629586309121" url="https://twitter.com/martinhermsen/status/267333629586309121"/>
		<document id="267336098013913090" url="https://twitter.com/martinhermsen/status/267336098013913090"/>
		<document id="268132577783734273" url="https://twitter.com/martinhermsen/status/268132577783734273"/>
		<document id="268133236834709504" url="https://twitter.com/martinhermsen/status/268133236834709504"/>
		<document id="268134024428544000" url="https://twitter.com/martinhermsen/status/268134024428544000"/>
		<document id="268134966410502144" url="https://twitter.com/martinhermsen/status/268134966410502144"/>
		<document id="268434984157724672" url="https://twitter.com/martinhermsen/status/268434984157724672"/>
		<document id="269214647096315904" url="https://twitter.com/martinhermsen/status/269214647096315904"/>
		<document id="269214749852585984" url="https://twitter.com/martinhermsen/status/269214749852585984"/>
		<document id="269214863585316865" url="https://twitter.com/martinhermsen/status/269214863585316865"/>
		<document id="269215023971332096" url="https://twitter.com/martinhermsen/status/269215023971332096"/>
		<document id="269215243199193088" url="https://twitter.com/martinhermsen/status/269215243199193088"/>
		<document id="271363140799823873" url="https://twitter.com/martinhermsen/status/271363140799823873"/>
		<document id="271363369607503872" url="https://twitter.com/martinhermsen/status/271363369607503872"/>
		<document id="271364704704811009" url="https://twitter.com/martinhermsen/status/271364704704811009"/>
		<document id="271364783159275520" url="https://twitter.com/martinhermsen/status/271364783159275520"/>
		<document id="271365249955946496" url="https://twitter.com/martinhermsen/status/271365249955946496"/>
		<document id="271366380312473600" url="https://twitter.com/martinhermsen/status/271366380312473600"/>
		<document id="271366753479708672" url="https://twitter.com/martinhermsen/status/271366753479708672"/>
		<document id="271368277320691712" url="https://twitter.com/martinhermsen/status/271368277320691712"/>
		<document id="271368868654628865" url="https://twitter.com/martinhermsen/status/271368868654628865"/>
		<document id="271369207596347392" url="https://twitter.com/martinhermsen/status/271369207596347392"/>
		<document id="271394756062502912" url="https://twitter.com/martinhermsen/status/271394756062502912"/>
		<document id="271394945917648896" url="https://twitter.com/martinhermsen/status/271394945917648896"/>
		<document id="272002857153228801" url="https://twitter.com/martinhermsen/status/272002857153228801"/>
		<document id="272003810136817664" url="https://twitter.com/martinhermsen/status/272003810136817664"/>
		<document id="272004475730944000" url="https://twitter.com/martinhermsen/status/272004475730944000"/>
		<document id="272113626331103232" url="https://twitter.com/martinhermsen/status/272113626331103232"/>
		<document id="272113795822919681" url="https://twitter.com/martinhermsen/status/272113795822919681"/>
		<document id="272114013788311552" url="https://twitter.com/martinhermsen/status/272114013788311552"/>
		<document id="272114556216700928" url="https://twitter.com/martinhermsen/status/272114556216700928"/>
		<document id="272717118380847104" url="https://twitter.com/martinhermsen/status/272717118380847104"/>
		<document id="272717258474799104" url="https://twitter.com/martinhermsen/status/272717258474799104"/>
		<document id="272717453971320832" url="https://twitter.com/martinhermsen/status/272717453971320832"/>
		<document id="273552124644835331" url="https://twitter.com/martinhermsen/status/273552124644835331"/>
		<document id="273552232295833600" url="https://twitter.com/martinhermsen/status/273552232295833600"/>
		<document id="273552647070552066" url="https://twitter.com/martinhermsen/status/273552647070552066"/>
		<document id="273552821180305410" url="https://twitter.com/martinhermsen/status/273552821180305410"/>
		<document id="273553162181427200" url="https://twitter.com/martinhermsen/status/273553162181427200"/>
		<document id="273553474808066048" url="https://twitter.com/martinhermsen/status/273553474808066048"/>
		<document id="273553642454405121" url="https://twitter.com/martinhermsen/status/273553642454405121"/>
		<document id="273554412813832194" url="https://twitter.com/martinhermsen/status/273554412813832194"/>
		<document id="273554770697003008" url="https://twitter.com/martinhermsen/status/273554770697003008"/>
		<document id="273564048921088000" url="https://twitter.com/martinhermsen/status/273564048921088000"/>
		<document id="273937532817915905" url="https://twitter.com/martinhermsen/status/273937532817915905"/>
		<document id="273938581410684929" url="https://twitter.com/martinhermsen/status/273938581410684929"/>
		<document id="273939423186518016" url="https://twitter.com/martinhermsen/status/273939423186518016"/>
		<document id="273939990214500353" url="https://twitter.com/martinhermsen/status/273939990214500353"/>
		<document id="273940159949586432" url="https://twitter.com/martinhermsen/status/273940159949586432"/>
		<document id="273940259497189376" url="https://twitter.com/martinhermsen/status/273940259497189376"/>
		<document id="273941028942270465" url="https://twitter.com/martinhermsen/status/273941028942270465"/>
		<document id="273941193392529408" url="https://twitter.com/martinhermsen/status/273941193392529408"/>
		<document id="273941328604323840" url="https://twitter.com/martinhermsen/status/273941328604323840"/>
		<document id="273941954348322816" url="https://twitter.com/martinhermsen/status/273941954348322816"/>
		<document id="274197276560334850" url="https://twitter.com/martinhermsen/status/274197276560334850"/>
		<document id="274198023704301568" url="https://twitter.com/martinhermsen/status/274198023704301568"/>
		<document id="274199550909112321" url="https://twitter.com/martinhermsen/status/274199550909112321"/>
		<document id="274206945198608384" url="https://twitter.com/martinhermsen/status/274206945198608384"/>
		<document id="274207069962387456" url="https://twitter.com/martinhermsen/status/274207069962387456"/>
		<document id="274283757756882945" url="https://twitter.com/martinhermsen/status/274283757756882945"/>
		<document id="274283875285467136" url="https://twitter.com/martinhermsen/status/274283875285467136"/>
		<document id="274284028205596673" url="https://twitter.com/martinhermsen/status/274284028205596673"/>
		<document id="274284194732056577" url="https://twitter.com/martinhermsen/status/274284194732056577"/>
		<document id="274289475595685890" url="https://twitter.com/martinhermsen/status/274289475595685890"/>
		<document id="274290424477282305" url="https://twitter.com/martinhermsen/status/274290424477282305"/>
		<document id="274291512324530176" url="https://twitter.com/martinhermsen/status/274291512324530176"/>
		<document id="274291802859794432" url="https://twitter.com/martinhermsen/status/274291802859794432"/>
		<document id="274553336190087168" url="https://twitter.com/martinhermsen/status/274553336190087168"/>
		<document id="274605228312113152" url="https://twitter.com/martinhermsen/status/274605228312113152"/>
		<document id="274605647042076672" url="https://twitter.com/martinhermsen/status/274605647042076672"/>
		<document id="274606063217696768" url="https://twitter.com/martinhermsen/status/274606063217696768"/>
		<document id="274606966888878080" url="https://twitter.com/martinhermsen/status/274606966888878080"/>
		<document id="274607328119103489" url="https://twitter.com/martinhermsen/status/274607328119103489"/>
		<document id="274623089868931072" url="https://twitter.com/martinhermsen/status/274623089868931072"/>
		<document id="274623290046291969" url="https://twitter.com/martinhermsen/status/274623290046291969"/>
		<document id="274637212728049664" url="https://twitter.com/martinhermsen/status/274637212728049664"/>
		<document id="274824711760908288" url="https://twitter.com/martinhermsen/status/274824711760908288"/>
		<document id="274824955680665600" url="https://twitter.com/martinhermsen/status/274824955680665600"/>
		<document id="274976891847446530" url="https://twitter.com/martinhermsen/status/274976891847446530"/>
		<document id="274978116726837248" url="https://twitter.com/martinhermsen/status/274978116726837248"/>
		<document id="274978260042018816" url="https://twitter.com/martinhermsen/status/274978260042018816"/>
		<document id="274978748514852865" url="https://twitter.com/martinhermsen/status/274978748514852865"/>
		<document id="274979023195602945" url="https://twitter.com/martinhermsen/status/274979023195602945"/>
		<document id="274979178531676160" url="https://twitter.com/martinhermsen/status/274979178531676160"/>
		<document id="274979599975342082" url="https://twitter.com/martinhermsen/status/274979599975342082"/>
		<document id="274979668950654976" url="https://twitter.com/martinhermsen/status/274979668950654976"/>
		<document id="275025453780201472" url="https://twitter.com/martinhermsen/status/275025453780201472"/>
		<document id="275366565401198592" url="https://twitter.com/martinhermsen/status/275366565401198592"/>
		<document id="275372649880891393" url="https://twitter.com/martinhermsen/status/275372649880891393"/>
		<document id="275373180716199936" url="https://twitter.com/martinhermsen/status/275373180716199936"/>
		<document id="275374205682458624" url="https://twitter.com/martinhermsen/status/275374205682458624"/>
		<document id="275711273700818945" url="https://twitter.com/martinhermsen/status/275711273700818945"/>
		<document id="275711339140366336" url="https://twitter.com/martinhermsen/status/275711339140366336"/>
		<document id="275711560079511552" url="https://twitter.com/martinhermsen/status/275711560079511552"/>
		<document id="275711638009683968" url="https://twitter.com/martinhermsen/status/275711638009683968"/>
		<document id="275711975265296384" url="https://twitter.com/martinhermsen/status/275711975265296384"/>
		<document id="275712159034527744" url="https://twitter.com/martinhermsen/status/275712159034527744"/>
		<document id="275712310054629376" url="https://twitter.com/martinhermsen/status/275712310054629376"/>
		<document id="275712501553979392" url="https://twitter.com/martinhermsen/status/275712501553979392"/>
		<document id="275712679748972544" url="https://twitter.com/martinhermsen/status/275712679748972544"/>
		<document id="275712773135159296" url="https://twitter.com/martinhermsen/status/275712773135159296"/>
		<document id="275724751220142082" url="https://twitter.com/martinhermsen/status/275724751220142082"/>
		<document id="275725065016983553" url="https://twitter.com/martinhermsen/status/275725065016983553"/>
		<document id="275725670036946944" url="https://twitter.com/martinhermsen/status/275725670036946944"/>
		<document id="275728329276010496" url="https://twitter.com/martinhermsen/status/275728329276010496"/>
		<document id="275728638513647616" url="https://twitter.com/martinhermsen/status/275728638513647616"/>
		<document id="275730064203726848" url="https://twitter.com/martinhermsen/status/275730064203726848"/>
		<document id="275730415229214720" url="https://twitter.com/martinhermsen/status/275730415229214720"/>
		<document id="275730681601069058" url="https://twitter.com/martinhermsen/status/275730681601069058"/>
		<document id="275730952490201088" url="https://twitter.com/martinhermsen/status/275730952490201088"/>
		<document id="275731328673120256" url="https://twitter.com/martinhermsen/status/275731328673120256"/>
		<document id="275731661168185344" url="https://twitter.com/martinhermsen/status/275731661168185344"/>
		<document id="275734013824614400" url="https://twitter.com/martinhermsen/status/275734013824614400"/>
		<document id="276093412141330432" url="https://twitter.com/martinhermsen/status/276093412141330432"/>
		<document id="276093527061041154" url="https://twitter.com/martinhermsen/status/276093527061041154"/>
		<document id="276093642492481536" url="https://twitter.com/martinhermsen/status/276093642492481536"/>
		<document id="276093890858188800" url="https://twitter.com/martinhermsen/status/276093890858188800"/>
		<document id="276094168076529666" url="https://twitter.com/martinhermsen/status/276094168076529666"/>
		<document id="276098982822961152" url="https://twitter.com/martinhermsen/status/276098982822961152"/>
		<document id="276384498634084352" url="https://twitter.com/martinhermsen/status/276384498634084352"/>
		<document id="276384964096962561" url="https://twitter.com/martinhermsen/status/276384964096962561"/>
		<document id="276385243022389248" url="https://twitter.com/martinhermsen/status/276385243022389248"/>
		<document id="276386003906883585" url="https://twitter.com/martinhermsen/status/276386003906883585"/>
		<document id="276386250892652544" url="https://twitter.com/martinhermsen/status/276386250892652544"/>
		<document id="276407268491272193" url="https://twitter.com/martinhermsen/status/276407268491272193"/>
		<document id="276454767302152192" url="https://twitter.com/martinhermsen/status/276454767302152192"/>
		<document id="276454878455427072" url="https://twitter.com/martinhermsen/status/276454878455427072"/>
		<document id="276455249743581184" url="https://twitter.com/martinhermsen/status/276455249743581184"/>
		<document id="276455624148135937" url="https://twitter.com/martinhermsen/status/276455624148135937"/>
		<document id="276456385154252800" url="https://twitter.com/martinhermsen/status/276456385154252800"/>
		<document id="276456887397015553" url="https://twitter.com/martinhermsen/status/276456887397015553"/>
		<document id="276457180893429761" url="https://twitter.com/martinhermsen/status/276457180893429761"/>
		<document id="276458069754527744" url="https://twitter.com/martinhermsen/status/276458069754527744"/>
		<document id="276463628482400256" url="https://twitter.com/martinhermsen/status/276463628482400256"/>
		<document id="276589184188284928" url="https://twitter.com/martinhermsen/status/276589184188284928"/>
		<document id="276797936053137408" url="https://twitter.com/martinhermsen/status/276797936053137408"/>
		<document id="276799624138866688" url="https://twitter.com/martinhermsen/status/276799624138866688"/>
		<document id="276799861582606336" url="https://twitter.com/martinhermsen/status/276799861582606336"/>
		<document id="276799983389380608" url="https://twitter.com/martinhermsen/status/276799983389380608"/>
		<document id="276800172682510336" url="https://twitter.com/martinhermsen/status/276800172682510336"/>
		<document id="276800714758565888" url="https://twitter.com/martinhermsen/status/276800714758565888"/>
		<document id="276801282671517696" url="https://twitter.com/martinhermsen/status/276801282671517696"/>
		<document id="276801931551338496" url="https://twitter.com/martinhermsen/status/276801931551338496"/>
		<document id="276802507592839171" url="https://twitter.com/martinhermsen/status/276802507592839171"/>
		<document id="276802649955909632" url="https://twitter.com/martinhermsen/status/276802649955909632"/>
		<document id="276803420407603200" url="https://twitter.com/martinhermsen/status/276803420407603200"/>
		<document id="276803669645737987" url="https://twitter.com/martinhermsen/status/276803669645737987"/>
		<document id="276803854807490562" url="https://twitter.com/martinhermsen/status/276803854807490562"/>
		<document id="276804000395972608" url="https://twitter.com/martinhermsen/status/276804000395972608"/>
		<document id="276804295653982208" url="https://twitter.com/martinhermsen/status/276804295653982208"/>
		<document id="276804627838689280" url="https://twitter.com/martinhermsen/status/276804627838689280"/>
		<document id="276806133996462081" url="https://twitter.com/martinhermsen/status/276806133996462081"/>
		<document id="276808161195868160" url="https://twitter.com/martinhermsen/status/276808161195868160"/>
		<document id="276808409838387201" url="https://twitter.com/martinhermsen/status/276808409838387201"/>
		<document id="276808762231242753" url="https://twitter.com/martinhermsen/status/276808762231242753"/>
		<document id="276819646630469632" url="https://twitter.com/martinhermsen/status/276819646630469632"/>
		<document id="276821383625990144" url="https://twitter.com/martinhermsen/status/276821383625990144"/>
		<document id="276967934105096192" url="https://twitter.com/martinhermsen/status/276967934105096192"/>
		<document id="277024269471465472" url="https://twitter.com/martinhermsen/status/277024269471465472"/>
		<document id="277080279724736513" url="https://twitter.com/martinhermsen/status/277080279724736513"/>
		<document id="277091060528840704" url="https://twitter.com/martinhermsen/status/277091060528840704"/>
		<document id="277559161468891137" url="https://twitter.com/martinhermsen/status/277559161468891137"/>
		<document id="277559252149747712" url="https://twitter.com/martinhermsen/status/277559252149747712"/>
		<document id="277559621407870976" url="https://twitter.com/martinhermsen/status/277559621407870976"/>
		<document id="277559701170954241" url="https://twitter.com/martinhermsen/status/277559701170954241"/>
		<document id="277559786889945088" url="https://twitter.com/martinhermsen/status/277559786889945088"/>
		<document id="277559896004755456" url="https://twitter.com/martinhermsen/status/277559896004755456"/>
		<document id="277560429100818433" url="https://twitter.com/martinhermsen/status/277560429100818433"/>
		<document id="277560617739624448" url="https://twitter.com/martinhermsen/status/277560617739624448"/>
		<document id="277561148168097792" url="https://twitter.com/martinhermsen/status/277561148168097792"/>
		<document id="277561330905513984" url="https://twitter.com/martinhermsen/status/277561330905513984"/>
		<document id="277561414288289792" url="https://twitter.com/martinhermsen/status/277561414288289792"/>
		<document id="277561592516837376" url="https://twitter.com/martinhermsen/status/277561592516837376"/>
		<document id="277561676847538176" url="https://twitter.com/martinhermsen/status/277561676847538176"/>
		<document id="277561978162118657" url="https://twitter.com/martinhermsen/status/277561978162118657"/>
		<document id="277562068339666944" url="https://twitter.com/martinhermsen/status/277562068339666944"/>
		<document id="277562401245757440" url="https://twitter.com/martinhermsen/status/277562401245757440"/>
		<document id="277563233462792192" url="https://twitter.com/martinhermsen/status/277563233462792192"/>
		<document id="277695347281764352" url="https://twitter.com/martinhermsen/status/277695347281764352"/>
		<document id="277713975737720833" url="https://twitter.com/martinhermsen/status/277713975737720833"/>
		<document id="277788357956882433" url="https://twitter.com/martinhermsen/status/277788357956882433"/>
		<document id="277903792060645376" url="https://twitter.com/martinhermsen/status/277903792060645376"/>
		<document id="277904291535147011" url="https://twitter.com/martinhermsen/status/277904291535147011"/>
		<document id="277904364440539136" url="https://twitter.com/martinhermsen/status/277904364440539136"/>
		<document id="278148815201132544" url="https://twitter.com/martinhermsen/status/278148815201132544"/>
		<document id="278277407016902657" url="https://twitter.com/martinhermsen/status/278277407016902657"/>
		<document id="278277548637560832" url="https://twitter.com/martinhermsen/status/278277548637560832"/>
		<document id="278277727956643840" url="https://twitter.com/martinhermsen/status/278277727956643840"/>
		<document id="278278079632261120" url="https://twitter.com/martinhermsen/status/278278079632261120"/>
		<document id="278278234964115457" url="https://twitter.com/martinhermsen/status/278278234964115457"/>
		<document id="278278477256462337" url="https://twitter.com/martinhermsen/status/278278477256462337"/>
		<document id="278278948503314432" url="https://twitter.com/martinhermsen/status/278278948503314432"/>
		<document id="278279566240387072" url="https://twitter.com/martinhermsen/status/278279566240387072"/>
		<document id="278279671022501888" url="https://twitter.com/martinhermsen/status/278279671022501888"/>
		<document id="278279913830752257" url="https://twitter.com/martinhermsen/status/278279913830752257"/>
		<document id="278280846639759362" url="https://twitter.com/martinhermsen/status/278280846639759362"/>
		<document id="278281290044817408" url="https://twitter.com/martinhermsen/status/278281290044817408"/>
		<document id="278281969043918848" url="https://twitter.com/martinhermsen/status/278281969043918848"/>
		<document id="278992738450567168" url="https://twitter.com/martinhermsen/status/278992738450567168"/>
		<document id="278993029367492608" url="https://twitter.com/martinhermsen/status/278993029367492608"/>
		<document id="278993258535858176" url="https://twitter.com/martinhermsen/status/278993258535858176"/>
		<document id="278994000764100610" url="https://twitter.com/martinhermsen/status/278994000764100610"/>
		<document id="278997018528079872" url="https://twitter.com/martinhermsen/status/278997018528079872"/>
		<document id="278997336053665792" url="https://twitter.com/martinhermsen/status/278997336053665792"/>
		<document id="279344875290382336" url="https://twitter.com/martinhermsen/status/279344875290382336"/>
		<document id="279345373238153217" url="https://twitter.com/martinhermsen/status/279345373238153217"/>
		<document id="279347312009031680" url="https://twitter.com/martinhermsen/status/279347312009031680"/>
		<document id="279379598016385026" url="https://twitter.com/martinhermsen/status/279379598016385026"/>
		<document id="279380764745949184" url="https://twitter.com/martinhermsen/status/279380764745949184"/>
		<document id="279381346865000448" url="https://twitter.com/martinhermsen/status/279381346865000448"/>
		<document id="279382013625135105" url="https://twitter.com/martinhermsen/status/279382013625135105"/>
		<document id="279382303237632000" url="https://twitter.com/martinhermsen/status/279382303237632000"/>
		<document id="279382990843416576" url="https://twitter.com/martinhermsen/status/279382990843416576"/>
		<document id="279990386481561600" url="https://twitter.com/martinhermsen/status/279990386481561600"/>
		<document id="279990788178456578" url="https://twitter.com/martinhermsen/status/279990788178456578"/>
		<document id="279991168945758208" url="https://twitter.com/martinhermsen/status/279991168945758208"/>
		<document id="279991466561007616" url="https://twitter.com/martinhermsen/status/279991466561007616"/>
		<document id="279994356088315904" url="https://twitter.com/martinhermsen/status/279994356088315904"/>
		<document id="280244140439126016" url="https://twitter.com/martinhermsen/status/280244140439126016"/>
		<document id="280802875855224832" url="https://twitter.com/martinhermsen/status/280802875855224832"/>
		<document id="280967883092291584" url="https://twitter.com/martinhermsen/status/280967883092291584"/>
		<document id="280968512174956544" url="https://twitter.com/martinhermsen/status/280968512174956544"/>
		<document id="280970747764150272" url="https://twitter.com/martinhermsen/status/280970747764150272"/>
		<document id="280971727125757952" url="https://twitter.com/martinhermsen/status/280971727125757952"/>
		<document id="281347892168519680" url="https://twitter.com/martinhermsen/status/281347892168519680"/>
		<document id="281546622792523777" url="https://twitter.com/martinhermsen/status/281546622792523777"/>
		<document id="281547193637302273" url="https://twitter.com/martinhermsen/status/281547193637302273"/>
		<document id="281547698224640000" url="https://twitter.com/martinhermsen/status/281547698224640000"/>
		<document id="281549425493565440" url="https://twitter.com/martinhermsen/status/281549425493565440"/>
		<document id="281552122095497216" url="https://twitter.com/martinhermsen/status/281552122095497216"/>
		<document id="281552263615504384" url="https://twitter.com/martinhermsen/status/281552263615504384"/>
		<document id="281553330671587329" url="https://twitter.com/martinhermsen/status/281553330671587329"/>
		<document id="281554372738048001" url="https://twitter.com/martinhermsen/status/281554372738048001"/>
		<document id="282201808162664449" url="https://twitter.com/martinhermsen/status/282201808162664449"/>
		<document id="282204540114173952" url="https://twitter.com/martinhermsen/status/282204540114173952"/>
		<document id="282217283126972416" url="https://twitter.com/martinhermsen/status/282217283126972416"/>
		<document id="284277298285400064" url="https://twitter.com/martinhermsen/status/284277298285400064"/>
		<document id="290789195633532929" url="https://twitter.com/martinhermsen/status/290789195633532929"/>
		<document id="292299262824427520" url="https://twitter.com/martinhermsen/status/292299262824427520"/>
		<document id="292299698444828672" url="https://twitter.com/martinhermsen/status/292299698444828672"/>
		<document id="292300684014006272" url="https://twitter.com/martinhermsen/status/292300684014006272"/>
		<document id="293508522434494465" url="https://twitter.com/martinhermsen/status/293508522434494465"/>
		<document id="293509513821175808" url="https://twitter.com/martinhermsen/status/293509513821175808"/>
		<document id="293509619307929600" url="https://twitter.com/martinhermsen/status/293509619307929600"/>
		<document id="293510075144871936" url="https://twitter.com/martinhermsen/status/293510075144871936"/>
		<document id="293511067420733440" url="https://twitter.com/martinhermsen/status/293511067420733440"/>
		<document id="293511287823020032" url="https://twitter.com/martinhermsen/status/293511287823020032"/>
		<document id="294093226812530688" url="https://twitter.com/martinhermsen/status/294093226812530688"/>
		<document id="294505926331863040" url="https://twitter.com/martinhermsen/status/294505926331863040"/>
		<document id="306141092678615041" url="https://twitter.com/martinhermsen/status/306141092678615041"/>
		<document id="306142232002572288" url="https://twitter.com/martinhermsen/status/306142232002572288"/>
		<document id="306142377536528384" url="https://twitter.com/martinhermsen/status/306142377536528384"/>
		<document id="306142471732228097" url="https://twitter.com/martinhermsen/status/306142471732228097"/>
		<document id="307586373827850240" url="https://twitter.com/martinhermsen/status/307586373827850240"/>
		<document id="322088558850605056" url="https://twitter.com/martinhermsen/status/322088558850605056"/>
		<document id="322088697665310720" url="https://twitter.com/martinhermsen/status/322088697665310720"/>
		<document id="322090277311492096" url="https://twitter.com/martinhermsen/status/322090277311492096"/>
		<document id="323521871238791168" url="https://twitter.com/martinhermsen/status/323521871238791168"/>
		<document id="324593640762658816" url="https://twitter.com/martinhermsen/status/324593640762658816"/>
		<document id="324842206890442752" url="https://twitter.com/martinhermsen/status/324842206890442752"/>
		<document id="325697771799719936" url="https://twitter.com/martinhermsen/status/325697771799719936"/>
		<document id="335844976699244544" url="https://twitter.com/martinhermsen/status/335844976699244544"/>
		<document id="335846227621060611" url="https://twitter.com/martinhermsen/status/335846227621060611"/>
		<document id="335846664076161024" url="https://twitter.com/martinhermsen/status/335846664076161024"/>
		<document id="335846906116845569" url="https://twitter.com/martinhermsen/status/335846906116845569"/>
		<document id="335847841169829889" url="https://twitter.com/martinhermsen/status/335847841169829889"/>
		<document id="335848642462244866" url="https://twitter.com/martinhermsen/status/335848642462244866"/>
		<document id="335849754137346048" url="https://twitter.com/martinhermsen/status/335849754137346048"/>
		<document id="335850454699352064" url="https://twitter.com/martinhermsen/status/335850454699352064"/>
		<document id="335851183858135041" url="https://twitter.com/martinhermsen/status/335851183858135041"/>
		<document id="335851801272270848" url="https://twitter.com/martinhermsen/status/335851801272270848"/>
		<document id="335852525993472003" url="https://twitter.com/martinhermsen/status/335852525993472003"/>
		<document id="335853489236365312" url="https://twitter.com/martinhermsen/status/335853489236365312"/>
		<document id="335854706335293440" url="https://twitter.com/martinhermsen/status/335854706335293440"/>
		<document id="335855183991025664" url="https://twitter.com/martinhermsen/status/335855183991025664"/>
		<document id="335856509047144450" url="https://twitter.com/martinhermsen/status/335856509047144450"/>
		<document id="335857275375849472" url="https://twitter.com/martinhermsen/status/335857275375849472"/>
		<document id="335858077435850752" url="https://twitter.com/martinhermsen/status/335858077435850752"/>
		<document id="335858457066471424" url="https://twitter.com/martinhermsen/status/335858457066471424"/>
		<document id="335859282958483456" url="https://twitter.com/martinhermsen/status/335859282958483456"/>
		<document id="347814741504315392" url="https://twitter.com/martinhermsen/status/347814741504315392"/>
		<document id="348172118107766784" url="https://twitter.com/martinhermsen/status/348172118107766784"/>
		<document id="350378112191692800" url="https://twitter.com/martinhermsen/status/350378112191692800"/>
		<document id="350379240086188033" url="https://twitter.com/martinhermsen/status/350379240086188033"/>
		<document id="350380691139198977" url="https://twitter.com/martinhermsen/status/350380691139198977"/>
		<document id="350380892939763714" url="https://twitter.com/martinhermsen/status/350380892939763714"/>
		<document id="350381135202746368" url="https://twitter.com/martinhermsen/status/350381135202746368"/>
		<document id="350382887725580292" url="https://twitter.com/martinhermsen/status/350382887725580292"/>
		<document id="350383812963864576" url="https://twitter.com/martinhermsen/status/350383812963864576"/>
		<document id="350384123778580481" url="https://twitter.com/martinhermsen/status/350384123778580481"/>
		<document id="354720009857155074" url="https://twitter.com/martinhermsen/status/354720009857155074"/>
		<document id="354728127555055618" url="https://twitter.com/martinhermsen/status/354728127555055618"/>
		<document id="355089828267823104" url="https://twitter.com/martinhermsen/status/355089828267823104"/>
		<document id="355482799882506240" url="https://twitter.com/martinhermsen/status/355482799882506240"/>
		<document id="355483208189607939" url="https://twitter.com/martinhermsen/status/355483208189607939"/>
		<document id="355486922560380928" url="https://twitter.com/martinhermsen/status/355486922560380928"/>
		<document id="355487405165387776" url="https://twitter.com/martinhermsen/status/355487405165387776"/>
		<document id="357253089373335552" url="https://twitter.com/martinhermsen/status/357253089373335552"/>
		<document id="357253684960309248" url="https://twitter.com/martinhermsen/status/357253684960309248"/>
		<document id="357255317194682368" url="https://twitter.com/martinhermsen/status/357255317194682368"/>
		<document id="357256969649799169" url="https://twitter.com/martinhermsen/status/357256969649799169"/>
		<document id="357257264710680578" url="https://twitter.com/martinhermsen/status/357257264710680578"/>
		<document id="357257431123902464" url="https://twitter.com/martinhermsen/status/357257431123902464"/>
		<document id="357258406790299648" url="https://twitter.com/martinhermsen/status/357258406790299648"/>
		<document id="357259172858970112" url="https://twitter.com/martinhermsen/status/357259172858970112"/>
		<document id="357999528034582528" url="https://twitter.com/martinhermsen/status/357999528034582528"/>
		<document id="358000284120784896" url="https://twitter.com/martinhermsen/status/358000284120784896"/>
		<document id="358001392352374785" url="https://twitter.com/martinhermsen/status/358001392352374785"/>
		<document id="358001833937076229" url="https://twitter.com/martinhermsen/status/358001833937076229"/>
		<document id="359962109376860160" url="https://twitter.com/martinhermsen/status/359962109376860160"/>
		<document id="359962255875506176" url="https://twitter.com/martinhermsen/status/359962255875506176"/>
		<document id="359962322560753665" url="https://twitter.com/martinhermsen/status/359962322560753665"/>
		<document id="360163260479176705" url="https://twitter.com/martinhermsen/status/360163260479176705"/>
		<document id="360511193733009409" url="https://twitter.com/martinhermsen/status/360511193733009409"/>
		<document id="360512503068884992" url="https://twitter.com/martinhermsen/status/360512503068884992"/>
		<document id="360513054074609665" url="https://twitter.com/martinhermsen/status/360513054074609665"/>
		<document id="360513977723273216" url="https://twitter.com/martinhermsen/status/360513977723273216"/>
		<document id="360514326110547969" url="https://twitter.com/martinhermsen/status/360514326110547969"/>
		<document id="360514618914902017" url="https://twitter.com/martinhermsen/status/360514618914902017"/>
		<document id="361394003352104960" url="https://twitter.com/martinhermsen/status/361394003352104960"/>
		<document id="361537270223872000" url="https://twitter.com/martinhermsen/status/361537270223872000"/>
		<document id="363420701753360384" url="https://twitter.com/martinhermsen/status/363420701753360384"/>
		<document id="365234689595809794" url="https://twitter.com/martinhermsen/status/365234689595809794"/>
		<document id="365234978797268994" url="https://twitter.com/martinhermsen/status/365234978797268994"/>
		<document id="365235369446342657" url="https://twitter.com/martinhermsen/status/365235369446342657"/>
		<document id="365235778407772160" url="https://twitter.com/martinhermsen/status/365235778407772160"/>
		<document id="365235957659729920" url="https://twitter.com/martinhermsen/status/365235957659729920"/>
		<document id="365236126635659265" url="https://twitter.com/martinhermsen/status/365236126635659265"/>
		<document id="365238074747269121" url="https://twitter.com/martinhermsen/status/365238074747269121"/>
		<document id="365915469707874304" url="https://twitter.com/martinhermsen/status/365915469707874304"/>
		<document id="365916274255077376" url="https://twitter.com/martinhermsen/status/365916274255077376"/>
		<document id="365917612619743232" url="https://twitter.com/martinhermsen/status/365917612619743232"/>
		<document id="365918007962238979" url="https://twitter.com/martinhermsen/status/365918007962238979"/>
		<document id="365918512239222784" url="https://twitter.com/martinhermsen/status/365918512239222784"/>
		<document id="365918619940556800" url="https://twitter.com/martinhermsen/status/365918619940556800"/>
		<document id="365918798768914433" url="https://twitter.com/martinhermsen/status/365918798768914433"/>
		<document id="365920133631315968" url="https://twitter.com/martinhermsen/status/365920133631315968"/>
		<document id="365922875225538563" url="https://twitter.com/martinhermsen/status/365922875225538563"/>
		<document id="365923258505236481" url="https://twitter.com/martinhermsen/status/365923258505236481"/>
		<document id="365923917128417280" url="https://twitter.com/martinhermsen/status/365923917128417280"/>
		<document id="365924482134708224" url="https://twitter.com/martinhermsen/status/365924482134708224"/>
		<document id="365924764847579137" url="https://twitter.com/martinhermsen/status/365924764847579137"/>
		<document id="367216120014831616" url="https://twitter.com/martinhermsen/status/367216120014831616"/>
		<document id="367303423643090945" url="https://twitter.com/martinhermsen/status/367303423643090945"/>
		<document id="369959850379182081" url="https://twitter.com/martinhermsen/status/369959850379182081"/>
		<document id="370103553898991616" url="https://twitter.com/martinhermsen/status/370103553898991616"/>
		<document id="370310051858108416" url="https://twitter.com/martinhermsen/status/370310051858108416"/>
		<document id="370583711219073024" url="https://twitter.com/martinhermsen/status/370583711219073024"/>
		<document id="372452728082935808" url="https://twitter.com/martinhermsen/status/372452728082935808"/>
		<document id="376113986233991168" url="https://twitter.com/martinhermsen/status/376113986233991168"/>
		<document id="376117662067466240" url="https://twitter.com/martinhermsen/status/376117662067466240"/>
		<document id="377563561780064256" url="https://twitter.com/martinhermsen/status/377563561780064256"/>
		<document id="377564072679862272" url="https://twitter.com/martinhermsen/status/377564072679862272"/>
		<document id="377564212782178304" url="https://twitter.com/martinhermsen/status/377564212782178304"/>
		<document id="377564697207508992" url="https://twitter.com/martinhermsen/status/377564697207508992"/>
		<document id="377564822948556800" url="https://twitter.com/martinhermsen/status/377564822948556800"/>
		<document id="377668994482077696" url="https://twitter.com/martinhermsen/status/377668994482077696"/>
		<document id="377669232571740161" url="https://twitter.com/martinhermsen/status/377669232571740161"/>
		<document id="379741156877164544" url="https://twitter.com/martinhermsen/status/379741156877164544"/>
		<document id="381121111012167680" url="https://twitter.com/martinhermsen/status/381121111012167680"/>
		<document id="381121784139243521" url="https://twitter.com/martinhermsen/status/381121784139243521"/>
		<document id="381128643277492224" url="https://twitter.com/martinhermsen/status/381128643277492224"/>
		<document id="381560836550299648" url="https://twitter.com/martinhermsen/status/381560836550299648"/>
		<document id="381561592774942720" url="https://twitter.com/martinhermsen/status/381561592774942720"/>
		<document id="381561829027495937" url="https://twitter.com/martinhermsen/status/381561829027495937"/>
		<document id="381563462222368768" url="https://twitter.com/martinhermsen/status/381563462222368768"/>
		<document id="388572913932046336" url="https://twitter.com/martinhermsen/status/388572913932046336"/>
		<document id="390052189139652608" url="https://twitter.com/martinhermsen/status/390052189139652608"/>
		<document id="396310092791820290" url="https://twitter.com/martinhermsen/status/396310092791820290"/>
		<document id="396395417077690368" url="https://twitter.com/martinhermsen/status/396395417077690368"/>
		<document id="396396021875736576" url="https://twitter.com/martinhermsen/status/396396021875736576"/>
		<document id="396397283144900608" url="https://twitter.com/martinhermsen/status/396397283144900608"/>
		<document id="396397610552270848" url="https://twitter.com/martinhermsen/status/396397610552270848"/>
		<document id="396399270850756608" url="https://twitter.com/martinhermsen/status/396399270850756608"/>
		<document id="396947868793053185" url="https://twitter.com/martinhermsen/status/396947868793053185"/>
		<document id="397358575019757569" url="https://twitter.com/martinhermsen/status/397358575019757569"/>
		<document id="397358765944872960" url="https://twitter.com/martinhermsen/status/397358765944872960"/>
		<document id="398577591910932480" url="https://twitter.com/martinhermsen/status/398577591910932480"/>
		<document id="399824329703059456" url="https://twitter.com/martinhermsen/status/399824329703059456"/>
		<document id="400676253029896192" url="https://twitter.com/martinhermsen/status/400676253029896192"/>
		<document id="400676926177943552" url="https://twitter.com/martinhermsen/status/400676926177943552"/>
		<document id="400677087260209152" url="https://twitter.com/martinhermsen/status/400677087260209152"/>
		<document id="400677549304721408" url="https://twitter.com/martinhermsen/status/400677549304721408"/>
		<document id="400677831505899520" url="https://twitter.com/martinhermsen/status/400677831505899520"/>
		<document id="401043651213938688" url="https://twitter.com/martinhermsen/status/401043651213938688"/>
		<document id="401054957216219137" url="https://twitter.com/martinhermsen/status/401054957216219137"/>
		<document id="401127079506620417" url="https://twitter.com/martinhermsen/status/401127079506620417"/>
		<document id="401457317964947456" url="https://twitter.com/martinhermsen/status/401457317964947456"/>
		<document id="401460696527175680" url="https://twitter.com/martinhermsen/status/401460696527175680"/>
		<document id="401474884121161728" url="https://twitter.com/martinhermsen/status/401474884121161728"/>
		<document id="401800251675525120" url="https://twitter.com/martinhermsen/status/401800251675525120"/>
		<document id="402842080302870528" url="https://twitter.com/martinhermsen/status/402842080302870528"/>
		<document id="402851792243159040" url="https://twitter.com/martinhermsen/status/402851792243159040"/>
		<document id="403805948982358016" url="https://twitter.com/martinhermsen/status/403805948982358016"/>
		<document id="406378262924124160" url="https://twitter.com/martinhermsen/status/406378262924124160"/>
		<document id="406380358352273409" url="https://twitter.com/martinhermsen/status/406380358352273409"/>
		<document id="406597700940226560" url="https://twitter.com/martinhermsen/status/406597700940226560"/>
		<document id="406598181548724224" url="https://twitter.com/martinhermsen/status/406598181548724224"/>
		<document id="406598663709138944" url="https://twitter.com/martinhermsen/status/406598663709138944"/>
		<document id="406864917892169728" url="https://twitter.com/martinhermsen/status/406864917892169728"/>
		<document id="406873664542769152" url="https://twitter.com/martinhermsen/status/406873664542769152"/>
		<document id="406874142064279552" url="https://twitter.com/martinhermsen/status/406874142064279552"/>
		<document id="407089220051009537" url="https://twitter.com/martinhermsen/status/407089220051009537"/>
		<document id="407649403059466240" url="https://twitter.com/martinhermsen/status/407649403059466240"/>
		<document id="407970394399072257" url="https://twitter.com/martinhermsen/status/407970394399072257"/>
		<document id="408509062700363776" url="https://twitter.com/martinhermsen/status/408509062700363776"/>
		<document id="409041377150775296" url="https://twitter.com/martinhermsen/status/409041377150775296"/>
		<document id="409041842538561536" url="https://twitter.com/martinhermsen/status/409041842538561536"/>
		<document id="409046368922398720" url="https://twitter.com/martinhermsen/status/409046368922398720"/>
		<document id="409082769063829504" url="https://twitter.com/martinhermsen/status/409082769063829504"/>
		<document id="409082772444045312" url="https://twitter.com/martinhermsen/status/409082772444045312"/>
		<document id="409087456517300225" url="https://twitter.com/martinhermsen/status/409087456517300225"/>
		<document id="409088474109980672" url="https://twitter.com/martinhermsen/status/409088474109980672"/>
		<document id="409088822220435456" url="https://twitter.com/martinhermsen/status/409088822220435456"/>
		<document id="409296916531666944" url="https://twitter.com/martinhermsen/status/409296916531666944"/>
		<document id="409297672190062592" url="https://twitter.com/martinhermsen/status/409297672190062592"/>
		<document id="409298276907614208" url="https://twitter.com/martinhermsen/status/409298276907614208"/>
		<document id="409298683742527489" url="https://twitter.com/martinhermsen/status/409298683742527489"/>
		<document id="409711520952881152" url="https://twitter.com/martinhermsen/status/409711520952881152"/>
		<document id="409711997995851776" url="https://twitter.com/martinhermsen/status/409711997995851776"/>
		<document id="409782502585532416" url="https://twitter.com/martinhermsen/status/409782502585532416"/>
		<document id="410059632930197506" url="https://twitter.com/martinhermsen/status/410059632930197506"/>
		<document id="410158536862089216" url="https://twitter.com/martinhermsen/status/410158536862089216"/>
		<document id="410181740704333824" url="https://twitter.com/martinhermsen/status/410181740704333824"/>
		<document id="411895839909371904" url="https://twitter.com/martinhermsen/status/411895839909371904"/>
		<document id="411895972935905280" url="https://twitter.com/martinhermsen/status/411895972935905280"/>
		<document id="411896115919745024" url="https://twitter.com/martinhermsen/status/411896115919745024"/>
		<document id="412956330052161536" url="https://twitter.com/martinhermsen/status/412956330052161536"/>
		<document id="412956699004530688" url="https://twitter.com/martinhermsen/status/412956699004530688"/>
		<document id="412960856604160000" url="https://twitter.com/martinhermsen/status/412960856604160000"/>
		<document id="412978735412170752" url="https://twitter.com/martinhermsen/status/412978735412170752"/>
		<document id="414084889924087808" url="https://twitter.com/martinhermsen/status/414084889924087808"/>
		<document id="414146342286401536" url="https://twitter.com/martinhermsen/status/414146342286401536"/>
		<document id="414331334945800192" url="https://twitter.com/martinhermsen/status/414331334945800192"/>
		<document id="414464339945730048" url="https://twitter.com/martinhermsen/status/414464339945730048"/>
		<document id="414538903882702848" url="https://twitter.com/martinhermsen/status/414538903882702848"/>
		<document id="414539227658223616" url="https://twitter.com/martinhermsen/status/414539227658223616"/>
		<document id="414558004131135488" url="https://twitter.com/martinhermsen/status/414558004131135488"/>
		<document id="415100644111179776" url="https://twitter.com/martinhermsen/status/415100644111179776"/>
		<document id="415295016324829184" url="https://twitter.com/martinhermsen/status/415295016324829184"/>
		<document id="417309334096588800" url="https://twitter.com/martinhermsen/status/417309334096588800"/>
		<document id="417309411728953344" url="https://twitter.com/martinhermsen/status/417309411728953344"/>
		<document id="417309858246176768" url="https://twitter.com/martinhermsen/status/417309858246176768"/>
		<document id="417310554974593024" url="https://twitter.com/martinhermsen/status/417310554974593024"/>
		<document id="417310900102897665" url="https://twitter.com/martinhermsen/status/417310900102897665"/>
		<document id="417313110157172736" url="https://twitter.com/martinhermsen/status/417313110157172736"/>
		<document id="418503979459690496" url="https://twitter.com/martinhermsen/status/418503979459690496"/>
		<document id="418504476648304642" url="https://twitter.com/martinhermsen/status/418504476648304642"/>
		<document id="418507110654418944" url="https://twitter.com/martinhermsen/status/418507110654418944"/>
		<document id="418868642487754752" url="https://twitter.com/martinhermsen/status/418868642487754752"/>
		<document id="418871593235128321" url="https://twitter.com/martinhermsen/status/418871593235128321"/>
		<document id="418871775418929152" url="https://twitter.com/martinhermsen/status/418871775418929152"/>
		<document id="419253866111434752" url="https://twitter.com/martinhermsen/status/419253866111434752"/>
		<document id="419291493707554816" url="https://twitter.com/martinhermsen/status/419291493707554816"/>
		<document id="419291873703112704" url="https://twitter.com/martinhermsen/status/419291873703112704"/>
		<document id="419292737683615744" url="https://twitter.com/martinhermsen/status/419292737683615744"/>
		<document id="419295765467779072" url="https://twitter.com/martinhermsen/status/419295765467779072"/>
		<document id="419419397594578944" url="https://twitter.com/martinhermsen/status/419419397594578944"/>
		<document id="419419907517075456" url="https://twitter.com/martinhermsen/status/419419907517075456"/>
	</documents>
</author>