<?xml version="1.0" encoding="UTF-8" standalone="no"?><author age_group="xx" gender="xx" lang="EN" type="twitter" url="https://twitter.com/AdweekMelissa">
	<documents count="826">
		<document id="202561246774558720" url="https://twitter.com/AdweekMelissa/status/202561246774558720"/>
		<document id="202563481046749184" url="https://twitter.com/AdweekMelissa/status/202563481046749184"/>
		<document id="202567462410133506" url="https://twitter.com/AdweekMelissa/status/202567462410133506"/>
		<document id="202570291594002433" url="https://twitter.com/AdweekMelissa/status/202570291594002433"/>
		<document id="202761616058626048" url="https://twitter.com/AdweekMelissa/status/202761616058626048"/>
		<document id="202771052567330818" url="https://twitter.com/AdweekMelissa/status/202771052567330818"/>
		<document id="202779910765412353" url="https://twitter.com/AdweekMelissa/status/202779910765412353"/>
		<document id="202797131277410304" url="https://twitter.com/AdweekMelissa/status/202797131277410304"/>
		<document id="202802798197354499" url="https://twitter.com/AdweekMelissa/status/202802798197354499"/>
		<document id="202804148784218113" url="https://twitter.com/AdweekMelissa/status/202804148784218113"/>
		<document id="202804875367677952" url="https://twitter.com/AdweekMelissa/status/202804875367677952"/>
		<document id="202813783599616000" url="https://twitter.com/AdweekMelissa/status/202813783599616000"/>
		<document id="202841357654564866" url="https://twitter.com/AdweekMelissa/status/202841357654564866"/>
		<document id="202867049817579520" url="https://twitter.com/AdweekMelissa/status/202867049817579520"/>
		<document id="203003675105443841" url="https://twitter.com/AdweekMelissa/status/203003675105443841"/>
		<document id="203030109047894016" url="https://twitter.com/AdweekMelissa/status/203030109047894016"/>
		<document id="203073649769594880" url="https://twitter.com/AdweekMelissa/status/203073649769594880"/>
		<document id="203121173830189056" url="https://twitter.com/AdweekMelissa/status/203121173830189056"/>
		<document id="203149209497645059" url="https://twitter.com/AdweekMelissa/status/203149209497645059"/>
		<document id="203151942841663489" url="https://twitter.com/AdweekMelissa/status/203151942841663489"/>
		<document id="203152586713468928" url="https://twitter.com/AdweekMelissa/status/203152586713468928"/>
		<document id="203154422891679744" url="https://twitter.com/AdweekMelissa/status/203154422891679744"/>
		<document id="203155988050755584" url="https://twitter.com/AdweekMelissa/status/203155988050755584"/>
		<document id="203162029052272640" url="https://twitter.com/AdweekMelissa/status/203162029052272640"/>
		<document id="203163038323458049" url="https://twitter.com/AdweekMelissa/status/203163038323458049"/>
		<document id="203167255712907264" url="https://twitter.com/AdweekMelissa/status/203167255712907264"/>
		<document id="203172609435766786" url="https://twitter.com/AdweekMelissa/status/203172609435766786"/>
		<document id="203174768491499520" url="https://twitter.com/AdweekMelissa/status/203174768491499520"/>
		<document id="203175909128282114" url="https://twitter.com/AdweekMelissa/status/203175909128282114"/>
		<document id="203181041379319809" url="https://twitter.com/AdweekMelissa/status/203181041379319809"/>
		<document id="203182055889174529" url="https://twitter.com/AdweekMelissa/status/203182055889174529"/>
		<document id="203193286205255680" url="https://twitter.com/AdweekMelissa/status/203193286205255680"/>
		<document id="203198767657267200" url="https://twitter.com/AdweekMelissa/status/203198767657267200"/>
		<document id="203227175103627265" url="https://twitter.com/AdweekMelissa/status/203227175103627265"/>
		<document id="203235484137308160" url="https://twitter.com/AdweekMelissa/status/203235484137308160"/>
		<document id="203279239141797889" url="https://twitter.com/AdweekMelissa/status/203279239141797889"/>
		<document id="203304909087576064" url="https://twitter.com/AdweekMelissa/status/203304909087576064"/>
		<document id="203381680600383488" url="https://twitter.com/AdweekMelissa/status/203381680600383488"/>
		<document id="203441584119873538" url="https://twitter.com/AdweekMelissa/status/203441584119873538"/>
		<document id="203467992770674688" url="https://twitter.com/AdweekMelissa/status/203467992770674688"/>
		<document id="203484973091663872" url="https://twitter.com/AdweekMelissa/status/203484973091663872"/>
		<document id="203500418389651456" url="https://twitter.com/AdweekMelissa/status/203500418389651456"/>
		<document id="203501270839996417" url="https://twitter.com/AdweekMelissa/status/203501270839996417"/>
		<document id="203506595789946881" url="https://twitter.com/AdweekMelissa/status/203506595789946881"/>
		<document id="203508396601782272" url="https://twitter.com/AdweekMelissa/status/203508396601782272"/>
		<document id="203511075478577152" url="https://twitter.com/AdweekMelissa/status/203511075478577152"/>
		<document id="203511592569143296" url="https://twitter.com/AdweekMelissa/status/203511592569143296"/>
		<document id="203516870886821888" url="https://twitter.com/AdweekMelissa/status/203516870886821888"/>
		<document id="203535005408964608" url="https://twitter.com/AdweekMelissa/status/203535005408964608"/>
		<document id="203542238867890176" url="https://twitter.com/AdweekMelissa/status/203542238867890176"/>
		<document id="203544397944602624" url="https://twitter.com/AdweekMelissa/status/203544397944602624"/>
		<document id="203545264785604608" url="https://twitter.com/AdweekMelissa/status/203545264785604608"/>
		<document id="203549705647570946" url="https://twitter.com/AdweekMelissa/status/203549705647570946"/>
		<document id="203557927427129345" url="https://twitter.com/AdweekMelissa/status/203557927427129345"/>
		<document id="203560370638557184" url="https://twitter.com/AdweekMelissa/status/203560370638557184"/>
		<document id="203565725951066113" url="https://twitter.com/AdweekMelissa/status/203565725951066113"/>
		<document id="203567809563869184" url="https://twitter.com/AdweekMelissa/status/203567809563869184"/>
		<document id="203575802237960192" url="https://twitter.com/AdweekMelissa/status/203575802237960192"/>
		<document id="203593570756730880" url="https://twitter.com/AdweekMelissa/status/203593570756730880"/>
		<document id="203611232647917568" url="https://twitter.com/AdweekMelissa/status/203611232647917568"/>
		<document id="203641628156637184" url="https://twitter.com/AdweekMelissa/status/203641628156637184"/>
		<document id="203667306570711042" url="https://twitter.com/AdweekMelissa/status/203667306570711042"/>
		<document id="203744063558660096" url="https://twitter.com/AdweekMelissa/status/203744063558660096"/>
		<document id="203803965505290240" url="https://twitter.com/AdweekMelissa/status/203803965505290240"/>
		<document id="203842497825349634" url="https://twitter.com/AdweekMelissa/status/203842497825349634"/>
		<document id="204389834331144192" url="https://twitter.com/AdweekMelissa/status/204389834331144192"/>
		<document id="204590213551497218" url="https://twitter.com/AdweekMelissa/status/204590213551497218"/>
		<document id="204595080961589248" url="https://twitter.com/AdweekMelissa/status/204595080961589248"/>
		<document id="204598868715896834" url="https://twitter.com/AdweekMelissa/status/204598868715896834"/>
		<document id="204611960891899905" url="https://twitter.com/AdweekMelissa/status/204611960891899905"/>
		<document id="204619965754654720" url="https://twitter.com/AdweekMelissa/status/204619965754654720"/>
		<document id="204634363462291456" url="https://twitter.com/AdweekMelissa/status/204634363462291456"/>
		<document id="204642351250014208" url="https://twitter.com/AdweekMelissa/status/204642351250014208"/>
		<document id="204649822626648066" url="https://twitter.com/AdweekMelissa/status/204649822626648066"/>
		<document id="204676767108173824" url="https://twitter.com/AdweekMelissa/status/204676767108173824"/>
		<document id="204728822355079168" url="https://twitter.com/AdweekMelissa/status/204728822355079168"/>
		<document id="204777537472180224" url="https://twitter.com/AdweekMelissa/status/204777537472180224"/>
		<document id="204777816124948482" url="https://twitter.com/AdweekMelissa/status/204777816124948482"/>
		<document id="204784929828114435" url="https://twitter.com/AdweekMelissa/status/204784929828114435"/>
		<document id="204964036486512640" url="https://twitter.com/AdweekMelissa/status/204964036486512640"/>
		<document id="204988286933012480" url="https://twitter.com/AdweekMelissa/status/204988286933012480"/>
		<document id="204988715611860992" url="https://twitter.com/AdweekMelissa/status/204988715611860992"/>
		<document id="204990722389196801" url="https://twitter.com/AdweekMelissa/status/204990722389196801"/>
		<document id="204995035723341825" url="https://twitter.com/AdweekMelissa/status/204995035723341825"/>
		<document id="204996458930388992" url="https://twitter.com/AdweekMelissa/status/204996458930388992"/>
		<document id="205006854953246722" url="https://twitter.com/AdweekMelissa/status/205006854953246722"/>
		<document id="205010702245707777" url="https://twitter.com/AdweekMelissa/status/205010702245707777"/>
		<document id="205011782920699904" url="https://twitter.com/AdweekMelissa/status/205011782920699904"/>
		<document id="205012893899567105" url="https://twitter.com/AdweekMelissa/status/205012893899567105"/>
		<document id="205023036208979969" url="https://twitter.com/AdweekMelissa/status/205023036208979969"/>
		<document id="205039105711685632" url="https://twitter.com/AdweekMelissa/status/205039105711685632"/>
		<document id="205044420503023616" url="https://twitter.com/AdweekMelissa/status/205044420503023616"/>
		<document id="205044621951238147" url="https://twitter.com/AdweekMelissa/status/205044621951238147"/>
		<document id="205045101184024577" url="https://twitter.com/AdweekMelissa/status/205045101184024577"/>
		<document id="205045353374945283" url="https://twitter.com/AdweekMelissa/status/205045353374945283"/>
		<document id="205058823818461184" url="https://twitter.com/AdweekMelissa/status/205058823818461184"/>
		<document id="205091182798319617" url="https://twitter.com/AdweekMelissa/status/205091182798319617"/>
		<document id="205116856615440386" url="https://twitter.com/AdweekMelissa/status/205116856615440386"/>
		<document id="205147300392222720" url="https://twitter.com/AdweekMelissa/status/205147300392222720"/>
		<document id="205295082574856192" url="https://twitter.com/AdweekMelissa/status/205295082574856192"/>
		<document id="205299142195552258" url="https://twitter.com/AdweekMelissa/status/205299142195552258"/>
		<document id="205309112207151106" url="https://twitter.com/AdweekMelissa/status/205309112207151106"/>
		<document id="205323519440072705" url="https://twitter.com/AdweekMelissa/status/205323519440072705"/>
		<document id="205328961851506688" url="https://twitter.com/AdweekMelissa/status/205328961851506688"/>
		<document id="205340518853521408" url="https://twitter.com/AdweekMelissa/status/205340518853521408"/>
		<document id="205343506636615680" url="https://twitter.com/AdweekMelissa/status/205343506636615680"/>
		<document id="205361775305166848" url="https://twitter.com/AdweekMelissa/status/205361775305166848"/>
		<document id="205373089515700225" url="https://twitter.com/AdweekMelissa/status/205373089515700225"/>
		<document id="205401492461600769" url="https://twitter.com/AdweekMelissa/status/205401492461600769"/>
		<document id="205446369966690306" url="https://twitter.com/AdweekMelissa/status/205446369966690306"/>
		<document id="205453572148695042" url="https://twitter.com/AdweekMelissa/status/205453572148695042"/>
		<document id="205472591920627712" url="https://twitter.com/AdweekMelissa/status/205472591920627712"/>
		<document id="205479239506599936" url="https://twitter.com/AdweekMelissa/status/205479239506599936"/>
		<document id="205509687490256897" url="https://twitter.com/AdweekMelissa/status/205509687490256897"/>
		<document id="205556000814661633" url="https://twitter.com/AdweekMelissa/status/205556000814661633"/>
		<document id="205615901842747394" url="https://twitter.com/AdweekMelissa/status/205615901842747394"/>
		<document id="205642313433755648" url="https://twitter.com/AdweekMelissa/status/205642313433755648"/>
		<document id="205646793827037186" url="https://twitter.com/AdweekMelissa/status/205646793827037186"/>
		<document id="205656995049635841" url="https://twitter.com/AdweekMelissa/status/205656995049635841"/>
		<document id="205672827788079105" url="https://twitter.com/AdweekMelissa/status/205672827788079105"/>
		<document id="205674797156409344" url="https://twitter.com/AdweekMelissa/status/205674797156409344"/>
		<document id="205681119461507072" url="https://twitter.com/AdweekMelissa/status/205681119461507072"/>
		<document id="205685870811033600" url="https://twitter.com/AdweekMelissa/status/205685870811033600"/>
		<document id="205692729844432898" url="https://twitter.com/AdweekMelissa/status/205692729844432898"/>
		<document id="205733092642660352" url="https://twitter.com/AdweekMelissa/status/205733092642660352"/>
		<document id="205735466467733504" url="https://twitter.com/AdweekMelissa/status/205735466467733504"/>
		<document id="205753644514152448" url="https://twitter.com/AdweekMelissa/status/205753644514152448"/>
		<document id="205754039873437697" url="https://twitter.com/AdweekMelissa/status/205754039873437697"/>
		<document id="205758682804404225" url="https://twitter.com/AdweekMelissa/status/205758682804404225"/>
		<document id="205759931746484224" url="https://twitter.com/AdweekMelissa/status/205759931746484224"/>
		<document id="205763882189467648" url="https://twitter.com/AdweekMelissa/status/205763882189467648"/>
		<document id="205778420091731969" url="https://twitter.com/AdweekMelissa/status/205778420091731969"/>
		<document id="205808637690650625" url="https://twitter.com/AdweekMelissa/status/205808637690650625"/>
		<document id="205815956495282176" url="https://twitter.com/AdweekMelissa/status/205815956495282176"/>
		<document id="205841628273983488" url="https://twitter.com/AdweekMelissa/status/205841628273983488"/>
		<document id="205872075095818240" url="https://twitter.com/AdweekMelissa/status/205872075095818240"/>
		<document id="205918387547815936" url="https://twitter.com/AdweekMelissa/status/205918387547815936"/>
		<document id="205978289523798016" url="https://twitter.com/AdweekMelissa/status/205978289523798016"/>
		<document id="206004703799164928" url="https://twitter.com/AdweekMelissa/status/206004703799164928"/>
		<document id="206011657229574145" url="https://twitter.com/AdweekMelissa/status/206011657229574145"/>
		<document id="206048257086980097" url="https://twitter.com/AdweekMelissa/status/206048257086980097"/>
		<document id="206059966291918851" url="https://twitter.com/AdweekMelissa/status/206059966291918851"/>
		<document id="206061881822167041" url="https://twitter.com/AdweekMelissa/status/206061881822167041"/>
		<document id="206078964211515392" url="https://twitter.com/AdweekMelissa/status/206078964211515392"/>
		<document id="206079303799144448" url="https://twitter.com/AdweekMelissa/status/206079303799144448"/>
		<document id="206084555302645761" url="https://twitter.com/AdweekMelissa/status/206084555302645761"/>
		<document id="207180156513689601" url="https://twitter.com/AdweekMelissa/status/207180156513689601"/>
		<document id="207496629014630400" url="https://twitter.com/AdweekMelissa/status/207496629014630400"/>
		<document id="207507630380433408" url="https://twitter.com/AdweekMelissa/status/207507630380433408"/>
		<document id="207509442969878530" url="https://twitter.com/AdweekMelissa/status/207509442969878530"/>
		<document id="207547420358356993" url="https://twitter.com/AdweekMelissa/status/207547420358356993"/>
		<document id="207566244688302080" url="https://twitter.com/AdweekMelissa/status/207566244688302080"/>
		<document id="207569839890497536" url="https://twitter.com/AdweekMelissa/status/207569839890497536"/>
		<document id="207575814580080641" url="https://twitter.com/AdweekMelissa/status/207575814580080641"/>
		<document id="207576547132055553" url="https://twitter.com/AdweekMelissa/status/207576547132055553"/>
		<document id="207627896091721728" url="https://twitter.com/AdweekMelissa/status/207627896091721728"/>
		<document id="207653562828857344" url="https://twitter.com/AdweekMelissa/status/207653562828857344"/>
		<document id="207684012985171968" url="https://twitter.com/AdweekMelissa/status/207684012985171968"/>
		<document id="207730327450435584" url="https://twitter.com/AdweekMelissa/status/207730327450435584"/>
		<document id="207790263748411392" url="https://twitter.com/AdweekMelissa/status/207790263748411392"/>
		<document id="207873836392251392" url="https://twitter.com/AdweekMelissa/status/207873836392251392"/>
		<document id="207901010113466368" url="https://twitter.com/AdweekMelissa/status/207901010113466368"/>
		<document id="207918978276921344" url="https://twitter.com/AdweekMelissa/status/207918978276921344"/>
		<document id="208193348186546176" url="https://twitter.com/AdweekMelissa/status/208193348186546176"/>
		<document id="208214493992464384" url="https://twitter.com/AdweekMelissa/status/208214493992464384"/>
		<document id="208231100311547905" url="https://twitter.com/AdweekMelissa/status/208231100311547905"/>
		<document id="208251196912312323" url="https://twitter.com/AdweekMelissa/status/208251196912312323"/>
		<document id="208255401668521985" url="https://twitter.com/AdweekMelissa/status/208255401668521985"/>
		<document id="208272186736263168" url="https://twitter.com/AdweekMelissa/status/208272186736263168"/>
		<document id="208284015860518912" url="https://twitter.com/AdweekMelissa/status/208284015860518912"/>
		<document id="208284295440252928" url="https://twitter.com/AdweekMelissa/status/208284295440252928"/>
		<document id="208295620417568768" url="https://twitter.com/AdweekMelissa/status/208295620417568768"/>
		<document id="208297358126100481" url="https://twitter.com/AdweekMelissa/status/208297358126100481"/>
		<document id="208322013746577408" url="https://twitter.com/AdweekMelissa/status/208322013746577408"/>
		<document id="208352672485617664" url="https://twitter.com/AdweekMelissa/status/208352672485617664"/>
		<document id="208378342028754945" url="https://twitter.com/AdweekMelissa/status/208378342028754945"/>
		<document id="208408793393016832" url="https://twitter.com/AdweekMelissa/status/208408793393016832"/>
		<document id="208556701325082624" url="https://twitter.com/AdweekMelissa/status/208556701325082624"/>
		<document id="208564770494889985" url="https://twitter.com/AdweekMelissa/status/208564770494889985"/>
		<document id="208583072877264897" url="https://twitter.com/AdweekMelissa/status/208583072877264897"/>
		<document id="208585979475402753" url="https://twitter.com/AdweekMelissa/status/208585979475402753"/>
		<document id="208603593866084352" url="https://twitter.com/AdweekMelissa/status/208603593866084352"/>
		<document id="208627559401918465" url="https://twitter.com/AdweekMelissa/status/208627559401918465"/>
		<document id="208632105142464512" url="https://twitter.com/AdweekMelissa/status/208632105142464512"/>
		<document id="208644073387589634" url="https://twitter.com/AdweekMelissa/status/208644073387589634"/>
		<document id="208667587595350017" url="https://twitter.com/AdweekMelissa/status/208667587595350017"/>
		<document id="209643423295217665" url="https://twitter.com/AdweekMelissa/status/209643423295217665"/>
		<document id="209666669633740800" url="https://twitter.com/AdweekMelissa/status/209666669633740800"/>
		<document id="209671155886456834" url="https://twitter.com/AdweekMelissa/status/209671155886456834"/>
		<document id="209685466830741504" url="https://twitter.com/AdweekMelissa/status/209685466830741504"/>
		<document id="209689991318732801" url="https://twitter.com/AdweekMelissa/status/209689991318732801"/>
		<document id="209702086777126912" url="https://twitter.com/AdweekMelissa/status/209702086777126912"/>
		<document id="209712977526530048" url="https://twitter.com/AdweekMelissa/status/209712977526530048"/>
		<document id="209737525370159104" url="https://twitter.com/AdweekMelissa/status/209737525370159104"/>
		<document id="209970381279334401" url="https://twitter.com/AdweekMelissa/status/209970381279334401"/>
		<document id="209976263950086146" url="https://twitter.com/AdweekMelissa/status/209976263950086146"/>
		<document id="210004530354601986" url="https://twitter.com/AdweekMelissa/status/210004530354601986"/>
		<document id="210068461190250496" url="https://twitter.com/AdweekMelissa/status/210068461190250496"/>
		<document id="210068744284815361" url="https://twitter.com/AdweekMelissa/status/210068744284815361"/>
		<document id="210101496078008320" url="https://twitter.com/AdweekMelissa/status/210101496078008320"/>
		<document id="210116954009251841" url="https://twitter.com/AdweekMelissa/status/210116954009251841"/>
		<document id="210130431486599168" url="https://twitter.com/AdweekMelissa/status/210130431486599168"/>
		<document id="210164610383347712" url="https://twitter.com/AdweekMelissa/status/210164610383347712"/>
		<document id="210190279477702657" url="https://twitter.com/AdweekMelissa/status/210190279477702657"/>
		<document id="210220734100946944" url="https://twitter.com/AdweekMelissa/status/210220734100946944"/>
		<document id="210320106532765696" url="https://twitter.com/AdweekMelissa/status/210320106532765696"/>
		<document id="210376483288526849" url="https://twitter.com/AdweekMelissa/status/210376483288526849"/>
		<document id="210388230292520960" url="https://twitter.com/AdweekMelissa/status/210388230292520960"/>
		<document id="210395821382963200" url="https://twitter.com/AdweekMelissa/status/210395821382963200"/>
		<document id="210397964617777152" url="https://twitter.com/AdweekMelissa/status/210397964617777152"/>
		<document id="210417954251218944" url="https://twitter.com/AdweekMelissa/status/210417954251218944"/>
		<document id="210462354750709760" url="https://twitter.com/AdweekMelissa/status/210462354750709760"/>
		<document id="210467176837165057" url="https://twitter.com/AdweekMelissa/status/210467176837165057"/>
		<document id="210526997200379904" url="https://twitter.com/AdweekMelissa/status/210526997200379904"/>
		<document id="210552674498785280" url="https://twitter.com/AdweekMelissa/status/210552674498785280"/>
		<document id="210583118451707904" url="https://twitter.com/AdweekMelissa/status/210583118451707904"/>
		<document id="210722167996956672" url="https://twitter.com/AdweekMelissa/status/210722167996956672"/>
		<document id="210749968473014272" url="https://twitter.com/AdweekMelissa/status/210749968473014272"/>
		<document id="210761757084483584" url="https://twitter.com/AdweekMelissa/status/210761757084483584"/>
		<document id="210780898646433793" url="https://twitter.com/AdweekMelissa/status/210780898646433793"/>
		<document id="210823511135100932" url="https://twitter.com/AdweekMelissa/status/210823511135100932"/>
		<document id="210848299073286144" url="https://twitter.com/AdweekMelissa/status/210848299073286144"/>
		<document id="211136025647513601" url="https://twitter.com/AdweekMelissa/status/211136025647513601"/>
		<document id="211140408032509955" url="https://twitter.com/AdweekMelissa/status/211140408032509955"/>
		<document id="211149434699001856" url="https://twitter.com/AdweekMelissa/status/211149434699001856"/>
		<document id="211169085457842176" url="https://twitter.com/AdweekMelissa/status/211169085457842176"/>
		<document id="211184881265422336" url="https://twitter.com/AdweekMelissa/status/211184881265422336"/>
		<document id="211411534746890240" url="https://twitter.com/AdweekMelissa/status/211411534746890240"/>
		<document id="212193106630688770" url="https://twitter.com/AdweekMelissa/status/212193106630688770"/>
		<document id="212233275459112961" url="https://twitter.com/AdweekMelissa/status/212233275459112961"/>
		<document id="212238839719280640" url="https://twitter.com/AdweekMelissa/status/212238839719280640"/>
		<document id="212241600292716545" url="https://twitter.com/AdweekMelissa/status/212241600292716545"/>
		<document id="212258501714653184" url="https://twitter.com/AdweekMelissa/status/212258501714653184"/>
		<document id="212274202311528450" url="https://twitter.com/AdweekMelissa/status/212274202311528450"/>
		<document id="212275779827023873" url="https://twitter.com/AdweekMelissa/status/212275779827023873"/>
		<document id="212287582455857152" url="https://twitter.com/AdweekMelissa/status/212287582455857152"/>
		<document id="212304040506310656" url="https://twitter.com/AdweekMelissa/status/212304040506310656"/>
		<document id="212338941351837698" url="https://twitter.com/AdweekMelissa/status/212338941351837698"/>
		<document id="212364609447931904" url="https://twitter.com/AdweekMelissa/status/212364609447931904"/>
		<document id="212395060870914049" url="https://twitter.com/AdweekMelissa/status/212395060870914049"/>
		<document id="212441367165665281" url="https://twitter.com/AdweekMelissa/status/212441367165665281"/>
		<document id="212501269422669824" url="https://twitter.com/AdweekMelissa/status/212501269422669824"/>
		<document id="212556796034957312" url="https://twitter.com/AdweekMelissa/status/212556796034957312"/>
		<document id="212568984841756673" url="https://twitter.com/AdweekMelissa/status/212568984841756673"/>
		<document id="212613276624879616" url="https://twitter.com/AdweekMelissa/status/212613276624879616"/>
		<document id="212615044557570049" url="https://twitter.com/AdweekMelissa/status/212615044557570049"/>
		<document id="212635060963254274" url="https://twitter.com/AdweekMelissa/status/212635060963254274"/>
		<document id="212635539306844163" url="https://twitter.com/AdweekMelissa/status/212635539306844163"/>
		<document id="212638138764496896" url="https://twitter.com/AdweekMelissa/status/212638138764496896"/>
		<document id="212646483424583681" url="https://twitter.com/AdweekMelissa/status/212646483424583681"/>
		<document id="212658156285865984" url="https://twitter.com/AdweekMelissa/status/212658156285865984"/>
		<document id="212665020662812672" url="https://twitter.com/AdweekMelissa/status/212665020662812672"/>
		<document id="212710784269164544" url="https://twitter.com/AdweekMelissa/status/212710784269164544"/>
		<document id="212757475928195072" url="https://twitter.com/AdweekMelissa/status/212757475928195072"/>
		<document id="212872328051298304" url="https://twitter.com/AdweekMelissa/status/212872328051298304"/>
		<document id="212912614253137921" url="https://twitter.com/AdweekMelissa/status/212912614253137921"/>
		<document id="212955277086048257" url="https://twitter.com/AdweekMelissa/status/212955277086048257"/>
		<document id="212979298842316800" url="https://twitter.com/AdweekMelissa/status/212979298842316800"/>
		<document id="212981303363121152" url="https://twitter.com/AdweekMelissa/status/212981303363121152"/>
		<document id="212996260741910528" url="https://twitter.com/AdweekMelissa/status/212996260741910528"/>
		<document id="213270908805185536" url="https://twitter.com/AdweekMelissa/status/213270908805185536"/>
		<document id="213326491856019457" url="https://twitter.com/AdweekMelissa/status/213326491856019457"/>
		<document id="213375599664832512" url="https://twitter.com/AdweekMelissa/status/213375599664832512"/>
		<document id="213382968532672512" url="https://twitter.com/AdweekMelissa/status/213382968532672512"/>
		<document id="213388154605027329" url="https://twitter.com/AdweekMelissa/status/213388154605027329"/>
		<document id="213392395222532097" url="https://twitter.com/AdweekMelissa/status/213392395222532097"/>
		<document id="213631587756146688" url="https://twitter.com/AdweekMelissa/status/213631587756146688"/>
		<document id="213649414722560000" url="https://twitter.com/AdweekMelissa/status/213649414722560000"/>
		<document id="213667720418443264" url="https://twitter.com/AdweekMelissa/status/213667720418443264"/>
		<document id="213668815333109763" url="https://twitter.com/AdweekMelissa/status/213668815333109763"/>
		<document id="213677860882350081" url="https://twitter.com/AdweekMelissa/status/213677860882350081"/>
		<document id="213695583188295680" url="https://twitter.com/AdweekMelissa/status/213695583188295680"/>
		<document id="213742410642100224" url="https://twitter.com/AdweekMelissa/status/213742410642100224"/>
		<document id="213744698978869248" url="https://twitter.com/AdweekMelissa/status/213744698978869248"/>
		<document id="213746697816383489" url="https://twitter.com/AdweekMelissa/status/213746697816383489"/>
		<document id="214714008144584706" url="https://twitter.com/AdweekMelissa/status/214714008144584706"/>
		<document id="214717687769743360" url="https://twitter.com/AdweekMelissa/status/214717687769743360"/>
		<document id="214830341981089792" url="https://twitter.com/AdweekMelissa/status/214830341981089792"/>
		<document id="215115046894845955" url="https://twitter.com/AdweekMelissa/status/215115046894845955"/>
		<document id="215141263089991681" url="https://twitter.com/AdweekMelissa/status/215141263089991681"/>
		<document id="215144607351189504" url="https://twitter.com/AdweekMelissa/status/215144607351189504"/>
		<document id="215471453410295808" url="https://twitter.com/AdweekMelissa/status/215471453410295808"/>
		<document id="215485511475806208" url="https://twitter.com/AdweekMelissa/status/215485511475806208"/>
		<document id="215489323557064704" url="https://twitter.com/AdweekMelissa/status/215489323557064704"/>
		<document id="215508436564193280" url="https://twitter.com/AdweekMelissa/status/215508436564193280"/>
		<document id="215546043616608256" url="https://twitter.com/AdweekMelissa/status/215546043616608256"/>
		<document id="215600433018839041" url="https://twitter.com/AdweekMelissa/status/215600433018839041"/>
		<document id="215626102708768768" url="https://twitter.com/AdweekMelissa/status/215626102708768768"/>
		<document id="215656565783531523" url="https://twitter.com/AdweekMelissa/status/215656565783531523"/>
		<document id="215874535587713026" url="https://twitter.com/AdweekMelissa/status/215874535587713026"/>
		<document id="215875261126811648" url="https://twitter.com/AdweekMelissa/status/215875261126811648"/>
		<document id="215888330091544576" url="https://twitter.com/AdweekMelissa/status/215888330091544576"/>
		<document id="216165836812070912" url="https://twitter.com/AdweekMelissa/status/216165836812070912"/>
		<document id="216166036167335936" url="https://twitter.com/AdweekMelissa/status/216166036167335936"/>
		<document id="216283826924695552" url="https://twitter.com/AdweekMelissa/status/216283826924695552"/>
		<document id="217249075374997504" url="https://twitter.com/AdweekMelissa/status/217249075374997504"/>
		<document id="217288439295516673" url="https://twitter.com/AdweekMelissa/status/217288439295516673"/>
		<document id="217356959165329409" url="https://twitter.com/AdweekMelissa/status/217356959165329409"/>
		<document id="217357591691538432" url="https://twitter.com/AdweekMelissa/status/217357591691538432"/>
		<document id="217363671687495680" url="https://twitter.com/AdweekMelissa/status/217363671687495680"/>
		<document id="217368309379776512" url="https://twitter.com/AdweekMelissa/status/217368309379776512"/>
		<document id="217618207232634880" url="https://twitter.com/AdweekMelissa/status/217618207232634880"/>
		<document id="217717963762057217" url="https://twitter.com/AdweekMelissa/status/217717963762057217"/>
		<document id="219786888486191104" url="https://twitter.com/AdweekMelissa/status/219786888486191104"/>
		<document id="220884578456436736" url="https://twitter.com/AdweekMelissa/status/220884578456436736"/>
		<document id="221256303706771456" url="https://twitter.com/AdweekMelissa/status/221256303706771456"/>
		<document id="222330653180559360" url="https://twitter.com/AdweekMelissa/status/222330653180559360"/>
		<document id="222332883006783488" url="https://twitter.com/AdweekMelissa/status/222332883006783488"/>
		<document id="222335353699307520" url="https://twitter.com/AdweekMelissa/status/222335353699307520"/>
		<document id="222335873247752192" url="https://twitter.com/AdweekMelissa/status/222335873247752192"/>
		<document id="222337583609425920" url="https://twitter.com/AdweekMelissa/status/222337583609425920"/>
		<document id="222341187128922112" url="https://twitter.com/AdweekMelissa/status/222341187128922112"/>
		<document id="222343627278520321" url="https://twitter.com/AdweekMelissa/status/222343627278520321"/>
		<document id="222347708499890177" url="https://twitter.com/AdweekMelissa/status/222347708499890177"/>
		<document id="222348588498423811" url="https://twitter.com/AdweekMelissa/status/222348588498423811"/>
		<document id="222348999401803777" url="https://twitter.com/AdweekMelissa/status/222348999401803777"/>
		<document id="222349258643341314" url="https://twitter.com/AdweekMelissa/status/222349258643341314"/>
		<document id="222352733582266369" url="https://twitter.com/AdweekMelissa/status/222352733582266369"/>
		<document id="222353417467740160" url="https://twitter.com/AdweekMelissa/status/222353417467740160"/>
		<document id="222354049415135233" url="https://twitter.com/AdweekMelissa/status/222354049415135233"/>
		<document id="222366359751897089" url="https://twitter.com/AdweekMelissa/status/222366359751897089"/>
		<document id="222394995490041856" url="https://twitter.com/AdweekMelissa/status/222394995490041856"/>
		<document id="222406649829265408" url="https://twitter.com/AdweekMelissa/status/222406649829265408"/>
		<document id="222701179942088706" url="https://twitter.com/AdweekMelissa/status/222701179942088706"/>
		<document id="222707773371187201" url="https://twitter.com/AdweekMelissa/status/222707773371187201"/>
		<document id="222736183556452354" url="https://twitter.com/AdweekMelissa/status/222736183556452354"/>
		<document id="222819934957346818" url="https://twitter.com/AdweekMelissa/status/222819934957346818"/>
		<document id="222864486636331009" url="https://twitter.com/AdweekMelissa/status/222864486636331009"/>
		<document id="222867303681896449" url="https://twitter.com/AdweekMelissa/status/222867303681896449"/>
		<document id="222996631027593217" url="https://twitter.com/AdweekMelissa/status/222996631027593217"/>
		<document id="222999716147904512" url="https://twitter.com/AdweekMelissa/status/222999716147904512"/>
		<document id="223031719845048320" url="https://twitter.com/AdweekMelissa/status/223031719845048320"/>
		<document id="223092969073422337" url="https://twitter.com/AdweekMelissa/status/223092969073422337"/>
		<document id="223095146974154752" url="https://twitter.com/AdweekMelissa/status/223095146974154752"/>
		<document id="223516003450097664" url="https://twitter.com/AdweekMelissa/status/223516003450097664"/>
		<document id="223522389353447425" url="https://twitter.com/AdweekMelissa/status/223522389353447425"/>
		<document id="223526866710040576" url="https://twitter.com/AdweekMelissa/status/223526866710040576"/>
		<document id="223527902053019648" url="https://twitter.com/AdweekMelissa/status/223527902053019648"/>
		<document id="223534952610930690" url="https://twitter.com/AdweekMelissa/status/223534952610930690"/>
		<document id="223858505340289025" url="https://twitter.com/AdweekMelissa/status/223858505340289025"/>
		<document id="224877638831964160" url="https://twitter.com/AdweekMelissa/status/224877638831964160"/>
		<document id="224898966620352512" url="https://twitter.com/AdweekMelissa/status/224898966620352512"/>
		<document id="225335541514772481" url="https://twitter.com/AdweekMelissa/status/225335541514772481"/>
		<document id="225647902956081152" url="https://twitter.com/AdweekMelissa/status/225647902956081152"/>
		<document id="225680341015334912" url="https://twitter.com/AdweekMelissa/status/225680341015334912"/>
		<document id="225687987466420225" url="https://twitter.com/AdweekMelissa/status/225687987466420225"/>
		<document id="226828525020266497" url="https://twitter.com/AdweekMelissa/status/226828525020266497"/>
		<document id="226839626164346880" url="https://twitter.com/AdweekMelissa/status/226839626164346880"/>
		<document id="227461263255552000" url="https://twitter.com/AdweekMelissa/status/227461263255552000"/>
		<document id="227497727494324225" url="https://twitter.com/AdweekMelissa/status/227497727494324225"/>
		<document id="227858095789973504" url="https://twitter.com/AdweekMelissa/status/227858095789973504"/>
		<document id="228136822990049282" url="https://twitter.com/AdweekMelissa/status/228136822990049282"/>
		<document id="228150556961693696" url="https://twitter.com/AdweekMelissa/status/228150556961693696"/>
		<document id="228157954350776321" url="https://twitter.com/AdweekMelissa/status/228157954350776321"/>
		<document id="228198388519280640" url="https://twitter.com/AdweekMelissa/status/228198388519280640"/>
		<document id="228490664210481154" url="https://twitter.com/AdweekMelissa/status/228490664210481154"/>
		<document id="228538052073639936" url="https://twitter.com/AdweekMelissa/status/228538052073639936"/>
		<document id="228649526611832832" url="https://twitter.com/AdweekMelissa/status/228649526611832832"/>
		<document id="229971813499805697" url="https://twitter.com/AdweekMelissa/status/229971813499805697"/>
		<document id="230298685920137216" url="https://twitter.com/AdweekMelissa/status/230298685920137216"/>
		<document id="230419027334414336" url="https://twitter.com/AdweekMelissa/status/230419027334414336"/>
		<document id="233226867199598594" url="https://twitter.com/AdweekMelissa/status/233226867199598594"/>
		<document id="233649652925362176" url="https://twitter.com/AdweekMelissa/status/233649652925362176"/>
		<document id="235066030374916096" url="https://twitter.com/AdweekMelissa/status/235066030374916096"/>
		<document id="235407497454829569" url="https://twitter.com/AdweekMelissa/status/235407497454829569"/>
		<document id="236128885857718272" url="https://twitter.com/AdweekMelissa/status/236128885857718272"/>
		<document id="236130418167017474" url="https://twitter.com/AdweekMelissa/status/236130418167017474"/>
		<document id="238290890509131776" url="https://twitter.com/AdweekMelissa/status/238290890509131776"/>
		<document id="239104306358386688" url="https://twitter.com/AdweekMelissa/status/239104306358386688"/>
		<document id="240462301331877889" url="https://twitter.com/AdweekMelissa/status/240462301331877889"/>
		<document id="240462703527878656" url="https://twitter.com/AdweekMelissa/status/240462703527878656"/>
		<document id="240488469623889920" url="https://twitter.com/AdweekMelissa/status/240488469623889920"/>
		<document id="240489026841354240" url="https://twitter.com/AdweekMelissa/status/240489026841354240"/>
		<document id="240490216043978752" url="https://twitter.com/AdweekMelissa/status/240490216043978752"/>
		<document id="240496188875489281" url="https://twitter.com/AdweekMelissa/status/240496188875489281"/>
		<document id="240526689891913728" url="https://twitter.com/AdweekMelissa/status/240526689891913728"/>
		<document id="240526985456123905" url="https://twitter.com/AdweekMelissa/status/240526985456123905"/>
		<document id="240529192343699456" url="https://twitter.com/AdweekMelissa/status/240529192343699456"/>
		<document id="240536988556603393" url="https://twitter.com/AdweekMelissa/status/240536988556603393"/>
		<document id="240544521874722816" url="https://twitter.com/AdweekMelissa/status/240544521874722816"/>
		<document id="240544843464572929" url="https://twitter.com/AdweekMelissa/status/240544843464572929"/>
		<document id="240827104424493056" url="https://twitter.com/AdweekMelissa/status/240827104424493056"/>
		<document id="240839304182652928" url="https://twitter.com/AdweekMelissa/status/240839304182652928"/>
		<document id="240910628846456832" url="https://twitter.com/AdweekMelissa/status/240910628846456832"/>
		<document id="240917496021000195" url="https://twitter.com/AdweekMelissa/status/240917496021000195"/>
		<document id="241148229989855232" url="https://twitter.com/AdweekMelissa/status/241148229989855232"/>
		<document id="241188729585291264" url="https://twitter.com/AdweekMelissa/status/241188729585291264"/>
		<document id="241215081319383040" url="https://twitter.com/AdweekMelissa/status/241215081319383040"/>
		<document id="241239626482847744" url="https://twitter.com/AdweekMelissa/status/241239626482847744"/>
		<document id="241555437835653120" url="https://twitter.com/AdweekMelissa/status/241555437835653120"/>
		<document id="243068510685773825" url="https://twitter.com/AdweekMelissa/status/243068510685773825"/>
		<document id="243085886378635266" url="https://twitter.com/AdweekMelissa/status/243085886378635266"/>
		<document id="243440104402722816" url="https://twitter.com/AdweekMelissa/status/243440104402722816"/>
		<document id="243459446867628032" url="https://twitter.com/AdweekMelissa/status/243459446867628032"/>
		<document id="244106668852535296" url="https://twitter.com/AdweekMelissa/status/244106668852535296"/>
		<document id="245602946832793600" url="https://twitter.com/AdweekMelissa/status/245602946832793600"/>
		<document id="245640190562021376" url="https://twitter.com/AdweekMelissa/status/245640190562021376"/>
		<document id="246645093531021313" url="https://twitter.com/AdweekMelissa/status/246645093531021313"/>
		<document id="248471101951328256" url="https://twitter.com/AdweekMelissa/status/248471101951328256"/>
		<document id="248802593453785088" url="https://twitter.com/AdweekMelissa/status/248802593453785088"/>
		<document id="249213128489959425" url="https://twitter.com/AdweekMelissa/status/249213128489959425"/>
		<document id="249220570099638272" url="https://twitter.com/AdweekMelissa/status/249220570099638272"/>
		<document id="251324591388106752" url="https://twitter.com/AdweekMelissa/status/251324591388106752"/>
		<document id="251690767666532352" url="https://twitter.com/AdweekMelissa/status/251690767666532352"/>
		<document id="253181844953104385" url="https://twitter.com/AdweekMelissa/status/253181844953104385"/>
		<document id="253256317018451968" url="https://twitter.com/AdweekMelissa/status/253256317018451968"/>
		<document id="253257506539843584" url="https://twitter.com/AdweekMelissa/status/253257506539843584"/>
		<document id="253258922012602369" url="https://twitter.com/AdweekMelissa/status/253258922012602369"/>
		<document id="253488707724787712" url="https://twitter.com/AdweekMelissa/status/253488707724787712"/>
		<document id="253505638280351744" url="https://twitter.com/AdweekMelissa/status/253505638280351744"/>
		<document id="253860882138947584" url="https://twitter.com/AdweekMelissa/status/253860882138947584"/>
		<document id="254263860364722176" url="https://twitter.com/AdweekMelissa/status/254263860364722176"/>
		<document id="254307127357743104" url="https://twitter.com/AdweekMelissa/status/254307127357743104"/>
		<document id="255777386912681984" url="https://twitter.com/AdweekMelissa/status/255777386912681984"/>
		<document id="256107853193027585" url="https://twitter.com/AdweekMelissa/status/256107853193027585"/>
		<document id="256506206565318656" url="https://twitter.com/AdweekMelissa/status/256506206565318656"/>
		<document id="257864589511905283" url="https://twitter.com/AdweekMelissa/status/257864589511905283"/>
		<document id="257943761613623296" url="https://twitter.com/AdweekMelissa/status/257943761613623296"/>
		<document id="258215755328401408" url="https://twitter.com/AdweekMelissa/status/258215755328401408"/>
		<document id="258620076020867072" url="https://twitter.com/AdweekMelissa/status/258620076020867072"/>
		<document id="258665254832193536" url="https://twitter.com/AdweekMelissa/status/258665254832193536"/>
		<document id="259395876307468288" url="https://twitter.com/AdweekMelissa/status/259395876307468288"/>
		<document id="261184834855129089" url="https://twitter.com/AdweekMelissa/status/261184834855129089"/>
		<document id="263349516709789696" url="https://twitter.com/AdweekMelissa/status/263349516709789696"/>
		<document id="263349776718893056" url="https://twitter.com/AdweekMelissa/status/263349776718893056"/>
		<document id="266208340550496256" url="https://twitter.com/AdweekMelissa/status/266208340550496256"/>
		<document id="266250804548214784" url="https://twitter.com/AdweekMelissa/status/266250804548214784"/>
		<document id="268767471308271616" url="https://twitter.com/AdweekMelissa/status/268767471308271616"/>
		<document id="268771409197682688" url="https://twitter.com/AdweekMelissa/status/268771409197682688"/>
		<document id="269470852410642433" url="https://twitter.com/AdweekMelissa/status/269470852410642433"/>
		<document id="269471199548043264" url="https://twitter.com/AdweekMelissa/status/269471199548043264"/>
		<document id="269471964278710272" url="https://twitter.com/AdweekMelissa/status/269471964278710272"/>
		<document id="270994589735866368" url="https://twitter.com/AdweekMelissa/status/270994589735866368"/>
		<document id="273124621396623360" url="https://twitter.com/AdweekMelissa/status/273124621396623360"/>
		<document id="273154611718799360" url="https://twitter.com/AdweekMelissa/status/273154611718799360"/>
		<document id="273174257998118913" url="https://twitter.com/AdweekMelissa/status/273174257998118913"/>
		<document id="274540395046789122" url="https://twitter.com/AdweekMelissa/status/274540395046789122"/>
		<document id="274594414163271680" url="https://twitter.com/AdweekMelissa/status/274594414163271680"/>
		<document id="275987492321251329" url="https://twitter.com/AdweekMelissa/status/275987492321251329"/>
		<document id="276062000314978304" url="https://twitter.com/AdweekMelissa/status/276062000314978304"/>
		<document id="276091948203384832" url="https://twitter.com/AdweekMelissa/status/276091948203384832"/>
		<document id="276095176567582721" url="https://twitter.com/AdweekMelissa/status/276095176567582721"/>
		<document id="276097329566711808" url="https://twitter.com/AdweekMelissa/status/276097329566711808"/>
		<document id="276097488807682048" url="https://twitter.com/AdweekMelissa/status/276097488807682048"/>
		<document id="276364159984205824" url="https://twitter.com/AdweekMelissa/status/276364159984205824"/>
		<document id="276773889592410113" url="https://twitter.com/AdweekMelissa/status/276773889592410113"/>
		<document id="287181607612334082" url="https://twitter.com/AdweekMelissa/status/287181607612334082"/>
		<document id="287216489247932416" url="https://twitter.com/AdweekMelissa/status/287216489247932416"/>
		<document id="287310393125249026" url="https://twitter.com/AdweekMelissa/status/287310393125249026"/>
		<document id="289055087106605056" url="https://twitter.com/AdweekMelissa/status/289055087106605056"/>
		<document id="289055988382851072" url="https://twitter.com/AdweekMelissa/status/289055988382851072"/>
		<document id="289057496700702720" url="https://twitter.com/AdweekMelissa/status/289057496700702720"/>
		<document id="289072792735989761" url="https://twitter.com/AdweekMelissa/status/289072792735989761"/>
		<document id="289136042185990144" url="https://twitter.com/AdweekMelissa/status/289136042185990144"/>
		<document id="291662504701071360" url="https://twitter.com/AdweekMelissa/status/291662504701071360"/>
		<document id="292353401562472449" url="https://twitter.com/AdweekMelissa/status/292353401562472449"/>
		<document id="293779131596943360" url="https://twitter.com/AdweekMelissa/status/293779131596943360"/>
		<document id="294486531563995136" url="https://twitter.com/AdweekMelissa/status/294486531563995136"/>
		<document id="294488872459595777" url="https://twitter.com/AdweekMelissa/status/294488872459595777"/>
		<document id="294498712523272192" url="https://twitter.com/AdweekMelissa/status/294498712523272192"/>
		<document id="294498986499403776" url="https://twitter.com/AdweekMelissa/status/294498986499403776"/>
		<document id="294814696261951490" url="https://twitter.com/AdweekMelissa/status/294814696261951490"/>
		<document id="316563007599702016" url="https://twitter.com/AdweekMelissa/status/316563007599702016"/>
		<document id="316572574500925440" url="https://twitter.com/AdweekMelissa/status/316572574500925440"/>
		<document id="316575313037520896" url="https://twitter.com/AdweekMelissa/status/316575313037520896"/>
		<document id="316575642130989057" url="https://twitter.com/AdweekMelissa/status/316575642130989057"/>
		<document id="319075068686778370" url="https://twitter.com/AdweekMelissa/status/319075068686778370"/>
		<document id="322137362509479936" url="https://twitter.com/AdweekMelissa/status/322137362509479936"/>
		<document id="322721157231038466" url="https://twitter.com/AdweekMelissa/status/322721157231038466"/>
		<document id="322721765358981120" url="https://twitter.com/AdweekMelissa/status/322721765358981120"/>
		<document id="322763304395210754" url="https://twitter.com/AdweekMelissa/status/322763304395210754"/>
		<document id="323829346072662018" url="https://twitter.com/AdweekMelissa/status/323829346072662018"/>
		<document id="323830265397010432" url="https://twitter.com/AdweekMelissa/status/323830265397010432"/>
		<document id="323840019217391616" url="https://twitter.com/AdweekMelissa/status/323840019217391616"/>
		<document id="323855101431279616" url="https://twitter.com/AdweekMelissa/status/323855101431279616"/>
		<document id="323858016623546368" url="https://twitter.com/AdweekMelissa/status/323858016623546368"/>
		<document id="324242159224098816" url="https://twitter.com/AdweekMelissa/status/324242159224098816"/>
		<document id="324242830694440962" url="https://twitter.com/AdweekMelissa/status/324242830694440962"/>
		<document id="324540979052957698" url="https://twitter.com/AdweekMelissa/status/324540979052957698"/>
		<document id="325232751601147904" url="https://twitter.com/AdweekMelissa/status/325232751601147904"/>
		<document id="325246827232374785" url="https://twitter.com/AdweekMelissa/status/325246827232374785"/>
		<document id="325492816971173889" url="https://twitter.com/AdweekMelissa/status/325492816971173889"/>
		<document id="327062996495003648" url="https://twitter.com/AdweekMelissa/status/327062996495003648"/>
		<document id="327065430135017475" url="https://twitter.com/AdweekMelissa/status/327065430135017475"/>
		<document id="327816280075804673" url="https://twitter.com/AdweekMelissa/status/327816280075804673"/>
		<document id="327913666185936896" url="https://twitter.com/AdweekMelissa/status/327913666185936896"/>
		<document id="328968144733487104" url="https://twitter.com/AdweekMelissa/status/328968144733487104"/>
		<document id="328970948466311169" url="https://twitter.com/AdweekMelissa/status/328970948466311169"/>
		<document id="328976695992406016" url="https://twitter.com/AdweekMelissa/status/328976695992406016"/>
		<document id="328985492534218752" url="https://twitter.com/AdweekMelissa/status/328985492534218752"/>
		<document id="329279579237777408" url="https://twitter.com/AdweekMelissa/status/329279579237777408"/>
		<document id="329321144463286272" url="https://twitter.com/AdweekMelissa/status/329321144463286272"/>
		<document id="329331594357780482" url="https://twitter.com/AdweekMelissa/status/329331594357780482"/>
		<document id="329575475066331136" url="https://twitter.com/AdweekMelissa/status/329575475066331136"/>
		<document id="329599034270560256" url="https://twitter.com/AdweekMelissa/status/329599034270560256"/>
		<document id="329626727687016450" url="https://twitter.com/AdweekMelissa/status/329626727687016450"/>
		<document id="329706205570293760" url="https://twitter.com/AdweekMelissa/status/329706205570293760"/>
		<document id="329983732943556608" url="https://twitter.com/AdweekMelissa/status/329983732943556608"/>
		<document id="329985953965932545" url="https://twitter.com/AdweekMelissa/status/329985953965932545"/>
		<document id="330325021228687360" url="https://twitter.com/AdweekMelissa/status/330325021228687360"/>
		<document id="330338583594541058" url="https://twitter.com/AdweekMelissa/status/330338583594541058"/>
		<document id="330347461807845376" url="https://twitter.com/AdweekMelissa/status/330347461807845376"/>
		<document id="331837936238727169" url="https://twitter.com/AdweekMelissa/status/331837936238727169"/>
		<document id="331849960347795457" url="https://twitter.com/AdweekMelissa/status/331849960347795457"/>
		<document id="331852985938370561" url="https://twitter.com/AdweekMelissa/status/331852985938370561"/>
		<document id="331859175120457730" url="https://twitter.com/AdweekMelissa/status/331859175120457730"/>
		<document id="331859953314836480" url="https://twitter.com/AdweekMelissa/status/331859953314836480"/>
		<document id="331862091814273025" url="https://twitter.com/AdweekMelissa/status/331862091814273025"/>
		<document id="331865949848346625" url="https://twitter.com/AdweekMelissa/status/331865949848346625"/>
		<document id="332147317715124226" url="https://twitter.com/AdweekMelissa/status/332147317715124226"/>
		<document id="332161720686624768" url="https://twitter.com/AdweekMelissa/status/332161720686624768"/>
		<document id="332177891787960322" url="https://twitter.com/AdweekMelissa/status/332177891787960322"/>
		<document id="332185462208884736" url="https://twitter.com/AdweekMelissa/status/332185462208884736"/>
		<document id="332189790520872960" url="https://twitter.com/AdweekMelissa/status/332189790520872960"/>
		<document id="332196348512321537" url="https://twitter.com/AdweekMelissa/status/332196348512321537"/>
		<document id="332210523909267458" url="https://twitter.com/AdweekMelissa/status/332210523909267458"/>
		<document id="332224413804154881" url="https://twitter.com/AdweekMelissa/status/332224413804154881"/>
		<document id="332246946494423040" url="https://twitter.com/AdweekMelissa/status/332246946494423040"/>
		<document id="332562712213213184" url="https://twitter.com/AdweekMelissa/status/332562712213213184"/>
		<document id="332567179927113728" url="https://twitter.com/AdweekMelissa/status/332567179927113728"/>
		<document id="332603099745222656" url="https://twitter.com/AdweekMelissa/status/332603099745222656"/>
		<document id="334312519575404544" url="https://twitter.com/AdweekMelissa/status/334312519575404544"/>
		<document id="334715897224761344" url="https://twitter.com/AdweekMelissa/status/334715897224761344"/>
		<document id="334719722916560896" url="https://twitter.com/AdweekMelissa/status/334719722916560896"/>
		<document id="334745713990840321" url="https://twitter.com/AdweekMelissa/status/334745713990840321"/>
		<document id="334749773934501889" url="https://twitter.com/AdweekMelissa/status/334749773934501889"/>
		<document id="334757305763643393" url="https://twitter.com/AdweekMelissa/status/334757305763643393"/>
		<document id="334758027007774720" url="https://twitter.com/AdweekMelissa/status/334758027007774720"/>
		<document id="334770260521648128" url="https://twitter.com/AdweekMelissa/status/334770260521648128"/>
		<document id="335031958100905984" url="https://twitter.com/AdweekMelissa/status/335031958100905984"/>
		<document id="335050101221384193" url="https://twitter.com/AdweekMelissa/status/335050101221384193"/>
		<document id="335053099624431618" url="https://twitter.com/AdweekMelissa/status/335053099624431618"/>
		<document id="335070463938146304" url="https://twitter.com/AdweekMelissa/status/335070463938146304"/>
		<document id="335079814505586688" url="https://twitter.com/AdweekMelissa/status/335079814505586688"/>
		<document id="335080794655690752" url="https://twitter.com/AdweekMelissa/status/335080794655690752"/>
		<document id="335093601518374912" url="https://twitter.com/AdweekMelissa/status/335093601518374912"/>
		<document id="335100811862482945" url="https://twitter.com/AdweekMelissa/status/335100811862482945"/>
		<document id="335101272577425408" url="https://twitter.com/AdweekMelissa/status/335101272577425408"/>
		<document id="335102322931814400" url="https://twitter.com/AdweekMelissa/status/335102322931814400"/>
		<document id="335104187060858880" url="https://twitter.com/AdweekMelissa/status/335104187060858880"/>
		<document id="335403796748435457" url="https://twitter.com/AdweekMelissa/status/335403796748435457"/>
		<document id="335409641498488832" url="https://twitter.com/AdweekMelissa/status/335409641498488832"/>
		<document id="335413999774609408" url="https://twitter.com/AdweekMelissa/status/335413999774609408"/>
		<document id="335451615735721985" url="https://twitter.com/AdweekMelissa/status/335451615735721985"/>
		<document id="335480461637844992" url="https://twitter.com/AdweekMelissa/status/335480461637844992"/>
		<document id="335485756783075328" url="https://twitter.com/AdweekMelissa/status/335485756783075328"/>
		<document id="335492169320247297" url="https://twitter.com/AdweekMelissa/status/335492169320247297"/>
		<document id="335503998801043457" url="https://twitter.com/AdweekMelissa/status/335503998801043457"/>
		<document id="336489838490578944" url="https://twitter.com/AdweekMelissa/status/336489838490578944"/>
		<document id="336579296380465156" url="https://twitter.com/AdweekMelissa/status/336579296380465156"/>
		<document id="336868558346805249" url="https://twitter.com/AdweekMelissa/status/336868558346805249"/>
		<document id="336891621788487680" url="https://twitter.com/AdweekMelissa/status/336891621788487680"/>
		<document id="336899110164647936" url="https://twitter.com/AdweekMelissa/status/336899110164647936"/>
		<document id="336909668582580224" url="https://twitter.com/AdweekMelissa/status/336909668582580224"/>
		<document id="336947357071572995" url="https://twitter.com/AdweekMelissa/status/336947357071572995"/>
		<document id="337220223780388864" url="https://twitter.com/AdweekMelissa/status/337220223780388864"/>
		<document id="337245194053382144" url="https://twitter.com/AdweekMelissa/status/337245194053382144"/>
		<document id="337248035962777600" url="https://twitter.com/AdweekMelissa/status/337248035962777600"/>
		<document id="337250185883291649" url="https://twitter.com/AdweekMelissa/status/337250185883291649"/>
		<document id="337250644274589696" url="https://twitter.com/AdweekMelissa/status/337250644274589696"/>
		<document id="337251319758872576" url="https://twitter.com/AdweekMelissa/status/337251319758872576"/>
		<document id="337254428761550848" url="https://twitter.com/AdweekMelissa/status/337254428761550848"/>
		<document id="337255450674343936" url="https://twitter.com/AdweekMelissa/status/337255450674343936"/>
		<document id="337258091710124032" url="https://twitter.com/AdweekMelissa/status/337258091710124032"/>
		<document id="337259333131833344" url="https://twitter.com/AdweekMelissa/status/337259333131833344"/>
		<document id="337260200685867008" url="https://twitter.com/AdweekMelissa/status/337260200685867008"/>
		<document id="337276372546363392" url="https://twitter.com/AdweekMelissa/status/337276372546363392"/>
		<document id="337563899392049154" url="https://twitter.com/AdweekMelissa/status/337563899392049154"/>
		<document id="337587005791801345" url="https://twitter.com/AdweekMelissa/status/337587005791801345"/>
		<document id="337592967860727811" url="https://twitter.com/AdweekMelissa/status/337592967860727811"/>
		<document id="337596861722546176" url="https://twitter.com/AdweekMelissa/status/337596861722546176"/>
		<document id="337652679742464001" url="https://twitter.com/AdweekMelissa/status/337652679742464001"/>
		<document id="337944533180497920" url="https://twitter.com/AdweekMelissa/status/337944533180497920"/>
		<document id="337954850459500544" url="https://twitter.com/AdweekMelissa/status/337954850459500544"/>
		<document id="337964054427602945" url="https://twitter.com/AdweekMelissa/status/337964054427602945"/>
		<document id="339415624440770560" url="https://twitter.com/AdweekMelissa/status/339415624440770560"/>
		<document id="339428158849830914" url="https://twitter.com/AdweekMelissa/status/339428158849830914"/>
		<document id="339452140206567426" url="https://twitter.com/AdweekMelissa/status/339452140206567426"/>
		<document id="339772136564596736" url="https://twitter.com/AdweekMelissa/status/339772136564596736"/>
		<document id="339776267593318400" url="https://twitter.com/AdweekMelissa/status/339776267593318400"/>
		<document id="339798329242288130" url="https://twitter.com/AdweekMelissa/status/339798329242288130"/>
		<document id="339798638094069760" url="https://twitter.com/AdweekMelissa/status/339798638094069760"/>
		<document id="339800843991801857" url="https://twitter.com/AdweekMelissa/status/339800843991801857"/>
		<document id="339811049903644674" url="https://twitter.com/AdweekMelissa/status/339811049903644674"/>
		<document id="339834227895980034" url="https://twitter.com/AdweekMelissa/status/339834227895980034"/>
		<document id="339851604016656384" url="https://twitter.com/AdweekMelissa/status/339851604016656384"/>
		<document id="341555320272875520" url="https://twitter.com/AdweekMelissa/status/341555320272875520"/>
		<document id="341925366916599810" url="https://twitter.com/AdweekMelissa/status/341925366916599810"/>
		<document id="342276806629531648" url="https://twitter.com/AdweekMelissa/status/342276806629531648"/>
		<document id="342335107924905984" url="https://twitter.com/AdweekMelissa/status/342335107924905984"/>
		<document id="342367028180578305" url="https://twitter.com/AdweekMelissa/status/342367028180578305"/>
		<document id="342375298152669185" url="https://twitter.com/AdweekMelissa/status/342375298152669185"/>
		<document id="342387817411915778" url="https://twitter.com/AdweekMelissa/status/342387817411915778"/>
		<document id="342399320601022464" url="https://twitter.com/AdweekMelissa/status/342399320601022464"/>
		<document id="342641415416848385" url="https://twitter.com/AdweekMelissa/status/342641415416848385"/>
		<document id="344529038825627649" url="https://twitter.com/AdweekMelissa/status/344529038825627649"/>
		<document id="345170664258428928" url="https://twitter.com/AdweekMelissa/status/345170664258428928"/>
		<document id="345175245986091008" url="https://twitter.com/AdweekMelissa/status/345175245986091008"/>
		<document id="345180760870883329" url="https://twitter.com/AdweekMelissa/status/345180760870883329"/>
		<document id="347071911924203520" url="https://twitter.com/AdweekMelissa/status/347071911924203520"/>
		<document id="347369139427500032" url="https://twitter.com/AdweekMelissa/status/347369139427500032"/>
		<document id="347491172798840833" url="https://twitter.com/AdweekMelissa/status/347491172798840833"/>
		<document id="349173730137751553" url="https://twitter.com/AdweekMelissa/status/349173730137751553"/>
		<document id="349573233248444416" url="https://twitter.com/AdweekMelissa/status/349573233248444416"/>
		<document id="349575519819403264" url="https://twitter.com/AdweekMelissa/status/349575519819403264"/>
		<document id="349620155661295616" url="https://twitter.com/AdweekMelissa/status/349620155661295616"/>
		<document id="350282386845597696" url="https://twitter.com/AdweekMelissa/status/350282386845597696"/>
		<document id="350307285949624322" url="https://twitter.com/AdweekMelissa/status/350307285949624322"/>
		<document id="350319155704111104" url="https://twitter.com/AdweekMelissa/status/350319155704111104"/>
		<document id="350328022404042753" url="https://twitter.com/AdweekMelissa/status/350328022404042753"/>
		<document id="351727358027378688" url="https://twitter.com/AdweekMelissa/status/351727358027378688"/>
		<document id="351758663192547328" url="https://twitter.com/AdweekMelissa/status/351758663192547328"/>
		<document id="351761122594000896" url="https://twitter.com/AdweekMelissa/status/351761122594000896"/>
		<document id="351761447539314688" url="https://twitter.com/AdweekMelissa/status/351761447539314688"/>
		<document id="351800220696322049" url="https://twitter.com/AdweekMelissa/status/351800220696322049"/>
		<document id="352141159134539776" url="https://twitter.com/AdweekMelissa/status/352141159134539776"/>
		<document id="352156666118160384" url="https://twitter.com/AdweekMelissa/status/352156666118160384"/>
		<document id="352434433904746496" url="https://twitter.com/AdweekMelissa/status/352434433904746496"/>
		<document id="354250669496074241" url="https://twitter.com/AdweekMelissa/status/354250669496074241"/>
		<document id="354322435094491137" url="https://twitter.com/AdweekMelissa/status/354322435094491137"/>
		<document id="354338074437754881" url="https://twitter.com/AdweekMelissa/status/354338074437754881"/>
		<document id="354598502027886594" url="https://twitter.com/AdweekMelissa/status/354598502027886594"/>
		<document id="354621138984370176" url="https://twitter.com/AdweekMelissa/status/354621138984370176"/>
		<document id="354662827757281281" url="https://twitter.com/AdweekMelissa/status/354662827757281281"/>
		<document id="354663823904489472" url="https://twitter.com/AdweekMelissa/status/354663823904489472"/>
		<document id="354984199402430464" url="https://twitter.com/AdweekMelissa/status/354984199402430464"/>
		<document id="354990692856107009" url="https://twitter.com/AdweekMelissa/status/354990692856107009"/>
		<document id="354994149088432129" url="https://twitter.com/AdweekMelissa/status/354994149088432129"/>
		<document id="355063242877440002" url="https://twitter.com/AdweekMelissa/status/355063242877440002"/>
		<document id="355366811413397505" url="https://twitter.com/AdweekMelissa/status/355366811413397505"/>
		<document id="356852848635547648" url="https://twitter.com/AdweekMelissa/status/356852848635547648"/>
		<document id="356861028656627712" url="https://twitter.com/AdweekMelissa/status/356861028656627712"/>
		<document id="357164112700112896" url="https://twitter.com/AdweekMelissa/status/357164112700112896"/>
		<document id="357236227541458944" url="https://twitter.com/AdweekMelissa/status/357236227541458944"/>
		<document id="357245165691338752" url="https://twitter.com/AdweekMelissa/status/357245165691338752"/>
		<document id="357590439324442624" url="https://twitter.com/AdweekMelissa/status/357590439324442624"/>
		<document id="357597623248629760" url="https://twitter.com/AdweekMelissa/status/357597623248629760"/>
		<document id="359356112325189633" url="https://twitter.com/AdweekMelissa/status/359356112325189633"/>
		<document id="359767347764011008" url="https://twitter.com/AdweekMelissa/status/359767347764011008"/>
		<document id="360042735392133120" url="https://twitter.com/AdweekMelissa/status/360042735392133120"/>
		<document id="360110686925361154" url="https://twitter.com/AdweekMelissa/status/360110686925361154"/>
		<document id="360125666924044290" url="https://twitter.com/AdweekMelissa/status/360125666924044290"/>
		<document id="362249389634371584" url="https://twitter.com/AdweekMelissa/status/362249389634371584"/>
		<document id="364814413733179394" url="https://twitter.com/AdweekMelissa/status/364814413733179394"/>
		<document id="366958039787503620" url="https://twitter.com/AdweekMelissa/status/366958039787503620"/>
		<document id="367013066887536640" url="https://twitter.com/AdweekMelissa/status/367013066887536640"/>
		<document id="367342793288466432" url="https://twitter.com/AdweekMelissa/status/367342793288466432"/>
		<document id="367392502262689792" url="https://twitter.com/AdweekMelissa/status/367392502262689792"/>
		<document id="367401234988163072" url="https://twitter.com/AdweekMelissa/status/367401234988163072"/>
		<document id="367678358735179778" url="https://twitter.com/AdweekMelissa/status/367678358735179778"/>
		<document id="367690445398097920" url="https://twitter.com/AdweekMelissa/status/367690445398097920"/>
		<document id="367738954738454529" url="https://twitter.com/AdweekMelissa/status/367738954738454529"/>
		<document id="368094612532895744" url="https://twitter.com/AdweekMelissa/status/368094612532895744"/>
		<document id="368115461478555648" url="https://twitter.com/AdweekMelissa/status/368115461478555648"/>
		<document id="370252483236343808" url="https://twitter.com/AdweekMelissa/status/370252483236343808"/>
		<document id="370282298094002176" url="https://twitter.com/AdweekMelissa/status/370282298094002176"/>
		<document id="370289170448519168" url="https://twitter.com/AdweekMelissa/status/370289170448519168"/>
		<document id="370564771898093568" url="https://twitter.com/AdweekMelissa/status/370564771898093568"/>
		<document id="372020557094481920" url="https://twitter.com/AdweekMelissa/status/372020557094481920"/>
		<document id="372056238239928320" url="https://twitter.com/AdweekMelissa/status/372056238239928320"/>
		<document id="372426167858393088" url="https://twitter.com/AdweekMelissa/status/372426167858393088"/>
		<document id="372429247714844672" url="https://twitter.com/AdweekMelissa/status/372429247714844672"/>
		<document id="372429722833002497" url="https://twitter.com/AdweekMelissa/status/372429722833002497"/>
		<document id="372728917880094723" url="https://twitter.com/AdweekMelissa/status/372728917880094723"/>
		<document id="372729293442269185" url="https://twitter.com/AdweekMelissa/status/372729293442269185"/>
		<document id="372745492163067904" url="https://twitter.com/AdweekMelissa/status/372745492163067904"/>
		<document id="373449940443201536" url="https://twitter.com/AdweekMelissa/status/373449940443201536"/>
		<document id="373786409225568256" url="https://twitter.com/AdweekMelissa/status/373786409225568256"/>
		<document id="377435902592573440" url="https://twitter.com/AdweekMelissa/status/377435902592573440"/>
		<document id="377502331614420992" url="https://twitter.com/AdweekMelissa/status/377502331614420992"/>
		<document id="377503667663806464" url="https://twitter.com/AdweekMelissa/status/377503667663806464"/>
		<document id="377508044763983873" url="https://twitter.com/AdweekMelissa/status/377508044763983873"/>
		<document id="377804658900602881" url="https://twitter.com/AdweekMelissa/status/377804658900602881"/>
		<document id="377809692375781376" url="https://twitter.com/AdweekMelissa/status/377809692375781376"/>
		<document id="377841369902878720" url="https://twitter.com/AdweekMelissa/status/377841369902878720"/>
		<document id="377856761970962432" url="https://twitter.com/AdweekMelissa/status/377856761970962432"/>
		<document id="377874507093917696" url="https://twitter.com/AdweekMelissa/status/377874507093917696"/>
		<document id="377874718331645952" url="https://twitter.com/AdweekMelissa/status/377874718331645952"/>
		<document id="377875519829581824" url="https://twitter.com/AdweekMelissa/status/377875519829581824"/>
		<document id="377931049596354560" url="https://twitter.com/AdweekMelissa/status/377931049596354560"/>
		<document id="377941502514978816" url="https://twitter.com/AdweekMelissa/status/377941502514978816"/>
		<document id="378158726370164736" url="https://twitter.com/AdweekMelissa/status/378158726370164736"/>
		<document id="378158963298013185" url="https://twitter.com/AdweekMelissa/status/378158963298013185"/>
		<document id="378159135147044865" url="https://twitter.com/AdweekMelissa/status/378159135147044865"/>
		<document id="378159564366950401" url="https://twitter.com/AdweekMelissa/status/378159564366950401"/>
		<document id="378162271949574144" url="https://twitter.com/AdweekMelissa/status/378162271949574144"/>
		<document id="378166938712567808" url="https://twitter.com/AdweekMelissa/status/378166938712567808"/>
		<document id="378167265809551360" url="https://twitter.com/AdweekMelissa/status/378167265809551360"/>
		<document id="378168754170908672" url="https://twitter.com/AdweekMelissa/status/378168754170908672"/>
		<document id="378181109369937920" url="https://twitter.com/AdweekMelissa/status/378181109369937920"/>
		<document id="378192181510406144" url="https://twitter.com/AdweekMelissa/status/378192181510406144"/>
		<document id="378196985498451968" url="https://twitter.com/AdweekMelissa/status/378196985498451968"/>
		<document id="378236437121875969" url="https://twitter.com/AdweekMelissa/status/378236437121875969"/>
		<document id="378253618786209792" url="https://twitter.com/AdweekMelissa/status/378253618786209792"/>
		<document id="378254322112270336" url="https://twitter.com/AdweekMelissa/status/378254322112270336"/>
		<document id="378255519518978048" url="https://twitter.com/AdweekMelissa/status/378255519518978048"/>
		<document id="378256230155689985" url="https://twitter.com/AdweekMelissa/status/378256230155689985"/>
		<document id="378256696998522881" url="https://twitter.com/AdweekMelissa/status/378256696998522881"/>
		<document id="378266656511782912" url="https://twitter.com/AdweekMelissa/status/378266656511782912"/>
		<document id="378538839041531904" url="https://twitter.com/AdweekMelissa/status/378538839041531904"/>
		<document id="378573737936699392" url="https://twitter.com/AdweekMelissa/status/378573737936699392"/>
		<document id="378600653066481664" url="https://twitter.com/AdweekMelissa/status/378600653066481664"/>
		<document id="379617868909780992" url="https://twitter.com/AdweekMelissa/status/379617868909780992"/>
		<document id="379632083674476544" url="https://twitter.com/AdweekMelissa/status/379632083674476544"/>
		<document id="379633386618224642" url="https://twitter.com/AdweekMelissa/status/379633386618224642"/>
		<document id="379706660526096384" url="https://twitter.com/AdweekMelissa/status/379706660526096384"/>
		<document id="379722621207601152" url="https://twitter.com/AdweekMelissa/status/379722621207601152"/>
		<document id="379953157478318080" url="https://twitter.com/AdweekMelissa/status/379953157478318080"/>
		<document id="379971849506914305" url="https://twitter.com/AdweekMelissa/status/379971849506914305"/>
		<document id="380004984810524673" url="https://twitter.com/AdweekMelissa/status/380004984810524673"/>
		<document id="380006820187615233" url="https://twitter.com/AdweekMelissa/status/380006820187615233"/>
		<document id="380011461612802049" url="https://twitter.com/AdweekMelissa/status/380011461612802049"/>
		<document id="380013851388833793" url="https://twitter.com/AdweekMelissa/status/380013851388833793"/>
		<document id="380341334524973056" url="https://twitter.com/AdweekMelissa/status/380341334524973056"/>
		<document id="380348668181618688" url="https://twitter.com/AdweekMelissa/status/380348668181618688"/>
		<document id="380424996671078400" url="https://twitter.com/AdweekMelissa/status/380424996671078400"/>
		<document id="380676233308434432" url="https://twitter.com/AdweekMelissa/status/380676233308434432"/>
		<document id="380691977236258817" url="https://twitter.com/AdweekMelissa/status/380691977236258817"/>
		<document id="380692473351114753" url="https://twitter.com/AdweekMelissa/status/380692473351114753"/>
		<document id="380693438322053120" url="https://twitter.com/AdweekMelissa/status/380693438322053120"/>
		<document id="380694077383004160" url="https://twitter.com/AdweekMelissa/status/380694077383004160"/>
		<document id="380703108063436800" url="https://twitter.com/AdweekMelissa/status/380703108063436800"/>
		<document id="380745561692835841" url="https://twitter.com/AdweekMelissa/status/380745561692835841"/>
		<document id="380798924165898240" url="https://twitter.com/AdweekMelissa/status/380798924165898240"/>
		<document id="381051544461770752" url="https://twitter.com/AdweekMelissa/status/381051544461770752"/>
		<document id="382889610293944320" url="https://twitter.com/AdweekMelissa/status/382889610293944320"/>
		<document id="382972504261672960" url="https://twitter.com/AdweekMelissa/status/382972504261672960"/>
		<document id="383019549874204672" url="https://twitter.com/AdweekMelissa/status/383019549874204672"/>
		<document id="383023542226681856" url="https://twitter.com/AdweekMelissa/status/383023542226681856"/>
		<document id="383024738446376960" url="https://twitter.com/AdweekMelissa/status/383024738446376960"/>
		<document id="383030252869799936" url="https://twitter.com/AdweekMelissa/status/383030252869799936"/>
		<document id="383033313449213952" url="https://twitter.com/AdweekMelissa/status/383033313449213952"/>
		<document id="383035502188056576" url="https://twitter.com/AdweekMelissa/status/383035502188056576"/>
		<document id="383057315433553920" url="https://twitter.com/AdweekMelissa/status/383057315433553920"/>
		<document id="383287033742905345" url="https://twitter.com/AdweekMelissa/status/383287033742905345"/>
		<document id="383298828754907136" url="https://twitter.com/AdweekMelissa/status/383298828754907136"/>
		<document id="384719708433309696" url="https://twitter.com/AdweekMelissa/status/384719708433309696"/>
		<document id="385049012732055552" url="https://twitter.com/AdweekMelissa/status/385049012732055552"/>
		<document id="385435549915303936" url="https://twitter.com/AdweekMelissa/status/385435549915303936"/>
		<document id="385539308217974784" url="https://twitter.com/AdweekMelissa/status/385539308217974784"/>
		<document id="385767951640457217" url="https://twitter.com/AdweekMelissa/status/385767951640457217"/>
		<document id="385788971470434304" url="https://twitter.com/AdweekMelissa/status/385788971470434304"/>
		<document id="385792057698041856" url="https://twitter.com/AdweekMelissa/status/385792057698041856"/>
		<document id="385792639905173504" url="https://twitter.com/AdweekMelissa/status/385792639905173504"/>
		<document id="385804555402760194" url="https://twitter.com/AdweekMelissa/status/385804555402760194"/>
		<document id="385836273371328512" url="https://twitter.com/AdweekMelissa/status/385836273371328512"/>
		<document id="385840300884647936" url="https://twitter.com/AdweekMelissa/status/385840300884647936"/>
		<document id="385852087872937985" url="https://twitter.com/AdweekMelissa/status/385852087872937985"/>
		<document id="385853598577328128" url="https://twitter.com/AdweekMelissa/status/385853598577328128"/>
		<document id="386126447095447552" url="https://twitter.com/AdweekMelissa/status/386126447095447552"/>
		<document id="386127102556110848" url="https://twitter.com/AdweekMelissa/status/386127102556110848"/>
		<document id="386147190499856385" url="https://twitter.com/AdweekMelissa/status/386147190499856385"/>
		<document id="387282523572563968" url="https://twitter.com/AdweekMelissa/status/387282523572563968"/>
		<document id="387560757015367680" url="https://twitter.com/AdweekMelissa/status/387560757015367680"/>
		<document id="387573216731869184" url="https://twitter.com/AdweekMelissa/status/387573216731869184"/>
		<document id="387585907986935810" url="https://twitter.com/AdweekMelissa/status/387585907986935810"/>
		<document id="387948908787138560" url="https://twitter.com/AdweekMelissa/status/387948908787138560"/>
		<document id="388031144261742592" url="https://twitter.com/AdweekMelissa/status/388031144261742592"/>
		<document id="388033933025103872" url="https://twitter.com/AdweekMelissa/status/388033933025103872"/>
		<document id="388039659424464897" url="https://twitter.com/AdweekMelissa/status/388039659424464897"/>
		<document id="388300392171175936" url="https://twitter.com/AdweekMelissa/status/388300392171175936"/>
		<document id="388311165136166914" url="https://twitter.com/AdweekMelissa/status/388311165136166914"/>
		<document id="388311736303878145" url="https://twitter.com/AdweekMelissa/status/388311736303878145"/>
		<document id="388343176227868672" url="https://twitter.com/AdweekMelissa/status/388343176227868672"/>
		<document id="388695552113664000" url="https://twitter.com/AdweekMelissa/status/388695552113664000"/>
		<document id="390118536124702723" url="https://twitter.com/AdweekMelissa/status/390118536124702723"/>
		<document id="390212409954009088" url="https://twitter.com/AdweekMelissa/status/390212409954009088"/>
		<document id="390526364106752001" url="https://twitter.com/AdweekMelissa/status/390526364106752001"/>
		<document id="391185738215067648" url="https://twitter.com/AdweekMelissa/status/391185738215067648"/>
		<document id="392330943811186689" url="https://twitter.com/AdweekMelissa/status/392330943811186689"/>
		<document id="392395891476144128" url="https://twitter.com/AdweekMelissa/status/392395891476144128"/>
		<document id="392665730593734656" url="https://twitter.com/AdweekMelissa/status/392665730593734656"/>
		<document id="392666159964631040" url="https://twitter.com/AdweekMelissa/status/392666159964631040"/>
		<document id="392713825629134848" url="https://twitter.com/AdweekMelissa/status/392713825629134848"/>
		<document id="392726695381196800" url="https://twitter.com/AdweekMelissa/status/392726695381196800"/>
		<document id="392738015660879872" url="https://twitter.com/AdweekMelissa/status/392738015660879872"/>
		<document id="393098542371184640" url="https://twitter.com/AdweekMelissa/status/393098542371184640"/>
		<document id="393116166714978304" url="https://twitter.com/AdweekMelissa/status/393116166714978304"/>
		<document id="393126497914859520" url="https://twitter.com/AdweekMelissa/status/393126497914859520"/>
		<document id="394846682438852608" url="https://twitter.com/AdweekMelissa/status/394846682438852608"/>
		<document id="395585914581180416" url="https://twitter.com/AdweekMelissa/status/395585914581180416"/>
		<document id="395949557730668544" url="https://twitter.com/AdweekMelissa/status/395949557730668544"/>
		<document id="396316863279284224" url="https://twitter.com/AdweekMelissa/status/396316863279284224"/>
		<document id="397470625981165568" url="https://twitter.com/AdweekMelissa/status/397470625981165568"/>
		<document id="397472592346378240" url="https://twitter.com/AdweekMelissa/status/397472592346378240"/>
		<document id="397475270392680448" url="https://twitter.com/AdweekMelissa/status/397475270392680448"/>
		<document id="398466134329925632" url="https://twitter.com/AdweekMelissa/status/398466134329925632"/>
		<document id="398470767689474048" url="https://twitter.com/AdweekMelissa/status/398470767689474048"/>
		<document id="398481138429067264" url="https://twitter.com/AdweekMelissa/status/398481138429067264"/>
		<document id="398863600653049856" url="https://twitter.com/AdweekMelissa/status/398863600653049856"/>
		<document id="399977655098806272" url="https://twitter.com/AdweekMelissa/status/399977655098806272"/>
		<document id="400007511647862784" url="https://twitter.com/AdweekMelissa/status/400007511647862784"/>
		<document id="400019319892873217" url="https://twitter.com/AdweekMelissa/status/400019319892873217"/>
		<document id="400642363543924737" url="https://twitter.com/AdweekMelissa/status/400642363543924737"/>
		<document id="401051640054022144" url="https://twitter.com/AdweekMelissa/status/401051640054022144"/>
		<document id="401102309448355840" url="https://twitter.com/AdweekMelissa/status/401102309448355840"/>
		<document id="401103865216376832" url="https://twitter.com/AdweekMelissa/status/401103865216376832"/>
		<document id="401104574498340864" url="https://twitter.com/AdweekMelissa/status/401104574498340864"/>
		<document id="401104943743909889" url="https://twitter.com/AdweekMelissa/status/401104943743909889"/>
		<document id="401105833561309184" url="https://twitter.com/AdweekMelissa/status/401105833561309184"/>
		<document id="403555170442690560" url="https://twitter.com/AdweekMelissa/status/403555170442690560"/>
		<document id="403717089254711297" url="https://twitter.com/AdweekMelissa/status/403717089254711297"/>
		<document id="403898642928373760" url="https://twitter.com/AdweekMelissa/status/403898642928373760"/>
		<document id="405055984357216257" url="https://twitter.com/AdweekMelissa/status/405055984357216257"/>
		<document id="407652670032195584" url="https://twitter.com/AdweekMelissa/status/407652670032195584"/>
		<document id="407661896129470464" url="https://twitter.com/AdweekMelissa/status/407661896129470464"/>
		<document id="407682962214232064" url="https://twitter.com/AdweekMelissa/status/407682962214232064"/>
		<document id="407929613231206400" url="https://twitter.com/AdweekMelissa/status/407929613231206400"/>
		<document id="407952250854596608" url="https://twitter.com/AdweekMelissa/status/407952250854596608"/>
		<document id="407972838436380672" url="https://twitter.com/AdweekMelissa/status/407972838436380672"/>
		<document id="407974579781398528" url="https://twitter.com/AdweekMelissa/status/407974579781398528"/>
		<document id="407974784211763200" url="https://twitter.com/AdweekMelissa/status/407974784211763200"/>
		<document id="408005554464763904" url="https://twitter.com/AdweekMelissa/status/408005554464763904"/>
		<document id="408064068717535232" url="https://twitter.com/AdweekMelissa/status/408064068717535232"/>
		<document id="408292026665287680" url="https://twitter.com/AdweekMelissa/status/408292026665287680"/>
		<document id="408293673894305792" url="https://twitter.com/AdweekMelissa/status/408293673894305792"/>
		<document id="408314749940535296" url="https://twitter.com/AdweekMelissa/status/408314749940535296"/>
		<document id="408986840067092481" url="https://twitter.com/AdweekMelissa/status/408986840067092481"/>
		<document id="410427690563276801" url="https://twitter.com/AdweekMelissa/status/410427690563276801"/>
		<document id="410461796604981248" url="https://twitter.com/AdweekMelissa/status/410461796604981248"/>
		<document id="410477369304952832" url="https://twitter.com/AdweekMelissa/status/410477369304952832"/>
		<document id="411576052796755969" url="https://twitter.com/AdweekMelissa/status/411576052796755969"/>
		<document id="413062787917557761" url="https://twitter.com/AdweekMelissa/status/413062787917557761"/>
		<document id="413733778691870720" url="https://twitter.com/AdweekMelissa/status/413733778691870720"/>
		<document id="414121438593835008" url="https://twitter.com/AdweekMelissa/status/414121438593835008"/>
		<document id="417768588435419137" url="https://twitter.com/AdweekMelissa/status/417768588435419137"/>
	</documents>
</author>