<?xml version="1.0" encoding="UTF-8" standalone="no"?><author age_group="xx" gender="xx" lang="EN" type="twitter" url="https://twitter.com/belkheldar">
	<documents count="153">
		<document id="1046625171" url="https://twitter.com/belkheldar/status/1046625171"/>
		<document id="1046630341" url="https://twitter.com/belkheldar/status/1046630341"/>
		<document id="1046944493" url="https://twitter.com/belkheldar/status/1046944493"/>
		<document id="1048362080" url="https://twitter.com/belkheldar/status/1048362080"/>
		<document id="1056509677" url="https://twitter.com/belkheldar/status/1056509677"/>
		<document id="1056511126" url="https://twitter.com/belkheldar/status/1056511126"/>
		<document id="1110915181" url="https://twitter.com/belkheldar/status/1110915181"/>
		<document id="1115529599" url="https://twitter.com/belkheldar/status/1115529599"/>
		<document id="1160956568" url="https://twitter.com/belkheldar/status/1160956568"/>
		<document id="116789727079829504" url="https://twitter.com/belkheldar/status/116789727079829504"/>
		<document id="118469471852707840" url="https://twitter.com/belkheldar/status/118469471852707840"/>
		<document id="118823283163545601" url="https://twitter.com/belkheldar/status/118823283163545601"/>
		<document id="120456783243386881" url="https://twitter.com/belkheldar/status/120456783243386881"/>
		<document id="1222084679" url="https://twitter.com/belkheldar/status/1222084679"/>
		<document id="1222092017" url="https://twitter.com/belkheldar/status/1222092017"/>
		<document id="1222711798" url="https://twitter.com/belkheldar/status/1222711798"/>
		<document id="1222716333" url="https://twitter.com/belkheldar/status/1222716333"/>
		<document id="12425933823" url="https://twitter.com/belkheldar/status/12425933823"/>
		<document id="1243449355" url="https://twitter.com/belkheldar/status/1243449355"/>
		<document id="1243503501" url="https://twitter.com/belkheldar/status/1243503501"/>
		<document id="1246388206" url="https://twitter.com/belkheldar/status/1246388206"/>
		<document id="125061587567525889" url="https://twitter.com/belkheldar/status/125061587567525889"/>
		<document id="125080365139378176" url="https://twitter.com/belkheldar/status/125080365139378176"/>
		<document id="1261751771" url="https://twitter.com/belkheldar/status/1261751771"/>
		<document id="1261753987" url="https://twitter.com/belkheldar/status/1261753987"/>
		<document id="12624344024" url="https://twitter.com/belkheldar/status/12624344024"/>
		<document id="1265270253" url="https://twitter.com/belkheldar/status/1265270253"/>
		<document id="1287918806" url="https://twitter.com/belkheldar/status/1287918806"/>
		<document id="1291632703" url="https://twitter.com/belkheldar/status/1291632703"/>
		<document id="1307205234" url="https://twitter.com/belkheldar/status/1307205234"/>
		<document id="1310508250" url="https://twitter.com/belkheldar/status/1310508250"/>
		<document id="1315204325" url="https://twitter.com/belkheldar/status/1315204325"/>
		<document id="13290296655" url="https://twitter.com/belkheldar/status/13290296655"/>
		<document id="1378890011" url="https://twitter.com/belkheldar/status/1378890011"/>
		<document id="1379050581" url="https://twitter.com/belkheldar/status/1379050581"/>
		<document id="1379064483" url="https://twitter.com/belkheldar/status/1379064483"/>
		<document id="1379092804" url="https://twitter.com/belkheldar/status/1379092804"/>
		<document id="1379240840" url="https://twitter.com/belkheldar/status/1379240840"/>
		<document id="1379474983" url="https://twitter.com/belkheldar/status/1379474983"/>
		<document id="1379579413" url="https://twitter.com/belkheldar/status/1379579413"/>
		<document id="1380166953" url="https://twitter.com/belkheldar/status/1380166953"/>
		<document id="1380290822" url="https://twitter.com/belkheldar/status/1380290822"/>
		<document id="1380631704" url="https://twitter.com/belkheldar/status/1380631704"/>
		<document id="1385225111" url="https://twitter.com/belkheldar/status/1385225111"/>
		<document id="1430455190" url="https://twitter.com/belkheldar/status/1430455190"/>
		<document id="1430547295" url="https://twitter.com/belkheldar/status/1430547295"/>
		<document id="1430549781" url="https://twitter.com/belkheldar/status/1430549781"/>
		<document id="1430561656" url="https://twitter.com/belkheldar/status/1430561656"/>
		<document id="1430564439" url="https://twitter.com/belkheldar/status/1430564439"/>
		<document id="1430622049" url="https://twitter.com/belkheldar/status/1430622049"/>
		<document id="1430673340" url="https://twitter.com/belkheldar/status/1430673340"/>
		<document id="143196473784414208" url="https://twitter.com/belkheldar/status/143196473784414208"/>
		<document id="148317394471878656" url="https://twitter.com/belkheldar/status/148317394471878656"/>
		<document id="150061764552294400" url="https://twitter.com/belkheldar/status/150061764552294400"/>
		<document id="15103598217" url="https://twitter.com/belkheldar/status/15103598217"/>
		<document id="151980354067116032" url="https://twitter.com/belkheldar/status/151980354067116032"/>
		<document id="157763550717292544" url="https://twitter.com/belkheldar/status/157763550717292544"/>
		<document id="16089285124" url="https://twitter.com/belkheldar/status/16089285124"/>
		<document id="161791291640922112" url="https://twitter.com/belkheldar/status/161791291640922112"/>
		<document id="1664901088" url="https://twitter.com/belkheldar/status/1664901088"/>
		<document id="1664914538" url="https://twitter.com/belkheldar/status/1664914538"/>
		<document id="167450166469730304" url="https://twitter.com/belkheldar/status/167450166469730304"/>
		<document id="174619395262398464" url="https://twitter.com/belkheldar/status/174619395262398464"/>
		<document id="180509867839197185" url="https://twitter.com/belkheldar/status/180509867839197185"/>
		<document id="1815207380" url="https://twitter.com/belkheldar/status/1815207380"/>
		<document id="1815212024" url="https://twitter.com/belkheldar/status/1815212024"/>
		<document id="1876304106" url="https://twitter.com/belkheldar/status/1876304106"/>
		<document id="1889914325" url="https://twitter.com/belkheldar/status/1889914325"/>
		<document id="19553061220" url="https://twitter.com/belkheldar/status/19553061220"/>
		<document id="19627730185" url="https://twitter.com/belkheldar/status/19627730185"/>
		<document id="197593450303074305" url="https://twitter.com/belkheldar/status/197593450303074305"/>
		<document id="197652668343271424" url="https://twitter.com/belkheldar/status/197652668343271424"/>
		<document id="199666005977481216" url="https://twitter.com/belkheldar/status/199666005977481216"/>
		<document id="199788410091732992" url="https://twitter.com/belkheldar/status/199788410091732992"/>
		<document id="200515517201657858" url="https://twitter.com/belkheldar/status/200515517201657858"/>
		<document id="2187664172" url="https://twitter.com/belkheldar/status/2187664172"/>
		<document id="2204232496" url="https://twitter.com/belkheldar/status/2204232496"/>
		<document id="2215528303" url="https://twitter.com/belkheldar/status/2215528303"/>
		<document id="2215534001" url="https://twitter.com/belkheldar/status/2215534001"/>
		<document id="2215534875" url="https://twitter.com/belkheldar/status/2215534875"/>
		<document id="2215715788" url="https://twitter.com/belkheldar/status/2215715788"/>
		<document id="2218750068" url="https://twitter.com/belkheldar/status/2218750068"/>
		<document id="223242587333599234" url="https://twitter.com/belkheldar/status/223242587333599234"/>
		<document id="22675751485" url="https://twitter.com/belkheldar/status/22675751485"/>
		<document id="2319525513" url="https://twitter.com/belkheldar/status/2319525513"/>
		<document id="235881131881406464" url="https://twitter.com/belkheldar/status/235881131881406464"/>
		<document id="235886613123723264" url="https://twitter.com/belkheldar/status/235886613123723264"/>
		<document id="2399968328" url="https://twitter.com/belkheldar/status/2399968328"/>
		<document id="2399983987" url="https://twitter.com/belkheldar/status/2399983987"/>
		<document id="2426633981" url="https://twitter.com/belkheldar/status/2426633981"/>
		<document id="251896895331508224" url="https://twitter.com/belkheldar/status/251896895331508224"/>
		<document id="258568100184739840" url="https://twitter.com/belkheldar/status/258568100184739840"/>
		<document id="258568745109315585" url="https://twitter.com/belkheldar/status/258568745109315585"/>
		<document id="258571487458492416" url="https://twitter.com/belkheldar/status/258571487458492416"/>
		<document id="258620370444238848" url="https://twitter.com/belkheldar/status/258620370444238848"/>
		<document id="258634430636228611" url="https://twitter.com/belkheldar/status/258634430636228611"/>
		<document id="258999093324550144" url="https://twitter.com/belkheldar/status/258999093324550144"/>
		<document id="260151140493176832" url="https://twitter.com/belkheldar/status/260151140493176832"/>
		<document id="2659137599" url="https://twitter.com/belkheldar/status/2659137599"/>
		<document id="266382598572478464" url="https://twitter.com/belkheldar/status/266382598572478464"/>
		<document id="2701958769" url="https://twitter.com/belkheldar/status/2701958769"/>
		<document id="270857038123368448" url="https://twitter.com/belkheldar/status/270857038123368448"/>
		<document id="291138781648670721" url="https://twitter.com/belkheldar/status/291138781648670721"/>
		<document id="291519962932183041" url="https://twitter.com/belkheldar/status/291519962932183041"/>
		<document id="292629010557595650" url="https://twitter.com/belkheldar/status/292629010557595650"/>
		<document id="295314249377521664" url="https://twitter.com/belkheldar/status/295314249377521664"/>
		<document id="305558195433267200" url="https://twitter.com/belkheldar/status/305558195433267200"/>
		<document id="305648336986333184" url="https://twitter.com/belkheldar/status/305648336986333184"/>
		<document id="313756527162953733" url="https://twitter.com/belkheldar/status/313756527162953733"/>
		<document id="313759086187532288" url="https://twitter.com/belkheldar/status/313759086187532288"/>
		<document id="3143862576" url="https://twitter.com/belkheldar/status/3143862576"/>
		<document id="316135138239078400" url="https://twitter.com/belkheldar/status/316135138239078400"/>
		<document id="316864622189768704" url="https://twitter.com/belkheldar/status/316864622189768704"/>
		<document id="317471171736121345" url="https://twitter.com/belkheldar/status/317471171736121345"/>
		<document id="317471351713697792" url="https://twitter.com/belkheldar/status/317471351713697792"/>
		<document id="3190690422" url="https://twitter.com/belkheldar/status/3190690422"/>
		<document id="3190859244" url="https://twitter.com/belkheldar/status/3190859244"/>
		<document id="320015091103838209" url="https://twitter.com/belkheldar/status/320015091103838209"/>
		<document id="320021234983247873" url="https://twitter.com/belkheldar/status/320021234983247873"/>
		<document id="320028656128888833" url="https://twitter.com/belkheldar/status/320028656128888833"/>
		<document id="320028956977930241" url="https://twitter.com/belkheldar/status/320028956977930241"/>
		<document id="320029166542143488" url="https://twitter.com/belkheldar/status/320029166542143488"/>
		<document id="320029284955721728" url="https://twitter.com/belkheldar/status/320029284955721728"/>
		<document id="3242363925" url="https://twitter.com/belkheldar/status/3242363925"/>
		<document id="3283311408" url="https://twitter.com/belkheldar/status/3283311408"/>
		<document id="3283321122" url="https://twitter.com/belkheldar/status/3283321122"/>
		<document id="3341688595" url="https://twitter.com/belkheldar/status/3341688595"/>
		<document id="339273727810359296" url="https://twitter.com/belkheldar/status/339273727810359296"/>
		<document id="349713602887950338" url="https://twitter.com/belkheldar/status/349713602887950338"/>
		<document id="354413669486043140" url="https://twitter.com/belkheldar/status/354413669486043140"/>
		<document id="3621457183" url="https://twitter.com/belkheldar/status/3621457183"/>
		<document id="3663054098" url="https://twitter.com/belkheldar/status/3663054098"/>
		<document id="367875946587512832" url="https://twitter.com/belkheldar/status/367875946587512832"/>
		<document id="367978309088333824" url="https://twitter.com/belkheldar/status/367978309088333824"/>
		<document id="380016202996674560" url="https://twitter.com/belkheldar/status/380016202996674560"/>
		<document id="392805687513722880" url="https://twitter.com/belkheldar/status/392805687513722880"/>
		<document id="395115231044567040" url="https://twitter.com/belkheldar/status/395115231044567040"/>
		<document id="3977417251" url="https://twitter.com/belkheldar/status/3977417251"/>
		<document id="4307978084" url="https://twitter.com/belkheldar/status/4307978084"/>
		<document id="5004254311" url="https://twitter.com/belkheldar/status/5004254311"/>
		<document id="5162116856" url="https://twitter.com/belkheldar/status/5162116856"/>
		<document id="5162535690" url="https://twitter.com/belkheldar/status/5162535690"/>
		<document id="5193200046" url="https://twitter.com/belkheldar/status/5193200046"/>
		<document id="5194169262" url="https://twitter.com/belkheldar/status/5194169262"/>
		<document id="5244476479" url="https://twitter.com/belkheldar/status/5244476479"/>
		<document id="5808794343" url="https://twitter.com/belkheldar/status/5808794343"/>
		<document id="6067805905" url="https://twitter.com/belkheldar/status/6067805905"/>
		<document id="6195588949" url="https://twitter.com/belkheldar/status/6195588949"/>
		<document id="6195626367" url="https://twitter.com/belkheldar/status/6195626367"/>
		<document id="6195630894" url="https://twitter.com/belkheldar/status/6195630894"/>
		<document id="842002664" url="https://twitter.com/belkheldar/status/842002664"/>
		<document id="856234209" url="https://twitter.com/belkheldar/status/856234209"/>
		<document id="944323618" url="https://twitter.com/belkheldar/status/944323618"/>
	</documents>
</author>