<?xml version="1.0" encoding="UTF-8" standalone="no"?><author age_group="xx" gender="xx" lang="EN" type="twitter" url="https://twitter.com/BerriDesign">
	<documents count="84">
		<document id="111823675606581248" url="https://twitter.com/BerriDesign/status/111823675606581248"/>
		<document id="113915704033546240" url="https://twitter.com/BerriDesign/status/113915704033546240"/>
		<document id="114628259571970048" url="https://twitter.com/BerriDesign/status/114628259571970048"/>
		<document id="116829298094120960" url="https://twitter.com/BerriDesign/status/116829298094120960"/>
		<document id="117204092593508352" url="https://twitter.com/BerriDesign/status/117204092593508352"/>
		<document id="118984077138337792" url="https://twitter.com/BerriDesign/status/118984077138337792"/>
		<document id="119361378845859841" url="https://twitter.com/BerriDesign/status/119361378845859841"/>
		<document id="125887621422522368" url="https://twitter.com/BerriDesign/status/125887621422522368"/>
		<document id="146956279309533184" url="https://twitter.com/BerriDesign/status/146956279309533184"/>
		<document id="146960270818942976" url="https://twitter.com/BerriDesign/status/146960270818942976"/>
		<document id="147266644165672960" url="https://twitter.com/BerriDesign/status/147266644165672960"/>
		<document id="147679316648542208" url="https://twitter.com/BerriDesign/status/147679316648542208"/>
		<document id="147718554593136640" url="https://twitter.com/BerriDesign/status/147718554593136640"/>
		<document id="147719910494187520" url="https://twitter.com/BerriDesign/status/147719910494187520"/>
		<document id="149426406634434560" url="https://twitter.com/BerriDesign/status/149426406634434560"/>
		<document id="149426628802514944" url="https://twitter.com/BerriDesign/status/149426628802514944"/>
		<document id="149498948770463744" url="https://twitter.com/BerriDesign/status/149498948770463744"/>
		<document id="149505256475213825" url="https://twitter.com/BerriDesign/status/149505256475213825"/>
		<document id="149804902376415232" url="https://twitter.com/BerriDesign/status/149804902376415232"/>
		<document id="149859359617327104" url="https://twitter.com/BerriDesign/status/149859359617327104"/>
		<document id="149868168502976512" url="https://twitter.com/BerriDesign/status/149868168502976512"/>
		<document id="150177405615603712" url="https://twitter.com/BerriDesign/status/150177405615603712"/>
		<document id="154136327233875968" url="https://twitter.com/BerriDesign/status/154136327233875968"/>
		<document id="154568639008342016" url="https://twitter.com/BerriDesign/status/154568639008342016"/>
		<document id="154571725173030913" url="https://twitter.com/BerriDesign/status/154571725173030913"/>
		<document id="154574295782260736" url="https://twitter.com/BerriDesign/status/154574295782260736"/>
		<document id="154578644965146624" url="https://twitter.com/BerriDesign/status/154578644965146624"/>
		<document id="154580413459869696" url="https://twitter.com/BerriDesign/status/154580413459869696"/>
		<document id="155276982475702272" url="https://twitter.com/BerriDesign/status/155276982475702272"/>
		<document id="155342639657525251" url="https://twitter.com/BerriDesign/status/155342639657525251"/>
		<document id="155345013008629760" url="https://twitter.com/BerriDesign/status/155345013008629760"/>
		<document id="156329089840594945" url="https://twitter.com/BerriDesign/status/156329089840594945"/>
		<document id="156331697229668353" url="https://twitter.com/BerriDesign/status/156331697229668353"/>
		<document id="156386076267790336" url="https://twitter.com/BerriDesign/status/156386076267790336"/>
		<document id="156797135491301376" url="https://twitter.com/BerriDesign/status/156797135491301376"/>
		<document id="157068779317235712" url="https://twitter.com/BerriDesign/status/157068779317235712"/>
		<document id="157095168049295361" url="https://twitter.com/BerriDesign/status/157095168049295361"/>
		<document id="157100570174423040" url="https://twitter.com/BerriDesign/status/157100570174423040"/>
		<document id="157111275963428865" url="https://twitter.com/BerriDesign/status/157111275963428865"/>
		<document id="157404851121295360" url="https://twitter.com/BerriDesign/status/157404851121295360"/>
		<document id="157778100913049600" url="https://twitter.com/BerriDesign/status/157778100913049600"/>
		<document id="158928564929052672" url="https://twitter.com/BerriDesign/status/158928564929052672"/>
		<document id="158930196240670720" url="https://twitter.com/BerriDesign/status/158930196240670720"/>
		<document id="158931438543183872" url="https://twitter.com/BerriDesign/status/158931438543183872"/>
		<document id="161439226880200704" url="https://twitter.com/BerriDesign/status/161439226880200704"/>
		<document id="161440884234256385" url="https://twitter.com/BerriDesign/status/161440884234256385"/>
		<document id="161442374277529601" url="https://twitter.com/BerriDesign/status/161442374277529601"/>
		<document id="162850259096182784" url="https://twitter.com/BerriDesign/status/162850259096182784"/>
		<document id="162852020678688768" url="https://twitter.com/BerriDesign/status/162852020678688768"/>
		<document id="162882336097185792" url="https://twitter.com/BerriDesign/status/162882336097185792"/>
		<document id="162892757210365952" url="https://twitter.com/BerriDesign/status/162892757210365952"/>
		<document id="162894970821410817" url="https://twitter.com/BerriDesign/status/162894970821410817"/>
		<document id="162909083186364416" url="https://twitter.com/BerriDesign/status/162909083186364416"/>
		<document id="162910176561725441" url="https://twitter.com/BerriDesign/status/162910176561725441"/>
		<document id="162911966053146624" url="https://twitter.com/BerriDesign/status/162911966053146624"/>
		<document id="163964087645122560" url="https://twitter.com/BerriDesign/status/163964087645122560"/>
		<document id="165404400095997952" url="https://twitter.com/BerriDesign/status/165404400095997952"/>
		<document id="166888964794490880" url="https://twitter.com/BerriDesign/status/166888964794490880"/>
		<document id="167649895568781313" url="https://twitter.com/BerriDesign/status/167649895568781313"/>
		<document id="167651739133153282" url="https://twitter.com/BerriDesign/status/167651739133153282"/>
		<document id="169384560965058560" url="https://twitter.com/BerriDesign/status/169384560965058560"/>
		<document id="169388878157979648" url="https://twitter.com/BerriDesign/status/169388878157979648"/>
		<document id="170112118551617536" url="https://twitter.com/BerriDesign/status/170112118551617536"/>
		<document id="171956451886116865" url="https://twitter.com/BerriDesign/status/171956451886116865"/>
		<document id="172973196365152256" url="https://twitter.com/BerriDesign/status/172973196365152256"/>
		<document id="185822940166750208" url="https://twitter.com/BerriDesign/status/185822940166750208"/>
		<document id="187879787543539714" url="https://twitter.com/BerriDesign/status/187879787543539714"/>
		<document id="189661140677177345" url="https://twitter.com/BerriDesign/status/189661140677177345"/>
		<document id="192980279223271424" url="https://twitter.com/BerriDesign/status/192980279223271424"/>
		<document id="192980878715138048" url="https://twitter.com/BerriDesign/status/192980878715138048"/>
		<document id="193000661439365120" url="https://twitter.com/BerriDesign/status/193000661439365120"/>
		<document id="197271449491341312" url="https://twitter.com/BerriDesign/status/197271449491341312"/>
		<document id="197688818067976192" url="https://twitter.com/BerriDesign/status/197688818067976192"/>
		<document id="198399623046496256" url="https://twitter.com/BerriDesign/status/198399623046496256"/>
		<document id="213555107713925120" url="https://twitter.com/BerriDesign/status/213555107713925120"/>
		<document id="215733432951652352" url="https://twitter.com/BerriDesign/status/215733432951652352"/>
		<document id="229144785032724482" url="https://twitter.com/BerriDesign/status/229144785032724482"/>
		<document id="248732183378927616" url="https://twitter.com/BerriDesign/status/248732183378927616"/>
		<document id="259265925252014080" url="https://twitter.com/BerriDesign/status/259265925252014080"/>
		<document id="262304492681302018" url="https://twitter.com/BerriDesign/status/262304492681302018"/>
		<document id="278155774298030080" url="https://twitter.com/BerriDesign/status/278155774298030080"/>
		<document id="349184007038185473" url="https://twitter.com/BerriDesign/status/349184007038185473"/>
		<document id="349193864415948800" url="https://twitter.com/BerriDesign/status/349193864415948800"/>
		<document id="350268000617775106" url="https://twitter.com/BerriDesign/status/350268000617775106"/>
	</documents>
</author>