<?xml version="1.0" encoding="UTF-8" standalone="no"?><author age_group="xx" gender="xx" lang="EN" type="twitter" url="https://twitter.com/helenaancos">
	<documents count="722">
		<document id="369723568722292736" url="https://twitter.com/helenaancos/status/369723568722292736"/>
		<document id="369780914865586176" url="https://twitter.com/helenaancos/status/369780914865586176"/>
		<document id="369805166213857280" url="https://twitter.com/helenaancos/status/369805166213857280"/>
		<document id="369847107458723841" url="https://twitter.com/helenaancos/status/369847107458723841"/>
		<document id="369855870190247936" url="https://twitter.com/helenaancos/status/369855870190247936"/>
		<document id="369861734053724160" url="https://twitter.com/helenaancos/status/369861734053724160"/>
		<document id="369864548523982848" url="https://twitter.com/helenaancos/status/369864548523982848"/>
		<document id="369864793521651712" url="https://twitter.com/helenaancos/status/369864793521651712"/>
		<document id="369868639971061760" url="https://twitter.com/helenaancos/status/369868639971061760"/>
		<document id="370084708279123968" url="https://twitter.com/helenaancos/status/370084708279123968"/>
		<document id="370097053483155456" url="https://twitter.com/helenaancos/status/370097053483155456"/>
		<document id="370098016927371264" url="https://twitter.com/helenaancos/status/370098016927371264"/>
		<document id="370121226439909376" url="https://twitter.com/helenaancos/status/370121226439909376"/>
		<document id="370148389000060928" url="https://twitter.com/helenaancos/status/370148389000060928"/>
		<document id="370428717937729537" url="https://twitter.com/helenaancos/status/370428717937729537"/>
		<document id="370428812938711040" url="https://twitter.com/helenaancos/status/370428812938711040"/>
		<document id="370429990149849088" url="https://twitter.com/helenaancos/status/370429990149849088"/>
		<document id="370444902800588800" url="https://twitter.com/helenaancos/status/370444902800588800"/>
		<document id="370615382857760769" url="https://twitter.com/helenaancos/status/370615382857760769"/>
		<document id="370641955031883777" url="https://twitter.com/helenaancos/status/370641955031883777"/>
		<document id="370652494378315776" url="https://twitter.com/helenaancos/status/370652494378315776"/>
		<document id="370794674057129984" url="https://twitter.com/helenaancos/status/370794674057129984"/>
		<document id="370831756678950912" url="https://twitter.com/helenaancos/status/370831756678950912"/>
		<document id="371542933725786112" url="https://twitter.com/helenaancos/status/371542933725786112"/>
		<document id="372625450285400064" url="https://twitter.com/helenaancos/status/372625450285400064"/>
		<document id="372628260888543232" url="https://twitter.com/helenaancos/status/372628260888543232"/>
		<document id="372630558901542912" url="https://twitter.com/helenaancos/status/372630558901542912"/>
		<document id="372987521845956608" url="https://twitter.com/helenaancos/status/372987521845956608"/>
		<document id="372997950261444608" url="https://twitter.com/helenaancos/status/372997950261444608"/>
		<document id="373050062332760064" url="https://twitter.com/helenaancos/status/373050062332760064"/>
		<document id="373099586220744704" url="https://twitter.com/helenaancos/status/373099586220744704"/>
		<document id="373107773476995073" url="https://twitter.com/helenaancos/status/373107773476995073"/>
		<document id="373341596835934208" url="https://twitter.com/helenaancos/status/373341596835934208"/>
		<document id="373341698904322048" url="https://twitter.com/helenaancos/status/373341698904322048"/>
		<document id="373431185659412480" url="https://twitter.com/helenaancos/status/373431185659412480"/>
		<document id="373432707759734784" url="https://twitter.com/helenaancos/status/373432707759734784"/>
		<document id="373434064633884672" url="https://twitter.com/helenaancos/status/373434064633884672"/>
		<document id="373438114007879680" url="https://twitter.com/helenaancos/status/373438114007879680"/>
		<document id="373439410790227968" url="https://twitter.com/helenaancos/status/373439410790227968"/>
		<document id="373446267990716416" url="https://twitter.com/helenaancos/status/373446267990716416"/>
		<document id="373448975808221184" url="https://twitter.com/helenaancos/status/373448975808221184"/>
		<document id="373490113462165504" url="https://twitter.com/helenaancos/status/373490113462165504"/>
		<document id="374153420636450816" url="https://twitter.com/helenaancos/status/374153420636450816"/>
		<document id="374153837218897920" url="https://twitter.com/helenaancos/status/374153837218897920"/>
		<document id="374191559585300480" url="https://twitter.com/helenaancos/status/374191559585300480"/>
		<document id="374848822121603072" url="https://twitter.com/helenaancos/status/374848822121603072"/>
		<document id="374850230094942208" url="https://twitter.com/helenaancos/status/374850230094942208"/>
		<document id="374852487205117952" url="https://twitter.com/helenaancos/status/374852487205117952"/>
		<document id="374865869845057537" url="https://twitter.com/helenaancos/status/374865869845057537"/>
		<document id="374868080599793664" url="https://twitter.com/helenaancos/status/374868080599793664"/>
		<document id="374923592905281536" url="https://twitter.com/helenaancos/status/374923592905281536"/>
		<document id="374934170575044608" url="https://twitter.com/helenaancos/status/374934170575044608"/>
		<document id="375143486003380224" url="https://twitter.com/helenaancos/status/375143486003380224"/>
		<document id="375146386393948160" url="https://twitter.com/helenaancos/status/375146386393948160"/>
		<document id="375151565780574208" url="https://twitter.com/helenaancos/status/375151565780574208"/>
		<document id="375640452483276800" url="https://twitter.com/helenaancos/status/375640452483276800"/>
		<document id="375648840248221696" url="https://twitter.com/helenaancos/status/375648840248221696"/>
		<document id="375882525199310848" url="https://twitter.com/helenaancos/status/375882525199310848"/>
		<document id="375889374309007360" url="https://twitter.com/helenaancos/status/375889374309007360"/>
		<document id="375889728627044352" url="https://twitter.com/helenaancos/status/375889728627044352"/>
		<document id="375890999870234624" url="https://twitter.com/helenaancos/status/375890999870234624"/>
		<document id="375893807939985408" url="https://twitter.com/helenaancos/status/375893807939985408"/>
		<document id="375900061324312576" url="https://twitter.com/helenaancos/status/375900061324312576"/>
		<document id="376660005598285824" url="https://twitter.com/helenaancos/status/376660005598285824"/>
		<document id="376661333129043968" url="https://twitter.com/helenaancos/status/376661333129043968"/>
		<document id="376749886940909569" url="https://twitter.com/helenaancos/status/376749886940909569"/>
		<document id="376751470429089792" url="https://twitter.com/helenaancos/status/376751470429089792"/>
		<document id="377135988000448512" url="https://twitter.com/helenaancos/status/377135988000448512"/>
		<document id="377324845429952512" url="https://twitter.com/helenaancos/status/377324845429952512"/>
		<document id="377456899891167232" url="https://twitter.com/helenaancos/status/377456899891167232"/>
		<document id="377528770984685568" url="https://twitter.com/helenaancos/status/377528770984685568"/>
		<document id="377537477697110016" url="https://twitter.com/helenaancos/status/377537477697110016"/>
		<document id="377691475775336448" url="https://twitter.com/helenaancos/status/377691475775336448"/>
		<document id="378978143937527808" url="https://twitter.com/helenaancos/status/378978143937527808"/>
		<document id="378984071093055488" url="https://twitter.com/helenaancos/status/378984071093055488"/>
		<document id="378991959438032896" url="https://twitter.com/helenaancos/status/378991959438032896"/>
		<document id="379206114350747648" url="https://twitter.com/helenaancos/status/379206114350747648"/>
		<document id="379271878814494720" url="https://twitter.com/helenaancos/status/379271878814494720"/>
		<document id="379272675572867072" url="https://twitter.com/helenaancos/status/379272675572867072"/>
		<document id="379276077119840256" url="https://twitter.com/helenaancos/status/379276077119840256"/>
		<document id="379278262012510208" url="https://twitter.com/helenaancos/status/379278262012510208"/>
		<document id="379279713698865152" url="https://twitter.com/helenaancos/status/379279713698865152"/>
		<document id="379280103156744192" url="https://twitter.com/helenaancos/status/379280103156744192"/>
		<document id="379701051886411777" url="https://twitter.com/helenaancos/status/379701051886411777"/>
		<document id="382890134703976449" url="https://twitter.com/helenaancos/status/382890134703976449"/>
		<document id="386757158920278016" url="https://twitter.com/helenaancos/status/386757158920278016"/>
		<document id="390721158691434496" url="https://twitter.com/helenaancos/status/390721158691434496"/>
		<document id="390721785337237504" url="https://twitter.com/helenaancos/status/390721785337237504"/>
		<document id="390723765036150784" url="https://twitter.com/helenaancos/status/390723765036150784"/>
		<document id="390725352416632832" url="https://twitter.com/helenaancos/status/390725352416632832"/>
		<document id="390726693767618561" url="https://twitter.com/helenaancos/status/390726693767618561"/>
		<document id="390733116312403968" url="https://twitter.com/helenaancos/status/390733116312403968"/>
		<document id="390741622826496000" url="https://twitter.com/helenaancos/status/390741622826496000"/>
		<document id="390806051190501376" url="https://twitter.com/helenaancos/status/390806051190501376"/>
		<document id="391095136425631744" url="https://twitter.com/helenaancos/status/391095136425631744"/>
		<document id="391095418408685568" url="https://twitter.com/helenaancos/status/391095418408685568"/>
		<document id="391095619584278528" url="https://twitter.com/helenaancos/status/391095619584278528"/>
		<document id="391103612992364544" url="https://twitter.com/helenaancos/status/391103612992364544"/>
		<document id="391178829378879489" url="https://twitter.com/helenaancos/status/391178829378879489"/>
		<document id="391180998907793408" url="https://twitter.com/helenaancos/status/391180998907793408"/>
		<document id="394366678714548224" url="https://twitter.com/helenaancos/status/394366678714548224"/>
		<document id="394376087012401152" url="https://twitter.com/helenaancos/status/394376087012401152"/>
		<document id="394377220984418304" url="https://twitter.com/helenaancos/status/394377220984418304"/>
		<document id="395094757871206400" url="https://twitter.com/helenaancos/status/395094757871206400"/>
		<document id="395095984117940224" url="https://twitter.com/helenaancos/status/395095984117940224"/>
		<document id="395281714467315712" url="https://twitter.com/helenaancos/status/395281714467315712"/>
		<document id="395281889378177024" url="https://twitter.com/helenaancos/status/395281889378177024"/>
		<document id="395435376976089088" url="https://twitter.com/helenaancos/status/395435376976089088"/>
		<document id="395478506114514945" url="https://twitter.com/helenaancos/status/395478506114514945"/>
		<document id="395537292112445440" url="https://twitter.com/helenaancos/status/395537292112445440"/>
		<document id="395560095503093760" url="https://twitter.com/helenaancos/status/395560095503093760"/>
		<document id="395560630981505024" url="https://twitter.com/helenaancos/status/395560630981505024"/>
		<document id="395796783106117632" url="https://twitter.com/helenaancos/status/395796783106117632"/>
		<document id="395801276141043712" url="https://twitter.com/helenaancos/status/395801276141043712"/>
		<document id="395821393272901632" url="https://twitter.com/helenaancos/status/395821393272901632"/>
		<document id="395822924479090688" url="https://twitter.com/helenaancos/status/395822924479090688"/>
		<document id="395829838696951808" url="https://twitter.com/helenaancos/status/395829838696951808"/>
		<document id="396290334738886656" url="https://twitter.com/helenaancos/status/396290334738886656"/>
		<document id="396354099752730625" url="https://twitter.com/helenaancos/status/396354099752730625"/>
		<document id="397030965253783552" url="https://twitter.com/helenaancos/status/397030965253783552"/>
		<document id="397255653942906880" url="https://twitter.com/helenaancos/status/397255653942906880"/>
		<document id="397258038228549632" url="https://twitter.com/helenaancos/status/397258038228549632"/>
		<document id="397258215454687232" url="https://twitter.com/helenaancos/status/397258215454687232"/>
		<document id="397260652655693824" url="https://twitter.com/helenaancos/status/397260652655693824"/>
		<document id="397461837999910912" url="https://twitter.com/helenaancos/status/397461837999910912"/>
		<document id="397472715864825856" url="https://twitter.com/helenaancos/status/397472715864825856"/>
		<document id="398349254991040512" url="https://twitter.com/helenaancos/status/398349254991040512"/>
		<document id="398350428439855104" url="https://twitter.com/helenaancos/status/398350428439855104"/>
		<document id="398350450887778304" url="https://twitter.com/helenaancos/status/398350450887778304"/>
		<document id="398356727995068416" url="https://twitter.com/helenaancos/status/398356727995068416"/>
		<document id="398359209001353216" url="https://twitter.com/helenaancos/status/398359209001353216"/>
		<document id="399090054041456640" url="https://twitter.com/helenaancos/status/399090054041456640"/>
		<document id="399090318618136576" url="https://twitter.com/helenaancos/status/399090318618136576"/>
		<document id="399101549861146624" url="https://twitter.com/helenaancos/status/399101549861146624"/>
		<document id="399103479626866688" url="https://twitter.com/helenaancos/status/399103479626866688"/>
		<document id="399107426315939840" url="https://twitter.com/helenaancos/status/399107426315939840"/>
		<document id="399656453176573953" url="https://twitter.com/helenaancos/status/399656453176573953"/>
		<document id="400005687885176832" url="https://twitter.com/helenaancos/status/400005687885176832"/>
		<document id="400163128400683008" url="https://twitter.com/helenaancos/status/400163128400683008"/>
		<document id="400163907362652160" url="https://twitter.com/helenaancos/status/400163907362652160"/>
		<document id="400166757245403136" url="https://twitter.com/helenaancos/status/400166757245403136"/>
		<document id="400169912481890304" url="https://twitter.com/helenaancos/status/400169912481890304"/>
		<document id="400170193659629568" url="https://twitter.com/helenaancos/status/400170193659629568"/>
		<document id="400172500891762689" url="https://twitter.com/helenaancos/status/400172500891762689"/>
		<document id="400173767772876800" url="https://twitter.com/helenaancos/status/400173767772876800"/>
		<document id="400386657314430976" url="https://twitter.com/helenaancos/status/400386657314430976"/>
		<document id="400540877032271872" url="https://twitter.com/helenaancos/status/400540877032271872"/>
		<document id="400542587456856064" url="https://twitter.com/helenaancos/status/400542587456856064"/>
		<document id="400548620505595904" url="https://twitter.com/helenaancos/status/400548620505595904"/>
		<document id="400549521937018880" url="https://twitter.com/helenaancos/status/400549521937018880"/>
		<document id="400549810895204352" url="https://twitter.com/helenaancos/status/400549810895204352"/>
		<document id="400565284454408193" url="https://twitter.com/helenaancos/status/400565284454408193"/>
		<document id="400867501732798464" url="https://twitter.com/helenaancos/status/400867501732798464"/>
		<document id="400876908487118848" url="https://twitter.com/helenaancos/status/400876908487118848"/>
		<document id="400900075633012736" url="https://twitter.com/helenaancos/status/400900075633012736"/>
		<document id="400900390591668224" url="https://twitter.com/helenaancos/status/400900390591668224"/>
		<document id="400902789712609280" url="https://twitter.com/helenaancos/status/400902789712609280"/>
		<document id="401246025031372801" url="https://twitter.com/helenaancos/status/401246025031372801"/>
		<document id="401251443208105984" url="https://twitter.com/helenaancos/status/401251443208105984"/>
		<document id="401252777894371328" url="https://twitter.com/helenaancos/status/401252777894371328"/>
		<document id="401263442314919936" url="https://twitter.com/helenaancos/status/401263442314919936"/>
		<document id="401269216818778112" url="https://twitter.com/helenaancos/status/401269216818778112"/>
		<document id="401400539570647041" url="https://twitter.com/helenaancos/status/401400539570647041"/>
		<document id="402113123932729344" url="https://twitter.com/helenaancos/status/402113123932729344"/>
		<document id="402114051586945024" url="https://twitter.com/helenaancos/status/402114051586945024"/>
		<document id="402345522826321920" url="https://twitter.com/helenaancos/status/402345522826321920"/>
		<document id="402353202827628544" url="https://twitter.com/helenaancos/status/402353202827628544"/>
		<document id="402356359662153728" url="https://twitter.com/helenaancos/status/402356359662153728"/>
		<document id="402357645085921280" url="https://twitter.com/helenaancos/status/402357645085921280"/>
		<document id="402359949612679169" url="https://twitter.com/helenaancos/status/402359949612679169"/>
		<document id="402361448640172032" url="https://twitter.com/helenaancos/status/402361448640172032"/>
		<document id="402379603567599616" url="https://twitter.com/helenaancos/status/402379603567599616"/>
		<document id="402693722582040576" url="https://twitter.com/helenaancos/status/402693722582040576"/>
		<document id="402704194781863936" url="https://twitter.com/helenaancos/status/402704194781863936"/>
		<document id="403445410099761152" url="https://twitter.com/helenaancos/status/403445410099761152"/>
		<document id="403447276321787904" url="https://twitter.com/helenaancos/status/403447276321787904"/>
		<document id="403793542642155520" url="https://twitter.com/helenaancos/status/403793542642155520"/>
		<document id="403796622033039360" url="https://twitter.com/helenaancos/status/403796622033039360"/>
		<document id="403797930957897728" url="https://twitter.com/helenaancos/status/403797930957897728"/>
		<document id="404531988247629824" url="https://twitter.com/helenaancos/status/404531988247629824"/>
		<document id="406341066825428993" url="https://twitter.com/helenaancos/status/406341066825428993"/>
		<document id="406348372711591936" url="https://twitter.com/helenaancos/status/406348372711591936"/>
		<document id="406353916545486848" url="https://twitter.com/helenaancos/status/406353916545486848"/>
		<document id="406365391263641600" url="https://twitter.com/helenaancos/status/406365391263641600"/>
		<document id="407163433701097472" url="https://twitter.com/helenaancos/status/407163433701097472"/>
		<document id="407536191295459328" url="https://twitter.com/helenaancos/status/407536191295459328"/>
		<document id="407536436184113152" url="https://twitter.com/helenaancos/status/407536436184113152"/>
		<document id="407537248138440704" url="https://twitter.com/helenaancos/status/407537248138440704"/>
		<document id="407773844469190656" url="https://twitter.com/helenaancos/status/407773844469190656"/>
		<document id="407777501059223552" url="https://twitter.com/helenaancos/status/407777501059223552"/>
		<document id="407779895302160384" url="https://twitter.com/helenaancos/status/407779895302160384"/>
		<document id="407829672366735360" url="https://twitter.com/helenaancos/status/407829672366735360"/>
		<document id="408130772445704192" url="https://twitter.com/helenaancos/status/408130772445704192"/>
		<document id="408132990821490688" url="https://twitter.com/helenaancos/status/408132990821490688"/>
		<document id="408149321570586624" url="https://twitter.com/helenaancos/status/408149321570586624"/>
		<document id="408516061307609088" url="https://twitter.com/helenaancos/status/408516061307609088"/>
		<document id="410310892640030720" url="https://twitter.com/helenaancos/status/410310892640030720"/>
		<document id="410314447170060288" url="https://twitter.com/helenaancos/status/410314447170060288"/>
		<document id="411397000270454785" url="https://twitter.com/helenaancos/status/411397000270454785"/>
		<document id="411399255283466240" url="https://twitter.com/helenaancos/status/411399255283466240"/>
		<document id="412478340470435840" url="https://twitter.com/helenaancos/status/412478340470435840"/>
		<document id="412669004709642240" url="https://twitter.com/helenaancos/status/412669004709642240"/>
		<document id="413227051613552642" url="https://twitter.com/helenaancos/status/413227051613552642"/>
		<document id="413231651041185792" url="https://twitter.com/helenaancos/status/413231651041185792"/>
		<document id="413231951495974912" url="https://twitter.com/helenaancos/status/413231951495974912"/>
		<document id="413232630973202432" url="https://twitter.com/helenaancos/status/413232630973202432"/>
		<document id="413233441077870593" url="https://twitter.com/helenaancos/status/413233441077870593"/>
		<document id="413571457298743296" url="https://twitter.com/helenaancos/status/413571457298743296"/>
		<document id="413574121403207680" url="https://twitter.com/helenaancos/status/413574121403207680"/>
		<document id="413582112470880256" url="https://twitter.com/helenaancos/status/413582112470880256"/>
		<document id="417588848081002496" url="https://twitter.com/helenaancos/status/417588848081002496"/>
		<document id="417736218395574272" url="https://twitter.com/helenaancos/status/417736218395574272"/>
		<document id="417739464644231169" url="https://twitter.com/helenaancos/status/417739464644231169"/>
		<document id="417739725655777280" url="https://twitter.com/helenaancos/status/417739725655777280"/>
		<document id="417920149258502144" url="https://twitter.com/helenaancos/status/417920149258502144"/>
		<document id="417925503425982464" url="https://twitter.com/helenaancos/status/417925503425982464"/>
		<document id="417930121178521600" url="https://twitter.com/helenaancos/status/417930121178521600"/>
		<document id="418655580572893184" url="https://twitter.com/helenaancos/status/418655580572893184"/>
		<document id="418658560793640960" url="https://twitter.com/helenaancos/status/418658560793640960"/>
		<document id="418659286227906560" url="https://twitter.com/helenaancos/status/418659286227906560"/>
		<document id="418660003047022592" url="https://twitter.com/helenaancos/status/418660003047022592"/>
		<document id="418660318446108672" url="https://twitter.com/helenaancos/status/418660318446108672"/>
		<document id="419019677403447297" url="https://twitter.com/helenaancos/status/419019677403447297"/>
		<document id="419019901266067456" url="https://twitter.com/helenaancos/status/419019901266067456"/>
		<document id="419020536543723520" url="https://twitter.com/helenaancos/status/419020536543723520"/>
		<document id="419575936523460609" url="https://twitter.com/helenaancos/status/419575936523460609"/>
		<document id="419584294315917312" url="https://twitter.com/helenaancos/status/419584294315917312"/>
		<document id="420463805274279936" url="https://twitter.com/helenaancos/status/420463805274279936"/>
		<document id="420464619954905088" url="https://twitter.com/helenaancos/status/420464619954905088"/>
		<document id="420467562796048384" url="https://twitter.com/helenaancos/status/420467562796048384"/>
		<document id="420474078768926723" url="https://twitter.com/helenaancos/status/420474078768926723"/>
		<document id="420475652127862784" url="https://twitter.com/helenaancos/status/420475652127862784"/>
		<document id="420477394672451584" url="https://twitter.com/helenaancos/status/420477394672451584"/>
		<document id="420478084631265280" url="https://twitter.com/helenaancos/status/420478084631265280"/>
		<document id="420479714546159616" url="https://twitter.com/helenaancos/status/420479714546159616"/>
		<document id="420838207304241152" url="https://twitter.com/helenaancos/status/420838207304241152"/>
		<document id="420840105054830592" url="https://twitter.com/helenaancos/status/420840105054830592"/>
		<document id="420842554637430784" url="https://twitter.com/helenaancos/status/420842554637430784"/>
		<document id="420843912107159552" url="https://twitter.com/helenaancos/status/420843912107159552"/>
		<document id="420895262413164544" url="https://twitter.com/helenaancos/status/420895262413164544"/>
		<document id="421250616972017665" url="https://twitter.com/helenaancos/status/421250616972017665"/>
		<document id="421295101252751360" url="https://twitter.com/helenaancos/status/421295101252751360"/>
		<document id="421553768401219584" url="https://twitter.com/helenaancos/status/421553768401219584"/>
		<document id="421554094030204928" url="https://twitter.com/helenaancos/status/421554094030204928"/>
		<document id="421562226659450880" url="https://twitter.com/helenaancos/status/421562226659450880"/>
		<document id="421562794350510080" url="https://twitter.com/helenaancos/status/421562794350510080"/>
		<document id="422833100612448256" url="https://twitter.com/helenaancos/status/422833100612448256"/>
		<document id="422839846831652864" url="https://twitter.com/helenaancos/status/422839846831652864"/>
		<document id="422843066840809472" url="https://twitter.com/helenaancos/status/422843066840809472"/>
		<document id="422998707463012352" url="https://twitter.com/helenaancos/status/422998707463012352"/>
		<document id="423001815735885825" url="https://twitter.com/helenaancos/status/423001815735885825"/>
		<document id="423557705471893504" url="https://twitter.com/helenaancos/status/423557705471893504"/>
		<document id="423558892422176769" url="https://twitter.com/helenaancos/status/423558892422176769"/>
		<document id="423559328915005440" url="https://twitter.com/helenaancos/status/423559328915005440"/>
		<document id="423735581781557248" url="https://twitter.com/helenaancos/status/423735581781557248"/>
		<document id="424085248729960448" url="https://twitter.com/helenaancos/status/424085248729960448"/>
		<document id="424086974535065600" url="https://twitter.com/helenaancos/status/424086974535065600"/>
		<document id="426357153247817729" url="https://twitter.com/helenaancos/status/426357153247817729"/>
		<document id="426627563189207040" url="https://twitter.com/helenaancos/status/426627563189207040"/>
		<document id="426628139666919424" url="https://twitter.com/helenaancos/status/426628139666919424"/>
		<document id="426631992156114944" url="https://twitter.com/helenaancos/status/426631992156114944"/>
		<document id="426638988598726656" url="https://twitter.com/helenaancos/status/426638988598726656"/>
		<document id="369723568722292736" url="https://twitter.com/helenaancos/status/369723568722292736"/>
		<document id="369780914865586176" url="https://twitter.com/helenaancos/status/369780914865586176"/>
		<document id="369805166213857280" url="https://twitter.com/helenaancos/status/369805166213857280"/>
		<document id="369847107458723841" url="https://twitter.com/helenaancos/status/369847107458723841"/>
		<document id="369855870190247936" url="https://twitter.com/helenaancos/status/369855870190247936"/>
		<document id="369861734053724160" url="https://twitter.com/helenaancos/status/369861734053724160"/>
		<document id="369864548523982848" url="https://twitter.com/helenaancos/status/369864548523982848"/>
		<document id="369864793521651712" url="https://twitter.com/helenaancos/status/369864793521651712"/>
		<document id="369868639971061760" url="https://twitter.com/helenaancos/status/369868639971061760"/>
		<document id="370084708279123968" url="https://twitter.com/helenaancos/status/370084708279123968"/>
		<document id="370097053483155456" url="https://twitter.com/helenaancos/status/370097053483155456"/>
		<document id="370098016927371264" url="https://twitter.com/helenaancos/status/370098016927371264"/>
		<document id="370121226439909376" url="https://twitter.com/helenaancos/status/370121226439909376"/>
		<document id="370148389000060928" url="https://twitter.com/helenaancos/status/370148389000060928"/>
		<document id="370428717937729537" url="https://twitter.com/helenaancos/status/370428717937729537"/>
		<document id="370428812938711040" url="https://twitter.com/helenaancos/status/370428812938711040"/>
		<document id="370429990149849088" url="https://twitter.com/helenaancos/status/370429990149849088"/>
		<document id="370444902800588800" url="https://twitter.com/helenaancos/status/370444902800588800"/>
		<document id="370615382857760769" url="https://twitter.com/helenaancos/status/370615382857760769"/>
		<document id="370641955031883777" url="https://twitter.com/helenaancos/status/370641955031883777"/>
		<document id="370652494378315776" url="https://twitter.com/helenaancos/status/370652494378315776"/>
		<document id="370794674057129984" url="https://twitter.com/helenaancos/status/370794674057129984"/>
		<document id="370831756678950912" url="https://twitter.com/helenaancos/status/370831756678950912"/>
		<document id="371542933725786112" url="https://twitter.com/helenaancos/status/371542933725786112"/>
		<document id="372625450285400064" url="https://twitter.com/helenaancos/status/372625450285400064"/>
		<document id="372628260888543232" url="https://twitter.com/helenaancos/status/372628260888543232"/>
		<document id="372630558901542912" url="https://twitter.com/helenaancos/status/372630558901542912"/>
		<document id="372987521845956608" url="https://twitter.com/helenaancos/status/372987521845956608"/>
		<document id="372997950261444608" url="https://twitter.com/helenaancos/status/372997950261444608"/>
		<document id="373050062332760064" url="https://twitter.com/helenaancos/status/373050062332760064"/>
		<document id="373099586220744704" url="https://twitter.com/helenaancos/status/373099586220744704"/>
		<document id="373107773476995073" url="https://twitter.com/helenaancos/status/373107773476995073"/>
		<document id="373341596835934208" url="https://twitter.com/helenaancos/status/373341596835934208"/>
		<document id="373341698904322048" url="https://twitter.com/helenaancos/status/373341698904322048"/>
		<document id="373431185659412480" url="https://twitter.com/helenaancos/status/373431185659412480"/>
		<document id="373432707759734784" url="https://twitter.com/helenaancos/status/373432707759734784"/>
		<document id="373434064633884672" url="https://twitter.com/helenaancos/status/373434064633884672"/>
		<document id="373438114007879680" url="https://twitter.com/helenaancos/status/373438114007879680"/>
		<document id="373439410790227968" url="https://twitter.com/helenaancos/status/373439410790227968"/>
		<document id="373446267990716416" url="https://twitter.com/helenaancos/status/373446267990716416"/>
		<document id="373448975808221184" url="https://twitter.com/helenaancos/status/373448975808221184"/>
		<document id="373490113462165504" url="https://twitter.com/helenaancos/status/373490113462165504"/>
		<document id="374153420636450816" url="https://twitter.com/helenaancos/status/374153420636450816"/>
		<document id="374153837218897920" url="https://twitter.com/helenaancos/status/374153837218897920"/>
		<document id="374191559585300480" url="https://twitter.com/helenaancos/status/374191559585300480"/>
		<document id="374848822121603072" url="https://twitter.com/helenaancos/status/374848822121603072"/>
		<document id="374850230094942208" url="https://twitter.com/helenaancos/status/374850230094942208"/>
		<document id="374852487205117952" url="https://twitter.com/helenaancos/status/374852487205117952"/>
		<document id="374865869845057537" url="https://twitter.com/helenaancos/status/374865869845057537"/>
		<document id="374868080599793664" url="https://twitter.com/helenaancos/status/374868080599793664"/>
		<document id="374923592905281536" url="https://twitter.com/helenaancos/status/374923592905281536"/>
		<document id="374934170575044608" url="https://twitter.com/helenaancos/status/374934170575044608"/>
		<document id="375143486003380224" url="https://twitter.com/helenaancos/status/375143486003380224"/>
		<document id="375146386393948160" url="https://twitter.com/helenaancos/status/375146386393948160"/>
		<document id="375151565780574208" url="https://twitter.com/helenaancos/status/375151565780574208"/>
		<document id="375640452483276800" url="https://twitter.com/helenaancos/status/375640452483276800"/>
		<document id="375648840248221696" url="https://twitter.com/helenaancos/status/375648840248221696"/>
		<document id="375882525199310848" url="https://twitter.com/helenaancos/status/375882525199310848"/>
		<document id="375889374309007360" url="https://twitter.com/helenaancos/status/375889374309007360"/>
		<document id="375889728627044352" url="https://twitter.com/helenaancos/status/375889728627044352"/>
		<document id="375890999870234624" url="https://twitter.com/helenaancos/status/375890999870234624"/>
		<document id="375893807939985408" url="https://twitter.com/helenaancos/status/375893807939985408"/>
		<document id="375900061324312576" url="https://twitter.com/helenaancos/status/375900061324312576"/>
		<document id="376660005598285824" url="https://twitter.com/helenaancos/status/376660005598285824"/>
		<document id="376661333129043968" url="https://twitter.com/helenaancos/status/376661333129043968"/>
		<document id="376749886940909569" url="https://twitter.com/helenaancos/status/376749886940909569"/>
		<document id="376751470429089792" url="https://twitter.com/helenaancos/status/376751470429089792"/>
		<document id="377135988000448512" url="https://twitter.com/helenaancos/status/377135988000448512"/>
		<document id="377324845429952512" url="https://twitter.com/helenaancos/status/377324845429952512"/>
		<document id="377456899891167232" url="https://twitter.com/helenaancos/status/377456899891167232"/>
		<document id="377528770984685568" url="https://twitter.com/helenaancos/status/377528770984685568"/>
		<document id="377537477697110016" url="https://twitter.com/helenaancos/status/377537477697110016"/>
		<document id="377691475775336448" url="https://twitter.com/helenaancos/status/377691475775336448"/>
		<document id="378978143937527808" url="https://twitter.com/helenaancos/status/378978143937527808"/>
		<document id="378984071093055488" url="https://twitter.com/helenaancos/status/378984071093055488"/>
		<document id="378991959438032896" url="https://twitter.com/helenaancos/status/378991959438032896"/>
		<document id="379206114350747648" url="https://twitter.com/helenaancos/status/379206114350747648"/>
		<document id="379271878814494720" url="https://twitter.com/helenaancos/status/379271878814494720"/>
		<document id="379272675572867072" url="https://twitter.com/helenaancos/status/379272675572867072"/>
		<document id="379276077119840256" url="https://twitter.com/helenaancos/status/379276077119840256"/>
		<document id="379278262012510208" url="https://twitter.com/helenaancos/status/379278262012510208"/>
		<document id="379279713698865152" url="https://twitter.com/helenaancos/status/379279713698865152"/>
		<document id="379280103156744192" url="https://twitter.com/helenaancos/status/379280103156744192"/>
		<document id="379701051886411777" url="https://twitter.com/helenaancos/status/379701051886411777"/>
		<document id="382890134703976449" url="https://twitter.com/helenaancos/status/382890134703976449"/>
		<document id="386757158920278016" url="https://twitter.com/helenaancos/status/386757158920278016"/>
		<document id="390721158691434496" url="https://twitter.com/helenaancos/status/390721158691434496"/>
		<document id="390721785337237504" url="https://twitter.com/helenaancos/status/390721785337237504"/>
		<document id="390723765036150784" url="https://twitter.com/helenaancos/status/390723765036150784"/>
		<document id="390725352416632832" url="https://twitter.com/helenaancos/status/390725352416632832"/>
		<document id="390726693767618561" url="https://twitter.com/helenaancos/status/390726693767618561"/>
		<document id="390733116312403968" url="https://twitter.com/helenaancos/status/390733116312403968"/>
		<document id="390741622826496000" url="https://twitter.com/helenaancos/status/390741622826496000"/>
		<document id="390806051190501376" url="https://twitter.com/helenaancos/status/390806051190501376"/>
		<document id="391095136425631744" url="https://twitter.com/helenaancos/status/391095136425631744"/>
		<document id="391095418408685568" url="https://twitter.com/helenaancos/status/391095418408685568"/>
		<document id="391095619584278528" url="https://twitter.com/helenaancos/status/391095619584278528"/>
		<document id="391103612992364544" url="https://twitter.com/helenaancos/status/391103612992364544"/>
		<document id="391178829378879489" url="https://twitter.com/helenaancos/status/391178829378879489"/>
		<document id="391180998907793408" url="https://twitter.com/helenaancos/status/391180998907793408"/>
		<document id="394366678714548224" url="https://twitter.com/helenaancos/status/394366678714548224"/>
		<document id="394376087012401152" url="https://twitter.com/helenaancos/status/394376087012401152"/>
		<document id="394377220984418304" url="https://twitter.com/helenaancos/status/394377220984418304"/>
		<document id="395094757871206400" url="https://twitter.com/helenaancos/status/395094757871206400"/>
		<document id="395095984117940224" url="https://twitter.com/helenaancos/status/395095984117940224"/>
		<document id="395281714467315712" url="https://twitter.com/helenaancos/status/395281714467315712"/>
		<document id="395281889378177024" url="https://twitter.com/helenaancos/status/395281889378177024"/>
		<document id="395435376976089088" url="https://twitter.com/helenaancos/status/395435376976089088"/>
		<document id="395478506114514945" url="https://twitter.com/helenaancos/status/395478506114514945"/>
		<document id="395537292112445440" url="https://twitter.com/helenaancos/status/395537292112445440"/>
		<document id="395560095503093760" url="https://twitter.com/helenaancos/status/395560095503093760"/>
		<document id="395560630981505024" url="https://twitter.com/helenaancos/status/395560630981505024"/>
		<document id="395796783106117632" url="https://twitter.com/helenaancos/status/395796783106117632"/>
		<document id="395801276141043712" url="https://twitter.com/helenaancos/status/395801276141043712"/>
		<document id="395821393272901632" url="https://twitter.com/helenaancos/status/395821393272901632"/>
		<document id="395822924479090688" url="https://twitter.com/helenaancos/status/395822924479090688"/>
		<document id="395829838696951808" url="https://twitter.com/helenaancos/status/395829838696951808"/>
		<document id="396290334738886656" url="https://twitter.com/helenaancos/status/396290334738886656"/>
		<document id="396354099752730625" url="https://twitter.com/helenaancos/status/396354099752730625"/>
		<document id="397030965253783552" url="https://twitter.com/helenaancos/status/397030965253783552"/>
		<document id="397255653942906880" url="https://twitter.com/helenaancos/status/397255653942906880"/>
		<document id="397258038228549632" url="https://twitter.com/helenaancos/status/397258038228549632"/>
		<document id="397258215454687232" url="https://twitter.com/helenaancos/status/397258215454687232"/>
		<document id="397260652655693824" url="https://twitter.com/helenaancos/status/397260652655693824"/>
		<document id="397461837999910912" url="https://twitter.com/helenaancos/status/397461837999910912"/>
		<document id="397472715864825856" url="https://twitter.com/helenaancos/status/397472715864825856"/>
		<document id="398349254991040512" url="https://twitter.com/helenaancos/status/398349254991040512"/>
		<document id="398350428439855104" url="https://twitter.com/helenaancos/status/398350428439855104"/>
		<document id="398350450887778304" url="https://twitter.com/helenaancos/status/398350450887778304"/>
		<document id="398356727995068416" url="https://twitter.com/helenaancos/status/398356727995068416"/>
		<document id="398359209001353216" url="https://twitter.com/helenaancos/status/398359209001353216"/>
		<document id="399090054041456640" url="https://twitter.com/helenaancos/status/399090054041456640"/>
		<document id="399090318618136576" url="https://twitter.com/helenaancos/status/399090318618136576"/>
		<document id="399101549861146624" url="https://twitter.com/helenaancos/status/399101549861146624"/>
		<document id="399103479626866688" url="https://twitter.com/helenaancos/status/399103479626866688"/>
		<document id="399107426315939840" url="https://twitter.com/helenaancos/status/399107426315939840"/>
		<document id="399656453176573953" url="https://twitter.com/helenaancos/status/399656453176573953"/>
		<document id="400005687885176832" url="https://twitter.com/helenaancos/status/400005687885176832"/>
		<document id="400163128400683008" url="https://twitter.com/helenaancos/status/400163128400683008"/>
		<document id="400163907362652160" url="https://twitter.com/helenaancos/status/400163907362652160"/>
		<document id="400166757245403136" url="https://twitter.com/helenaancos/status/400166757245403136"/>
		<document id="400169912481890304" url="https://twitter.com/helenaancos/status/400169912481890304"/>
		<document id="400170193659629568" url="https://twitter.com/helenaancos/status/400170193659629568"/>
		<document id="400172500891762689" url="https://twitter.com/helenaancos/status/400172500891762689"/>
		<document id="400173767772876800" url="https://twitter.com/helenaancos/status/400173767772876800"/>
		<document id="400386657314430976" url="https://twitter.com/helenaancos/status/400386657314430976"/>
		<document id="400540877032271872" url="https://twitter.com/helenaancos/status/400540877032271872"/>
		<document id="400542587456856064" url="https://twitter.com/helenaancos/status/400542587456856064"/>
		<document id="400548620505595904" url="https://twitter.com/helenaancos/status/400548620505595904"/>
		<document id="400549521937018880" url="https://twitter.com/helenaancos/status/400549521937018880"/>
		<document id="400549810895204352" url="https://twitter.com/helenaancos/status/400549810895204352"/>
		<document id="400565284454408193" url="https://twitter.com/helenaancos/status/400565284454408193"/>
		<document id="400867501732798464" url="https://twitter.com/helenaancos/status/400867501732798464"/>
		<document id="400876908487118848" url="https://twitter.com/helenaancos/status/400876908487118848"/>
		<document id="400900075633012736" url="https://twitter.com/helenaancos/status/400900075633012736"/>
		<document id="400900390591668224" url="https://twitter.com/helenaancos/status/400900390591668224"/>
		<document id="400902789712609280" url="https://twitter.com/helenaancos/status/400902789712609280"/>
		<document id="401246025031372801" url="https://twitter.com/helenaancos/status/401246025031372801"/>
		<document id="401251443208105984" url="https://twitter.com/helenaancos/status/401251443208105984"/>
		<document id="401252777894371328" url="https://twitter.com/helenaancos/status/401252777894371328"/>
		<document id="401263442314919936" url="https://twitter.com/helenaancos/status/401263442314919936"/>
		<document id="401269216818778112" url="https://twitter.com/helenaancos/status/401269216818778112"/>
		<document id="401400539570647041" url="https://twitter.com/helenaancos/status/401400539570647041"/>
		<document id="402113123932729344" url="https://twitter.com/helenaancos/status/402113123932729344"/>
		<document id="402114051586945024" url="https://twitter.com/helenaancos/status/402114051586945024"/>
		<document id="402345522826321920" url="https://twitter.com/helenaancos/status/402345522826321920"/>
		<document id="402353202827628544" url="https://twitter.com/helenaancos/status/402353202827628544"/>
		<document id="402356359662153728" url="https://twitter.com/helenaancos/status/402356359662153728"/>
		<document id="402357645085921280" url="https://twitter.com/helenaancos/status/402357645085921280"/>
		<document id="402359949612679169" url="https://twitter.com/helenaancos/status/402359949612679169"/>
		<document id="402361448640172032" url="https://twitter.com/helenaancos/status/402361448640172032"/>
		<document id="402379603567599616" url="https://twitter.com/helenaancos/status/402379603567599616"/>
		<document id="402693722582040576" url="https://twitter.com/helenaancos/status/402693722582040576"/>
		<document id="402704194781863936" url="https://twitter.com/helenaancos/status/402704194781863936"/>
		<document id="403445410099761152" url="https://twitter.com/helenaancos/status/403445410099761152"/>
		<document id="403447276321787904" url="https://twitter.com/helenaancos/status/403447276321787904"/>
		<document id="403793542642155520" url="https://twitter.com/helenaancos/status/403793542642155520"/>
		<document id="403796622033039360" url="https://twitter.com/helenaancos/status/403796622033039360"/>
		<document id="403797930957897728" url="https://twitter.com/helenaancos/status/403797930957897728"/>
		<document id="404531988247629824" url="https://twitter.com/helenaancos/status/404531988247629824"/>
		<document id="406341066825428993" url="https://twitter.com/helenaancos/status/406341066825428993"/>
		<document id="406348372711591936" url="https://twitter.com/helenaancos/status/406348372711591936"/>
		<document id="406353916545486848" url="https://twitter.com/helenaancos/status/406353916545486848"/>
		<document id="406365391263641600" url="https://twitter.com/helenaancos/status/406365391263641600"/>
		<document id="407163433701097472" url="https://twitter.com/helenaancos/status/407163433701097472"/>
		<document id="407536191295459328" url="https://twitter.com/helenaancos/status/407536191295459328"/>
		<document id="407536436184113152" url="https://twitter.com/helenaancos/status/407536436184113152"/>
		<document id="407537248138440704" url="https://twitter.com/helenaancos/status/407537248138440704"/>
		<document id="407773844469190656" url="https://twitter.com/helenaancos/status/407773844469190656"/>
		<document id="407777501059223552" url="https://twitter.com/helenaancos/status/407777501059223552"/>
		<document id="407779895302160384" url="https://twitter.com/helenaancos/status/407779895302160384"/>
		<document id="407829672366735360" url="https://twitter.com/helenaancos/status/407829672366735360"/>
		<document id="408130772445704192" url="https://twitter.com/helenaancos/status/408130772445704192"/>
		<document id="408132990821490688" url="https://twitter.com/helenaancos/status/408132990821490688"/>
		<document id="408149321570586624" url="https://twitter.com/helenaancos/status/408149321570586624"/>
		<document id="408516061307609088" url="https://twitter.com/helenaancos/status/408516061307609088"/>
		<document id="410310892640030720" url="https://twitter.com/helenaancos/status/410310892640030720"/>
		<document id="410314447170060288" url="https://twitter.com/helenaancos/status/410314447170060288"/>
		<document id="411397000270454785" url="https://twitter.com/helenaancos/status/411397000270454785"/>
		<document id="411399255283466240" url="https://twitter.com/helenaancos/status/411399255283466240"/>
		<document id="412478340470435840" url="https://twitter.com/helenaancos/status/412478340470435840"/>
		<document id="412669004709642240" url="https://twitter.com/helenaancos/status/412669004709642240"/>
		<document id="413227051613552642" url="https://twitter.com/helenaancos/status/413227051613552642"/>
		<document id="413231651041185792" url="https://twitter.com/helenaancos/status/413231651041185792"/>
		<document id="413231951495974912" url="https://twitter.com/helenaancos/status/413231951495974912"/>
		<document id="413232630973202432" url="https://twitter.com/helenaancos/status/413232630973202432"/>
		<document id="413233441077870593" url="https://twitter.com/helenaancos/status/413233441077870593"/>
		<document id="413571457298743296" url="https://twitter.com/helenaancos/status/413571457298743296"/>
		<document id="413574121403207680" url="https://twitter.com/helenaancos/status/413574121403207680"/>
		<document id="413582112470880256" url="https://twitter.com/helenaancos/status/413582112470880256"/>
		<document id="417588848081002496" url="https://twitter.com/helenaancos/status/417588848081002496"/>
		<document id="417736218395574272" url="https://twitter.com/helenaancos/status/417736218395574272"/>
		<document id="417739464644231169" url="https://twitter.com/helenaancos/status/417739464644231169"/>
		<document id="417739725655777280" url="https://twitter.com/helenaancos/status/417739725655777280"/>
		<document id="417920149258502144" url="https://twitter.com/helenaancos/status/417920149258502144"/>
		<document id="417925503425982464" url="https://twitter.com/helenaancos/status/417925503425982464"/>
		<document id="417930121178521600" url="https://twitter.com/helenaancos/status/417930121178521600"/>
		<document id="418655580572893184" url="https://twitter.com/helenaancos/status/418655580572893184"/>
		<document id="418658560793640960" url="https://twitter.com/helenaancos/status/418658560793640960"/>
		<document id="418659286227906560" url="https://twitter.com/helenaancos/status/418659286227906560"/>
		<document id="418660003047022592" url="https://twitter.com/helenaancos/status/418660003047022592"/>
		<document id="418660318446108672" url="https://twitter.com/helenaancos/status/418660318446108672"/>
		<document id="419019677403447297" url="https://twitter.com/helenaancos/status/419019677403447297"/>
		<document id="419019901266067456" url="https://twitter.com/helenaancos/status/419019901266067456"/>
		<document id="419020536543723520" url="https://twitter.com/helenaancos/status/419020536543723520"/>
		<document id="419575936523460609" url="https://twitter.com/helenaancos/status/419575936523460609"/>
		<document id="419584294315917312" url="https://twitter.com/helenaancos/status/419584294315917312"/>
		<document id="420463805274279936" url="https://twitter.com/helenaancos/status/420463805274279936"/>
		<document id="420464619954905088" url="https://twitter.com/helenaancos/status/420464619954905088"/>
		<document id="420467562796048384" url="https://twitter.com/helenaancos/status/420467562796048384"/>
		<document id="420474078768926723" url="https://twitter.com/helenaancos/status/420474078768926723"/>
		<document id="420475652127862784" url="https://twitter.com/helenaancos/status/420475652127862784"/>
		<document id="420477394672451584" url="https://twitter.com/helenaancos/status/420477394672451584"/>
		<document id="420478084631265280" url="https://twitter.com/helenaancos/status/420478084631265280"/>
		<document id="420479714546159616" url="https://twitter.com/helenaancos/status/420479714546159616"/>
		<document id="420838207304241152" url="https://twitter.com/helenaancos/status/420838207304241152"/>
		<document id="420840105054830592" url="https://twitter.com/helenaancos/status/420840105054830592"/>
		<document id="420842554637430784" url="https://twitter.com/helenaancos/status/420842554637430784"/>
		<document id="420843912107159552" url="https://twitter.com/helenaancos/status/420843912107159552"/>
		<document id="420895262413164544" url="https://twitter.com/helenaancos/status/420895262413164544"/>
		<document id="421250616972017665" url="https://twitter.com/helenaancos/status/421250616972017665"/>
		<document id="421295101252751360" url="https://twitter.com/helenaancos/status/421295101252751360"/>
		<document id="421553768401219584" url="https://twitter.com/helenaancos/status/421553768401219584"/>
		<document id="421554094030204928" url="https://twitter.com/helenaancos/status/421554094030204928"/>
		<document id="421562226659450880" url="https://twitter.com/helenaancos/status/421562226659450880"/>
		<document id="421562794350510080" url="https://twitter.com/helenaancos/status/421562794350510080"/>
		<document id="422833100612448256" url="https://twitter.com/helenaancos/status/422833100612448256"/>
		<document id="422839846831652864" url="https://twitter.com/helenaancos/status/422839846831652864"/>
		<document id="422843066840809472" url="https://twitter.com/helenaancos/status/422843066840809472"/>
		<document id="422998707463012352" url="https://twitter.com/helenaancos/status/422998707463012352"/>
		<document id="423001815735885825" url="https://twitter.com/helenaancos/status/423001815735885825"/>
		<document id="423557705471893504" url="https://twitter.com/helenaancos/status/423557705471893504"/>
		<document id="423558892422176769" url="https://twitter.com/helenaancos/status/423558892422176769"/>
		<document id="423559328915005440" url="https://twitter.com/helenaancos/status/423559328915005440"/>
		<document id="423735581781557248" url="https://twitter.com/helenaancos/status/423735581781557248"/>
		<document id="424085248729960448" url="https://twitter.com/helenaancos/status/424085248729960448"/>
		<document id="424086974535065600" url="https://twitter.com/helenaancos/status/424086974535065600"/>
		<document id="426357153247817729" url="https://twitter.com/helenaancos/status/426357153247817729"/>
		<document id="426627563189207040" url="https://twitter.com/helenaancos/status/426627563189207040"/>
		<document id="426628139666919424" url="https://twitter.com/helenaancos/status/426628139666919424"/>
		<document id="426631992156114944" url="https://twitter.com/helenaancos/status/426631992156114944"/>
		<document id="426638988598726656" url="https://twitter.com/helenaancos/status/426638988598726656"/>
	</documents>
</author>