<?xml version="1.0" encoding="UTF-8" standalone="no"?><author age_group="xx" gender="xx" lang="EN" type="twitter" url="https://twitter.com/Adrimartin">
	<documents count="782">
		<document id="401433824137338880" url="https://twitter.com/Adrimartin/status/401433824137338880"/>
		<document id="401456914263187456" url="https://twitter.com/Adrimartin/status/401456914263187456"/>
		<document id="401466391901274112" url="https://twitter.com/Adrimartin/status/401466391901274112"/>
		<document id="401472972596445184" url="https://twitter.com/Adrimartin/status/401472972596445184"/>
		<document id="401473210245742593" url="https://twitter.com/Adrimartin/status/401473210245742593"/>
		<document id="401473596402700289" url="https://twitter.com/Adrimartin/status/401473596402700289"/>
		<document id="401473990684082176" url="https://twitter.com/Adrimartin/status/401473990684082176"/>
		<document id="401474122922094592" url="https://twitter.com/Adrimartin/status/401474122922094592"/>
		<document id="401474191431843840" url="https://twitter.com/Adrimartin/status/401474191431843840"/>
		<document id="401474898297892865" url="https://twitter.com/Adrimartin/status/401474898297892865"/>
		<document id="401476301049331712" url="https://twitter.com/Adrimartin/status/401476301049331712"/>
		<document id="401476659767160832" url="https://twitter.com/Adrimartin/status/401476659767160832"/>
		<document id="401749496042102784" url="https://twitter.com/Adrimartin/status/401749496042102784"/>
		<document id="401753707517583360" url="https://twitter.com/Adrimartin/status/401753707517583360"/>
		<document id="401755944662876160" url="https://twitter.com/Adrimartin/status/401755944662876160"/>
		<document id="401854733067251713" url="https://twitter.com/Adrimartin/status/401854733067251713"/>
		<document id="401855587920936960" url="https://twitter.com/Adrimartin/status/401855587920936960"/>
		<document id="402050868650196992" url="https://twitter.com/Adrimartin/status/402050868650196992"/>
		<document id="402052726869475328" url="https://twitter.com/Adrimartin/status/402052726869475328"/>
		<document id="402052806775164928" url="https://twitter.com/Adrimartin/status/402052806775164928"/>
		<document id="402061992091213825" url="https://twitter.com/Adrimartin/status/402061992091213825"/>
		<document id="402121936639373312" url="https://twitter.com/Adrimartin/status/402121936639373312"/>
		<document id="402138551560986625" url="https://twitter.com/Adrimartin/status/402138551560986625"/>
		<document id="402144450866323456" url="https://twitter.com/Adrimartin/status/402144450866323456"/>
		<document id="402146398352965633" url="https://twitter.com/Adrimartin/status/402146398352965633"/>
		<document id="402151828412174337" url="https://twitter.com/Adrimartin/status/402151828412174337"/>
		<document id="402154381703118848" url="https://twitter.com/Adrimartin/status/402154381703118848"/>
		<document id="402208649210523648" url="https://twitter.com/Adrimartin/status/402208649210523648"/>
		<document id="402208897970487296" url="https://twitter.com/Adrimartin/status/402208897970487296"/>
		<document id="402212435266117632" url="https://twitter.com/Adrimartin/status/402212435266117632"/>
		<document id="402212693459103744" url="https://twitter.com/Adrimartin/status/402212693459103744"/>
		<document id="402239464619401216" url="https://twitter.com/Adrimartin/status/402239464619401216"/>
		<document id="402432651208163328" url="https://twitter.com/Adrimartin/status/402432651208163328"/>
		<document id="402433129535004672" url="https://twitter.com/Adrimartin/status/402433129535004672"/>
		<document id="402444752215617536" url="https://twitter.com/Adrimartin/status/402444752215617536"/>
		<document id="402465602016923648" url="https://twitter.com/Adrimartin/status/402465602016923648"/>
		<document id="402467195084877824" url="https://twitter.com/Adrimartin/status/402467195084877824"/>
		<document id="402469143972413440" url="https://twitter.com/Adrimartin/status/402469143972413440"/>
		<document id="402485340075991040" url="https://twitter.com/Adrimartin/status/402485340075991040"/>
		<document id="402486174914478080" url="https://twitter.com/Adrimartin/status/402486174914478080"/>
		<document id="402521745393201153" url="https://twitter.com/Adrimartin/status/402521745393201153"/>
		<document id="402521898590150656" url="https://twitter.com/Adrimartin/status/402521898590150656"/>
		<document id="402544352138121216" url="https://twitter.com/Adrimartin/status/402544352138121216"/>
		<document id="402544773468553217" url="https://twitter.com/Adrimartin/status/402544773468553217"/>
		<document id="402545631887384576" url="https://twitter.com/Adrimartin/status/402545631887384576"/>
		<document id="402548943940513792" url="https://twitter.com/Adrimartin/status/402548943940513792"/>
		<document id="402548969471217664" url="https://twitter.com/Adrimartin/status/402548969471217664"/>
		<document id="402549212229148672" url="https://twitter.com/Adrimartin/status/402549212229148672"/>
		<document id="402555130694082560" url="https://twitter.com/Adrimartin/status/402555130694082560"/>
		<document id="402557989242277888" url="https://twitter.com/Adrimartin/status/402557989242277888"/>
		<document id="402565734435672064" url="https://twitter.com/Adrimartin/status/402565734435672064"/>
		<document id="402566418425999360" url="https://twitter.com/Adrimartin/status/402566418425999360"/>
		<document id="402566658612809728" url="https://twitter.com/Adrimartin/status/402566658612809728"/>
		<document id="402568506522497024" url="https://twitter.com/Adrimartin/status/402568506522497024"/>
		<document id="402570544501260288" url="https://twitter.com/Adrimartin/status/402570544501260288"/>
		<document id="402571047448637440" url="https://twitter.com/Adrimartin/status/402571047448637440"/>
		<document id="402571163228205057" url="https://twitter.com/Adrimartin/status/402571163228205057"/>
		<document id="402571747163389952" url="https://twitter.com/Adrimartin/status/402571747163389952"/>
		<document id="402793265310994432" url="https://twitter.com/Adrimartin/status/402793265310994432"/>
		<document id="402796908605091840" url="https://twitter.com/Adrimartin/status/402796908605091840"/>
		<document id="402797241385381888" url="https://twitter.com/Adrimartin/status/402797241385381888"/>
		<document id="402798555037179904" url="https://twitter.com/Adrimartin/status/402798555037179904"/>
		<document id="402798696628502528" url="https://twitter.com/Adrimartin/status/402798696628502528"/>
		<document id="402809217528397825" url="https://twitter.com/Adrimartin/status/402809217528397825"/>
		<document id="402841001305579520" url="https://twitter.com/Adrimartin/status/402841001305579520"/>
		<document id="402841161968386048" url="https://twitter.com/Adrimartin/status/402841161968386048"/>
		<document id="402841261553774592" url="https://twitter.com/Adrimartin/status/402841261553774592"/>
		<document id="402842700963397632" url="https://twitter.com/Adrimartin/status/402842700963397632"/>
		<document id="402868830151909377" url="https://twitter.com/Adrimartin/status/402868830151909377"/>
		<document id="402869006522404864" url="https://twitter.com/Adrimartin/status/402869006522404864"/>
		<document id="402869387914653696" url="https://twitter.com/Adrimartin/status/402869387914653696"/>
		<document id="402870630997299202" url="https://twitter.com/Adrimartin/status/402870630997299202"/>
		<document id="402871819012964352" url="https://twitter.com/Adrimartin/status/402871819012964352"/>
		<document id="402875749394558976" url="https://twitter.com/Adrimartin/status/402875749394558976"/>
		<document id="402878910477901824" url="https://twitter.com/Adrimartin/status/402878910477901824"/>
		<document id="402953330156396544" url="https://twitter.com/Adrimartin/status/402953330156396544"/>
		<document id="402954878294978560" url="https://twitter.com/Adrimartin/status/402954878294978560"/>
		<document id="403110435563790336" url="https://twitter.com/Adrimartin/status/403110435563790336"/>
		<document id="403111327998439424" url="https://twitter.com/Adrimartin/status/403111327998439424"/>
		<document id="403112107954421760" url="https://twitter.com/Adrimartin/status/403112107954421760"/>
		<document id="403112813352460288" url="https://twitter.com/Adrimartin/status/403112813352460288"/>
		<document id="403112965828014080" url="https://twitter.com/Adrimartin/status/403112965828014080"/>
		<document id="403113679614664704" url="https://twitter.com/Adrimartin/status/403113679614664704"/>
		<document id="403114441405124608" url="https://twitter.com/Adrimartin/status/403114441405124608"/>
		<document id="403114669642375168" url="https://twitter.com/Adrimartin/status/403114669642375168"/>
		<document id="403114769911410689" url="https://twitter.com/Adrimartin/status/403114769911410689"/>
		<document id="403115129283158016" url="https://twitter.com/Adrimartin/status/403115129283158016"/>
		<document id="403115850578018304" url="https://twitter.com/Adrimartin/status/403115850578018304"/>
		<document id="403116254099423232" url="https://twitter.com/Adrimartin/status/403116254099423232"/>
		<document id="403116356868243457" url="https://twitter.com/Adrimartin/status/403116356868243457"/>
		<document id="403116450216697856" url="https://twitter.com/Adrimartin/status/403116450216697856"/>
		<document id="403117385072513024" url="https://twitter.com/Adrimartin/status/403117385072513024"/>
		<document id="403119056951451648" url="https://twitter.com/Adrimartin/status/403119056951451648"/>
		<document id="403119081727217665" url="https://twitter.com/Adrimartin/status/403119081727217665"/>
		<document id="403119121652789249" url="https://twitter.com/Adrimartin/status/403119121652789249"/>
		<document id="403120111525306368" url="https://twitter.com/Adrimartin/status/403120111525306368"/>
		<document id="403120809054859264" url="https://twitter.com/Adrimartin/status/403120809054859264"/>
		<document id="403120887152787456" url="https://twitter.com/Adrimartin/status/403120887152787456"/>
		<document id="403121676529192960" url="https://twitter.com/Adrimartin/status/403121676529192960"/>
		<document id="403135365441388545" url="https://twitter.com/Adrimartin/status/403135365441388545"/>
		<document id="403172496285130752" url="https://twitter.com/Adrimartin/status/403172496285130752"/>
		<document id="403195870986129408" url="https://twitter.com/Adrimartin/status/403195870986129408"/>
		<document id="403208101786312704" url="https://twitter.com/Adrimartin/status/403208101786312704"/>
		<document id="403208697780109312" url="https://twitter.com/Adrimartin/status/403208697780109312"/>
		<document id="403208784321216512" url="https://twitter.com/Adrimartin/status/403208784321216512"/>
		<document id="403209501459099648" url="https://twitter.com/Adrimartin/status/403209501459099648"/>
		<document id="403331354621800448" url="https://twitter.com/Adrimartin/status/403331354621800448"/>
		<document id="403456463341105152" url="https://twitter.com/Adrimartin/status/403456463341105152"/>
		<document id="403507566606835712" url="https://twitter.com/Adrimartin/status/403507566606835712"/>
		<document id="403507690200371201" url="https://twitter.com/Adrimartin/status/403507690200371201"/>
		<document id="403507988277002240" url="https://twitter.com/Adrimartin/status/403507988277002240"/>
		<document id="403508108888391680" url="https://twitter.com/Adrimartin/status/403508108888391680"/>
		<document id="403508227360718848" url="https://twitter.com/Adrimartin/status/403508227360718848"/>
		<document id="403508489940905984" url="https://twitter.com/Adrimartin/status/403508489940905984"/>
		<document id="403508676050563072" url="https://twitter.com/Adrimartin/status/403508676050563072"/>
		<document id="403511985729716224" url="https://twitter.com/Adrimartin/status/403511985729716224"/>
		<document id="403512255457026048" url="https://twitter.com/Adrimartin/status/403512255457026048"/>
		<document id="403512377326731264" url="https://twitter.com/Adrimartin/status/403512377326731264"/>
		<document id="403512442829156352" url="https://twitter.com/Adrimartin/status/403512442829156352"/>
		<document id="403512592892981248" url="https://twitter.com/Adrimartin/status/403512592892981248"/>
		<document id="403512865505964032" url="https://twitter.com/Adrimartin/status/403512865505964032"/>
		<document id="403513058141954048" url="https://twitter.com/Adrimartin/status/403513058141954048"/>
		<document id="403513186240176129" url="https://twitter.com/Adrimartin/status/403513186240176129"/>
		<document id="403513456848277504" url="https://twitter.com/Adrimartin/status/403513456848277504"/>
		<document id="403513697236418560" url="https://twitter.com/Adrimartin/status/403513697236418560"/>
		<document id="403513938928992256" url="https://twitter.com/Adrimartin/status/403513938928992256"/>
		<document id="403514248774819841" url="https://twitter.com/Adrimartin/status/403514248774819841"/>
		<document id="403514290755604480" url="https://twitter.com/Adrimartin/status/403514290755604480"/>
		<document id="403514603541635072" url="https://twitter.com/Adrimartin/status/403514603541635072"/>
		<document id="403515638347726848" url="https://twitter.com/Adrimartin/status/403515638347726848"/>
		<document id="403516311944585216" url="https://twitter.com/Adrimartin/status/403516311944585216"/>
		<document id="403554692074319872" url="https://twitter.com/Adrimartin/status/403554692074319872"/>
		<document id="403554746034057216" url="https://twitter.com/Adrimartin/status/403554746034057216"/>
		<document id="403577456306978816" url="https://twitter.com/Adrimartin/status/403577456306978816"/>
		<document id="403580789428068352" url="https://twitter.com/Adrimartin/status/403580789428068352"/>
		<document id="403589152505348096" url="https://twitter.com/Adrimartin/status/403589152505348096"/>
		<document id="403589710695505920" url="https://twitter.com/Adrimartin/status/403589710695505920"/>
		<document id="403592240981086208" url="https://twitter.com/Adrimartin/status/403592240981086208"/>
		<document id="403595781409869825" url="https://twitter.com/Adrimartin/status/403595781409869825"/>
		<document id="403599461550927872" url="https://twitter.com/Adrimartin/status/403599461550927872"/>
		<document id="403601080124444672" url="https://twitter.com/Adrimartin/status/403601080124444672"/>
		<document id="403601624712904704" url="https://twitter.com/Adrimartin/status/403601624712904704"/>
		<document id="403601751867404288" url="https://twitter.com/Adrimartin/status/403601751867404288"/>
		<document id="403602311794413568" url="https://twitter.com/Adrimartin/status/403602311794413568"/>
		<document id="403603546710765568" url="https://twitter.com/Adrimartin/status/403603546710765568"/>
		<document id="403603895936905216" url="https://twitter.com/Adrimartin/status/403603895936905216"/>
		<document id="403605003258322944" url="https://twitter.com/Adrimartin/status/403605003258322944"/>
		<document id="403605728902254593" url="https://twitter.com/Adrimartin/status/403605728902254593"/>
		<document id="403605835009777664" url="https://twitter.com/Adrimartin/status/403605835009777664"/>
		<document id="403606296831991809" url="https://twitter.com/Adrimartin/status/403606296831991809"/>
		<document id="403619140281565184" url="https://twitter.com/Adrimartin/status/403619140281565184"/>
		<document id="403619430057639936" url="https://twitter.com/Adrimartin/status/403619430057639936"/>
		<document id="403634256318320641" url="https://twitter.com/Adrimartin/status/403634256318320641"/>
		<document id="403635676635492352" url="https://twitter.com/Adrimartin/status/403635676635492352"/>
		<document id="403662217289416704" url="https://twitter.com/Adrimartin/status/403662217289416704"/>
		<document id="403876182011441152" url="https://twitter.com/Adrimartin/status/403876182011441152"/>
		<document id="403876801422045184" url="https://twitter.com/Adrimartin/status/403876801422045184"/>
		<document id="403877187985891328" url="https://twitter.com/Adrimartin/status/403877187985891328"/>
		<document id="403878735071694848" url="https://twitter.com/Adrimartin/status/403878735071694848"/>
		<document id="403879113947381760" url="https://twitter.com/Adrimartin/status/403879113947381760"/>
		<document id="403880788170924032" url="https://twitter.com/Adrimartin/status/403880788170924032"/>
		<document id="403881360022335488" url="https://twitter.com/Adrimartin/status/403881360022335488"/>
		<document id="403885710975180800" url="https://twitter.com/Adrimartin/status/403885710975180800"/>
		<document id="403897433840943106" url="https://twitter.com/Adrimartin/status/403897433840943106"/>
		<document id="403903155467223040" url="https://twitter.com/Adrimartin/status/403903155467223040"/>
		<document id="403904026804518912" url="https://twitter.com/Adrimartin/status/403904026804518912"/>
		<document id="403906616862724096" url="https://twitter.com/Adrimartin/status/403906616862724096"/>
		<document id="403908054376525824" url="https://twitter.com/Adrimartin/status/403908054376525824"/>
		<document id="404024349528555520" url="https://twitter.com/Adrimartin/status/404024349528555520"/>
		<document id="404024451559591936" url="https://twitter.com/Adrimartin/status/404024451559591936"/>
		<document id="404328957321150465" url="https://twitter.com/Adrimartin/status/404328957321150465"/>
		<document id="404347796469592064" url="https://twitter.com/Adrimartin/status/404347796469592064"/>
		<document id="404347877289656320" url="https://twitter.com/Adrimartin/status/404347877289656320"/>
		<document id="404369810190241792" url="https://twitter.com/Adrimartin/status/404369810190241792"/>
		<document id="404370015996346368" url="https://twitter.com/Adrimartin/status/404370015996346368"/>
		<document id="404590200133017600" url="https://twitter.com/Adrimartin/status/404590200133017600"/>
		<document id="404603695767511041" url="https://twitter.com/Adrimartin/status/404603695767511041"/>
		<document id="404619334976565248" url="https://twitter.com/Adrimartin/status/404619334976565248"/>
		<document id="404619420670361600" url="https://twitter.com/Adrimartin/status/404619420670361600"/>
		<document id="404661913113853952" url="https://twitter.com/Adrimartin/status/404661913113853952"/>
		<document id="404663320277712896" url="https://twitter.com/Adrimartin/status/404663320277712896"/>
		<document id="404666313253343233" url="https://twitter.com/Adrimartin/status/404666313253343233"/>
		<document id="404695751219220480" url="https://twitter.com/Adrimartin/status/404695751219220480"/>
		<document id="404696993756643329" url="https://twitter.com/Adrimartin/status/404696993756643329"/>
		<document id="404711167350030336" url="https://twitter.com/Adrimartin/status/404711167350030336"/>
		<document id="404711410653229058" url="https://twitter.com/Adrimartin/status/404711410653229058"/>
		<document id="404711495017463808" url="https://twitter.com/Adrimartin/status/404711495017463808"/>
		<document id="404711662227554306" url="https://twitter.com/Adrimartin/status/404711662227554306"/>
		<document id="404711757446676480" url="https://twitter.com/Adrimartin/status/404711757446676480"/>
		<document id="404711828783370240" url="https://twitter.com/Adrimartin/status/404711828783370240"/>
		<document id="404712013047558144" url="https://twitter.com/Adrimartin/status/404712013047558144"/>
		<document id="404712045545017345" url="https://twitter.com/Adrimartin/status/404712045545017345"/>
		<document id="404712199077494784" url="https://twitter.com/Adrimartin/status/404712199077494784"/>
		<document id="404750303016546304" url="https://twitter.com/Adrimartin/status/404750303016546304"/>
		<document id="404937751843569664" url="https://twitter.com/Adrimartin/status/404937751843569664"/>
		<document id="404962215302021120" url="https://twitter.com/Adrimartin/status/404962215302021120"/>
		<document id="404968232043679744" url="https://twitter.com/Adrimartin/status/404968232043679744"/>
		<document id="404968263182204928" url="https://twitter.com/Adrimartin/status/404968263182204928"/>
		<document id="405019319324917760" url="https://twitter.com/Adrimartin/status/405019319324917760"/>
		<document id="405026507032383488" url="https://twitter.com/Adrimartin/status/405026507032383488"/>
		<document id="405027633819549696" url="https://twitter.com/Adrimartin/status/405027633819549696"/>
		<document id="405035498651254785" url="https://twitter.com/Adrimartin/status/405035498651254785"/>
		<document id="405035534072152064" url="https://twitter.com/Adrimartin/status/405035534072152064"/>
		<document id="405038194158469120" url="https://twitter.com/Adrimartin/status/405038194158469120"/>
		<document id="405038301033537536" url="https://twitter.com/Adrimartin/status/405038301033537536"/>
		<document id="405047389800894464" url="https://twitter.com/Adrimartin/status/405047389800894464"/>
		<document id="405047438580654080" url="https://twitter.com/Adrimartin/status/405047438580654080"/>
		<document id="405047494130008065" url="https://twitter.com/Adrimartin/status/405047494130008065"/>
		<document id="405047989359886336" url="https://twitter.com/Adrimartin/status/405047989359886336"/>
		<document id="405055731629838336" url="https://twitter.com/Adrimartin/status/405055731629838336"/>
		<document id="405057187506323456" url="https://twitter.com/Adrimartin/status/405057187506323456"/>
		<document id="405058249403428864" url="https://twitter.com/Adrimartin/status/405058249403428864"/>
		<document id="405058780372938752" url="https://twitter.com/Adrimartin/status/405058780372938752"/>
		<document id="405059368364027904" url="https://twitter.com/Adrimartin/status/405059368364027904"/>
		<document id="405059418754408448" url="https://twitter.com/Adrimartin/status/405059418754408448"/>
		<document id="405059824544919552" url="https://twitter.com/Adrimartin/status/405059824544919552"/>
		<document id="405059978123546624" url="https://twitter.com/Adrimartin/status/405059978123546624"/>
		<document id="405063500307124224" url="https://twitter.com/Adrimartin/status/405063500307124224"/>
		<document id="405063835876614144" url="https://twitter.com/Adrimartin/status/405063835876614144"/>
		<document id="405063914490441728" url="https://twitter.com/Adrimartin/status/405063914490441728"/>
		<document id="405064581846163456" url="https://twitter.com/Adrimartin/status/405064581846163456"/>
		<document id="405075620272828416" url="https://twitter.com/Adrimartin/status/405075620272828416"/>
		<document id="405082707325378561" url="https://twitter.com/Adrimartin/status/405082707325378561"/>
		<document id="405083776386359296" url="https://twitter.com/Adrimartin/status/405083776386359296"/>
		<document id="405106661247176704" url="https://twitter.com/Adrimartin/status/405106661247176704"/>
		<document id="405119924647231488" url="https://twitter.com/Adrimartin/status/405119924647231488"/>
		<document id="405120290176651264" url="https://twitter.com/Adrimartin/status/405120290176651264"/>
		<document id="405122962493550592" url="https://twitter.com/Adrimartin/status/405122962493550592"/>
		<document id="405312499626827776" url="https://twitter.com/Adrimartin/status/405312499626827776"/>
		<document id="405343968118202368" url="https://twitter.com/Adrimartin/status/405343968118202368"/>
		<document id="405350808809517056" url="https://twitter.com/Adrimartin/status/405350808809517056"/>
		<document id="405370920359182336" url="https://twitter.com/Adrimartin/status/405370920359182336"/>
		<document id="405376919644168193" url="https://twitter.com/Adrimartin/status/405376919644168193"/>
		<document id="405386762018893824" url="https://twitter.com/Adrimartin/status/405386762018893824"/>
		<document id="405387261183025152" url="https://twitter.com/Adrimartin/status/405387261183025152"/>
		<document id="405421345485225984" url="https://twitter.com/Adrimartin/status/405421345485225984"/>
		<document id="405422036186447872" url="https://twitter.com/Adrimartin/status/405422036186447872"/>
		<document id="405422592812539906" url="https://twitter.com/Adrimartin/status/405422592812539906"/>
		<document id="405495088827998208" url="https://twitter.com/Adrimartin/status/405495088827998208"/>
		<document id="405579036413657088" url="https://twitter.com/Adrimartin/status/405579036413657088"/>
		<document id="405579213090340864" url="https://twitter.com/Adrimartin/status/405579213090340864"/>
		<document id="405753135815479297" url="https://twitter.com/Adrimartin/status/405753135815479297"/>
		<document id="405758158494507008" url="https://twitter.com/Adrimartin/status/405758158494507008"/>
		<document id="405759761008046080" url="https://twitter.com/Adrimartin/status/405759761008046080"/>
		<document id="405759868889755648" url="https://twitter.com/Adrimartin/status/405759868889755648"/>
		<document id="405761835947003904" url="https://twitter.com/Adrimartin/status/405761835947003904"/>
		<document id="405762355306299392" url="https://twitter.com/Adrimartin/status/405762355306299392"/>
		<document id="405766683505459200" url="https://twitter.com/Adrimartin/status/405766683505459200"/>
		<document id="405766948015050752" url="https://twitter.com/Adrimartin/status/405766948015050752"/>
		<document id="405767195302842370" url="https://twitter.com/Adrimartin/status/405767195302842370"/>
		<document id="405769220463792129" url="https://twitter.com/Adrimartin/status/405769220463792129"/>
		<document id="405838323337674752" url="https://twitter.com/Adrimartin/status/405838323337674752"/>
		<document id="405843353344151552" url="https://twitter.com/Adrimartin/status/405843353344151552"/>
		<document id="405843367969689600" url="https://twitter.com/Adrimartin/status/405843367969689600"/>
		<document id="405843520583651329" url="https://twitter.com/Adrimartin/status/405843520583651329"/>
		<document id="405843636459675649" url="https://twitter.com/Adrimartin/status/405843636459675649"/>
		<document id="405843880698212352" url="https://twitter.com/Adrimartin/status/405843880698212352"/>
		<document id="405843929415041025" url="https://twitter.com/Adrimartin/status/405843929415041025"/>
		<document id="405844076123410432" url="https://twitter.com/Adrimartin/status/405844076123410432"/>
		<document id="405848077124501504" url="https://twitter.com/Adrimartin/status/405848077124501504"/>
		<document id="406012313297518592" url="https://twitter.com/Adrimartin/status/406012313297518592"/>
		<document id="406013350959910912" url="https://twitter.com/Adrimartin/status/406013350959910912"/>
		<document id="406017029658132480" url="https://twitter.com/Adrimartin/status/406017029658132480"/>
		<document id="406029303533797377" url="https://twitter.com/Adrimartin/status/406029303533797377"/>
		<document id="406030604871163904" url="https://twitter.com/Adrimartin/status/406030604871163904"/>
		<document id="406030715726614528" url="https://twitter.com/Adrimartin/status/406030715726614528"/>
		<document id="406033189405491201" url="https://twitter.com/Adrimartin/status/406033189405491201"/>
		<document id="406089262564909056" url="https://twitter.com/Adrimartin/status/406089262564909056"/>
		<document id="406360440529502208" url="https://twitter.com/Adrimartin/status/406360440529502208"/>
		<document id="406360733220605952" url="https://twitter.com/Adrimartin/status/406360733220605952"/>
		<document id="406361890789801984" url="https://twitter.com/Adrimartin/status/406361890789801984"/>
		<document id="406363266110484480" url="https://twitter.com/Adrimartin/status/406363266110484480"/>
		<document id="406363336188891136" url="https://twitter.com/Adrimartin/status/406363336188891136"/>
		<document id="406366507841896450" url="https://twitter.com/Adrimartin/status/406366507841896450"/>
		<document id="406366600317927424" url="https://twitter.com/Adrimartin/status/406366600317927424"/>
		<document id="406390015712055296" url="https://twitter.com/Adrimartin/status/406390015712055296"/>
		<document id="406391402676117504" url="https://twitter.com/Adrimartin/status/406391402676117504"/>
		<document id="406394565483327488" url="https://twitter.com/Adrimartin/status/406394565483327488"/>
		<document id="406397983639744512" url="https://twitter.com/Adrimartin/status/406397983639744512"/>
		<document id="406398210950037504" url="https://twitter.com/Adrimartin/status/406398210950037504"/>
		<document id="406398382748737536" url="https://twitter.com/Adrimartin/status/406398382748737536"/>
		<document id="406398432212180992" url="https://twitter.com/Adrimartin/status/406398432212180992"/>
		<document id="406398568287993856" url="https://twitter.com/Adrimartin/status/406398568287993856"/>
		<document id="406398613804556288" url="https://twitter.com/Adrimartin/status/406398613804556288"/>
		<document id="406399056752439296" url="https://twitter.com/Adrimartin/status/406399056752439296"/>
		<document id="406399271861518336" url="https://twitter.com/Adrimartin/status/406399271861518336"/>
		<document id="406401597166874624" url="https://twitter.com/Adrimartin/status/406401597166874624"/>
		<document id="406407244562321408" url="https://twitter.com/Adrimartin/status/406407244562321408"/>
		<document id="406407486330388480" url="https://twitter.com/Adrimartin/status/406407486330388480"/>
		<document id="406407555683192832" url="https://twitter.com/Adrimartin/status/406407555683192832"/>
		<document id="406411241788555265" url="https://twitter.com/Adrimartin/status/406411241788555265"/>
		<document id="406415712753033216" url="https://twitter.com/Adrimartin/status/406415712753033216"/>
		<document id="406416822305828864" url="https://twitter.com/Adrimartin/status/406416822305828864"/>
		<document id="406417068880572416" url="https://twitter.com/Adrimartin/status/406417068880572416"/>
		<document id="406434241338441728" url="https://twitter.com/Adrimartin/status/406434241338441728"/>
		<document id="406437516058058753" url="https://twitter.com/Adrimartin/status/406437516058058753"/>
		<document id="406437789862223872" url="https://twitter.com/Adrimartin/status/406437789862223872"/>
		<document id="406477963098849280" url="https://twitter.com/Adrimartin/status/406477963098849280"/>
		<document id="406489327301308416" url="https://twitter.com/Adrimartin/status/406489327301308416"/>
		<document id="406490544203132928" url="https://twitter.com/Adrimartin/status/406490544203132928"/>
		<document id="406515079556104193" url="https://twitter.com/Adrimartin/status/406515079556104193"/>
		<document id="406515362520662016" url="https://twitter.com/Adrimartin/status/406515362520662016"/>
		<document id="406596602842079232" url="https://twitter.com/Adrimartin/status/406596602842079232"/>
		<document id="406596931428040704" url="https://twitter.com/Adrimartin/status/406596931428040704"/>
		<document id="406711079574982657" url="https://twitter.com/Adrimartin/status/406711079574982657"/>
		<document id="407195034828951552" url="https://twitter.com/Adrimartin/status/407195034828951552"/>
		<document id="407283501357346816" url="https://twitter.com/Adrimartin/status/407283501357346816"/>
		<document id="407309097722462208" url="https://twitter.com/Adrimartin/status/407309097722462208"/>
		<document id="407318413561069568" url="https://twitter.com/Adrimartin/status/407318413561069568"/>
		<document id="407433494273728512" url="https://twitter.com/Adrimartin/status/407433494273728512"/>
		<document id="407433636901060608" url="https://twitter.com/Adrimartin/status/407433636901060608"/>
		<document id="407490259459788800" url="https://twitter.com/Adrimartin/status/407490259459788800"/>
		<document id="407490325129998336" url="https://twitter.com/Adrimartin/status/407490325129998336"/>
		<document id="407525772505927680" url="https://twitter.com/Adrimartin/status/407525772505927680"/>
		<document id="407526163280838656" url="https://twitter.com/Adrimartin/status/407526163280838656"/>
		<document id="407526497667518464" url="https://twitter.com/Adrimartin/status/407526497667518464"/>
		<document id="407561042890588160" url="https://twitter.com/Adrimartin/status/407561042890588160"/>
		<document id="407562917052436480" url="https://twitter.com/Adrimartin/status/407562917052436480"/>
		<document id="407564214438752257" url="https://twitter.com/Adrimartin/status/407564214438752257"/>
		<document id="407565378198724608" url="https://twitter.com/Adrimartin/status/407565378198724608"/>
		<document id="407565492745142272" url="https://twitter.com/Adrimartin/status/407565492745142272"/>
		<document id="407565588270424064" url="https://twitter.com/Adrimartin/status/407565588270424064"/>
		<document id="407565783116812288" url="https://twitter.com/Adrimartin/status/407565783116812288"/>
		<document id="407566290283675648" url="https://twitter.com/Adrimartin/status/407566290283675648"/>
		<document id="407566485578870784" url="https://twitter.com/Adrimartin/status/407566485578870784"/>
		<document id="407566611462512642" url="https://twitter.com/Adrimartin/status/407566611462512642"/>
		<document id="407566697777094657" url="https://twitter.com/Adrimartin/status/407566697777094657"/>
		<document id="407568972922769408" url="https://twitter.com/Adrimartin/status/407568972922769408"/>
		<document id="407570093804376065" url="https://twitter.com/Adrimartin/status/407570093804376065"/>
		<document id="407570514807242752" url="https://twitter.com/Adrimartin/status/407570514807242752"/>
		<document id="407570547338645504" url="https://twitter.com/Adrimartin/status/407570547338645504"/>
		<document id="407570892148183040" url="https://twitter.com/Adrimartin/status/407570892148183040"/>
		<document id="407571187687243776" url="https://twitter.com/Adrimartin/status/407571187687243776"/>
		<document id="407571490000109568" url="https://twitter.com/Adrimartin/status/407571490000109568"/>
		<document id="407571759890968577" url="https://twitter.com/Adrimartin/status/407571759890968577"/>
		<document id="407573101023887360" url="https://twitter.com/Adrimartin/status/407573101023887360"/>
		<document id="407573280766578688" url="https://twitter.com/Adrimartin/status/407573280766578688"/>
		<document id="407573373561344000" url="https://twitter.com/Adrimartin/status/407573373561344000"/>
		<document id="407573861136629761" url="https://twitter.com/Adrimartin/status/407573861136629761"/>
		<document id="407575192635183104" url="https://twitter.com/Adrimartin/status/407575192635183104"/>
		<document id="407575309312335872" url="https://twitter.com/Adrimartin/status/407575309312335872"/>
		<document id="407576341048217601" url="https://twitter.com/Adrimartin/status/407576341048217601"/>
		<document id="407590248487870464" url="https://twitter.com/Adrimartin/status/407590248487870464"/>
		<document id="407590495247159297" url="https://twitter.com/Adrimartin/status/407590495247159297"/>
		<document id="407590626960891905" url="https://twitter.com/Adrimartin/status/407590626960891905"/>
		<document id="407591785700278275" url="https://twitter.com/Adrimartin/status/407591785700278275"/>
		<document id="407592540561764352" url="https://twitter.com/Adrimartin/status/407592540561764352"/>
		<document id="407618644173004800" url="https://twitter.com/Adrimartin/status/407618644173004800"/>
		<document id="407640009706323968" url="https://twitter.com/Adrimartin/status/407640009706323968"/>
		<document id="407641467579289600" url="https://twitter.com/Adrimartin/status/407641467579289600"/>
		<document id="407643133221281792" url="https://twitter.com/Adrimartin/status/407643133221281792"/>
		<document id="407643227526025216" url="https://twitter.com/Adrimartin/status/407643227526025216"/>
		<document id="407643897427681281" url="https://twitter.com/Adrimartin/status/407643897427681281"/>
		<document id="407644157021519873" url="https://twitter.com/Adrimartin/status/407644157021519873"/>
		<document id="407659987716935680" url="https://twitter.com/Adrimartin/status/407659987716935680"/>
		<document id="407792871442771968" url="https://twitter.com/Adrimartin/status/407792871442771968"/>
		<document id="407793742792650752" url="https://twitter.com/Adrimartin/status/407793742792650752"/>
		<document id="407793806680285184" url="https://twitter.com/Adrimartin/status/407793806680285184"/>
		<document id="407794018521985024" url="https://twitter.com/Adrimartin/status/407794018521985024"/>
		<document id="407794229336104960" url="https://twitter.com/Adrimartin/status/407794229336104960"/>
		<document id="407794309698969600" url="https://twitter.com/Adrimartin/status/407794309698969600"/>
		<document id="407798423849795584" url="https://twitter.com/Adrimartin/status/407798423849795584"/>
		<document id="407873933707608064" url="https://twitter.com/Adrimartin/status/407873933707608064"/>
		<document id="407887369539702784" url="https://twitter.com/Adrimartin/status/407887369539702784"/>
		<document id="407919356958736385" url="https://twitter.com/Adrimartin/status/407919356958736385"/>
		<document id="407919703945146368" url="https://twitter.com/Adrimartin/status/407919703945146368"/>
		<document id="407920370482966528" url="https://twitter.com/Adrimartin/status/407920370482966528"/>
		<document id="407920522434215936" url="https://twitter.com/Adrimartin/status/407920522434215936"/>
		<document id="407922224512114688" url="https://twitter.com/Adrimartin/status/407922224512114688"/>
		<document id="407924536706076672" url="https://twitter.com/Adrimartin/status/407924536706076672"/>
		<document id="407965689329483776" url="https://twitter.com/Adrimartin/status/407965689329483776"/>
		<document id="407988902109380608" url="https://twitter.com/Adrimartin/status/407988902109380608"/>
		<document id="407989232834478080" url="https://twitter.com/Adrimartin/status/407989232834478080"/>
		<document id="407989425826979840" url="https://twitter.com/Adrimartin/status/407989425826979840"/>
		<document id="407989914761170946" url="https://twitter.com/Adrimartin/status/407989914761170946"/>
		<document id="407990212862947328" url="https://twitter.com/Adrimartin/status/407990212862947328"/>
		<document id="407994672297279489" url="https://twitter.com/Adrimartin/status/407994672297279489"/>
		<document id="407995891367542784" url="https://twitter.com/Adrimartin/status/407995891367542784"/>
		<document id="407996307354443776" url="https://twitter.com/Adrimartin/status/407996307354443776"/>
		<document id="407996840395943936" url="https://twitter.com/Adrimartin/status/407996840395943936"/>
		<document id="407996984470274049" url="https://twitter.com/Adrimartin/status/407996984470274049"/>
		<document id="407997147599343617" url="https://twitter.com/Adrimartin/status/407997147599343617"/>
		<document id="407997221775622145" url="https://twitter.com/Adrimartin/status/407997221775622145"/>
		<document id="407997431239176193" url="https://twitter.com/Adrimartin/status/407997431239176193"/>
		<document id="407997559849119746" url="https://twitter.com/Adrimartin/status/407997559849119746"/>
		<document id="407997729978470402" url="https://twitter.com/Adrimartin/status/407997729978470402"/>
		<document id="407997827902869504" url="https://twitter.com/Adrimartin/status/407997827902869504"/>
		<document id="407997888909021184" url="https://twitter.com/Adrimartin/status/407997888909021184"/>
		<document id="407998008568320000" url="https://twitter.com/Adrimartin/status/407998008568320000"/>
		<document id="407998132325453824" url="https://twitter.com/Adrimartin/status/407998132325453824"/>
		<document id="407998376480083968" url="https://twitter.com/Adrimartin/status/407998376480083968"/>
		<document id="407998591018754048" url="https://twitter.com/Adrimartin/status/407998591018754048"/>
		<document id="408000082869764096" url="https://twitter.com/Adrimartin/status/408000082869764096"/>
		<document id="408000142730858496" url="https://twitter.com/Adrimartin/status/408000142730858496"/>
		<document id="408000870304202752" url="https://twitter.com/Adrimartin/status/408000870304202752"/>
		<document id="408001761946116096" url="https://twitter.com/Adrimartin/status/408001761946116096"/>
		<document id="408002796697694208" url="https://twitter.com/Adrimartin/status/408002796697694208"/>
		<document id="408004362376847360" url="https://twitter.com/Adrimartin/status/408004362376847360"/>
		<document id="408021543990870017" url="https://twitter.com/Adrimartin/status/408021543990870017"/>
		<document id="408222592517292032" url="https://twitter.com/Adrimartin/status/408222592517292032"/>
		<document id="408222693683888128" url="https://twitter.com/Adrimartin/status/408222693683888128"/>
		<document id="408345782740611072" url="https://twitter.com/Adrimartin/status/408345782740611072"/>
		<document id="408346710877163520" url="https://twitter.com/Adrimartin/status/408346710877163520"/>
		<document id="408347846153629696" url="https://twitter.com/Adrimartin/status/408347846153629696"/>
		<document id="408347921181323265" url="https://twitter.com/Adrimartin/status/408347921181323265"/>
		<document id="408348128405118976" url="https://twitter.com/Adrimartin/status/408348128405118976"/>
		<document id="408350904342315008" url="https://twitter.com/Adrimartin/status/408350904342315008"/>
		<document id="408351047229665281" url="https://twitter.com/Adrimartin/status/408351047229665281"/>
		<document id="408352241515769856" url="https://twitter.com/Adrimartin/status/408352241515769856"/>
		<document id="408352375481831424" url="https://twitter.com/Adrimartin/status/408352375481831424"/>
		<document id="408352990673006592" url="https://twitter.com/Adrimartin/status/408352990673006592"/>
		<document id="408357891079688192" url="https://twitter.com/Adrimartin/status/408357891079688192"/>
		<document id="408361499670110208" url="https://twitter.com/Adrimartin/status/408361499670110208"/>
		<document id="408363413522620416" url="https://twitter.com/Adrimartin/status/408363413522620416"/>
		<document id="408381280548814848" url="https://twitter.com/Adrimartin/status/408381280548814848"/>
		<document id="408382976809242625" url="https://twitter.com/Adrimartin/status/408382976809242625"/>
		<document id="408507468579622912" url="https://twitter.com/Adrimartin/status/408507468579622912"/>
		<document id="408559480860049409" url="https://twitter.com/Adrimartin/status/408559480860049409"/>
		<document id="408559624871485440" url="https://twitter.com/Adrimartin/status/408559624871485440"/>
		<document id="408576417509961728" url="https://twitter.com/Adrimartin/status/408576417509961728"/>
		<document id="408627766511534080" url="https://twitter.com/Adrimartin/status/408627766511534080"/>
		<document id="408628008262832128" url="https://twitter.com/Adrimartin/status/408628008262832128"/>
		<document id="408633064307568640" url="https://twitter.com/Adrimartin/status/408633064307568640"/>
		<document id="408634911051227136" url="https://twitter.com/Adrimartin/status/408634911051227136"/>
		<document id="408635556407824384" url="https://twitter.com/Adrimartin/status/408635556407824384"/>
		<document id="408723193395163137" url="https://twitter.com/Adrimartin/status/408723193395163137"/>
		<document id="408723479950032896" url="https://twitter.com/Adrimartin/status/408723479950032896"/>
		<document id="409292857028390912" url="https://twitter.com/Adrimartin/status/409292857028390912"/>
		<document id="409329814286643200" url="https://twitter.com/Adrimartin/status/409329814286643200"/>
		<document id="409434929362403328" url="https://twitter.com/Adrimartin/status/409434929362403328"/>
		<document id="409434959414566913" url="https://twitter.com/Adrimartin/status/409434959414566913"/>
		<document id="409713002402021376" url="https://twitter.com/Adrimartin/status/409713002402021376"/>
		<document id="409781725150314496" url="https://twitter.com/Adrimartin/status/409781725150314496"/>
		<document id="409783068002881537" url="https://twitter.com/Adrimartin/status/409783068002881537"/>
		<document id="410081720005038080" url="https://twitter.com/Adrimartin/status/410081720005038080"/>
		<document id="410082257345732608" url="https://twitter.com/Adrimartin/status/410082257345732608"/>
		<document id="410092188790706176" url="https://twitter.com/Adrimartin/status/410092188790706176"/>
		<document id="410783469418348544" url="https://twitter.com/Adrimartin/status/410783469418348544"/>
		<document id="410783635328204800" url="https://twitter.com/Adrimartin/status/410783635328204800"/>
		<document id="410786243174486017" url="https://twitter.com/Adrimartin/status/410786243174486017"/>
		<document id="410786383687852032" url="https://twitter.com/Adrimartin/status/410786383687852032"/>
		<document id="410786468953853953" url="https://twitter.com/Adrimartin/status/410786468953853953"/>
		<document id="410818128479019008" url="https://twitter.com/Adrimartin/status/410818128479019008"/>
		<document id="410819136756121601" url="https://twitter.com/Adrimartin/status/410819136756121601"/>
		<document id="410826043860471809" url="https://twitter.com/Adrimartin/status/410826043860471809"/>
		<document id="410827238670876672" url="https://twitter.com/Adrimartin/status/410827238670876672"/>
		<document id="410836750253060096" url="https://twitter.com/Adrimartin/status/410836750253060096"/>
		<document id="410840897300213760" url="https://twitter.com/Adrimartin/status/410840897300213760"/>
		<document id="410951528296759296" url="https://twitter.com/Adrimartin/status/410951528296759296"/>
		<document id="411094578184609793" url="https://twitter.com/Adrimartin/status/411094578184609793"/>
		<document id="411095997373509632" url="https://twitter.com/Adrimartin/status/411095997373509632"/>
		<document id="411128955748749313" url="https://twitter.com/Adrimartin/status/411128955748749313"/>
		<document id="411139644281999361" url="https://twitter.com/Adrimartin/status/411139644281999361"/>
		<document id="411145435873808385" url="https://twitter.com/Adrimartin/status/411145435873808385"/>
		<document id="411147116145561600" url="https://twitter.com/Adrimartin/status/411147116145561600"/>
		<document id="411185808247627776" url="https://twitter.com/Adrimartin/status/411185808247627776"/>
		<document id="411185847527309312" url="https://twitter.com/Adrimartin/status/411185847527309312"/>
		<document id="411235477917020160" url="https://twitter.com/Adrimartin/status/411235477917020160"/>
		<document id="411238382137004032" url="https://twitter.com/Adrimartin/status/411238382137004032"/>
		<document id="411244386002157568" url="https://twitter.com/Adrimartin/status/411244386002157568"/>
		<document id="411245768729976832" url="https://twitter.com/Adrimartin/status/411245768729976832"/>
		<document id="411265199182991360" url="https://twitter.com/Adrimartin/status/411265199182991360"/>
		<document id="411267761856593920" url="https://twitter.com/Adrimartin/status/411267761856593920"/>
		<document id="411288167514636288" url="https://twitter.com/Adrimartin/status/411288167514636288"/>
		<document id="411288344010973184" url="https://twitter.com/Adrimartin/status/411288344010973184"/>
		<document id="411425224748695552" url="https://twitter.com/Adrimartin/status/411425224748695552"/>
		<document id="411479525395267584" url="https://twitter.com/Adrimartin/status/411479525395267584"/>
		<document id="411481529018499072" url="https://twitter.com/Adrimartin/status/411481529018499072"/>
		<document id="411517580881711106" url="https://twitter.com/Adrimartin/status/411517580881711106"/>
		<document id="411518031119278080" url="https://twitter.com/Adrimartin/status/411518031119278080"/>
		<document id="411518440999231488" url="https://twitter.com/Adrimartin/status/411518440999231488"/>
		<document id="411518601590734848" url="https://twitter.com/Adrimartin/status/411518601590734848"/>
		<document id="411545760317321216" url="https://twitter.com/Adrimartin/status/411545760317321216"/>
		<document id="411789479356432384" url="https://twitter.com/Adrimartin/status/411789479356432384"/>
		<document id="411848650873384960" url="https://twitter.com/Adrimartin/status/411848650873384960"/>
		<document id="411848726492508160" url="https://twitter.com/Adrimartin/status/411848726492508160"/>
		<document id="411915818088538112" url="https://twitter.com/Adrimartin/status/411915818088538112"/>
		<document id="411931558749409280" url="https://twitter.com/Adrimartin/status/411931558749409280"/>
		<document id="411951820563836928" url="https://twitter.com/Adrimartin/status/411951820563836928"/>
		<document id="412013223114964993" url="https://twitter.com/Adrimartin/status/412013223114964993"/>
		<document id="412014042350637056" url="https://twitter.com/Adrimartin/status/412014042350637056"/>
		<document id="412035210021462016" url="https://twitter.com/Adrimartin/status/412035210021462016"/>
		<document id="412302847716655104" url="https://twitter.com/Adrimartin/status/412302847716655104"/>
		<document id="412352836950036480" url="https://twitter.com/Adrimartin/status/412352836950036480"/>
		<document id="412352911390560256" url="https://twitter.com/Adrimartin/status/412352911390560256"/>
		<document id="412365442628747264" url="https://twitter.com/Adrimartin/status/412365442628747264"/>
		<document id="412368382533857281" url="https://twitter.com/Adrimartin/status/412368382533857281"/>
		<document id="412598456478625793" url="https://twitter.com/Adrimartin/status/412598456478625793"/>
		<document id="412620056359862273" url="https://twitter.com/Adrimartin/status/412620056359862273"/>
		<document id="412620631818371072" url="https://twitter.com/Adrimartin/status/412620631818371072"/>
		<document id="412621544750583808" url="https://twitter.com/Adrimartin/status/412621544750583808"/>
		<document id="412621751697555456" url="https://twitter.com/Adrimartin/status/412621751697555456"/>
		<document id="412622120674680832" url="https://twitter.com/Adrimartin/status/412622120674680832"/>
		<document id="412622637064790017" url="https://twitter.com/Adrimartin/status/412622637064790017"/>
		<document id="412623913341157376" url="https://twitter.com/Adrimartin/status/412623913341157376"/>
		<document id="412624825153507328" url="https://twitter.com/Adrimartin/status/412624825153507328"/>
		<document id="412625017269415936" url="https://twitter.com/Adrimartin/status/412625017269415936"/>
		<document id="412627936832131072" url="https://twitter.com/Adrimartin/status/412627936832131072"/>
		<document id="412729324287315969" url="https://twitter.com/Adrimartin/status/412729324287315969"/>
		<document id="412844909067251713" url="https://twitter.com/Adrimartin/status/412844909067251713"/>
		<document id="412960504416858112" url="https://twitter.com/Adrimartin/status/412960504416858112"/>
		<document id="412961384867971072" url="https://twitter.com/Adrimartin/status/412961384867971072"/>
		<document id="413002571981524992" url="https://twitter.com/Adrimartin/status/413002571981524992"/>
		<document id="413006815665070080" url="https://twitter.com/Adrimartin/status/413006815665070080"/>
		<document id="413039932362752000" url="https://twitter.com/Adrimartin/status/413039932362752000"/>
		<document id="413040878169886720" url="https://twitter.com/Adrimartin/status/413040878169886720"/>
		<document id="413047239066787841" url="https://twitter.com/Adrimartin/status/413047239066787841"/>
		<document id="413053587577901056" url="https://twitter.com/Adrimartin/status/413053587577901056"/>
		<document id="413072968601047040" url="https://twitter.com/Adrimartin/status/413072968601047040"/>
		<document id="413075551273111552" url="https://twitter.com/Adrimartin/status/413075551273111552"/>
		<document id="413077594201161728" url="https://twitter.com/Adrimartin/status/413077594201161728"/>
		<document id="413078615132483585" url="https://twitter.com/Adrimartin/status/413078615132483585"/>
		<document id="413079087541157888" url="https://twitter.com/Adrimartin/status/413079087541157888"/>
		<document id="413079226867544064" url="https://twitter.com/Adrimartin/status/413079226867544064"/>
		<document id="413361285229993985" url="https://twitter.com/Adrimartin/status/413361285229993985"/>
		<document id="413361451995521024" url="https://twitter.com/Adrimartin/status/413361451995521024"/>
		<document id="413384339251265536" url="https://twitter.com/Adrimartin/status/413384339251265536"/>
		<document id="413384545401327616" url="https://twitter.com/Adrimartin/status/413384545401327616"/>
		<document id="413384951636439040" url="https://twitter.com/Adrimartin/status/413384951636439040"/>
		<document id="413395054284537857" url="https://twitter.com/Adrimartin/status/413395054284537857"/>
		<document id="413410652905299968" url="https://twitter.com/Adrimartin/status/413410652905299968"/>
		<document id="413410770085752833" url="https://twitter.com/Adrimartin/status/413410770085752833"/>
		<document id="413435630866399232" url="https://twitter.com/Adrimartin/status/413435630866399232"/>
		<document id="413435772742934528" url="https://twitter.com/Adrimartin/status/413435772742934528"/>
		<document id="413466654824464384" url="https://twitter.com/Adrimartin/status/413466654824464384"/>
		<document id="413570884545556480" url="https://twitter.com/Adrimartin/status/413570884545556480"/>
		<document id="413571082889986049" url="https://twitter.com/Adrimartin/status/413571082889986049"/>
		<document id="413571155535339522" url="https://twitter.com/Adrimartin/status/413571155535339522"/>
		<document id="413571725432205312" url="https://twitter.com/Adrimartin/status/413571725432205312"/>
		<document id="413571856986566656" url="https://twitter.com/Adrimartin/status/413571856986566656"/>
		<document id="413571953795272704" url="https://twitter.com/Adrimartin/status/413571953795272704"/>
		<document id="413573359356870656" url="https://twitter.com/Adrimartin/status/413573359356870656"/>
		<document id="413578693752393728" url="https://twitter.com/Adrimartin/status/413578693752393728"/>
		<document id="413578748135743488" url="https://twitter.com/Adrimartin/status/413578748135743488"/>
		<document id="413579449494695936" url="https://twitter.com/Adrimartin/status/413579449494695936"/>
		<document id="413579594756001792" url="https://twitter.com/Adrimartin/status/413579594756001792"/>
		<document id="413580153324068864" url="https://twitter.com/Adrimartin/status/413580153324068864"/>
		<document id="413654564173520896" url="https://twitter.com/Adrimartin/status/413654564173520896"/>
		<document id="413674392187834368" url="https://twitter.com/Adrimartin/status/413674392187834368"/>
		<document id="413674465504288768" url="https://twitter.com/Adrimartin/status/413674465504288768"/>
		<document id="413681318397218816" url="https://twitter.com/Adrimartin/status/413681318397218816"/>
		<document id="413710343199023104" url="https://twitter.com/Adrimartin/status/413710343199023104"/>
		<document id="413710580286242816" url="https://twitter.com/Adrimartin/status/413710580286242816"/>
		<document id="413710811325300736" url="https://twitter.com/Adrimartin/status/413710811325300736"/>
		<document id="413711235247775744" url="https://twitter.com/Adrimartin/status/413711235247775744"/>
		<document id="413711527238447104" url="https://twitter.com/Adrimartin/status/413711527238447104"/>
		<document id="413711910451032064" url="https://twitter.com/Adrimartin/status/413711910451032064"/>
		<document id="413712101526753280" url="https://twitter.com/Adrimartin/status/413712101526753280"/>
		<document id="413712286814310401" url="https://twitter.com/Adrimartin/status/413712286814310401"/>
		<document id="413712492536537088" url="https://twitter.com/Adrimartin/status/413712492536537088"/>
		<document id="413713684016668672" url="https://twitter.com/Adrimartin/status/413713684016668672"/>
		<document id="413714227401334784" url="https://twitter.com/Adrimartin/status/413714227401334784"/>
		<document id="413714730709422080" url="https://twitter.com/Adrimartin/status/413714730709422080"/>
		<document id="413715025829064704" url="https://twitter.com/Adrimartin/status/413715025829064704"/>
		<document id="413723174799675392" url="https://twitter.com/Adrimartin/status/413723174799675392"/>
		<document id="413723308413427712" url="https://twitter.com/Adrimartin/status/413723308413427712"/>
		<document id="413808116158169088" url="https://twitter.com/Adrimartin/status/413808116158169088"/>
		<document id="413808305572937728" url="https://twitter.com/Adrimartin/status/413808305572937728"/>
		<document id="413808598868058112" url="https://twitter.com/Adrimartin/status/413808598868058112"/>
		<document id="413808867035070465" url="https://twitter.com/Adrimartin/status/413808867035070465"/>
		<document id="413809088074887168" url="https://twitter.com/Adrimartin/status/413809088074887168"/>
		<document id="413809291926470656" url="https://twitter.com/Adrimartin/status/413809291926470656"/>
		<document id="413809669002768384" url="https://twitter.com/Adrimartin/status/413809669002768384"/>
		<document id="413998709706604544" url="https://twitter.com/Adrimartin/status/413998709706604544"/>
		<document id="414000533381591040" url="https://twitter.com/Adrimartin/status/414000533381591040"/>
		<document id="414000608631611392" url="https://twitter.com/Adrimartin/status/414000608631611392"/>
		<document id="414000963666853888" url="https://twitter.com/Adrimartin/status/414000963666853888"/>
		<document id="414002424459067392" url="https://twitter.com/Adrimartin/status/414002424459067392"/>
		<document id="414016829183766528" url="https://twitter.com/Adrimartin/status/414016829183766528"/>
		<document id="414060154729275392" url="https://twitter.com/Adrimartin/status/414060154729275392"/>
		<document id="414153327442927616" url="https://twitter.com/Adrimartin/status/414153327442927616"/>
		<document id="414207622561406976" url="https://twitter.com/Adrimartin/status/414207622561406976"/>
		<document id="414323704689344512" url="https://twitter.com/Adrimartin/status/414323704689344512"/>
		<document id="414444696342384641" url="https://twitter.com/Adrimartin/status/414444696342384641"/>
		<document id="414444967072137216" url="https://twitter.com/Adrimartin/status/414444967072137216"/>
		<document id="414569849017618433" url="https://twitter.com/Adrimartin/status/414569849017618433"/>
		<document id="414703605514772481" url="https://twitter.com/Adrimartin/status/414703605514772481"/>
		<document id="414732165340229632" url="https://twitter.com/Adrimartin/status/414732165340229632"/>
		<document id="414733135117824000" url="https://twitter.com/Adrimartin/status/414733135117824000"/>
		<document id="414734438724272128" url="https://twitter.com/Adrimartin/status/414734438724272128"/>
		<document id="414734774562222080" url="https://twitter.com/Adrimartin/status/414734774562222080"/>
		<document id="414734806183059456" url="https://twitter.com/Adrimartin/status/414734806183059456"/>
		<document id="414735119015235584" url="https://twitter.com/Adrimartin/status/414735119015235584"/>
		<document id="414735200229527552" url="https://twitter.com/Adrimartin/status/414735200229527552"/>
		<document id="414736035911041024" url="https://twitter.com/Adrimartin/status/414736035911041024"/>
		<document id="414736178135711744" url="https://twitter.com/Adrimartin/status/414736178135711744"/>
		<document id="414736537159741440" url="https://twitter.com/Adrimartin/status/414736537159741440"/>
		<document id="414739803675303937" url="https://twitter.com/Adrimartin/status/414739803675303937"/>
		<document id="414739960043167744" url="https://twitter.com/Adrimartin/status/414739960043167744"/>
		<document id="414741070782935040" url="https://twitter.com/Adrimartin/status/414741070782935040"/>
		<document id="414744648041889792" url="https://twitter.com/Adrimartin/status/414744648041889792"/>
		<document id="414745204605063168" url="https://twitter.com/Adrimartin/status/414745204605063168"/>
		<document id="414749090086649857" url="https://twitter.com/Adrimartin/status/414749090086649857"/>
		<document id="414749108063436800" url="https://twitter.com/Adrimartin/status/414749108063436800"/>
		<document id="414750843381227520" url="https://twitter.com/Adrimartin/status/414750843381227520"/>
		<document id="414751582144958464" url="https://twitter.com/Adrimartin/status/414751582144958464"/>
		<document id="414779450761678848" url="https://twitter.com/Adrimartin/status/414779450761678848"/>
		<document id="414779605904814080" url="https://twitter.com/Adrimartin/status/414779605904814080"/>
		<document id="414798283501232128" url="https://twitter.com/Adrimartin/status/414798283501232128"/>
		<document id="414802713449627648" url="https://twitter.com/Adrimartin/status/414802713449627648"/>
		<document id="414804824434442240" url="https://twitter.com/Adrimartin/status/414804824434442240"/>
		<document id="414812789296070656" url="https://twitter.com/Adrimartin/status/414812789296070656"/>
		<document id="414884002471108608" url="https://twitter.com/Adrimartin/status/414884002471108608"/>
		<document id="414885591260876801" url="https://twitter.com/Adrimartin/status/414885591260876801"/>
		<document id="415088998311542784" url="https://twitter.com/Adrimartin/status/415088998311542784"/>
		<document id="415114376518324224" url="https://twitter.com/Adrimartin/status/415114376518324224"/>
		<document id="415114480939704320" url="https://twitter.com/Adrimartin/status/415114480939704320"/>
		<document id="415116323908501504" url="https://twitter.com/Adrimartin/status/415116323908501504"/>
		<document id="415116561364836352" url="https://twitter.com/Adrimartin/status/415116561364836352"/>
		<document id="415116599335874560" url="https://twitter.com/Adrimartin/status/415116599335874560"/>
		<document id="415150631369064448" url="https://twitter.com/Adrimartin/status/415150631369064448"/>
		<document id="415150717138378752" url="https://twitter.com/Adrimartin/status/415150717138378752"/>
		<document id="415168570524704768" url="https://twitter.com/Adrimartin/status/415168570524704768"/>
		<document id="415191713138110464" url="https://twitter.com/Adrimartin/status/415191713138110464"/>
		<document id="415193514411323392" url="https://twitter.com/Adrimartin/status/415193514411323392"/>
		<document id="415256037068120064" url="https://twitter.com/Adrimartin/status/415256037068120064"/>
		<document id="415437949770416128" url="https://twitter.com/Adrimartin/status/415437949770416128"/>
		<document id="415438698709549056" url="https://twitter.com/Adrimartin/status/415438698709549056"/>
		<document id="415438855836561408" url="https://twitter.com/Adrimartin/status/415438855836561408"/>
		<document id="415468005196570624" url="https://twitter.com/Adrimartin/status/415468005196570624"/>
		<document id="415592715456638976" url="https://twitter.com/Adrimartin/status/415592715456638976"/>
		<document id="415593059418902529" url="https://twitter.com/Adrimartin/status/415593059418902529"/>
		<document id="415593306878664704" url="https://twitter.com/Adrimartin/status/415593306878664704"/>
		<document id="415593695082450944" url="https://twitter.com/Adrimartin/status/415593695082450944"/>
		<document id="415656376644673536" url="https://twitter.com/Adrimartin/status/415656376644673536"/>
		<document id="415656525617958912" url="https://twitter.com/Adrimartin/status/415656525617958912"/>
		<document id="415828799939702784" url="https://twitter.com/Adrimartin/status/415828799939702784"/>
		<document id="415830154477576192" url="https://twitter.com/Adrimartin/status/415830154477576192"/>
		<document id="415860539798327297" url="https://twitter.com/Adrimartin/status/415860539798327297"/>
		<document id="415860590889160705" url="https://twitter.com/Adrimartin/status/415860590889160705"/>
		<document id="415900541479571456" url="https://twitter.com/Adrimartin/status/415900541479571456"/>
		<document id="415900880366764032" url="https://twitter.com/Adrimartin/status/415900880366764032"/>
		<document id="415900927510740992" url="https://twitter.com/Adrimartin/status/415900927510740992"/>
		<document id="415918526260854784" url="https://twitter.com/Adrimartin/status/415918526260854784"/>
		<document id="415965524003422208" url="https://twitter.com/Adrimartin/status/415965524003422208"/>
		<document id="415969463314706433" url="https://twitter.com/Adrimartin/status/415969463314706433"/>
		<document id="415969920380596224" url="https://twitter.com/Adrimartin/status/415969920380596224"/>
		<document id="416194893409964032" url="https://twitter.com/Adrimartin/status/416194893409964032"/>
		<document id="416195158334767104" url="https://twitter.com/Adrimartin/status/416195158334767104"/>
		<document id="416196637313486848" url="https://twitter.com/Adrimartin/status/416196637313486848"/>
		<document id="416207182712307712" url="https://twitter.com/Adrimartin/status/416207182712307712"/>
		<document id="416212895278841856" url="https://twitter.com/Adrimartin/status/416212895278841856"/>
		<document id="416219893672189952" url="https://twitter.com/Adrimartin/status/416219893672189952"/>
		<document id="416222759661084673" url="https://twitter.com/Adrimartin/status/416222759661084673"/>
		<document id="416226028110225409" url="https://twitter.com/Adrimartin/status/416226028110225409"/>
		<document id="416226605267423232" url="https://twitter.com/Adrimartin/status/416226605267423232"/>
		<document id="416227360980365312" url="https://twitter.com/Adrimartin/status/416227360980365312"/>
		<document id="416227472527884288" url="https://twitter.com/Adrimartin/status/416227472527884288"/>
		<document id="416227694221987840" url="https://twitter.com/Adrimartin/status/416227694221987840"/>
		<document id="416228103674159104" url="https://twitter.com/Adrimartin/status/416228103674159104"/>
		<document id="416228207814529025" url="https://twitter.com/Adrimartin/status/416228207814529025"/>
		<document id="416228331219345408" url="https://twitter.com/Adrimartin/status/416228331219345408"/>
		<document id="416229105638862848" url="https://twitter.com/Adrimartin/status/416229105638862848"/>
		<document id="416229948400365568" url="https://twitter.com/Adrimartin/status/416229948400365568"/>
		<document id="416231980473540609" url="https://twitter.com/Adrimartin/status/416231980473540609"/>
		<document id="416232205342760961" url="https://twitter.com/Adrimartin/status/416232205342760961"/>
		<document id="416237086115901440" url="https://twitter.com/Adrimartin/status/416237086115901440"/>
		<document id="416325613327511553" url="https://twitter.com/Adrimartin/status/416325613327511553"/>
		<document id="416368045456883712" url="https://twitter.com/Adrimartin/status/416368045456883712"/>
		<document id="416368311979749376" url="https://twitter.com/Adrimartin/status/416368311979749376"/>
		<document id="416379857795563520" url="https://twitter.com/Adrimartin/status/416379857795563520"/>
		<document id="416543028841840640" url="https://twitter.com/Adrimartin/status/416543028841840640"/>
		<document id="416624042754338817" url="https://twitter.com/Adrimartin/status/416624042754338817"/>
		<document id="416624332358434816" url="https://twitter.com/Adrimartin/status/416624332358434816"/>
		<document id="416643195632504832" url="https://twitter.com/Adrimartin/status/416643195632504832"/>
		<document id="416645454492106752" url="https://twitter.com/Adrimartin/status/416645454492106752"/>
		<document id="416645752925208576" url="https://twitter.com/Adrimartin/status/416645752925208576"/>
		<document id="416700017710473216" url="https://twitter.com/Adrimartin/status/416700017710473216"/>
		<document id="416700177538633728" url="https://twitter.com/Adrimartin/status/416700177538633728"/>
		<document id="416787533755088896" url="https://twitter.com/Adrimartin/status/416787533755088896"/>
		<document id="416985524986212352" url="https://twitter.com/Adrimartin/status/416985524986212352"/>
		<document id="417060476863152128" url="https://twitter.com/Adrimartin/status/417060476863152128"/>
		<document id="417060594785992704" url="https://twitter.com/Adrimartin/status/417060594785992704"/>
		<document id="417063936031461376" url="https://twitter.com/Adrimartin/status/417063936031461376"/>
		<document id="417064653450391552" url="https://twitter.com/Adrimartin/status/417064653450391552"/>
		<document id="417064724694855680" url="https://twitter.com/Adrimartin/status/417064724694855680"/>
		<document id="417085772395999232" url="https://twitter.com/Adrimartin/status/417085772395999232"/>
		<document id="417085847524376576" url="https://twitter.com/Adrimartin/status/417085847524376576"/>
		<document id="417087497534181376" url="https://twitter.com/Adrimartin/status/417087497534181376"/>
		<document id="417087697971585024" url="https://twitter.com/Adrimartin/status/417087697971585024"/>
		<document id="417090834975444992" url="https://twitter.com/Adrimartin/status/417090834975444992"/>
		<document id="417096832473649153" url="https://twitter.com/Adrimartin/status/417096832473649153"/>
		<document id="417271581019480064" url="https://twitter.com/Adrimartin/status/417271581019480064"/>
		<document id="417312268284870656" url="https://twitter.com/Adrimartin/status/417312268284870656"/>
		<document id="417357964828475392" url="https://twitter.com/Adrimartin/status/417357964828475392"/>
		<document id="417419160071995392" url="https://twitter.com/Adrimartin/status/417419160071995392"/>
		<document id="417422221930680321" url="https://twitter.com/Adrimartin/status/417422221930680321"/>
		<document id="417427882164887552" url="https://twitter.com/Adrimartin/status/417427882164887552"/>
		<document id="417455203592724480" url="https://twitter.com/Adrimartin/status/417455203592724480"/>
		<document id="417621349914652672" url="https://twitter.com/Adrimartin/status/417621349914652672"/>
		<document id="417639265284399104" url="https://twitter.com/Adrimartin/status/417639265284399104"/>
		<document id="417639575335743488" url="https://twitter.com/Adrimartin/status/417639575335743488"/>
		<document id="417641803282927616" url="https://twitter.com/Adrimartin/status/417641803282927616"/>
		<document id="417642711353933824" url="https://twitter.com/Adrimartin/status/417642711353933824"/>
		<document id="417642779226148864" url="https://twitter.com/Adrimartin/status/417642779226148864"/>
		<document id="417653631740313600" url="https://twitter.com/Adrimartin/status/417653631740313600"/>
		<document id="417707851625549824" url="https://twitter.com/Adrimartin/status/417707851625549824"/>
		<document id="417750183985045504" url="https://twitter.com/Adrimartin/status/417750183985045504"/>
		<document id="417750584167759873" url="https://twitter.com/Adrimartin/status/417750584167759873"/>
		<document id="417764634356367360" url="https://twitter.com/Adrimartin/status/417764634356367360"/>
		<document id="417770230849748992" url="https://twitter.com/Adrimartin/status/417770230849748992"/>
		<document id="417770667028008960" url="https://twitter.com/Adrimartin/status/417770667028008960"/>
		<document id="417770737257431040" url="https://twitter.com/Adrimartin/status/417770737257431040"/>
		<document id="417770873823985665" url="https://twitter.com/Adrimartin/status/417770873823985665"/>
		<document id="417783062202941442" url="https://twitter.com/Adrimartin/status/417783062202941442"/>
		<document id="417783529259671552" url="https://twitter.com/Adrimartin/status/417783529259671552"/>
		<document id="417784629207506945" url="https://twitter.com/Adrimartin/status/417784629207506945"/>
		<document id="417785778648137729" url="https://twitter.com/Adrimartin/status/417785778648137729"/>
		<document id="417786149831454720" url="https://twitter.com/Adrimartin/status/417786149831454720"/>
		<document id="417790259343396865" url="https://twitter.com/Adrimartin/status/417790259343396865"/>
		<document id="417793505659207680" url="https://twitter.com/Adrimartin/status/417793505659207680"/>
		<document id="417793563041464320" url="https://twitter.com/Adrimartin/status/417793563041464320"/>
		<document id="417793654376648704" url="https://twitter.com/Adrimartin/status/417793654376648704"/>
		<document id="417795134148083712" url="https://twitter.com/Adrimartin/status/417795134148083712"/>
		<document id="417795433092894720" url="https://twitter.com/Adrimartin/status/417795433092894720"/>
		<document id="417795438411264000" url="https://twitter.com/Adrimartin/status/417795438411264000"/>
		<document id="417797479477022720" url="https://twitter.com/Adrimartin/status/417797479477022720"/>
		<document id="417797606040150016" url="https://twitter.com/Adrimartin/status/417797606040150016"/>
		<document id="417800068151123969" url="https://twitter.com/Adrimartin/status/417800068151123969"/>
		<document id="417804768640524288" url="https://twitter.com/Adrimartin/status/417804768640524288"/>
		<document id="417804869723242496" url="https://twitter.com/Adrimartin/status/417804869723242496"/>
		<document id="417805036400676866" url="https://twitter.com/Adrimartin/status/417805036400676866"/>
		<document id="417805117820530689" url="https://twitter.com/Adrimartin/status/417805117820530689"/>
		<document id="417805227753226240" url="https://twitter.com/Adrimartin/status/417805227753226240"/>
		<document id="417805444930084865" url="https://twitter.com/Adrimartin/status/417805444930084865"/>
		<document id="417810507228512256" url="https://twitter.com/Adrimartin/status/417810507228512256"/>
		<document id="417812335596933120" url="https://twitter.com/Adrimartin/status/417812335596933120"/>
		<document id="417812492040294401" url="https://twitter.com/Adrimartin/status/417812492040294401"/>
		<document id="417813972751228928" url="https://twitter.com/Adrimartin/status/417813972751228928"/>
		<document id="417814725087739904" url="https://twitter.com/Adrimartin/status/417814725087739904"/>
		<document id="417815013878140928" url="https://twitter.com/Adrimartin/status/417815013878140928"/>
		<document id="417960281181270016" url="https://twitter.com/Adrimartin/status/417960281181270016"/>
		<document id="417963427278372864" url="https://twitter.com/Adrimartin/status/417963427278372864"/>
		<document id="417967590871687168" url="https://twitter.com/Adrimartin/status/417967590871687168"/>
		<document id="417972688687480833" url="https://twitter.com/Adrimartin/status/417972688687480833"/>
		<document id="417972861991915520" url="https://twitter.com/Adrimartin/status/417972861991915520"/>
		<document id="417973545478541312" url="https://twitter.com/Adrimartin/status/417973545478541312"/>
		<document id="417973796877115393" url="https://twitter.com/Adrimartin/status/417973796877115393"/>
		<document id="417981900511531008" url="https://twitter.com/Adrimartin/status/417981900511531008"/>
		<document id="417982850952990720" url="https://twitter.com/Adrimartin/status/417982850952990720"/>
		<document id="417985048898719744" url="https://twitter.com/Adrimartin/status/417985048898719744"/>
		<document id="417988031380201473" url="https://twitter.com/Adrimartin/status/417988031380201473"/>
		<document id="417995238129815552" url="https://twitter.com/Adrimartin/status/417995238129815552"/>
		<document id="417995380056666112" url="https://twitter.com/Adrimartin/status/417995380056666112"/>
		<document id="417995628854382592" url="https://twitter.com/Adrimartin/status/417995628854382592"/>
		<document id="417995677671907328" url="https://twitter.com/Adrimartin/status/417995677671907328"/>
		<document id="417995835579068416" url="https://twitter.com/Adrimartin/status/417995835579068416"/>
		<document id="417996004450123776" url="https://twitter.com/Adrimartin/status/417996004450123776"/>
		<document id="417996126252720130" url="https://twitter.com/Adrimartin/status/417996126252720130"/>
		<document id="417996915025129472" url="https://twitter.com/Adrimartin/status/417996915025129472"/>
		<document id="417998069318549504" url="https://twitter.com/Adrimartin/status/417998069318549504"/>
		<document id="417998471371948032" url="https://twitter.com/Adrimartin/status/417998471371948032"/>
		<document id="417998906388385792" url="https://twitter.com/Adrimartin/status/417998906388385792"/>
		<document id="417999382727114753" url="https://twitter.com/Adrimartin/status/417999382727114753"/>
		<document id="417999487844769793" url="https://twitter.com/Adrimartin/status/417999487844769793"/>
		<document id="418011447936167936" url="https://twitter.com/Adrimartin/status/418011447936167936"/>
		<document id="418011540588339200" url="https://twitter.com/Adrimartin/status/418011540588339200"/>
		<document id="418011610499022848" url="https://twitter.com/Adrimartin/status/418011610499022848"/>
		<document id="418012661969092608" url="https://twitter.com/Adrimartin/status/418012661969092608"/>
		<document id="418012696676945920" url="https://twitter.com/Adrimartin/status/418012696676945920"/>
		<document id="418013055902302208" url="https://twitter.com/Adrimartin/status/418013055902302208"/>
		<document id="418013106636615680" url="https://twitter.com/Adrimartin/status/418013106636615680"/>
		<document id="418013522145325056" url="https://twitter.com/Adrimartin/status/418013522145325056"/>
		<document id="418013638977675264" url="https://twitter.com/Adrimartin/status/418013638977675264"/>
		<document id="418013845903667200" url="https://twitter.com/Adrimartin/status/418013845903667200"/>
		<document id="418014229099470848" url="https://twitter.com/Adrimartin/status/418014229099470848"/>
		<document id="418084842052784129" url="https://twitter.com/Adrimartin/status/418084842052784129"/>
		<document id="418092066116493312" url="https://twitter.com/Adrimartin/status/418092066116493312"/>
		<document id="418097212523282433" url="https://twitter.com/Adrimartin/status/418097212523282433"/>
		<document id="418141533368766464" url="https://twitter.com/Adrimartin/status/418141533368766464"/>
		<document id="418156042447761408" url="https://twitter.com/Adrimartin/status/418156042447761408"/>
		<document id="418156319477354496" url="https://twitter.com/Adrimartin/status/418156319477354496"/>
		<document id="418355985317892096" url="https://twitter.com/Adrimartin/status/418355985317892096"/>
		<document id="418379887331004416" url="https://twitter.com/Adrimartin/status/418379887331004416"/>
		<document id="418415620255141889" url="https://twitter.com/Adrimartin/status/418415620255141889"/>
		<document id="418794953540907008" url="https://twitter.com/Adrimartin/status/418794953540907008"/>
		<document id="418900700983476226" url="https://twitter.com/Adrimartin/status/418900700983476226"/>
		<document id="418901313993592832" url="https://twitter.com/Adrimartin/status/418901313993592832"/>
		<document id="418901492482179072" url="https://twitter.com/Adrimartin/status/418901492482179072"/>
		<document id="419068190153785344" url="https://twitter.com/Adrimartin/status/419068190153785344"/>
		<document id="419102959516258307" url="https://twitter.com/Adrimartin/status/419102959516258307"/>
		<document id="419103105083797505" url="https://twitter.com/Adrimartin/status/419103105083797505"/>
	</documents>
</author>