<?xml version="1.0" encoding="UTF-8" standalone="no"?><author age_group="xx" gender="xx" lang="EN" type="twitter" url="https://twitter.com/MegMoynahan">
	<documents count="450">
		<document id="189413263946153984" url="https://twitter.com/MegMoynahan/status/189413263946153984"/>
		<document id="190782160620371969" url="https://twitter.com/MegMoynahan/status/190782160620371969"/>
		<document id="190785362560425984" url="https://twitter.com/MegMoynahan/status/190785362560425984"/>
		<document id="190790444408516609" url="https://twitter.com/MegMoynahan/status/190790444408516609"/>
		<document id="190799161300500481" url="https://twitter.com/MegMoynahan/status/190799161300500481"/>
		<document id="190801546567626755" url="https://twitter.com/MegMoynahan/status/190801546567626755"/>
		<document id="190803364496408576" url="https://twitter.com/MegMoynahan/status/190803364496408576"/>
		<document id="190807734797615105" url="https://twitter.com/MegMoynahan/status/190807734797615105"/>
		<document id="190823055608651776" url="https://twitter.com/MegMoynahan/status/190823055608651776"/>
		<document id="190825786931023872" url="https://twitter.com/MegMoynahan/status/190825786931023872"/>
		<document id="190831712316567552" url="https://twitter.com/MegMoynahan/status/190831712316567552"/>
		<document id="190835605884772352" url="https://twitter.com/MegMoynahan/status/190835605884772352"/>
		<document id="195605928219910148" url="https://twitter.com/MegMoynahan/status/195605928219910148"/>
		<document id="195609185315061760" url="https://twitter.com/MegMoynahan/status/195609185315061760"/>
		<document id="195610585675726848" url="https://twitter.com/MegMoynahan/status/195610585675726848"/>
		<document id="210722635628290049" url="https://twitter.com/MegMoynahan/status/210722635628290049"/>
		<document id="210726831001829378" url="https://twitter.com/MegMoynahan/status/210726831001829378"/>
		<document id="210728688071876610" url="https://twitter.com/MegMoynahan/status/210728688071876610"/>
		<document id="210746014850756608" url="https://twitter.com/MegMoynahan/status/210746014850756608"/>
		<document id="210747068803850240" url="https://twitter.com/MegMoynahan/status/210747068803850240"/>
		<document id="210752472946454530" url="https://twitter.com/MegMoynahan/status/210752472946454530"/>
		<document id="210844132430725120" url="https://twitter.com/MegMoynahan/status/210844132430725120"/>
		<document id="210844970934996993" url="https://twitter.com/MegMoynahan/status/210844970934996993"/>
		<document id="212520032691949569" url="https://twitter.com/MegMoynahan/status/212520032691949569"/>
		<document id="212528991389745153" url="https://twitter.com/MegMoynahan/status/212528991389745153"/>
		<document id="212530484813643777" url="https://twitter.com/MegMoynahan/status/212530484813643777"/>
		<document id="212532624315518977" url="https://twitter.com/MegMoynahan/status/212532624315518977"/>
		<document id="212532987726794752" url="https://twitter.com/MegMoynahan/status/212532987726794752"/>
		<document id="212535000468434946" url="https://twitter.com/MegMoynahan/status/212535000468434946"/>
		<document id="212535397190877185" url="https://twitter.com/MegMoynahan/status/212535397190877185"/>
		<document id="212535974452928513" url="https://twitter.com/MegMoynahan/status/212535974452928513"/>
		<document id="212550812130480128" url="https://twitter.com/MegMoynahan/status/212550812130480128"/>
		<document id="212555239180599299" url="https://twitter.com/MegMoynahan/status/212555239180599299"/>
		<document id="212557977276776448" url="https://twitter.com/MegMoynahan/status/212557977276776448"/>
		<document id="212564963485691904" url="https://twitter.com/MegMoynahan/status/212564963485691904"/>
		<document id="212567321078800384" url="https://twitter.com/MegMoynahan/status/212567321078800384"/>
		<document id="218356658190024707" url="https://twitter.com/MegMoynahan/status/218356658190024707"/>
		<document id="238643838430875648" url="https://twitter.com/MegMoynahan/status/238643838430875648"/>
		<document id="240218349815087104" url="https://twitter.com/MegMoynahan/status/240218349815087104"/>
		<document id="240262234759106560" url="https://twitter.com/MegMoynahan/status/240262234759106560"/>
		<document id="240999610229854208" url="https://twitter.com/MegMoynahan/status/240999610229854208"/>
		<document id="242364384570134528" url="https://twitter.com/MegMoynahan/status/242364384570134528"/>
		<document id="243165459946561536" url="https://twitter.com/MegMoynahan/status/243165459946561536"/>
		<document id="244260117644726272" url="https://twitter.com/MegMoynahan/status/244260117644726272"/>
		<document id="244273582459478016" url="https://twitter.com/MegMoynahan/status/244273582459478016"/>
		<document id="244276124568399872" url="https://twitter.com/MegMoynahan/status/244276124568399872"/>
		<document id="244765809459728384" url="https://twitter.com/MegMoynahan/status/244765809459728384"/>
		<document id="244769384135012353" url="https://twitter.com/MegMoynahan/status/244769384135012353"/>
		<document id="245334730717929472" url="https://twitter.com/MegMoynahan/status/245334730717929472"/>
		<document id="245335968444461056" url="https://twitter.com/MegMoynahan/status/245335968444461056"/>
		<document id="245435453967306752" url="https://twitter.com/MegMoynahan/status/245435453967306752"/>
		<document id="247013238930280448" url="https://twitter.com/MegMoynahan/status/247013238930280448"/>
		<document id="247305681823219712" url="https://twitter.com/MegMoynahan/status/247305681823219712"/>
		<document id="248411322000228352" url="https://twitter.com/MegMoynahan/status/248411322000228352"/>
		<document id="250421041686511618" url="https://twitter.com/MegMoynahan/status/250421041686511618"/>
		<document id="251124780764393473" url="https://twitter.com/MegMoynahan/status/251124780764393473"/>
		<document id="251378238440484866" url="https://twitter.com/MegMoynahan/status/251378238440484866"/>
		<document id="251380656456740864" url="https://twitter.com/MegMoynahan/status/251380656456740864"/>
		<document id="251485202789040128" url="https://twitter.com/MegMoynahan/status/251485202789040128"/>
		<document id="253869598208823298" url="https://twitter.com/MegMoynahan/status/253869598208823298"/>
		<document id="253871467027103744" url="https://twitter.com/MegMoynahan/status/253871467027103744"/>
		<document id="253875735746445314" url="https://twitter.com/MegMoynahan/status/253875735746445314"/>
		<document id="253895104081850368" url="https://twitter.com/MegMoynahan/status/253895104081850368"/>
		<document id="254258394578419712" url="https://twitter.com/MegMoynahan/status/254258394578419712"/>
		<document id="254259834168426496" url="https://twitter.com/MegMoynahan/status/254259834168426496"/>
		<document id="254260701223329792" url="https://twitter.com/MegMoynahan/status/254260701223329792"/>
		<document id="254262059200565248" url="https://twitter.com/MegMoynahan/status/254262059200565248"/>
		<document id="254262673817088000" url="https://twitter.com/MegMoynahan/status/254262673817088000"/>
		<document id="254263524010889217" url="https://twitter.com/MegMoynahan/status/254263524010889217"/>
		<document id="254265644806184961" url="https://twitter.com/MegMoynahan/status/254265644806184961"/>
		<document id="254266740710731776" url="https://twitter.com/MegMoynahan/status/254266740710731776"/>
		<document id="254269640774144001" url="https://twitter.com/MegMoynahan/status/254269640774144001"/>
		<document id="254270395979534336" url="https://twitter.com/MegMoynahan/status/254270395979534336"/>
		<document id="254272547875594240" url="https://twitter.com/MegMoynahan/status/254272547875594240"/>
		<document id="254272931792834560" url="https://twitter.com/MegMoynahan/status/254272931792834560"/>
		<document id="254274394065600512" url="https://twitter.com/MegMoynahan/status/254274394065600512"/>
		<document id="254277427403034624" url="https://twitter.com/MegMoynahan/status/254277427403034624"/>
		<document id="254278305547685888" url="https://twitter.com/MegMoynahan/status/254278305547685888"/>
		<document id="254279919721402368" url="https://twitter.com/MegMoynahan/status/254279919721402368"/>
		<document id="254289132375924736" url="https://twitter.com/MegMoynahan/status/254289132375924736"/>
		<document id="254290271595008000" url="https://twitter.com/MegMoynahan/status/254290271595008000"/>
		<document id="254291936834379776" url="https://twitter.com/MegMoynahan/status/254291936834379776"/>
		<document id="254294045512323072" url="https://twitter.com/MegMoynahan/status/254294045512323072"/>
		<document id="254295937961316355" url="https://twitter.com/MegMoynahan/status/254295937961316355"/>
		<document id="254297251436982272" url="https://twitter.com/MegMoynahan/status/254297251436982272"/>
		<document id="254297790384058368" url="https://twitter.com/MegMoynahan/status/254297790384058368"/>
		<document id="254299997154209792" url="https://twitter.com/MegMoynahan/status/254299997154209792"/>
		<document id="254323065796849664" url="https://twitter.com/MegMoynahan/status/254323065796849664"/>
		<document id="254324889161437184" url="https://twitter.com/MegMoynahan/status/254324889161437184"/>
		<document id="254325125669871616" url="https://twitter.com/MegMoynahan/status/254325125669871616"/>
		<document id="254335081425035264" url="https://twitter.com/MegMoynahan/status/254335081425035264"/>
		<document id="254336622173245441" url="https://twitter.com/MegMoynahan/status/254336622173245441"/>
		<document id="254349533994180608" url="https://twitter.com/MegMoynahan/status/254349533994180608"/>
		<document id="254351846704025600" url="https://twitter.com/MegMoynahan/status/254351846704025600"/>
		<document id="254352261579431937" url="https://twitter.com/MegMoynahan/status/254352261579431937"/>
		<document id="254353847152173056" url="https://twitter.com/MegMoynahan/status/254353847152173056"/>
		<document id="254354948836442113" url="https://twitter.com/MegMoynahan/status/254354948836442113"/>
		<document id="254359668791586816" url="https://twitter.com/MegMoynahan/status/254359668791586816"/>
		<document id="254360746178248704" url="https://twitter.com/MegMoynahan/status/254360746178248704"/>
		<document id="254362665382735872" url="https://twitter.com/MegMoynahan/status/254362665382735872"/>
		<document id="254363851884212224" url="https://twitter.com/MegMoynahan/status/254363851884212224"/>
		<document id="254364605994921986" url="https://twitter.com/MegMoynahan/status/254364605994921986"/>
		<document id="254366076727611392" url="https://twitter.com/MegMoynahan/status/254366076727611392"/>
		<document id="254368707017601025" url="https://twitter.com/MegMoynahan/status/254368707017601025"/>
		<document id="254369771250933760" url="https://twitter.com/MegMoynahan/status/254369771250933760"/>
		<document id="254370836868374528" url="https://twitter.com/MegMoynahan/status/254370836868374528"/>
		<document id="254371601095725057" url="https://twitter.com/MegMoynahan/status/254371601095725057"/>
		<document id="254373007554928641" url="https://twitter.com/MegMoynahan/status/254373007554928641"/>
		<document id="254374831884210176" url="https://twitter.com/MegMoynahan/status/254374831884210176"/>
		<document id="254375846113075200" url="https://twitter.com/MegMoynahan/status/254375846113075200"/>
		<document id="254934711577751554" url="https://twitter.com/MegMoynahan/status/254934711577751554"/>
		<document id="255085217860182016" url="https://twitter.com/MegMoynahan/status/255085217860182016"/>
		<document id="255444113506304000" url="https://twitter.com/MegMoynahan/status/255444113506304000"/>
		<document id="256218001085452288" url="https://twitter.com/MegMoynahan/status/256218001085452288"/>
		<document id="257536296694730752" url="https://twitter.com/MegMoynahan/status/257536296694730752"/>
		<document id="257537104236654593" url="https://twitter.com/MegMoynahan/status/257537104236654593"/>
		<document id="258390900558925824" url="https://twitter.com/MegMoynahan/status/258390900558925824"/>
		<document id="258391698021961730" url="https://twitter.com/MegMoynahan/status/258391698021961730"/>
		<document id="258465934799425536" url="https://twitter.com/MegMoynahan/status/258465934799425536"/>
		<document id="258684051047739392" url="https://twitter.com/MegMoynahan/status/258684051047739392"/>
		<document id="258750451669929985" url="https://twitter.com/MegMoynahan/status/258750451669929985"/>
		<document id="260346211322716160" url="https://twitter.com/MegMoynahan/status/260346211322716160"/>
		<document id="260550614633807873" url="https://twitter.com/MegMoynahan/status/260550614633807873"/>
		<document id="260895326842535936" url="https://twitter.com/MegMoynahan/status/260895326842535936"/>
		<document id="260901735911006209" url="https://twitter.com/MegMoynahan/status/260901735911006209"/>
		<document id="260906567162028033" url="https://twitter.com/MegMoynahan/status/260906567162028033"/>
		<document id="261423629588385795" url="https://twitter.com/MegMoynahan/status/261423629588385795"/>
		<document id="261541810839646208" url="https://twitter.com/MegMoynahan/status/261541810839646208"/>
		<document id="261988847762685953" url="https://twitter.com/MegMoynahan/status/261988847762685953"/>
		<document id="261989054239887360" url="https://twitter.com/MegMoynahan/status/261989054239887360"/>
		<document id="261989984498761730" url="https://twitter.com/MegMoynahan/status/261989984498761730"/>
		<document id="261990847929794560" url="https://twitter.com/MegMoynahan/status/261990847929794560"/>
		<document id="261991876125683713" url="https://twitter.com/MegMoynahan/status/261991876125683713"/>
		<document id="262231936934752256" url="https://twitter.com/MegMoynahan/status/262231936934752256"/>
		<document id="262234593481068544" url="https://twitter.com/MegMoynahan/status/262234593481068544"/>
		<document id="262238444938469376" url="https://twitter.com/MegMoynahan/status/262238444938469376"/>
		<document id="262240652853645314" url="https://twitter.com/MegMoynahan/status/262240652853645314"/>
		<document id="262594652639739906" url="https://twitter.com/MegMoynahan/status/262594652639739906"/>
		<document id="262603210726969344" url="https://twitter.com/MegMoynahan/status/262603210726969344"/>
		<document id="262605189658341377" url="https://twitter.com/MegMoynahan/status/262605189658341377"/>
		<document id="262605788965662720" url="https://twitter.com/MegMoynahan/status/262605788965662720"/>
		<document id="262647496843612160" url="https://twitter.com/MegMoynahan/status/262647496843612160"/>
		<document id="262735548010094594" url="https://twitter.com/MegMoynahan/status/262735548010094594"/>
		<document id="262736700051165184" url="https://twitter.com/MegMoynahan/status/262736700051165184"/>
		<document id="263009592085184513" url="https://twitter.com/MegMoynahan/status/263009592085184513"/>
		<document id="263018179331227648" url="https://twitter.com/MegMoynahan/status/263018179331227648"/>
		<document id="263026111930314752" url="https://twitter.com/MegMoynahan/status/263026111930314752"/>
		<document id="263027668948238338" url="https://twitter.com/MegMoynahan/status/263027668948238338"/>
		<document id="263044206321348609" url="https://twitter.com/MegMoynahan/status/263044206321348609"/>
		<document id="263112236631998464" url="https://twitter.com/MegMoynahan/status/263112236631998464"/>
		<document id="263271765407588352" url="https://twitter.com/MegMoynahan/status/263271765407588352"/>
		<document id="263292603720691713" url="https://twitter.com/MegMoynahan/status/263292603720691713"/>
		<document id="263314545240596480" url="https://twitter.com/MegMoynahan/status/263314545240596480"/>
		<document id="264543058589261824" url="https://twitter.com/MegMoynahan/status/264543058589261824"/>
		<document id="264546931613761537" url="https://twitter.com/MegMoynahan/status/264546931613761537"/>
		<document id="264838749135986689" url="https://twitter.com/MegMoynahan/status/264838749135986689"/>
		<document id="264865770159345664" url="https://twitter.com/MegMoynahan/status/264865770159345664"/>
		<document id="264886790958231552" url="https://twitter.com/MegMoynahan/status/264886790958231552"/>
		<document id="265067222215585793" url="https://twitter.com/MegMoynahan/status/265067222215585793"/>
		<document id="265090892438835200" url="https://twitter.com/MegMoynahan/status/265090892438835200"/>
		<document id="265292927578812416" url="https://twitter.com/MegMoynahan/status/265292927578812416"/>
		<document id="265307734029774848" url="https://twitter.com/MegMoynahan/status/265307734029774848"/>
		<document id="265865891172999169" url="https://twitter.com/MegMoynahan/status/265865891172999169"/>
		<document id="267084744301350912" url="https://twitter.com/MegMoynahan/status/267084744301350912"/>
		<document id="267351104298299392" url="https://twitter.com/MegMoynahan/status/267351104298299392"/>
		<document id="269121277086801921" url="https://twitter.com/MegMoynahan/status/269121277086801921"/>
		<document id="269121748761460736" url="https://twitter.com/MegMoynahan/status/269121748761460736"/>
		<document id="269122478469685248" url="https://twitter.com/MegMoynahan/status/269122478469685248"/>
		<document id="269129485616574464" url="https://twitter.com/MegMoynahan/status/269129485616574464"/>
		<document id="269261986058076160" url="https://twitter.com/MegMoynahan/status/269261986058076160"/>
		<document id="269262012318617600" url="https://twitter.com/MegMoynahan/status/269262012318617600"/>
		<document id="269263823381336064" url="https://twitter.com/MegMoynahan/status/269263823381336064"/>
		<document id="269266628255039490" url="https://twitter.com/MegMoynahan/status/269266628255039490"/>
		<document id="270731114195341312" url="https://twitter.com/MegMoynahan/status/270731114195341312"/>
		<document id="271740096556961792" url="https://twitter.com/MegMoynahan/status/271740096556961792"/>
		<document id="271814138278330368" url="https://twitter.com/MegMoynahan/status/271814138278330368"/>
		<document id="273597336574382082" url="https://twitter.com/MegMoynahan/status/273597336574382082"/>
		<document id="274010646067179520" url="https://twitter.com/MegMoynahan/status/274010646067179520"/>
		<document id="274014179080429570" url="https://twitter.com/MegMoynahan/status/274014179080429570"/>
		<document id="274337635793764352" url="https://twitter.com/MegMoynahan/status/274337635793764352"/>
		<document id="274493674744848384" url="https://twitter.com/MegMoynahan/status/274493674744848384"/>
		<document id="275055800643362816" url="https://twitter.com/MegMoynahan/status/275055800643362816"/>
		<document id="275058969628774400" url="https://twitter.com/MegMoynahan/status/275058969628774400"/>
		<document id="275065105975218176" url="https://twitter.com/MegMoynahan/status/275065105975218176"/>
		<document id="275725811632439296" url="https://twitter.com/MegMoynahan/status/275725811632439296"/>
		<document id="275732111237996547" url="https://twitter.com/MegMoynahan/status/275732111237996547"/>
		<document id="275733299937296384" url="https://twitter.com/MegMoynahan/status/275733299937296384"/>
		<document id="276493517495349248" url="https://twitter.com/MegMoynahan/status/276493517495349248"/>
		<document id="276494220284551168" url="https://twitter.com/MegMoynahan/status/276494220284551168"/>
		<document id="276526064078041089" url="https://twitter.com/MegMoynahan/status/276526064078041089"/>
		<document id="277158620209217537" url="https://twitter.com/MegMoynahan/status/277158620209217537"/>
		<document id="277173321827766272" url="https://twitter.com/MegMoynahan/status/277173321827766272"/>
		<document id="277221297099005952" url="https://twitter.com/MegMoynahan/status/277221297099005952"/>
		<document id="277395250996183040" url="https://twitter.com/MegMoynahan/status/277395250996183040"/>
		<document id="277395906280710144" url="https://twitter.com/MegMoynahan/status/277395906280710144"/>
		<document id="277936405295009793" url="https://twitter.com/MegMoynahan/status/277936405295009793"/>
		<document id="278687884683407362" url="https://twitter.com/MegMoynahan/status/278687884683407362"/>
		<document id="279045909747212288" url="https://twitter.com/MegMoynahan/status/279045909747212288"/>
		<document id="279046553916813314" url="https://twitter.com/MegMoynahan/status/279046553916813314"/>
		<document id="279047772651524096" url="https://twitter.com/MegMoynahan/status/279047772651524096"/>
		<document id="279047946434134017" url="https://twitter.com/MegMoynahan/status/279047946434134017"/>
		<document id="279403118721130497" url="https://twitter.com/MegMoynahan/status/279403118721130497"/>
		<document id="279403410355273728" url="https://twitter.com/MegMoynahan/status/279403410355273728"/>
		<document id="279404313527336961" url="https://twitter.com/MegMoynahan/status/279404313527336961"/>
		<document id="279404636903981056" url="https://twitter.com/MegMoynahan/status/279404636903981056"/>
		<document id="279411697914089472" url="https://twitter.com/MegMoynahan/status/279411697914089472"/>
		<document id="279545142136946688" url="https://twitter.com/MegMoynahan/status/279545142136946688"/>
		<document id="279547071244161025" url="https://twitter.com/MegMoynahan/status/279547071244161025"/>
		<document id="279683099867099138" url="https://twitter.com/MegMoynahan/status/279683099867099138"/>
		<document id="279685755150938112" url="https://twitter.com/MegMoynahan/status/279685755150938112"/>
		<document id="279686538110058496" url="https://twitter.com/MegMoynahan/status/279686538110058496"/>
		<document id="279704321145331712" url="https://twitter.com/MegMoynahan/status/279704321145331712"/>
		<document id="279710802674589696" url="https://twitter.com/MegMoynahan/status/279710802674589696"/>
		<document id="279711136415367169" url="https://twitter.com/MegMoynahan/status/279711136415367169"/>
		<document id="279759432634732544" url="https://twitter.com/MegMoynahan/status/279759432634732544"/>
		<document id="279771333745844224" url="https://twitter.com/MegMoynahan/status/279771333745844224"/>
		<document id="279783505624453120" url="https://twitter.com/MegMoynahan/status/279783505624453120"/>
		<document id="279988507039129600" url="https://twitter.com/MegMoynahan/status/279988507039129600"/>
		<document id="280319883890266112" url="https://twitter.com/MegMoynahan/status/280319883890266112"/>
		<document id="280807473680642048" url="https://twitter.com/MegMoynahan/status/280807473680642048"/>
		<document id="280883750693396480" url="https://twitter.com/MegMoynahan/status/280883750693396480"/>
		<document id="280883973805182976" url="https://twitter.com/MegMoynahan/status/280883973805182976"/>
		<document id="281098012997066752" url="https://twitter.com/MegMoynahan/status/281098012997066752"/>
		<document id="281570896462901248" url="https://twitter.com/MegMoynahan/status/281570896462901248"/>
		<document id="281722018808860673" url="https://twitter.com/MegMoynahan/status/281722018808860673"/>
		<document id="281864876870217730" url="https://twitter.com/MegMoynahan/status/281864876870217730"/>
		<document id="282310371388305409" url="https://twitter.com/MegMoynahan/status/282310371388305409"/>
		<document id="282310922079436800" url="https://twitter.com/MegMoynahan/status/282310922079436800"/>
		<document id="282587925567393792" url="https://twitter.com/MegMoynahan/status/282587925567393792"/>
		<document id="282854135320178688" url="https://twitter.com/MegMoynahan/status/282854135320178688"/>
		<document id="282860233037074432" url="https://twitter.com/MegMoynahan/status/282860233037074432"/>
		<document id="282864169219391488" url="https://twitter.com/MegMoynahan/status/282864169219391488"/>
		<document id="283421078443929600" url="https://twitter.com/MegMoynahan/status/283421078443929600"/>
		<document id="283570923288805376" url="https://twitter.com/MegMoynahan/status/283570923288805376"/>
		<document id="283614883495419905" url="https://twitter.com/MegMoynahan/status/283614883495419905"/>
		<document id="283691207404711937" url="https://twitter.com/MegMoynahan/status/283691207404711937"/>
		<document id="284137257168928768" url="https://twitter.com/MegMoynahan/status/284137257168928768"/>
		<document id="284252482044055553" url="https://twitter.com/MegMoynahan/status/284252482044055553"/>
		<document id="284415734422069248" url="https://twitter.com/MegMoynahan/status/284415734422069248"/>
		<document id="284419189270253569" url="https://twitter.com/MegMoynahan/status/284419189270253569"/>
		<document id="285482516415119360" url="https://twitter.com/MegMoynahan/status/285482516415119360"/>
		<document id="285495895200518144" url="https://twitter.com/MegMoynahan/status/285495895200518144"/>
		<document id="285506139095965696" url="https://twitter.com/MegMoynahan/status/285506139095965696"/>
		<document id="285968682402844673" url="https://twitter.com/MegMoynahan/status/285968682402844673"/>
		<document id="286129670498447360" url="https://twitter.com/MegMoynahan/status/286129670498447360"/>
		<document id="286132579025944576" url="https://twitter.com/MegMoynahan/status/286132579025944576"/>
		<document id="286254105045921792" url="https://twitter.com/MegMoynahan/status/286254105045921792"/>
		<document id="286457384661053440" url="https://twitter.com/MegMoynahan/status/286457384661053440"/>
		<document id="286523424237563904" url="https://twitter.com/MegMoynahan/status/286523424237563904"/>
		<document id="286586811059433472" url="https://twitter.com/MegMoynahan/status/286586811059433472"/>
		<document id="286998392893214722" url="https://twitter.com/MegMoynahan/status/286998392893214722"/>
		<document id="286998597331980288" url="https://twitter.com/MegMoynahan/status/286998597331980288"/>
		<document id="287209511482187776" url="https://twitter.com/MegMoynahan/status/287209511482187776"/>
		<document id="287406674615087104" url="https://twitter.com/MegMoynahan/status/287406674615087104"/>
		<document id="287748290441777154" url="https://twitter.com/MegMoynahan/status/287748290441777154"/>
		<document id="288019407907721218" url="https://twitter.com/MegMoynahan/status/288019407907721218"/>
		<document id="288019831188492289" url="https://twitter.com/MegMoynahan/status/288019831188492289"/>
		<document id="288082448254898176" url="https://twitter.com/MegMoynahan/status/288082448254898176"/>
		<document id="288297753581322241" url="https://twitter.com/MegMoynahan/status/288297753581322241"/>
		<document id="288498431561977856" url="https://twitter.com/MegMoynahan/status/288498431561977856"/>
		<document id="288829831355969537" url="https://twitter.com/MegMoynahan/status/288829831355969537"/>
		<document id="288831287777689600" url="https://twitter.com/MegMoynahan/status/288831287777689600"/>
		<document id="288832515962191872" url="https://twitter.com/MegMoynahan/status/288832515962191872"/>
		<document id="289348760776097793" url="https://twitter.com/MegMoynahan/status/289348760776097793"/>
		<document id="289352991327260672" url="https://twitter.com/MegMoynahan/status/289352991327260672"/>
		<document id="289540631683018752" url="https://twitter.com/MegMoynahan/status/289540631683018752"/>
		<document id="289545197317140480" url="https://twitter.com/MegMoynahan/status/289545197317140480"/>
		<document id="289548768318214144" url="https://twitter.com/MegMoynahan/status/289548768318214144"/>
		<document id="289550463005769728" url="https://twitter.com/MegMoynahan/status/289550463005769728"/>
		<document id="289763026427600896" url="https://twitter.com/MegMoynahan/status/289763026427600896"/>
		<document id="290102587670269954" url="https://twitter.com/MegMoynahan/status/290102587670269954"/>
		<document id="290180731546763264" url="https://twitter.com/MegMoynahan/status/290180731546763264"/>
		<document id="290438012507156480" url="https://twitter.com/MegMoynahan/status/290438012507156480"/>
		<document id="290666732530585600" url="https://twitter.com/MegMoynahan/status/290666732530585600"/>
		<document id="290993814368292864" url="https://twitter.com/MegMoynahan/status/290993814368292864"/>
		<document id="290994303537397761" url="https://twitter.com/MegMoynahan/status/290994303537397761"/>
		<document id="291586282939904002" url="https://twitter.com/MegMoynahan/status/291586282939904002"/>
		<document id="291593697836007424" url="https://twitter.com/MegMoynahan/status/291593697836007424"/>
		<document id="291594585052966912" url="https://twitter.com/MegMoynahan/status/291594585052966912"/>
		<document id="291598957937848320" url="https://twitter.com/MegMoynahan/status/291598957937848320"/>
		<document id="291601144856313856" url="https://twitter.com/MegMoynahan/status/291601144856313856"/>
		<document id="292088589326614528" url="https://twitter.com/MegMoynahan/status/292088589326614528"/>
		<document id="293353610899755008" url="https://twitter.com/MegMoynahan/status/293353610899755008"/>
		<document id="293475747190960128" url="https://twitter.com/MegMoynahan/status/293475747190960128"/>
		<document id="293476633631932417" url="https://twitter.com/MegMoynahan/status/293476633631932417"/>
		<document id="293567352698728448" url="https://twitter.com/MegMoynahan/status/293567352698728448"/>
		<document id="293700971190685697" url="https://twitter.com/MegMoynahan/status/293700971190685697"/>
		<document id="293899266454323200" url="https://twitter.com/MegMoynahan/status/293899266454323200"/>
		<document id="293899660186226688" url="https://twitter.com/MegMoynahan/status/293899660186226688"/>
		<document id="294049644223266818" url="https://twitter.com/MegMoynahan/status/294049644223266818"/>
		<document id="294097964530548736" url="https://twitter.com/MegMoynahan/status/294097964530548736"/>
		<document id="294111026532724736" url="https://twitter.com/MegMoynahan/status/294111026532724736"/>
		<document id="294112009027452928" url="https://twitter.com/MegMoynahan/status/294112009027452928"/>
		<document id="294225183231856640" url="https://twitter.com/MegMoynahan/status/294225183231856640"/>
		<document id="294420789946621953" url="https://twitter.com/MegMoynahan/status/294420789946621953"/>
		<document id="294422782576570369" url="https://twitter.com/MegMoynahan/status/294422782576570369"/>
		<document id="294642592283516928" url="https://twitter.com/MegMoynahan/status/294642592283516928"/>
		<document id="294692485144399873" url="https://twitter.com/MegMoynahan/status/294692485144399873"/>
		<document id="294692894407802880" url="https://twitter.com/MegMoynahan/status/294692894407802880"/>
		<document id="294970845753905152" url="https://twitter.com/MegMoynahan/status/294970845753905152"/>
		<document id="294972561450729472" url="https://twitter.com/MegMoynahan/status/294972561450729472"/>
		<document id="295102308222660608" url="https://twitter.com/MegMoynahan/status/295102308222660608"/>
		<document id="295334879728644096" url="https://twitter.com/MegMoynahan/status/295334879728644096"/>
		<document id="295523303102246912" url="https://twitter.com/MegMoynahan/status/295523303102246912"/>
		<document id="296420419584544768" url="https://twitter.com/MegMoynahan/status/296420419584544768"/>
		<document id="296439957290110977" url="https://twitter.com/MegMoynahan/status/296439957290110977"/>
		<document id="296602517276614656" url="https://twitter.com/MegMoynahan/status/296602517276614656"/>
		<document id="298570859906482176" url="https://twitter.com/MegMoynahan/status/298570859906482176"/>
		<document id="298572282455011328" url="https://twitter.com/MegMoynahan/status/298572282455011328"/>
		<document id="298572816054370304" url="https://twitter.com/MegMoynahan/status/298572816054370304"/>
		<document id="298622014254624768" url="https://twitter.com/MegMoynahan/status/298622014254624768"/>
		<document id="298622773176180736" url="https://twitter.com/MegMoynahan/status/298622773176180736"/>
		<document id="299009690354982912" url="https://twitter.com/MegMoynahan/status/299009690354982912"/>
		<document id="299010283920318465" url="https://twitter.com/MegMoynahan/status/299010283920318465"/>
		<document id="299011666362900481" url="https://twitter.com/MegMoynahan/status/299011666362900481"/>
		<document id="300054732398006272" url="https://twitter.com/MegMoynahan/status/300054732398006272"/>
		<document id="300055148850462720" url="https://twitter.com/MegMoynahan/status/300055148850462720"/>
		<document id="300072923312558080" url="https://twitter.com/MegMoynahan/status/300072923312558080"/>
		<document id="300081717698502656" url="https://twitter.com/MegMoynahan/status/300081717698502656"/>
		<document id="300081881553178624" url="https://twitter.com/MegMoynahan/status/300081881553178624"/>
		<document id="300082517824897024" url="https://twitter.com/MegMoynahan/status/300082517824897024"/>
		<document id="300096171110719488" url="https://twitter.com/MegMoynahan/status/300096171110719488"/>
		<document id="300337054892580864" url="https://twitter.com/MegMoynahan/status/300337054892580864"/>
		<document id="300425499522510848" url="https://twitter.com/MegMoynahan/status/300425499522510848"/>
		<document id="300679711800045568" url="https://twitter.com/MegMoynahan/status/300679711800045568"/>
		<document id="300680954517794817" url="https://twitter.com/MegMoynahan/status/300680954517794817"/>
		<document id="300682925098295296" url="https://twitter.com/MegMoynahan/status/300682925098295296"/>
		<document id="300691130335494144" url="https://twitter.com/MegMoynahan/status/300691130335494144"/>
		<document id="300791037650149376" url="https://twitter.com/MegMoynahan/status/300791037650149376"/>
		<document id="301126961256861697" url="https://twitter.com/MegMoynahan/status/301126961256861697"/>
		<document id="301127004340752385" url="https://twitter.com/MegMoynahan/status/301127004340752385"/>
		<document id="301148519295770625" url="https://twitter.com/MegMoynahan/status/301148519295770625"/>
		<document id="301310383803736064" url="https://twitter.com/MegMoynahan/status/301310383803736064"/>
		<document id="302060668218114048" url="https://twitter.com/MegMoynahan/status/302060668218114048"/>
		<document id="302062168864600065" url="https://twitter.com/MegMoynahan/status/302062168864600065"/>
		<document id="302238640472473600" url="https://twitter.com/MegMoynahan/status/302238640472473600"/>
		<document id="302400928127000576" url="https://twitter.com/MegMoynahan/status/302400928127000576"/>
		<document id="302975265854857216" url="https://twitter.com/MegMoynahan/status/302975265854857216"/>
		<document id="303270587890012160" url="https://twitter.com/MegMoynahan/status/303270587890012160"/>
		<document id="303838125606699010" url="https://twitter.com/MegMoynahan/status/303838125606699010"/>
		<document id="304043729604460546" url="https://twitter.com/MegMoynahan/status/304043729604460546"/>
		<document id="305358237178404864" url="https://twitter.com/MegMoynahan/status/305358237178404864"/>
		<document id="305359751020167168" url="https://twitter.com/MegMoynahan/status/305359751020167168"/>
		<document id="305403683053641728" url="https://twitter.com/MegMoynahan/status/305403683053641728"/>
		<document id="305404975960424448" url="https://twitter.com/MegMoynahan/status/305404975960424448"/>
		<document id="305408204186210304" url="https://twitter.com/MegMoynahan/status/305408204186210304"/>
		<document id="305672732115365888" url="https://twitter.com/MegMoynahan/status/305672732115365888"/>
		<document id="305822719054852096" url="https://twitter.com/MegMoynahan/status/305822719054852096"/>
		<document id="305824053434920961" url="https://twitter.com/MegMoynahan/status/305824053434920961"/>
		<document id="306020519319326720" url="https://twitter.com/MegMoynahan/status/306020519319326720"/>
		<document id="306451043200405505" url="https://twitter.com/MegMoynahan/status/306451043200405505"/>
		<document id="306500918638166016" url="https://twitter.com/MegMoynahan/status/306500918638166016"/>
		<document id="306793749848133632" url="https://twitter.com/MegMoynahan/status/306793749848133632"/>
		<document id="307050589639032833" url="https://twitter.com/MegMoynahan/status/307050589639032833"/>
		<document id="307108268386430976" url="https://twitter.com/MegMoynahan/status/307108268386430976"/>
		<document id="307157222801158146" url="https://twitter.com/MegMoynahan/status/307157222801158146"/>
		<document id="307240112272601090" url="https://twitter.com/MegMoynahan/status/307240112272601090"/>
		<document id="307257461042188288" url="https://twitter.com/MegMoynahan/status/307257461042188288"/>
		<document id="307257701350666241" url="https://twitter.com/MegMoynahan/status/307257701350666241"/>
		<document id="309513182723067904" url="https://twitter.com/MegMoynahan/status/309513182723067904"/>
		<document id="311154118066577409" url="https://twitter.com/MegMoynahan/status/311154118066577409"/>
		<document id="311231038011625472" url="https://twitter.com/MegMoynahan/status/311231038011625472"/>
		<document id="311235926238035969" url="https://twitter.com/MegMoynahan/status/311235926238035969"/>
		<document id="311244500976693248" url="https://twitter.com/MegMoynahan/status/311244500976693248"/>
		<document id="311244947808468992" url="https://twitter.com/MegMoynahan/status/311244947808468992"/>
		<document id="311245542732730368" url="https://twitter.com/MegMoynahan/status/311245542732730368"/>
		<document id="311489102719627264" url="https://twitter.com/MegMoynahan/status/311489102719627264"/>
		<document id="311491968456851457" url="https://twitter.com/MegMoynahan/status/311491968456851457"/>
		<document id="311513193627394048" url="https://twitter.com/MegMoynahan/status/311513193627394048"/>
		<document id="311514005896302592" url="https://twitter.com/MegMoynahan/status/311514005896302592"/>
		<document id="311516211768881152" url="https://twitter.com/MegMoynahan/status/311516211768881152"/>
		<document id="311563373315751937" url="https://twitter.com/MegMoynahan/status/311563373315751937"/>
		<document id="313284200113524737" url="https://twitter.com/MegMoynahan/status/313284200113524737"/>
		<document id="314937271558213632" url="https://twitter.com/MegMoynahan/status/314937271558213632"/>
		<document id="315791493073874944" url="https://twitter.com/MegMoynahan/status/315791493073874944"/>
		<document id="315842607882317824" url="https://twitter.com/MegMoynahan/status/315842607882317824"/>
		<document id="316732724444540928" url="https://twitter.com/MegMoynahan/status/316732724444540928"/>
		<document id="323043949763756033" url="https://twitter.com/MegMoynahan/status/323043949763756033"/>
		<document id="323116153125871616" url="https://twitter.com/MegMoynahan/status/323116153125871616"/>
		<document id="323120021775728640" url="https://twitter.com/MegMoynahan/status/323120021775728640"/>
		<document id="323131994114498560" url="https://twitter.com/MegMoynahan/status/323131994114498560"/>
		<document id="323139890764201985" url="https://twitter.com/MegMoynahan/status/323139890764201985"/>
		<document id="323198169947181057" url="https://twitter.com/MegMoynahan/status/323198169947181057"/>
		<document id="323200218696916992" url="https://twitter.com/MegMoynahan/status/323200218696916992"/>
		<document id="325644034053898240" url="https://twitter.com/MegMoynahan/status/325644034053898240"/>
		<document id="332674926521774082" url="https://twitter.com/MegMoynahan/status/332674926521774082"/>
		<document id="335845905632739328" url="https://twitter.com/MegMoynahan/status/335845905632739328"/>
		<document id="340971776018366464" url="https://twitter.com/MegMoynahan/status/340971776018366464"/>
		<document id="341040240275902464" url="https://twitter.com/MegMoynahan/status/341040240275902464"/>
		<document id="342655862034288640" url="https://twitter.com/MegMoynahan/status/342655862034288640"/>
		<document id="346694884012482560" url="https://twitter.com/MegMoynahan/status/346694884012482560"/>
		<document id="362197680782454784" url="https://twitter.com/MegMoynahan/status/362197680782454784"/>
		<document id="362205211214888961" url="https://twitter.com/MegMoynahan/status/362205211214888961"/>
		<document id="372001557807501313" url="https://twitter.com/MegMoynahan/status/372001557807501313"/>
		<document id="375255546061783040" url="https://twitter.com/MegMoynahan/status/375255546061783040"/>
		<document id="375263785658744832" url="https://twitter.com/MegMoynahan/status/375263785658744832"/>
		<document id="379356838963077120" url="https://twitter.com/MegMoynahan/status/379356838963077120"/>
		<document id="381456606703009793" url="https://twitter.com/MegMoynahan/status/381456606703009793"/>
		<document id="382256370226982914" url="https://twitter.com/MegMoynahan/status/382256370226982914"/>
		<document id="382258639404154880" url="https://twitter.com/MegMoynahan/status/382258639404154880"/>
		<document id="382260617349853184" url="https://twitter.com/MegMoynahan/status/382260617349853184"/>
		<document id="382261819282169856" url="https://twitter.com/MegMoynahan/status/382261819282169856"/>
		<document id="385403253115998208" url="https://twitter.com/MegMoynahan/status/385403253115998208"/>
		<document id="387008586791927808" url="https://twitter.com/MegMoynahan/status/387008586791927808"/>
		<document id="388662154183725056" url="https://twitter.com/MegMoynahan/status/388662154183725056"/>
		<document id="388675424105926657" url="https://twitter.com/MegMoynahan/status/388675424105926657"/>
		<document id="389022300642623488" url="https://twitter.com/MegMoynahan/status/389022300642623488"/>
		<document id="389082718187028480" url="https://twitter.com/MegMoynahan/status/389082718187028480"/>
		<document id="389844865829179392" url="https://twitter.com/MegMoynahan/status/389844865829179392"/>
		<document id="390095162363228160" url="https://twitter.com/MegMoynahan/status/390095162363228160"/>
		<document id="392094441428635649" url="https://twitter.com/MegMoynahan/status/392094441428635649"/>
		<document id="392387135916896256" url="https://twitter.com/MegMoynahan/status/392387135916896256"/>
		<document id="393699485505048576" url="https://twitter.com/MegMoynahan/status/393699485505048576"/>
		<document id="393702162305646593" url="https://twitter.com/MegMoynahan/status/393702162305646593"/>
		<document id="393837986535587843" url="https://twitter.com/MegMoynahan/status/393837986535587843"/>
		<document id="394061236092305408" url="https://twitter.com/MegMoynahan/status/394061236092305408"/>
		<document id="394226355140710400" url="https://twitter.com/MegMoynahan/status/394226355140710400"/>
		<document id="394227263853428736" url="https://twitter.com/MegMoynahan/status/394227263853428736"/>
		<document id="394372012476338176" url="https://twitter.com/MegMoynahan/status/394372012476338176"/>
		<document id="394395735933739008" url="https://twitter.com/MegMoynahan/status/394395735933739008"/>
		<document id="394440678086037504" url="https://twitter.com/MegMoynahan/status/394440678086037504"/>
		<document id="394462836883062784" url="https://twitter.com/MegMoynahan/status/394462836883062784"/>
		<document id="394464082058698752" url="https://twitter.com/MegMoynahan/status/394464082058698752"/>
		<document id="394493533681233921" url="https://twitter.com/MegMoynahan/status/394493533681233921"/>
		<document id="394742140280246272" url="https://twitter.com/MegMoynahan/status/394742140280246272"/>
		<document id="394747967405817856" url="https://twitter.com/MegMoynahan/status/394747967405817856"/>
		<document id="394751206050258944" url="https://twitter.com/MegMoynahan/status/394751206050258944"/>
		<document id="394777462766596096" url="https://twitter.com/MegMoynahan/status/394777462766596096"/>
		<document id="394847818978172928" url="https://twitter.com/MegMoynahan/status/394847818978172928"/>
		<document id="394879696212852737" url="https://twitter.com/MegMoynahan/status/394879696212852737"/>
		<document id="394884533914705920" url="https://twitter.com/MegMoynahan/status/394884533914705920"/>
		<document id="394941907887218689" url="https://twitter.com/MegMoynahan/status/394941907887218689"/>
		<document id="397261710610169856" url="https://twitter.com/MegMoynahan/status/397261710610169856"/>
		<document id="397534852452720640" url="https://twitter.com/MegMoynahan/status/397534852452720640"/>
		<document id="397706433447211008" url="https://twitter.com/MegMoynahan/status/397706433447211008"/>
		<document id="399598929911611393" url="https://twitter.com/MegMoynahan/status/399598929911611393"/>
		<document id="402911707544043520" url="https://twitter.com/MegMoynahan/status/402911707544043520"/>
		<document id="405808179759415296" url="https://twitter.com/MegMoynahan/status/405808179759415296"/>
		<document id="408206459001114624" url="https://twitter.com/MegMoynahan/status/408206459001114624"/>
		<document id="408210798839095296" url="https://twitter.com/MegMoynahan/status/408210798839095296"/>
		<document id="408211527087718400" url="https://twitter.com/MegMoynahan/status/408211527087718400"/>
		<document id="408377772110012416" url="https://twitter.com/MegMoynahan/status/408377772110012416"/>
		<document id="408383533808640000" url="https://twitter.com/MegMoynahan/status/408383533808640000"/>
		<document id="408996778759843840" url="https://twitter.com/MegMoynahan/status/408996778759843840"/>
		<document id="409002523802877952" url="https://twitter.com/MegMoynahan/status/409002523802877952"/>
		<document id="409003609733353472" url="https://twitter.com/MegMoynahan/status/409003609733353472"/>
		<document id="409005820471291904" url="https://twitter.com/MegMoynahan/status/409005820471291904"/>
		<document id="409011778660474880" url="https://twitter.com/MegMoynahan/status/409011778660474880"/>
		<document id="417529074505244672" url="https://twitter.com/MegMoynahan/status/417529074505244672"/>
		<document id="419123070800896000" url="https://twitter.com/MegMoynahan/status/419123070800896000"/>
	</documents>
</author>