<?xml version="1.0" encoding="UTF-8" standalone="no"?><author age_group="xx" gender="xx" lang="EN" type="twitter" url="https://twitter.com/SueMcCauley">
	<documents count="994">
		<document id="10184355097" url="https://twitter.com/SueMcCauley/status/10184355097"/>
		<document id="107644747329445888" url="https://twitter.com/SueMcCauley/status/107644747329445888"/>
		<document id="11039312961" url="https://twitter.com/SueMcCauley/status/11039312961"/>
		<document id="11311836863401984" url="https://twitter.com/SueMcCauley/status/11311836863401984"/>
		<document id="11567278575321089" url="https://twitter.com/SueMcCauley/status/11567278575321089"/>
		<document id="1164373662" url="https://twitter.com/SueMcCauley/status/1164373662"/>
		<document id="1165314299" url="https://twitter.com/SueMcCauley/status/1165314299"/>
		<document id="1165693087" url="https://twitter.com/SueMcCauley/status/1165693087"/>
		<document id="1166504680" url="https://twitter.com/SueMcCauley/status/1166504680"/>
		<document id="1166634699" url="https://twitter.com/SueMcCauley/status/1166634699"/>
		<document id="1171463910" url="https://twitter.com/SueMcCauley/status/1171463910"/>
		<document id="1172431119" url="https://twitter.com/SueMcCauley/status/1172431119"/>
		<document id="1173321033" url="https://twitter.com/SueMcCauley/status/1173321033"/>
		<document id="1173434585" url="https://twitter.com/SueMcCauley/status/1173434585"/>
		<document id="1173671563" url="https://twitter.com/SueMcCauley/status/1173671563"/>
		<document id="1173704020" url="https://twitter.com/SueMcCauley/status/1173704020"/>
		<document id="1175167318" url="https://twitter.com/SueMcCauley/status/1175167318"/>
		<document id="1175930803" url="https://twitter.com/SueMcCauley/status/1175930803"/>
		<document id="1176085857" url="https://twitter.com/SueMcCauley/status/1176085857"/>
		<document id="1176142237" url="https://twitter.com/SueMcCauley/status/1176142237"/>
		<document id="1176142483" url="https://twitter.com/SueMcCauley/status/1176142483"/>
		<document id="1177416748" url="https://twitter.com/SueMcCauley/status/1177416748"/>
		<document id="1177417234" url="https://twitter.com/SueMcCauley/status/1177417234"/>
		<document id="1178693181" url="https://twitter.com/SueMcCauley/status/1178693181"/>
		<document id="1179291643" url="https://twitter.com/SueMcCauley/status/1179291643"/>
		<document id="1181948353" url="https://twitter.com/SueMcCauley/status/1181948353"/>
		<document id="1182676665" url="https://twitter.com/SueMcCauley/status/1182676665"/>
		<document id="1186170729" url="https://twitter.com/SueMcCauley/status/1186170729"/>
		<document id="1187294101" url="https://twitter.com/SueMcCauley/status/1187294101"/>
		<document id="11878708444921857" url="https://twitter.com/SueMcCauley/status/11878708444921857"/>
		<document id="1188648175" url="https://twitter.com/SueMcCauley/status/1188648175"/>
		<document id="1190716793" url="https://twitter.com/SueMcCauley/status/1190716793"/>
		<document id="1191556985" url="https://twitter.com/SueMcCauley/status/1191556985"/>
		<document id="1194046879" url="https://twitter.com/SueMcCauley/status/1194046879"/>
		<document id="1200620103" url="https://twitter.com/SueMcCauley/status/1200620103"/>
		<document id="1200624240" url="https://twitter.com/SueMcCauley/status/1200624240"/>
		<document id="1213542912" url="https://twitter.com/SueMcCauley/status/1213542912"/>
		<document id="1237044426" url="https://twitter.com/SueMcCauley/status/1237044426"/>
		<document id="1238687227" url="https://twitter.com/SueMcCauley/status/1238687227"/>
		<document id="124166963487453184" url="https://twitter.com/SueMcCauley/status/124166963487453184"/>
		<document id="1242845545" url="https://twitter.com/SueMcCauley/status/1242845545"/>
		<document id="12855728260" url="https://twitter.com/SueMcCauley/status/12855728260"/>
		<document id="129206273777467392" url="https://twitter.com/SueMcCauley/status/129206273777467392"/>
		<document id="1292435552468993" url="https://twitter.com/SueMcCauley/status/1292435552468993"/>
		<document id="1307059798" url="https://twitter.com/SueMcCauley/status/1307059798"/>
		<document id="131555439505715201" url="https://twitter.com/SueMcCauley/status/131555439505715201"/>
		<document id="1318776701" url="https://twitter.com/SueMcCauley/status/1318776701"/>
		<document id="1322252334" url="https://twitter.com/SueMcCauley/status/1322252334"/>
		<document id="1324669362" url="https://twitter.com/SueMcCauley/status/1324669362"/>
		<document id="1327494055" url="https://twitter.com/SueMcCauley/status/1327494055"/>
		<document id="133721349838487553" url="https://twitter.com/SueMcCauley/status/133721349838487553"/>
		<document id="1349442680" url="https://twitter.com/SueMcCauley/status/1349442680"/>
		<document id="1351785829" url="https://twitter.com/SueMcCauley/status/1351785829"/>
		<document id="1352067054" url="https://twitter.com/SueMcCauley/status/1352067054"/>
		<document id="1357829120" url="https://twitter.com/SueMcCauley/status/1357829120"/>
		<document id="1360581046" url="https://twitter.com/SueMcCauley/status/1360581046"/>
		<document id="1364553367" url="https://twitter.com/SueMcCauley/status/1364553367"/>
		<document id="1390345504" url="https://twitter.com/SueMcCauley/status/1390345504"/>
		<document id="1394494156" url="https://twitter.com/SueMcCauley/status/1394494156"/>
		<document id="140292181838671872" url="https://twitter.com/SueMcCauley/status/140292181838671872"/>
		<document id="140292182102904832" url="https://twitter.com/SueMcCauley/status/140292182102904832"/>
		<document id="1406796467" url="https://twitter.com/SueMcCauley/status/1406796467"/>
		<document id="142795874198749184" url="https://twitter.com/SueMcCauley/status/142795874198749184"/>
		<document id="1444445121" url="https://twitter.com/SueMcCauley/status/1444445121"/>
		<document id="144860111192600576" url="https://twitter.com/SueMcCauley/status/144860111192600576"/>
		<document id="14487621728210945" url="https://twitter.com/SueMcCauley/status/14487621728210945"/>
		<document id="1448962704" url="https://twitter.com/SueMcCauley/status/1448962704"/>
		<document id="1451070434" url="https://twitter.com/SueMcCauley/status/1451070434"/>
		<document id="1451244320" url="https://twitter.com/SueMcCauley/status/1451244320"/>
		<document id="1454211181" url="https://twitter.com/SueMcCauley/status/1454211181"/>
		<document id="1459520474" url="https://twitter.com/SueMcCauley/status/1459520474"/>
		<document id="1477572695" url="https://twitter.com/SueMcCauley/status/1477572695"/>
		<document id="1488002965" url="https://twitter.com/SueMcCauley/status/1488002965"/>
		<document id="14919739111" url="https://twitter.com/SueMcCauley/status/14919739111"/>
		<document id="14920112743" url="https://twitter.com/SueMcCauley/status/14920112743"/>
		<document id="1492345085" url="https://twitter.com/SueMcCauley/status/1492345085"/>
		<document id="149482593832808448" url="https://twitter.com/SueMcCauley/status/149482593832808448"/>
		<document id="149482593895723008" url="https://twitter.com/SueMcCauley/status/149482593895723008"/>
		<document id="1561021948" url="https://twitter.com/SueMcCauley/status/1561021948"/>
		<document id="1571125478" url="https://twitter.com/SueMcCauley/status/1571125478"/>
		<document id="1581429764" url="https://twitter.com/SueMcCauley/status/1581429764"/>
		<document id="158342530772123648" url="https://twitter.com/SueMcCauley/status/158342530772123648"/>
		<document id="158342604512178176" url="https://twitter.com/SueMcCauley/status/158342604512178176"/>
		<document id="1613919580" url="https://twitter.com/SueMcCauley/status/1613919580"/>
		<document id="1614687738" url="https://twitter.com/SueMcCauley/status/1614687738"/>
		<document id="1622574924" url="https://twitter.com/SueMcCauley/status/1622574924"/>
		<document id="1631924134" url="https://twitter.com/SueMcCauley/status/1631924134"/>
		<document id="163277188320342017" url="https://twitter.com/SueMcCauley/status/163277188320342017"/>
		<document id="16552387271458816" url="https://twitter.com/SueMcCauley/status/16552387271458816"/>
		<document id="166301971060506624" url="https://twitter.com/SueMcCauley/status/166301971060506624"/>
		<document id="1701040616" url="https://twitter.com/SueMcCauley/status/1701040616"/>
		<document id="1701119018" url="https://twitter.com/SueMcCauley/status/1701119018"/>
		<document id="17128319908" url="https://twitter.com/SueMcCauley/status/17128319908"/>
		<document id="17128657071" url="https://twitter.com/SueMcCauley/status/17128657071"/>
		<document id="17128657351" url="https://twitter.com/SueMcCauley/status/17128657351"/>
		<document id="17130140315" url="https://twitter.com/SueMcCauley/status/17130140315"/>
		<document id="17167601497" url="https://twitter.com/SueMcCauley/status/17167601497"/>
		<document id="171816136000802817" url="https://twitter.com/SueMcCauley/status/171816136000802817"/>
		<document id="17189471800" url="https://twitter.com/SueMcCauley/status/17189471800"/>
		<document id="17190369472" url="https://twitter.com/SueMcCauley/status/17190369472"/>
		<document id="17191058452" url="https://twitter.com/SueMcCauley/status/17191058452"/>
		<document id="17191479873" url="https://twitter.com/SueMcCauley/status/17191479873"/>
		<document id="17191655549" url="https://twitter.com/SueMcCauley/status/17191655549"/>
		<document id="17193436146" url="https://twitter.com/SueMcCauley/status/17193436146"/>
		<document id="17194027255" url="https://twitter.com/SueMcCauley/status/17194027255"/>
		<document id="1722413089" url="https://twitter.com/SueMcCauley/status/1722413089"/>
		<document id="1742763897" url="https://twitter.com/SueMcCauley/status/1742763897"/>
		<document id="17435978696" url="https://twitter.com/SueMcCauley/status/17435978696"/>
		<document id="1754746776" url="https://twitter.com/SueMcCauley/status/1754746776"/>
		<document id="1755364334" url="https://twitter.com/SueMcCauley/status/1755364334"/>
		<document id="17607169260" url="https://twitter.com/SueMcCauley/status/17607169260"/>
		<document id="17643503540" url="https://twitter.com/SueMcCauley/status/17643503540"/>
		<document id="17661148059" url="https://twitter.com/SueMcCauley/status/17661148059"/>
		<document id="17668175854" url="https://twitter.com/SueMcCauley/status/17668175854"/>
		<document id="17676788493" url="https://twitter.com/SueMcCauley/status/17676788493"/>
		<document id="176891127499210752" url="https://twitter.com/SueMcCauley/status/176891127499210752"/>
		<document id="1769708781" url="https://twitter.com/SueMcCauley/status/1769708781"/>
		<document id="1769714832" url="https://twitter.com/SueMcCauley/status/1769714832"/>
		<document id="17723809681" url="https://twitter.com/SueMcCauley/status/17723809681"/>
		<document id="17763691055" url="https://twitter.com/SueMcCauley/status/17763691055"/>
		<document id="1777777097" url="https://twitter.com/SueMcCauley/status/1777777097"/>
		<document id="17883144249" url="https://twitter.com/SueMcCauley/status/17883144249"/>
		<document id="17883144799" url="https://twitter.com/SueMcCauley/status/17883144799"/>
		<document id="17883190146" url="https://twitter.com/SueMcCauley/status/17883190146"/>
		<document id="17885620567" url="https://twitter.com/SueMcCauley/status/17885620567"/>
		<document id="17894152902" url="https://twitter.com/SueMcCauley/status/17894152902"/>
		<document id="17897045542" url="https://twitter.com/SueMcCauley/status/17897045542"/>
		<document id="17898358337" url="https://twitter.com/SueMcCauley/status/17898358337"/>
		<document id="17898491692" url="https://twitter.com/SueMcCauley/status/17898491692"/>
		<document id="1794275706" url="https://twitter.com/SueMcCauley/status/1794275706"/>
		<document id="17954824095" url="https://twitter.com/SueMcCauley/status/17954824095"/>
		<document id="17955146448" url="https://twitter.com/SueMcCauley/status/17955146448"/>
		<document id="17955194181" url="https://twitter.com/SueMcCauley/status/17955194181"/>
		<document id="17955226276" url="https://twitter.com/SueMcCauley/status/17955226276"/>
		<document id="18001882454687745" url="https://twitter.com/SueMcCauley/status/18001882454687745"/>
		<document id="18070570151" url="https://twitter.com/SueMcCauley/status/18070570151"/>
		<document id="1815794065" url="https://twitter.com/SueMcCauley/status/1815794065"/>
		<document id="18163110889" url="https://twitter.com/SueMcCauley/status/18163110889"/>
		<document id="18163110934" url="https://twitter.com/SueMcCauley/status/18163110934"/>
		<document id="18199305580" url="https://twitter.com/SueMcCauley/status/18199305580"/>
		<document id="18199628529" url="https://twitter.com/SueMcCauley/status/18199628529"/>
		<document id="18212339704" url="https://twitter.com/SueMcCauley/status/18212339704"/>
		<document id="18212340083" url="https://twitter.com/SueMcCauley/status/18212340083"/>
		<document id="18282002498" url="https://twitter.com/SueMcCauley/status/18282002498"/>
		<document id="1839982800" url="https://twitter.com/SueMcCauley/status/1839982800"/>
		<document id="186309999096627201" url="https://twitter.com/SueMcCauley/status/186309999096627201"/>
		<document id="18710361956" url="https://twitter.com/SueMcCauley/status/18710361956"/>
		<document id="18710510250" url="https://twitter.com/SueMcCauley/status/18710510250"/>
		<document id="18795504077" url="https://twitter.com/SueMcCauley/status/18795504077"/>
		<document id="18795504129" url="https://twitter.com/SueMcCauley/status/18795504129"/>
		<document id="18795504270" url="https://twitter.com/SueMcCauley/status/18795504270"/>
		<document id="189546292928708609" url="https://twitter.com/SueMcCauley/status/189546292928708609"/>
		<document id="1905426184" url="https://twitter.com/SueMcCauley/status/1905426184"/>
		<document id="1905563433" url="https://twitter.com/SueMcCauley/status/1905563433"/>
		<document id="1905614971" url="https://twitter.com/SueMcCauley/status/1905614971"/>
		<document id="1905632173" url="https://twitter.com/SueMcCauley/status/1905632173"/>
		<document id="1905698558" url="https://twitter.com/SueMcCauley/status/1905698558"/>
		<document id="1905790728" url="https://twitter.com/SueMcCauley/status/1905790728"/>
		<document id="191299593529597952" url="https://twitter.com/SueMcCauley/status/191299593529597952"/>
		<document id="19449391259" url="https://twitter.com/SueMcCauley/status/19449391259"/>
		<document id="19530156471" url="https://twitter.com/SueMcCauley/status/19530156471"/>
		<document id="19530224595" url="https://twitter.com/SueMcCauley/status/19530224595"/>
		<document id="19530545539" url="https://twitter.com/SueMcCauley/status/19530545539"/>
		<document id="19530560016" url="https://twitter.com/SueMcCauley/status/19530560016"/>
		<document id="19530568853" url="https://twitter.com/SueMcCauley/status/19530568853"/>
		<document id="19530577606" url="https://twitter.com/SueMcCauley/status/19530577606"/>
		<document id="19530585581" url="https://twitter.com/SueMcCauley/status/19530585581"/>
		<document id="19530604258" url="https://twitter.com/SueMcCauley/status/19530604258"/>
		<document id="19530624151" url="https://twitter.com/SueMcCauley/status/19530624151"/>
		<document id="19530638001" url="https://twitter.com/SueMcCauley/status/19530638001"/>
		<document id="19530660247" url="https://twitter.com/SueMcCauley/status/19530660247"/>
		<document id="19530693259" url="https://twitter.com/SueMcCauley/status/19530693259"/>
		<document id="19530755567" url="https://twitter.com/SueMcCauley/status/19530755567"/>
		<document id="19530777100" url="https://twitter.com/SueMcCauley/status/19530777100"/>
		<document id="19530887271" url="https://twitter.com/SueMcCauley/status/19530887271"/>
		<document id="19530962386" url="https://twitter.com/SueMcCauley/status/19530962386"/>
		<document id="19531126032" url="https://twitter.com/SueMcCauley/status/19531126032"/>
		<document id="19532088655" url="https://twitter.com/SueMcCauley/status/19532088655"/>
		<document id="19532143648" url="https://twitter.com/SueMcCauley/status/19532143648"/>
		<document id="19532187577" url="https://twitter.com/SueMcCauley/status/19532187577"/>
		<document id="19532216580" url="https://twitter.com/SueMcCauley/status/19532216580"/>
		<document id="195363492688175104" url="https://twitter.com/SueMcCauley/status/195363492688175104"/>
		<document id="1964678796" url="https://twitter.com/SueMcCauley/status/1964678796"/>
		<document id="19691623109" url="https://twitter.com/SueMcCauley/status/19691623109"/>
		<document id="1973997093" url="https://twitter.com/SueMcCauley/status/1973997093"/>
		<document id="1974033804" url="https://twitter.com/SueMcCauley/status/1974033804"/>
		<document id="1974045424" url="https://twitter.com/SueMcCauley/status/1974045424"/>
		<document id="1974086968" url="https://twitter.com/SueMcCauley/status/1974086968"/>
		<document id="19803962433601536" url="https://twitter.com/SueMcCauley/status/19803962433601536"/>
		<document id="1990724978" url="https://twitter.com/SueMcCauley/status/1990724978"/>
		<document id="2012237760" url="https://twitter.com/SueMcCauley/status/2012237760"/>
		<document id="20250754063" url="https://twitter.com/SueMcCauley/status/20250754063"/>
		<document id="2057321921" url="https://twitter.com/SueMcCauley/status/2057321921"/>
		<document id="2090682019" url="https://twitter.com/SueMcCauley/status/2090682019"/>
		<document id="2096629727" url="https://twitter.com/SueMcCauley/status/2096629727"/>
		<document id="210921700982919169" url="https://twitter.com/SueMcCauley/status/210921700982919169"/>
		<document id="210921702597734401" url="https://twitter.com/SueMcCauley/status/210921702597734401"/>
		<document id="21145456095" url="https://twitter.com/SueMcCauley/status/21145456095"/>
		<document id="211696141732036608" url="https://twitter.com/SueMcCauley/status/211696141732036608"/>
		<document id="211879972346929152" url="https://twitter.com/SueMcCauley/status/211879972346929152"/>
		<document id="21331222034653184" url="https://twitter.com/SueMcCauley/status/21331222034653184"/>
		<document id="21438482593357825" url="https://twitter.com/SueMcCauley/status/21438482593357825"/>
		<document id="216540169891885056" url="https://twitter.com/SueMcCauley/status/216540169891885056"/>
		<document id="21720732690" url="https://twitter.com/SueMcCauley/status/21720732690"/>
		<document id="21931786875441152" url="https://twitter.com/SueMcCauley/status/21931786875441152"/>
		<document id="22139934705983488" url="https://twitter.com/SueMcCauley/status/22139934705983488"/>
		<document id="23219808770203648" url="https://twitter.com/SueMcCauley/status/23219808770203648"/>
		<document id="23382539171266560" url="https://twitter.com/SueMcCauley/status/23382539171266560"/>
		<document id="2338258244" url="https://twitter.com/SueMcCauley/status/2338258244"/>
		<document id="23898902021279744" url="https://twitter.com/SueMcCauley/status/23898902021279744"/>
		<document id="23898903606722560" url="https://twitter.com/SueMcCauley/status/23898903606722560"/>
		<document id="24466612320" url="https://twitter.com/SueMcCauley/status/24466612320"/>
		<document id="244977499862360065" url="https://twitter.com/SueMcCauley/status/244977499862360065"/>
		<document id="24633572291776512" url="https://twitter.com/SueMcCauley/status/24633572291776512"/>
		<document id="253331862422966273" url="https://twitter.com/SueMcCauley/status/253331862422966273"/>
		<document id="25383201165803521" url="https://twitter.com/SueMcCauley/status/25383201165803521"/>
		<document id="2541815909" url="https://twitter.com/SueMcCauley/status/2541815909"/>
		<document id="25762043021758464" url="https://twitter.com/SueMcCauley/status/25762043021758464"/>
		<document id="257655723431956480" url="https://twitter.com/SueMcCauley/status/257655723431956480"/>
		<document id="25811973478" url="https://twitter.com/SueMcCauley/status/25811973478"/>
		<document id="25812048114" url="https://twitter.com/SueMcCauley/status/25812048114"/>
		<document id="25814751242" url="https://twitter.com/SueMcCauley/status/25814751242"/>
		<document id="25841633727" url="https://twitter.com/SueMcCauley/status/25841633727"/>
		<document id="25841633915" url="https://twitter.com/SueMcCauley/status/25841633915"/>
		<document id="259513228994961408" url="https://twitter.com/SueMcCauley/status/259513228994961408"/>
		<document id="26045866559" url="https://twitter.com/SueMcCauley/status/26045866559"/>
		<document id="26221558865" url="https://twitter.com/SueMcCauley/status/26221558865"/>
		<document id="26221597283" url="https://twitter.com/SueMcCauley/status/26221597283"/>
		<document id="26225117298" url="https://twitter.com/SueMcCauley/status/26225117298"/>
		<document id="26248307445" url="https://twitter.com/SueMcCauley/status/26248307445"/>
		<document id="26248307518" url="https://twitter.com/SueMcCauley/status/26248307518"/>
		<document id="26309709799624705" url="https://twitter.com/SueMcCauley/status/26309709799624705"/>
		<document id="26309775847333888" url="https://twitter.com/SueMcCauley/status/26309775847333888"/>
		<document id="26309908257308672" url="https://twitter.com/SueMcCauley/status/26309908257308672"/>
		<document id="26310004944412673" url="https://twitter.com/SueMcCauley/status/26310004944412673"/>
		<document id="26310120891748352" url="https://twitter.com/SueMcCauley/status/26310120891748352"/>
		<document id="26329725781676032" url="https://twitter.com/SueMcCauley/status/26329725781676032"/>
		<document id="26360510887" url="https://twitter.com/SueMcCauley/status/26360510887"/>
		<document id="26520917911805952" url="https://twitter.com/SueMcCauley/status/26520917911805952"/>
		<document id="26608139307" url="https://twitter.com/SueMcCauley/status/26608139307"/>
		<document id="26709121964" url="https://twitter.com/SueMcCauley/status/26709121964"/>
		<document id="26758282387390464" url="https://twitter.com/SueMcCauley/status/26758282387390464"/>
		<document id="267798306971852800" url="https://twitter.com/SueMcCauley/status/267798306971852800"/>
		<document id="27307607884" url="https://twitter.com/SueMcCauley/status/27307607884"/>
		<document id="27307608194" url="https://twitter.com/SueMcCauley/status/27307608194"/>
		<document id="27506382257" url="https://twitter.com/SueMcCauley/status/27506382257"/>
		<document id="27506408395" url="https://twitter.com/SueMcCauley/status/27506408395"/>
		<document id="276703908884275200" url="https://twitter.com/SueMcCauley/status/276703908884275200"/>
		<document id="276704103323820033" url="https://twitter.com/SueMcCauley/status/276704103323820033"/>
		<document id="277924642218455041" url="https://twitter.com/SueMcCauley/status/277924642218455041"/>
		<document id="2781866176286720" url="https://twitter.com/SueMcCauley/status/2781866176286720"/>
		<document id="2787002730684416" url="https://twitter.com/SueMcCauley/status/2787002730684416"/>
		<document id="27948151241" url="https://twitter.com/SueMcCauley/status/27948151241"/>
		<document id="27958415977" url="https://twitter.com/SueMcCauley/status/27958415977"/>
		<document id="27958517983" url="https://twitter.com/SueMcCauley/status/27958517983"/>
		<document id="27968491133" url="https://twitter.com/SueMcCauley/status/27968491133"/>
		<document id="28068186019" url="https://twitter.com/SueMcCauley/status/28068186019"/>
		<document id="28279516291923969" url="https://twitter.com/SueMcCauley/status/28279516291923969"/>
		<document id="28368440730" url="https://twitter.com/SueMcCauley/status/28368440730"/>
		<document id="28462492623577088" url="https://twitter.com/SueMcCauley/status/28462492623577088"/>
		<document id="28469964853" url="https://twitter.com/SueMcCauley/status/28469964853"/>
		<document id="28694070083715072" url="https://twitter.com/SueMcCauley/status/28694070083715072"/>
		<document id="287361214797979649" url="https://twitter.com/SueMcCauley/status/287361214797979649"/>
		<document id="28866337270923264" url="https://twitter.com/SueMcCauley/status/28866337270923264"/>
		<document id="29017655834" url="https://twitter.com/SueMcCauley/status/29017655834"/>
		<document id="29050067264" url="https://twitter.com/SueMcCauley/status/29050067264"/>
		<document id="290536916095479809" url="https://twitter.com/SueMcCauley/status/290536916095479809"/>
		<document id="29289898041147392" url="https://twitter.com/SueMcCauley/status/29289898041147392"/>
		<document id="294421266499244032" url="https://twitter.com/SueMcCauley/status/294421266499244032"/>
		<document id="296362119228702721" url="https://twitter.com/SueMcCauley/status/296362119228702721"/>
		<document id="29665550667" url="https://twitter.com/SueMcCauley/status/29665550667"/>
		<document id="29668000297" url="https://twitter.com/SueMcCauley/status/29668000297"/>
		<document id="29677073869" url="https://twitter.com/SueMcCauley/status/29677073869"/>
		<document id="297090065526583296" url="https://twitter.com/SueMcCauley/status/297090065526583296"/>
		<document id="297092500190027776" url="https://twitter.com/SueMcCauley/status/297092500190027776"/>
		<document id="297092997617680384" url="https://twitter.com/SueMcCauley/status/297092997617680384"/>
		<document id="297537952941215744" url="https://twitter.com/SueMcCauley/status/297537952941215744"/>
		<document id="297538273071493120" url="https://twitter.com/SueMcCauley/status/297538273071493120"/>
		<document id="297718400740884480" url="https://twitter.com/SueMcCauley/status/297718400740884480"/>
		<document id="29781343072157696" url="https://twitter.com/SueMcCauley/status/29781343072157696"/>
		<document id="298152452300083200" url="https://twitter.com/SueMcCauley/status/298152452300083200"/>
		<document id="298236085069312000" url="https://twitter.com/SueMcCauley/status/298236085069312000"/>
		<document id="298237396707856384" url="https://twitter.com/SueMcCauley/status/298237396707856384"/>
		<document id="298466188273528832" url="https://twitter.com/SueMcCauley/status/298466188273528832"/>
		<document id="299987553585618945" url="https://twitter.com/SueMcCauley/status/299987553585618945"/>
		<document id="30042913459142656" url="https://twitter.com/SueMcCauley/status/30042913459142656"/>
		<document id="300764841658949633" url="https://twitter.com/SueMcCauley/status/300764841658949633"/>
		<document id="300765131497947137" url="https://twitter.com/SueMcCauley/status/300765131497947137"/>
		<document id="301838445364535297" url="https://twitter.com/SueMcCauley/status/301838445364535297"/>
		<document id="302554518699266048" url="https://twitter.com/SueMcCauley/status/302554518699266048"/>
		<document id="302660033613811713" url="https://twitter.com/SueMcCauley/status/302660033613811713"/>
		<document id="302772149763063809" url="https://twitter.com/SueMcCauley/status/302772149763063809"/>
		<document id="302772184462524416" url="https://twitter.com/SueMcCauley/status/302772184462524416"/>
		<document id="302872367435223040" url="https://twitter.com/SueMcCauley/status/302872367435223040"/>
		<document id="30297937581969408" url="https://twitter.com/SueMcCauley/status/30297937581969408"/>
		<document id="30332871528947713" url="https://twitter.com/SueMcCauley/status/30332871528947713"/>
		<document id="30332876423692288" url="https://twitter.com/SueMcCauley/status/30332876423692288"/>
		<document id="30345005990158336" url="https://twitter.com/SueMcCauley/status/30345005990158336"/>
		<document id="305838921403744257" url="https://twitter.com/SueMcCauley/status/305838921403744257"/>
		<document id="305839506962132993" url="https://twitter.com/SueMcCauley/status/305839506962132993"/>
		<document id="305841356205613056" url="https://twitter.com/SueMcCauley/status/305841356205613056"/>
		<document id="305843579107016705" url="https://twitter.com/SueMcCauley/status/305843579107016705"/>
		<document id="305850691409293312" url="https://twitter.com/SueMcCauley/status/305850691409293312"/>
		<document id="305854383021776896" url="https://twitter.com/SueMcCauley/status/305854383021776896"/>
		<document id="306064931512520704" url="https://twitter.com/SueMcCauley/status/306064931512520704"/>
		<document id="307977425478897664" url="https://twitter.com/SueMcCauley/status/307977425478897664"/>
		<document id="309525157410652161" url="https://twitter.com/SueMcCauley/status/309525157410652161"/>
		<document id="31030099344101377" url="https://twitter.com/SueMcCauley/status/31030099344101377"/>
		<document id="311881768955416576" url="https://twitter.com/SueMcCauley/status/311881768955416576"/>
		<document id="311882152142835714" url="https://twitter.com/SueMcCauley/status/311882152142835714"/>
		<document id="31403116733665280" url="https://twitter.com/SueMcCauley/status/31403116733665280"/>
		<document id="314112311575068672" url="https://twitter.com/SueMcCauley/status/314112311575068672"/>
		<document id="31808747626041344" url="https://twitter.com/SueMcCauley/status/31808747626041344"/>
		<document id="31824210544295937" url="https://twitter.com/SueMcCauley/status/31824210544295937"/>
		<document id="321126781409177600" url="https://twitter.com/SueMcCauley/status/321126781409177600"/>
		<document id="321131739860848641" url="https://twitter.com/SueMcCauley/status/321131739860848641"/>
		<document id="321907122315083777" url="https://twitter.com/SueMcCauley/status/321907122315083777"/>
		<document id="321924580065300480" url="https://twitter.com/SueMcCauley/status/321924580065300480"/>
		<document id="322863898078355456" url="https://twitter.com/SueMcCauley/status/322863898078355456"/>
		<document id="323239904136015872" url="https://twitter.com/SueMcCauley/status/323239904136015872"/>
		<document id="323239978727534592" url="https://twitter.com/SueMcCauley/status/323239978727534592"/>
		<document id="323240115856089088" url="https://twitter.com/SueMcCauley/status/323240115856089088"/>
		<document id="323259367359123457" url="https://twitter.com/SueMcCauley/status/323259367359123457"/>
		<document id="323569660316491776" url="https://twitter.com/SueMcCauley/status/323569660316491776"/>
		<document id="3266126342" url="https://twitter.com/SueMcCauley/status/3266126342"/>
		<document id="3293235236" url="https://twitter.com/SueMcCauley/status/3293235236"/>
		<document id="3333424604" url="https://twitter.com/SueMcCauley/status/3333424604"/>
		<document id="3336350583" url="https://twitter.com/SueMcCauley/status/3336350583"/>
		<document id="3346744201" url="https://twitter.com/SueMcCauley/status/3346744201"/>
		<document id="3346749918" url="https://twitter.com/SueMcCauley/status/3346749918"/>
		<document id="3349009074" url="https://twitter.com/SueMcCauley/status/3349009074"/>
		<document id="3349015797" url="https://twitter.com/SueMcCauley/status/3349015797"/>
		<document id="3349928889" url="https://twitter.com/SueMcCauley/status/3349928889"/>
		<document id="335155824274067456" url="https://twitter.com/SueMcCauley/status/335155824274067456"/>
		<document id="335168701999505409" url="https://twitter.com/SueMcCauley/status/335168701999505409"/>
		<document id="3352649950" url="https://twitter.com/SueMcCauley/status/3352649950"/>
		<document id="3353857840" url="https://twitter.com/SueMcCauley/status/3353857840"/>
		<document id="340501384581492736" url="https://twitter.com/SueMcCauley/status/340501384581492736"/>
		<document id="3492098678" url="https://twitter.com/SueMcCauley/status/3492098678"/>
		<document id="3494706916" url="https://twitter.com/SueMcCauley/status/3494706916"/>
		<document id="3525538943" url="https://twitter.com/SueMcCauley/status/3525538943"/>
		<document id="3535294265" url="https://twitter.com/SueMcCauley/status/3535294265"/>
		<document id="3545596534" url="https://twitter.com/SueMcCauley/status/3545596534"/>
		<document id="3545599598" url="https://twitter.com/SueMcCauley/status/3545599598"/>
		<document id="3545687609" url="https://twitter.com/SueMcCauley/status/3545687609"/>
		<document id="3548729309" url="https://twitter.com/SueMcCauley/status/3548729309"/>
		<document id="363378727398281216" url="https://twitter.com/SueMcCauley/status/363378727398281216"/>
		<document id="363415199249743872" url="https://twitter.com/SueMcCauley/status/363415199249743872"/>
		<document id="363415354917126144" url="https://twitter.com/SueMcCauley/status/363415354917126144"/>
		<document id="36486326886866944" url="https://twitter.com/SueMcCauley/status/36486326886866944"/>
		<document id="3679207749" url="https://twitter.com/SueMcCauley/status/3679207749"/>
		<document id="3679212840" url="https://twitter.com/SueMcCauley/status/3679212840"/>
		<document id="3679420653" url="https://twitter.com/SueMcCauley/status/3679420653"/>
		<document id="3679728886" url="https://twitter.com/SueMcCauley/status/3679728886"/>
		<document id="36862643511898112" url="https://twitter.com/SueMcCauley/status/36862643511898112"/>
		<document id="36908858752516096" url="https://twitter.com/SueMcCauley/status/36908858752516096"/>
		<document id="36946483404083200" url="https://twitter.com/SueMcCauley/status/36946483404083200"/>
		<document id="36953211180949505" url="https://twitter.com/SueMcCauley/status/36953211180949505"/>
		<document id="371805193874067457" url="https://twitter.com/SueMcCauley/status/371805193874067457"/>
		<document id="371810773871235072" url="https://twitter.com/SueMcCauley/status/371810773871235072"/>
		<document id="371811262117593089" url="https://twitter.com/SueMcCauley/status/371811262117593089"/>
		<document id="3762434974" url="https://twitter.com/SueMcCauley/status/3762434974"/>
		<document id="3838689099" url="https://twitter.com/SueMcCauley/status/3838689099"/>
		<document id="384749736739475457" url="https://twitter.com/SueMcCauley/status/384749736739475457"/>
		<document id="385902896908218368" url="https://twitter.com/SueMcCauley/status/385902896908218368"/>
		<document id="385909173889683457" url="https://twitter.com/SueMcCauley/status/385909173889683457"/>
		<document id="385919785495568384" url="https://twitter.com/SueMcCauley/status/385919785495568384"/>
		<document id="3871844948" url="https://twitter.com/SueMcCauley/status/3871844948"/>
		<document id="3937412893" url="https://twitter.com/SueMcCauley/status/3937412893"/>
		<document id="396754342683754496" url="https://twitter.com/SueMcCauley/status/396754342683754496"/>
		<document id="396755598194118656" url="https://twitter.com/SueMcCauley/status/396755598194118656"/>
		<document id="3969363327" url="https://twitter.com/SueMcCauley/status/3969363327"/>
		<document id="3969512174" url="https://twitter.com/SueMcCauley/status/3969512174"/>
		<document id="3969869804" url="https://twitter.com/SueMcCauley/status/3969869804"/>
		<document id="3970182797" url="https://twitter.com/SueMcCauley/status/3970182797"/>
		<document id="3970197960" url="https://twitter.com/SueMcCauley/status/3970197960"/>
		<document id="3970226842" url="https://twitter.com/SueMcCauley/status/3970226842"/>
		<document id="3970883209" url="https://twitter.com/SueMcCauley/status/3970883209"/>
		<document id="3980456996" url="https://twitter.com/SueMcCauley/status/3980456996"/>
		<document id="4096083148" url="https://twitter.com/SueMcCauley/status/4096083148"/>
		<document id="417631747153477632" url="https://twitter.com/SueMcCauley/status/417631747153477632"/>
		<document id="417632577969614848" url="https://twitter.com/SueMcCauley/status/417632577969614848"/>
		<document id="417632623121285120" url="https://twitter.com/SueMcCauley/status/417632623121285120"/>
		<document id="418800329056989185" url="https://twitter.com/SueMcCauley/status/418800329056989185"/>
		<document id="419090043748110336" url="https://twitter.com/SueMcCauley/status/419090043748110336"/>
		<document id="419812469142339584" url="https://twitter.com/SueMcCauley/status/419812469142339584"/>
		<document id="419985841180536832" url="https://twitter.com/SueMcCauley/status/419985841180536832"/>
		<document id="4302325686" url="https://twitter.com/SueMcCauley/status/4302325686"/>
		<document id="4302356399" url="https://twitter.com/SueMcCauley/status/4302356399"/>
		<document id="43367826135859200" url="https://twitter.com/SueMcCauley/status/43367826135859200"/>
		<document id="4416645429" url="https://twitter.com/SueMcCauley/status/4416645429"/>
		<document id="4527755311" url="https://twitter.com/SueMcCauley/status/4527755311"/>
		<document id="4614316067" url="https://twitter.com/SueMcCauley/status/4614316067"/>
		<document id="4618509463" url="https://twitter.com/SueMcCauley/status/4618509463"/>
		<document id="4621506977" url="https://twitter.com/SueMcCauley/status/4621506977"/>
		<document id="4627751645" url="https://twitter.com/SueMcCauley/status/4627751645"/>
		<document id="4667582939" url="https://twitter.com/SueMcCauley/status/4667582939"/>
		<document id="4667934289" url="https://twitter.com/SueMcCauley/status/4667934289"/>
		<document id="46941459802374146" url="https://twitter.com/SueMcCauley/status/46941459802374146"/>
		<document id="47026510703497216" url="https://twitter.com/SueMcCauley/status/47026510703497216"/>
		<document id="4725033114" url="https://twitter.com/SueMcCauley/status/4725033114"/>
		<document id="47269454375157760" url="https://twitter.com/SueMcCauley/status/47269454375157760"/>
		<document id="47269519810502658" url="https://twitter.com/SueMcCauley/status/47269519810502658"/>
		<document id="48301862713163776" url="https://twitter.com/SueMcCauley/status/48301862713163776"/>
		<document id="48301863430406144" url="https://twitter.com/SueMcCauley/status/48301863430406144"/>
		<document id="4861441109" url="https://twitter.com/SueMcCauley/status/4861441109"/>
		<document id="4870501375" url="https://twitter.com/SueMcCauley/status/4870501375"/>
		<document id="4896909127" url="https://twitter.com/SueMcCauley/status/4896909127"/>
		<document id="4910518941" url="https://twitter.com/SueMcCauley/status/4910518941"/>
		<document id="4913900972" url="https://twitter.com/SueMcCauley/status/4913900972"/>
		<document id="4916602650" url="https://twitter.com/SueMcCauley/status/4916602650"/>
		<document id="4920139173" url="https://twitter.com/SueMcCauley/status/4920139173"/>
		<document id="4931373913" url="https://twitter.com/SueMcCauley/status/4931373913"/>
		<document id="4938261793" url="https://twitter.com/SueMcCauley/status/4938261793"/>
		<document id="4940521209" url="https://twitter.com/SueMcCauley/status/4940521209"/>
		<document id="4945821644" url="https://twitter.com/SueMcCauley/status/4945821644"/>
		<document id="4963721328" url="https://twitter.com/SueMcCauley/status/4963721328"/>
		<document id="4972176018" url="https://twitter.com/SueMcCauley/status/4972176018"/>
		<document id="4972308097" url="https://twitter.com/SueMcCauley/status/4972308097"/>
		<document id="4973700704" url="https://twitter.com/SueMcCauley/status/4973700704"/>
		<document id="4973847216" url="https://twitter.com/SueMcCauley/status/4973847216"/>
		<document id="5094785895" url="https://twitter.com/SueMcCauley/status/5094785895"/>
		<document id="5109901792" url="https://twitter.com/SueMcCauley/status/5109901792"/>
		<document id="5111354470" url="https://twitter.com/SueMcCauley/status/5111354470"/>
		<document id="5126903307" url="https://twitter.com/SueMcCauley/status/5126903307"/>
		<document id="5152646946" url="https://twitter.com/SueMcCauley/status/5152646946"/>
		<document id="5153181559" url="https://twitter.com/SueMcCauley/status/5153181559"/>
		<document id="5225796126" url="https://twitter.com/SueMcCauley/status/5225796126"/>
		<document id="5225809441" url="https://twitter.com/SueMcCauley/status/5225809441"/>
		<document id="5240956060" url="https://twitter.com/SueMcCauley/status/5240956060"/>
		<document id="52564096326967296" url="https://twitter.com/SueMcCauley/status/52564096326967296"/>
		<document id="5257265169" url="https://twitter.com/SueMcCauley/status/5257265169"/>
		<document id="5278987187" url="https://twitter.com/SueMcCauley/status/5278987187"/>
		<document id="5290358020" url="https://twitter.com/SueMcCauley/status/5290358020"/>
		<document id="5324655006" url="https://twitter.com/SueMcCauley/status/5324655006"/>
		<document id="5360986389" url="https://twitter.com/SueMcCauley/status/5360986389"/>
		<document id="5439641253" url="https://twitter.com/SueMcCauley/status/5439641253"/>
		<document id="5782991602" url="https://twitter.com/SueMcCauley/status/5782991602"/>
		<document id="58754204046606336" url="https://twitter.com/SueMcCauley/status/58754204046606336"/>
		<document id="59080144270270464" url="https://twitter.com/SueMcCauley/status/59080144270270464"/>
		<document id="59102054001545216" url="https://twitter.com/SueMcCauley/status/59102054001545216"/>
		<document id="59707133909925888" url="https://twitter.com/SueMcCauley/status/59707133909925888"/>
		<document id="59752261060005888" url="https://twitter.com/SueMcCauley/status/59752261060005888"/>
		<document id="60101403028361216" url="https://twitter.com/SueMcCauley/status/60101403028361216"/>
		<document id="61619418018488321" url="https://twitter.com/SueMcCauley/status/61619418018488321"/>
		<document id="61639611797082113" url="https://twitter.com/SueMcCauley/status/61639611797082113"/>
		<document id="62843099281498113" url="https://twitter.com/SueMcCauley/status/62843099281498113"/>
		<document id="62971775037878272" url="https://twitter.com/SueMcCauley/status/62971775037878272"/>
		<document id="63484872873877504" url="https://twitter.com/SueMcCauley/status/63484872873877504"/>
		<document id="64802910839648256" url="https://twitter.com/SueMcCauley/status/64802910839648256"/>
		<document id="64811070262476800" url="https://twitter.com/SueMcCauley/status/64811070262476800"/>
		<document id="64857472338366465" url="https://twitter.com/SueMcCauley/status/64857472338366465"/>
		<document id="65872293846450176" url="https://twitter.com/SueMcCauley/status/65872293846450176"/>
		<document id="65967501632217088" url="https://twitter.com/SueMcCauley/status/65967501632217088"/>
		<document id="66271968944590848" url="https://twitter.com/SueMcCauley/status/66271968944590848"/>
		<document id="66392503624015872" url="https://twitter.com/SueMcCauley/status/66392503624015872"/>
		<document id="66569047566848000" url="https://twitter.com/SueMcCauley/status/66569047566848000"/>
		<document id="6728531741" url="https://twitter.com/SueMcCauley/status/6728531741"/>
		<document id="6770684290" url="https://twitter.com/SueMcCauley/status/6770684290"/>
		<document id="67874378154639360" url="https://twitter.com/SueMcCauley/status/67874378154639360"/>
		<document id="68536110913036288" url="https://twitter.com/SueMcCauley/status/68536110913036288"/>
		<document id="69252147014934528" url="https://twitter.com/SueMcCauley/status/69252147014934528"/>
		<document id="69455521157099521" url="https://twitter.com/SueMcCauley/status/69455521157099521"/>
		<document id="69458399800205312" url="https://twitter.com/SueMcCauley/status/69458399800205312"/>
		<document id="69506115066531840" url="https://twitter.com/SueMcCauley/status/69506115066531840"/>
		<document id="69555539616612352" url="https://twitter.com/SueMcCauley/status/69555539616612352"/>
		<document id="69793252156506112" url="https://twitter.com/SueMcCauley/status/69793252156506112"/>
		<document id="70490224282705921" url="https://twitter.com/SueMcCauley/status/70490224282705921"/>
		<document id="71380367487143936" url="https://twitter.com/SueMcCauley/status/71380367487143936"/>
		<document id="71737127020408832" url="https://twitter.com/SueMcCauley/status/71737127020408832"/>
		<document id="71759757639286784" url="https://twitter.com/SueMcCauley/status/71759757639286784"/>
		<document id="71769540534607872" url="https://twitter.com/SueMcCauley/status/71769540534607872"/>
		<document id="72377411311894528" url="https://twitter.com/SueMcCauley/status/72377411311894528"/>
		<document id="73196412174741504" url="https://twitter.com/SueMcCauley/status/73196412174741504"/>
		<document id="75029507341422592" url="https://twitter.com/SueMcCauley/status/75029507341422592"/>
		<document id="7508349523" url="https://twitter.com/SueMcCauley/status/7508349523"/>
		<document id="7732812659" url="https://twitter.com/SueMcCauley/status/7732812659"/>
		<document id="79320132480008192" url="https://twitter.com/SueMcCauley/status/79320132480008192"/>
		<document id="79381428533600256" url="https://twitter.com/SueMcCauley/status/79381428533600256"/>
		<document id="83401050681389057" url="https://twitter.com/SueMcCauley/status/83401050681389057"/>
		<document id="83564156376203264" url="https://twitter.com/SueMcCauley/status/83564156376203264"/>
		<document id="86490745204256769" url="https://twitter.com/SueMcCauley/status/86490745204256769"/>
		<document id="89032847645614081" url="https://twitter.com/SueMcCauley/status/89032847645614081"/>
		<document id="96162721808125953" url="https://twitter.com/SueMcCauley/status/96162721808125953"/>
		<document id="9630078990" url="https://twitter.com/SueMcCauley/status/9630078990"/>
		<document id="9653603992" url="https://twitter.com/SueMcCauley/status/9653603992"/>
		<document id="9720188773601280" url="https://twitter.com/SueMcCauley/status/9720188773601280"/>
		<document id="97652005622906880" url="https://twitter.com/SueMcCauley/status/97652005622906880"/>
		<document id="9794315988" url="https://twitter.com/SueMcCauley/status/9794315988"/>
		<document id="9848273608" url="https://twitter.com/SueMcCauley/status/9848273608"/>
		<document id="986019767779328" url="https://twitter.com/SueMcCauley/status/986019767779328"/>
		<document id="986196050190336" url="https://twitter.com/SueMcCauley/status/986196050190336"/>
		<document id="9926959667" url="https://twitter.com/SueMcCauley/status/9926959667"/>
		<document id="10184355097" url="https://twitter.com/SueMcCauley/status/10184355097"/>
		<document id="107644747329445888" url="https://twitter.com/SueMcCauley/status/107644747329445888"/>
		<document id="11039312961" url="https://twitter.com/SueMcCauley/status/11039312961"/>
		<document id="11311836863401984" url="https://twitter.com/SueMcCauley/status/11311836863401984"/>
		<document id="11567278575321089" url="https://twitter.com/SueMcCauley/status/11567278575321089"/>
		<document id="1164373662" url="https://twitter.com/SueMcCauley/status/1164373662"/>
		<document id="1165314299" url="https://twitter.com/SueMcCauley/status/1165314299"/>
		<document id="1165693087" url="https://twitter.com/SueMcCauley/status/1165693087"/>
		<document id="1166504680" url="https://twitter.com/SueMcCauley/status/1166504680"/>
		<document id="1166634699" url="https://twitter.com/SueMcCauley/status/1166634699"/>
		<document id="1171463910" url="https://twitter.com/SueMcCauley/status/1171463910"/>
		<document id="1172431119" url="https://twitter.com/SueMcCauley/status/1172431119"/>
		<document id="1173321033" url="https://twitter.com/SueMcCauley/status/1173321033"/>
		<document id="1173434585" url="https://twitter.com/SueMcCauley/status/1173434585"/>
		<document id="1173671563" url="https://twitter.com/SueMcCauley/status/1173671563"/>
		<document id="1173704020" url="https://twitter.com/SueMcCauley/status/1173704020"/>
		<document id="1175167318" url="https://twitter.com/SueMcCauley/status/1175167318"/>
		<document id="1175930803" url="https://twitter.com/SueMcCauley/status/1175930803"/>
		<document id="1176085857" url="https://twitter.com/SueMcCauley/status/1176085857"/>
		<document id="1176142237" url="https://twitter.com/SueMcCauley/status/1176142237"/>
		<document id="1176142483" url="https://twitter.com/SueMcCauley/status/1176142483"/>
		<document id="1177416748" url="https://twitter.com/SueMcCauley/status/1177416748"/>
		<document id="1177417234" url="https://twitter.com/SueMcCauley/status/1177417234"/>
		<document id="1178693181" url="https://twitter.com/SueMcCauley/status/1178693181"/>
		<document id="1179291643" url="https://twitter.com/SueMcCauley/status/1179291643"/>
		<document id="1181948353" url="https://twitter.com/SueMcCauley/status/1181948353"/>
		<document id="1182676665" url="https://twitter.com/SueMcCauley/status/1182676665"/>
		<document id="1186170729" url="https://twitter.com/SueMcCauley/status/1186170729"/>
		<document id="1187294101" url="https://twitter.com/SueMcCauley/status/1187294101"/>
		<document id="11878708444921857" url="https://twitter.com/SueMcCauley/status/11878708444921857"/>
		<document id="1188648175" url="https://twitter.com/SueMcCauley/status/1188648175"/>
		<document id="1190716793" url="https://twitter.com/SueMcCauley/status/1190716793"/>
		<document id="1191556985" url="https://twitter.com/SueMcCauley/status/1191556985"/>
		<document id="1194046879" url="https://twitter.com/SueMcCauley/status/1194046879"/>
		<document id="1200620103" url="https://twitter.com/SueMcCauley/status/1200620103"/>
		<document id="1200624240" url="https://twitter.com/SueMcCauley/status/1200624240"/>
		<document id="1213542912" url="https://twitter.com/SueMcCauley/status/1213542912"/>
		<document id="1237044426" url="https://twitter.com/SueMcCauley/status/1237044426"/>
		<document id="1238687227" url="https://twitter.com/SueMcCauley/status/1238687227"/>
		<document id="124166963487453184" url="https://twitter.com/SueMcCauley/status/124166963487453184"/>
		<document id="1242845545" url="https://twitter.com/SueMcCauley/status/1242845545"/>
		<document id="12855728260" url="https://twitter.com/SueMcCauley/status/12855728260"/>
		<document id="129206273777467392" url="https://twitter.com/SueMcCauley/status/129206273777467392"/>
		<document id="1292435552468993" url="https://twitter.com/SueMcCauley/status/1292435552468993"/>
		<document id="1307059798" url="https://twitter.com/SueMcCauley/status/1307059798"/>
		<document id="131555439505715201" url="https://twitter.com/SueMcCauley/status/131555439505715201"/>
		<document id="1318776701" url="https://twitter.com/SueMcCauley/status/1318776701"/>
		<document id="1322252334" url="https://twitter.com/SueMcCauley/status/1322252334"/>
		<document id="1324669362" url="https://twitter.com/SueMcCauley/status/1324669362"/>
		<document id="1327494055" url="https://twitter.com/SueMcCauley/status/1327494055"/>
		<document id="133721349838487553" url="https://twitter.com/SueMcCauley/status/133721349838487553"/>
		<document id="1349442680" url="https://twitter.com/SueMcCauley/status/1349442680"/>
		<document id="1351785829" url="https://twitter.com/SueMcCauley/status/1351785829"/>
		<document id="1352067054" url="https://twitter.com/SueMcCauley/status/1352067054"/>
		<document id="1357829120" url="https://twitter.com/SueMcCauley/status/1357829120"/>
		<document id="1360581046" url="https://twitter.com/SueMcCauley/status/1360581046"/>
		<document id="1364553367" url="https://twitter.com/SueMcCauley/status/1364553367"/>
		<document id="1390345504" url="https://twitter.com/SueMcCauley/status/1390345504"/>
		<document id="1394494156" url="https://twitter.com/SueMcCauley/status/1394494156"/>
		<document id="140292181838671872" url="https://twitter.com/SueMcCauley/status/140292181838671872"/>
		<document id="140292182102904832" url="https://twitter.com/SueMcCauley/status/140292182102904832"/>
		<document id="1406796467" url="https://twitter.com/SueMcCauley/status/1406796467"/>
		<document id="142795874198749184" url="https://twitter.com/SueMcCauley/status/142795874198749184"/>
		<document id="1444445121" url="https://twitter.com/SueMcCauley/status/1444445121"/>
		<document id="144860111192600576" url="https://twitter.com/SueMcCauley/status/144860111192600576"/>
		<document id="14487621728210945" url="https://twitter.com/SueMcCauley/status/14487621728210945"/>
		<document id="1448962704" url="https://twitter.com/SueMcCauley/status/1448962704"/>
		<document id="1451070434" url="https://twitter.com/SueMcCauley/status/1451070434"/>
		<document id="1451244320" url="https://twitter.com/SueMcCauley/status/1451244320"/>
		<document id="1454211181" url="https://twitter.com/SueMcCauley/status/1454211181"/>
		<document id="1459520474" url="https://twitter.com/SueMcCauley/status/1459520474"/>
		<document id="1477572695" url="https://twitter.com/SueMcCauley/status/1477572695"/>
		<document id="1488002965" url="https://twitter.com/SueMcCauley/status/1488002965"/>
		<document id="14919739111" url="https://twitter.com/SueMcCauley/status/14919739111"/>
		<document id="14920112743" url="https://twitter.com/SueMcCauley/status/14920112743"/>
		<document id="1492345085" url="https://twitter.com/SueMcCauley/status/1492345085"/>
		<document id="149482593832808448" url="https://twitter.com/SueMcCauley/status/149482593832808448"/>
		<document id="149482593895723008" url="https://twitter.com/SueMcCauley/status/149482593895723008"/>
		<document id="1561021948" url="https://twitter.com/SueMcCauley/status/1561021948"/>
		<document id="1571125478" url="https://twitter.com/SueMcCauley/status/1571125478"/>
		<document id="1581429764" url="https://twitter.com/SueMcCauley/status/1581429764"/>
		<document id="158342530772123648" url="https://twitter.com/SueMcCauley/status/158342530772123648"/>
		<document id="158342604512178176" url="https://twitter.com/SueMcCauley/status/158342604512178176"/>
		<document id="1613919580" url="https://twitter.com/SueMcCauley/status/1613919580"/>
		<document id="1614687738" url="https://twitter.com/SueMcCauley/status/1614687738"/>
		<document id="1622574924" url="https://twitter.com/SueMcCauley/status/1622574924"/>
		<document id="1631924134" url="https://twitter.com/SueMcCauley/status/1631924134"/>
		<document id="163277188320342017" url="https://twitter.com/SueMcCauley/status/163277188320342017"/>
		<document id="16552387271458816" url="https://twitter.com/SueMcCauley/status/16552387271458816"/>
		<document id="166301971060506624" url="https://twitter.com/SueMcCauley/status/166301971060506624"/>
		<document id="1701040616" url="https://twitter.com/SueMcCauley/status/1701040616"/>
		<document id="1701119018" url="https://twitter.com/SueMcCauley/status/1701119018"/>
		<document id="17128319908" url="https://twitter.com/SueMcCauley/status/17128319908"/>
		<document id="17128657071" url="https://twitter.com/SueMcCauley/status/17128657071"/>
		<document id="17128657351" url="https://twitter.com/SueMcCauley/status/17128657351"/>
		<document id="17130140315" url="https://twitter.com/SueMcCauley/status/17130140315"/>
		<document id="17167601497" url="https://twitter.com/SueMcCauley/status/17167601497"/>
		<document id="171816136000802817" url="https://twitter.com/SueMcCauley/status/171816136000802817"/>
		<document id="17189471800" url="https://twitter.com/SueMcCauley/status/17189471800"/>
		<document id="17190369472" url="https://twitter.com/SueMcCauley/status/17190369472"/>
		<document id="17191058452" url="https://twitter.com/SueMcCauley/status/17191058452"/>
		<document id="17191479873" url="https://twitter.com/SueMcCauley/status/17191479873"/>
		<document id="17191655549" url="https://twitter.com/SueMcCauley/status/17191655549"/>
		<document id="17193436146" url="https://twitter.com/SueMcCauley/status/17193436146"/>
		<document id="17194027255" url="https://twitter.com/SueMcCauley/status/17194027255"/>
		<document id="1722413089" url="https://twitter.com/SueMcCauley/status/1722413089"/>
		<document id="1742763897" url="https://twitter.com/SueMcCauley/status/1742763897"/>
		<document id="17435978696" url="https://twitter.com/SueMcCauley/status/17435978696"/>
		<document id="1754746776" url="https://twitter.com/SueMcCauley/status/1754746776"/>
		<document id="1755364334" url="https://twitter.com/SueMcCauley/status/1755364334"/>
		<document id="17607169260" url="https://twitter.com/SueMcCauley/status/17607169260"/>
		<document id="17643503540" url="https://twitter.com/SueMcCauley/status/17643503540"/>
		<document id="17661148059" url="https://twitter.com/SueMcCauley/status/17661148059"/>
		<document id="17668175854" url="https://twitter.com/SueMcCauley/status/17668175854"/>
		<document id="17676788493" url="https://twitter.com/SueMcCauley/status/17676788493"/>
		<document id="176891127499210752" url="https://twitter.com/SueMcCauley/status/176891127499210752"/>
		<document id="1769708781" url="https://twitter.com/SueMcCauley/status/1769708781"/>
		<document id="1769714832" url="https://twitter.com/SueMcCauley/status/1769714832"/>
		<document id="17723809681" url="https://twitter.com/SueMcCauley/status/17723809681"/>
		<document id="17763691055" url="https://twitter.com/SueMcCauley/status/17763691055"/>
		<document id="1777777097" url="https://twitter.com/SueMcCauley/status/1777777097"/>
		<document id="17883144249" url="https://twitter.com/SueMcCauley/status/17883144249"/>
		<document id="17883144799" url="https://twitter.com/SueMcCauley/status/17883144799"/>
		<document id="17883190146" url="https://twitter.com/SueMcCauley/status/17883190146"/>
		<document id="17885620567" url="https://twitter.com/SueMcCauley/status/17885620567"/>
		<document id="17894152902" url="https://twitter.com/SueMcCauley/status/17894152902"/>
		<document id="17897045542" url="https://twitter.com/SueMcCauley/status/17897045542"/>
		<document id="17898358337" url="https://twitter.com/SueMcCauley/status/17898358337"/>
		<document id="17898491692" url="https://twitter.com/SueMcCauley/status/17898491692"/>
		<document id="1794275706" url="https://twitter.com/SueMcCauley/status/1794275706"/>
		<document id="17954824095" url="https://twitter.com/SueMcCauley/status/17954824095"/>
		<document id="17955146448" url="https://twitter.com/SueMcCauley/status/17955146448"/>
		<document id="17955194181" url="https://twitter.com/SueMcCauley/status/17955194181"/>
		<document id="17955226276" url="https://twitter.com/SueMcCauley/status/17955226276"/>
		<document id="18001882454687745" url="https://twitter.com/SueMcCauley/status/18001882454687745"/>
		<document id="18070570151" url="https://twitter.com/SueMcCauley/status/18070570151"/>
		<document id="1815794065" url="https://twitter.com/SueMcCauley/status/1815794065"/>
		<document id="18163110889" url="https://twitter.com/SueMcCauley/status/18163110889"/>
		<document id="18163110934" url="https://twitter.com/SueMcCauley/status/18163110934"/>
		<document id="18199305580" url="https://twitter.com/SueMcCauley/status/18199305580"/>
		<document id="18199628529" url="https://twitter.com/SueMcCauley/status/18199628529"/>
		<document id="18212339704" url="https://twitter.com/SueMcCauley/status/18212339704"/>
		<document id="18212340083" url="https://twitter.com/SueMcCauley/status/18212340083"/>
		<document id="18282002498" url="https://twitter.com/SueMcCauley/status/18282002498"/>
		<document id="1839982800" url="https://twitter.com/SueMcCauley/status/1839982800"/>
		<document id="186309999096627201" url="https://twitter.com/SueMcCauley/status/186309999096627201"/>
		<document id="18710361956" url="https://twitter.com/SueMcCauley/status/18710361956"/>
		<document id="18710510250" url="https://twitter.com/SueMcCauley/status/18710510250"/>
		<document id="18795504077" url="https://twitter.com/SueMcCauley/status/18795504077"/>
		<document id="18795504129" url="https://twitter.com/SueMcCauley/status/18795504129"/>
		<document id="18795504270" url="https://twitter.com/SueMcCauley/status/18795504270"/>
		<document id="189546292928708609" url="https://twitter.com/SueMcCauley/status/189546292928708609"/>
		<document id="1905426184" url="https://twitter.com/SueMcCauley/status/1905426184"/>
		<document id="1905563433" url="https://twitter.com/SueMcCauley/status/1905563433"/>
		<document id="1905614971" url="https://twitter.com/SueMcCauley/status/1905614971"/>
		<document id="1905632173" url="https://twitter.com/SueMcCauley/status/1905632173"/>
		<document id="1905698558" url="https://twitter.com/SueMcCauley/status/1905698558"/>
		<document id="1905790728" url="https://twitter.com/SueMcCauley/status/1905790728"/>
		<document id="191299593529597952" url="https://twitter.com/SueMcCauley/status/191299593529597952"/>
		<document id="19449391259" url="https://twitter.com/SueMcCauley/status/19449391259"/>
		<document id="19530156471" url="https://twitter.com/SueMcCauley/status/19530156471"/>
		<document id="19530224595" url="https://twitter.com/SueMcCauley/status/19530224595"/>
		<document id="19530545539" url="https://twitter.com/SueMcCauley/status/19530545539"/>
		<document id="19530560016" url="https://twitter.com/SueMcCauley/status/19530560016"/>
		<document id="19530568853" url="https://twitter.com/SueMcCauley/status/19530568853"/>
		<document id="19530577606" url="https://twitter.com/SueMcCauley/status/19530577606"/>
		<document id="19530585581" url="https://twitter.com/SueMcCauley/status/19530585581"/>
		<document id="19530604258" url="https://twitter.com/SueMcCauley/status/19530604258"/>
		<document id="19530624151" url="https://twitter.com/SueMcCauley/status/19530624151"/>
		<document id="19530638001" url="https://twitter.com/SueMcCauley/status/19530638001"/>
		<document id="19530660247" url="https://twitter.com/SueMcCauley/status/19530660247"/>
		<document id="19530693259" url="https://twitter.com/SueMcCauley/status/19530693259"/>
		<document id="19530755567" url="https://twitter.com/SueMcCauley/status/19530755567"/>
		<document id="19530777100" url="https://twitter.com/SueMcCauley/status/19530777100"/>
		<document id="19530887271" url="https://twitter.com/SueMcCauley/status/19530887271"/>
		<document id="19530962386" url="https://twitter.com/SueMcCauley/status/19530962386"/>
		<document id="19531126032" url="https://twitter.com/SueMcCauley/status/19531126032"/>
		<document id="19532088655" url="https://twitter.com/SueMcCauley/status/19532088655"/>
		<document id="19532143648" url="https://twitter.com/SueMcCauley/status/19532143648"/>
		<document id="19532187577" url="https://twitter.com/SueMcCauley/status/19532187577"/>
		<document id="19532216580" url="https://twitter.com/SueMcCauley/status/19532216580"/>
		<document id="195363492688175104" url="https://twitter.com/SueMcCauley/status/195363492688175104"/>
		<document id="1964678796" url="https://twitter.com/SueMcCauley/status/1964678796"/>
		<document id="19691623109" url="https://twitter.com/SueMcCauley/status/19691623109"/>
		<document id="1973997093" url="https://twitter.com/SueMcCauley/status/1973997093"/>
		<document id="1974033804" url="https://twitter.com/SueMcCauley/status/1974033804"/>
		<document id="1974045424" url="https://twitter.com/SueMcCauley/status/1974045424"/>
		<document id="1974086968" url="https://twitter.com/SueMcCauley/status/1974086968"/>
		<document id="19803962433601536" url="https://twitter.com/SueMcCauley/status/19803962433601536"/>
		<document id="1990724978" url="https://twitter.com/SueMcCauley/status/1990724978"/>
		<document id="2012237760" url="https://twitter.com/SueMcCauley/status/2012237760"/>
		<document id="20250754063" url="https://twitter.com/SueMcCauley/status/20250754063"/>
		<document id="2057321921" url="https://twitter.com/SueMcCauley/status/2057321921"/>
		<document id="2090682019" url="https://twitter.com/SueMcCauley/status/2090682019"/>
		<document id="2096629727" url="https://twitter.com/SueMcCauley/status/2096629727"/>
		<document id="210921700982919169" url="https://twitter.com/SueMcCauley/status/210921700982919169"/>
		<document id="210921702597734401" url="https://twitter.com/SueMcCauley/status/210921702597734401"/>
		<document id="21145456095" url="https://twitter.com/SueMcCauley/status/21145456095"/>
		<document id="211696141732036608" url="https://twitter.com/SueMcCauley/status/211696141732036608"/>
		<document id="211879972346929152" url="https://twitter.com/SueMcCauley/status/211879972346929152"/>
		<document id="21331222034653184" url="https://twitter.com/SueMcCauley/status/21331222034653184"/>
		<document id="21438482593357825" url="https://twitter.com/SueMcCauley/status/21438482593357825"/>
		<document id="216540169891885056" url="https://twitter.com/SueMcCauley/status/216540169891885056"/>
		<document id="21720732690" url="https://twitter.com/SueMcCauley/status/21720732690"/>
		<document id="21931786875441152" url="https://twitter.com/SueMcCauley/status/21931786875441152"/>
		<document id="22139934705983488" url="https://twitter.com/SueMcCauley/status/22139934705983488"/>
		<document id="23219808770203648" url="https://twitter.com/SueMcCauley/status/23219808770203648"/>
		<document id="23382539171266560" url="https://twitter.com/SueMcCauley/status/23382539171266560"/>
		<document id="2338258244" url="https://twitter.com/SueMcCauley/status/2338258244"/>
		<document id="23898902021279744" url="https://twitter.com/SueMcCauley/status/23898902021279744"/>
		<document id="23898903606722560" url="https://twitter.com/SueMcCauley/status/23898903606722560"/>
		<document id="24466612320" url="https://twitter.com/SueMcCauley/status/24466612320"/>
		<document id="244977499862360065" url="https://twitter.com/SueMcCauley/status/244977499862360065"/>
		<document id="24633572291776512" url="https://twitter.com/SueMcCauley/status/24633572291776512"/>
		<document id="253331862422966273" url="https://twitter.com/SueMcCauley/status/253331862422966273"/>
		<document id="25383201165803521" url="https://twitter.com/SueMcCauley/status/25383201165803521"/>
		<document id="2541815909" url="https://twitter.com/SueMcCauley/status/2541815909"/>
		<document id="25762043021758464" url="https://twitter.com/SueMcCauley/status/25762043021758464"/>
		<document id="257655723431956480" url="https://twitter.com/SueMcCauley/status/257655723431956480"/>
		<document id="25811973478" url="https://twitter.com/SueMcCauley/status/25811973478"/>
		<document id="25812048114" url="https://twitter.com/SueMcCauley/status/25812048114"/>
		<document id="25814751242" url="https://twitter.com/SueMcCauley/status/25814751242"/>
		<document id="25841633727" url="https://twitter.com/SueMcCauley/status/25841633727"/>
		<document id="25841633915" url="https://twitter.com/SueMcCauley/status/25841633915"/>
		<document id="259513228994961408" url="https://twitter.com/SueMcCauley/status/259513228994961408"/>
		<document id="26045866559" url="https://twitter.com/SueMcCauley/status/26045866559"/>
		<document id="26221558865" url="https://twitter.com/SueMcCauley/status/26221558865"/>
		<document id="26221597283" url="https://twitter.com/SueMcCauley/status/26221597283"/>
		<document id="26225117298" url="https://twitter.com/SueMcCauley/status/26225117298"/>
		<document id="26248307445" url="https://twitter.com/SueMcCauley/status/26248307445"/>
		<document id="26248307518" url="https://twitter.com/SueMcCauley/status/26248307518"/>
		<document id="26309709799624705" url="https://twitter.com/SueMcCauley/status/26309709799624705"/>
		<document id="26309775847333888" url="https://twitter.com/SueMcCauley/status/26309775847333888"/>
		<document id="26309908257308672" url="https://twitter.com/SueMcCauley/status/26309908257308672"/>
		<document id="26310004944412673" url="https://twitter.com/SueMcCauley/status/26310004944412673"/>
		<document id="26310120891748352" url="https://twitter.com/SueMcCauley/status/26310120891748352"/>
		<document id="26329725781676032" url="https://twitter.com/SueMcCauley/status/26329725781676032"/>
		<document id="26360510887" url="https://twitter.com/SueMcCauley/status/26360510887"/>
		<document id="26520917911805952" url="https://twitter.com/SueMcCauley/status/26520917911805952"/>
		<document id="26608139307" url="https://twitter.com/SueMcCauley/status/26608139307"/>
		<document id="26709121964" url="https://twitter.com/SueMcCauley/status/26709121964"/>
		<document id="26758282387390464" url="https://twitter.com/SueMcCauley/status/26758282387390464"/>
		<document id="267798306971852800" url="https://twitter.com/SueMcCauley/status/267798306971852800"/>
		<document id="27307607884" url="https://twitter.com/SueMcCauley/status/27307607884"/>
		<document id="27307608194" url="https://twitter.com/SueMcCauley/status/27307608194"/>
		<document id="27506382257" url="https://twitter.com/SueMcCauley/status/27506382257"/>
		<document id="27506408395" url="https://twitter.com/SueMcCauley/status/27506408395"/>
		<document id="276703908884275200" url="https://twitter.com/SueMcCauley/status/276703908884275200"/>
		<document id="276704103323820033" url="https://twitter.com/SueMcCauley/status/276704103323820033"/>
		<document id="277924642218455041" url="https://twitter.com/SueMcCauley/status/277924642218455041"/>
		<document id="2781866176286720" url="https://twitter.com/SueMcCauley/status/2781866176286720"/>
		<document id="2787002730684416" url="https://twitter.com/SueMcCauley/status/2787002730684416"/>
		<document id="27948151241" url="https://twitter.com/SueMcCauley/status/27948151241"/>
		<document id="27958415977" url="https://twitter.com/SueMcCauley/status/27958415977"/>
		<document id="27958517983" url="https://twitter.com/SueMcCauley/status/27958517983"/>
		<document id="27968491133" url="https://twitter.com/SueMcCauley/status/27968491133"/>
		<document id="28068186019" url="https://twitter.com/SueMcCauley/status/28068186019"/>
		<document id="28279516291923969" url="https://twitter.com/SueMcCauley/status/28279516291923969"/>
		<document id="28368440730" url="https://twitter.com/SueMcCauley/status/28368440730"/>
		<document id="28462492623577088" url="https://twitter.com/SueMcCauley/status/28462492623577088"/>
		<document id="28469964853" url="https://twitter.com/SueMcCauley/status/28469964853"/>
		<document id="28694070083715072" url="https://twitter.com/SueMcCauley/status/28694070083715072"/>
		<document id="287361214797979649" url="https://twitter.com/SueMcCauley/status/287361214797979649"/>
		<document id="28866337270923264" url="https://twitter.com/SueMcCauley/status/28866337270923264"/>
		<document id="29017655834" url="https://twitter.com/SueMcCauley/status/29017655834"/>
		<document id="29050067264" url="https://twitter.com/SueMcCauley/status/29050067264"/>
		<document id="290536916095479809" url="https://twitter.com/SueMcCauley/status/290536916095479809"/>
		<document id="29289898041147392" url="https://twitter.com/SueMcCauley/status/29289898041147392"/>
		<document id="294421266499244032" url="https://twitter.com/SueMcCauley/status/294421266499244032"/>
		<document id="296362119228702721" url="https://twitter.com/SueMcCauley/status/296362119228702721"/>
		<document id="29665550667" url="https://twitter.com/SueMcCauley/status/29665550667"/>
		<document id="29668000297" url="https://twitter.com/SueMcCauley/status/29668000297"/>
		<document id="29677073869" url="https://twitter.com/SueMcCauley/status/29677073869"/>
		<document id="297090065526583296" url="https://twitter.com/SueMcCauley/status/297090065526583296"/>
		<document id="297092500190027776" url="https://twitter.com/SueMcCauley/status/297092500190027776"/>
		<document id="297092997617680384" url="https://twitter.com/SueMcCauley/status/297092997617680384"/>
		<document id="297537952941215744" url="https://twitter.com/SueMcCauley/status/297537952941215744"/>
		<document id="297538273071493120" url="https://twitter.com/SueMcCauley/status/297538273071493120"/>
		<document id="297718400740884480" url="https://twitter.com/SueMcCauley/status/297718400740884480"/>
		<document id="29781343072157696" url="https://twitter.com/SueMcCauley/status/29781343072157696"/>
		<document id="298152452300083200" url="https://twitter.com/SueMcCauley/status/298152452300083200"/>
		<document id="298236085069312000" url="https://twitter.com/SueMcCauley/status/298236085069312000"/>
		<document id="298237396707856384" url="https://twitter.com/SueMcCauley/status/298237396707856384"/>
		<document id="298466188273528832" url="https://twitter.com/SueMcCauley/status/298466188273528832"/>
		<document id="299987553585618945" url="https://twitter.com/SueMcCauley/status/299987553585618945"/>
		<document id="30042913459142656" url="https://twitter.com/SueMcCauley/status/30042913459142656"/>
		<document id="300764841658949633" url="https://twitter.com/SueMcCauley/status/300764841658949633"/>
		<document id="300765131497947137" url="https://twitter.com/SueMcCauley/status/300765131497947137"/>
		<document id="301838445364535297" url="https://twitter.com/SueMcCauley/status/301838445364535297"/>
		<document id="302554518699266048" url="https://twitter.com/SueMcCauley/status/302554518699266048"/>
		<document id="302660033613811713" url="https://twitter.com/SueMcCauley/status/302660033613811713"/>
		<document id="302772149763063809" url="https://twitter.com/SueMcCauley/status/302772149763063809"/>
		<document id="302772184462524416" url="https://twitter.com/SueMcCauley/status/302772184462524416"/>
		<document id="302872367435223040" url="https://twitter.com/SueMcCauley/status/302872367435223040"/>
		<document id="30297937581969408" url="https://twitter.com/SueMcCauley/status/30297937581969408"/>
		<document id="30332871528947713" url="https://twitter.com/SueMcCauley/status/30332871528947713"/>
		<document id="30332876423692288" url="https://twitter.com/SueMcCauley/status/30332876423692288"/>
		<document id="30345005990158336" url="https://twitter.com/SueMcCauley/status/30345005990158336"/>
		<document id="305838921403744257" url="https://twitter.com/SueMcCauley/status/305838921403744257"/>
		<document id="305839506962132993" url="https://twitter.com/SueMcCauley/status/305839506962132993"/>
		<document id="305841356205613056" url="https://twitter.com/SueMcCauley/status/305841356205613056"/>
		<document id="305843579107016705" url="https://twitter.com/SueMcCauley/status/305843579107016705"/>
		<document id="305850691409293312" url="https://twitter.com/SueMcCauley/status/305850691409293312"/>
		<document id="305854383021776896" url="https://twitter.com/SueMcCauley/status/305854383021776896"/>
		<document id="306064931512520704" url="https://twitter.com/SueMcCauley/status/306064931512520704"/>
		<document id="307977425478897664" url="https://twitter.com/SueMcCauley/status/307977425478897664"/>
		<document id="309525157410652161" url="https://twitter.com/SueMcCauley/status/309525157410652161"/>
		<document id="31030099344101377" url="https://twitter.com/SueMcCauley/status/31030099344101377"/>
		<document id="311881768955416576" url="https://twitter.com/SueMcCauley/status/311881768955416576"/>
		<document id="311882152142835714" url="https://twitter.com/SueMcCauley/status/311882152142835714"/>
		<document id="31403116733665280" url="https://twitter.com/SueMcCauley/status/31403116733665280"/>
		<document id="314112311575068672" url="https://twitter.com/SueMcCauley/status/314112311575068672"/>
		<document id="31808747626041344" url="https://twitter.com/SueMcCauley/status/31808747626041344"/>
		<document id="31824210544295937" url="https://twitter.com/SueMcCauley/status/31824210544295937"/>
		<document id="321126781409177600" url="https://twitter.com/SueMcCauley/status/321126781409177600"/>
		<document id="321131739860848641" url="https://twitter.com/SueMcCauley/status/321131739860848641"/>
		<document id="321907122315083777" url="https://twitter.com/SueMcCauley/status/321907122315083777"/>
		<document id="321924580065300480" url="https://twitter.com/SueMcCauley/status/321924580065300480"/>
		<document id="322863898078355456" url="https://twitter.com/SueMcCauley/status/322863898078355456"/>
		<document id="323239904136015872" url="https://twitter.com/SueMcCauley/status/323239904136015872"/>
		<document id="323239978727534592" url="https://twitter.com/SueMcCauley/status/323239978727534592"/>
		<document id="323240115856089088" url="https://twitter.com/SueMcCauley/status/323240115856089088"/>
		<document id="323259367359123457" url="https://twitter.com/SueMcCauley/status/323259367359123457"/>
		<document id="323569660316491776" url="https://twitter.com/SueMcCauley/status/323569660316491776"/>
		<document id="3266126342" url="https://twitter.com/SueMcCauley/status/3266126342"/>
		<document id="3293235236" url="https://twitter.com/SueMcCauley/status/3293235236"/>
		<document id="3333424604" url="https://twitter.com/SueMcCauley/status/3333424604"/>
		<document id="3336350583" url="https://twitter.com/SueMcCauley/status/3336350583"/>
		<document id="3346744201" url="https://twitter.com/SueMcCauley/status/3346744201"/>
		<document id="3346749918" url="https://twitter.com/SueMcCauley/status/3346749918"/>
		<document id="3349009074" url="https://twitter.com/SueMcCauley/status/3349009074"/>
		<document id="3349015797" url="https://twitter.com/SueMcCauley/status/3349015797"/>
		<document id="3349928889" url="https://twitter.com/SueMcCauley/status/3349928889"/>
		<document id="335155824274067456" url="https://twitter.com/SueMcCauley/status/335155824274067456"/>
		<document id="335168701999505409" url="https://twitter.com/SueMcCauley/status/335168701999505409"/>
		<document id="3352649950" url="https://twitter.com/SueMcCauley/status/3352649950"/>
		<document id="3353857840" url="https://twitter.com/SueMcCauley/status/3353857840"/>
		<document id="340501384581492736" url="https://twitter.com/SueMcCauley/status/340501384581492736"/>
		<document id="3492098678" url="https://twitter.com/SueMcCauley/status/3492098678"/>
		<document id="3494706916" url="https://twitter.com/SueMcCauley/status/3494706916"/>
		<document id="3525538943" url="https://twitter.com/SueMcCauley/status/3525538943"/>
		<document id="3535294265" url="https://twitter.com/SueMcCauley/status/3535294265"/>
		<document id="3545596534" url="https://twitter.com/SueMcCauley/status/3545596534"/>
		<document id="3545599598" url="https://twitter.com/SueMcCauley/status/3545599598"/>
		<document id="3545687609" url="https://twitter.com/SueMcCauley/status/3545687609"/>
		<document id="3548729309" url="https://twitter.com/SueMcCauley/status/3548729309"/>
		<document id="363378727398281216" url="https://twitter.com/SueMcCauley/status/363378727398281216"/>
		<document id="363415199249743872" url="https://twitter.com/SueMcCauley/status/363415199249743872"/>
		<document id="363415354917126144" url="https://twitter.com/SueMcCauley/status/363415354917126144"/>
		<document id="36486326886866944" url="https://twitter.com/SueMcCauley/status/36486326886866944"/>
		<document id="3679207749" url="https://twitter.com/SueMcCauley/status/3679207749"/>
		<document id="3679212840" url="https://twitter.com/SueMcCauley/status/3679212840"/>
		<document id="3679420653" url="https://twitter.com/SueMcCauley/status/3679420653"/>
		<document id="3679728886" url="https://twitter.com/SueMcCauley/status/3679728886"/>
		<document id="36862643511898112" url="https://twitter.com/SueMcCauley/status/36862643511898112"/>
		<document id="36908858752516096" url="https://twitter.com/SueMcCauley/status/36908858752516096"/>
		<document id="36946483404083200" url="https://twitter.com/SueMcCauley/status/36946483404083200"/>
		<document id="36953211180949505" url="https://twitter.com/SueMcCauley/status/36953211180949505"/>
		<document id="371805193874067457" url="https://twitter.com/SueMcCauley/status/371805193874067457"/>
		<document id="371810773871235072" url="https://twitter.com/SueMcCauley/status/371810773871235072"/>
		<document id="371811262117593089" url="https://twitter.com/SueMcCauley/status/371811262117593089"/>
		<document id="3762434974" url="https://twitter.com/SueMcCauley/status/3762434974"/>
		<document id="3838689099" url="https://twitter.com/SueMcCauley/status/3838689099"/>
		<document id="384749736739475457" url="https://twitter.com/SueMcCauley/status/384749736739475457"/>
		<document id="385902896908218368" url="https://twitter.com/SueMcCauley/status/385902896908218368"/>
		<document id="385909173889683457" url="https://twitter.com/SueMcCauley/status/385909173889683457"/>
		<document id="385919785495568384" url="https://twitter.com/SueMcCauley/status/385919785495568384"/>
		<document id="3871844948" url="https://twitter.com/SueMcCauley/status/3871844948"/>
		<document id="3937412893" url="https://twitter.com/SueMcCauley/status/3937412893"/>
		<document id="396754342683754496" url="https://twitter.com/SueMcCauley/status/396754342683754496"/>
		<document id="396755598194118656" url="https://twitter.com/SueMcCauley/status/396755598194118656"/>
		<document id="3969363327" url="https://twitter.com/SueMcCauley/status/3969363327"/>
		<document id="3969512174" url="https://twitter.com/SueMcCauley/status/3969512174"/>
		<document id="3969869804" url="https://twitter.com/SueMcCauley/status/3969869804"/>
		<document id="3970182797" url="https://twitter.com/SueMcCauley/status/3970182797"/>
		<document id="3970197960" url="https://twitter.com/SueMcCauley/status/3970197960"/>
		<document id="3970226842" url="https://twitter.com/SueMcCauley/status/3970226842"/>
		<document id="3970883209" url="https://twitter.com/SueMcCauley/status/3970883209"/>
		<document id="3980456996" url="https://twitter.com/SueMcCauley/status/3980456996"/>
		<document id="4096083148" url="https://twitter.com/SueMcCauley/status/4096083148"/>
		<document id="417631747153477632" url="https://twitter.com/SueMcCauley/status/417631747153477632"/>
		<document id="417632577969614848" url="https://twitter.com/SueMcCauley/status/417632577969614848"/>
		<document id="417632623121285120" url="https://twitter.com/SueMcCauley/status/417632623121285120"/>
		<document id="418800329056989185" url="https://twitter.com/SueMcCauley/status/418800329056989185"/>
		<document id="419090043748110336" url="https://twitter.com/SueMcCauley/status/419090043748110336"/>
		<document id="419812469142339584" url="https://twitter.com/SueMcCauley/status/419812469142339584"/>
		<document id="419985841180536832" url="https://twitter.com/SueMcCauley/status/419985841180536832"/>
		<document id="4302325686" url="https://twitter.com/SueMcCauley/status/4302325686"/>
		<document id="4302356399" url="https://twitter.com/SueMcCauley/status/4302356399"/>
		<document id="43367826135859200" url="https://twitter.com/SueMcCauley/status/43367826135859200"/>
		<document id="4416645429" url="https://twitter.com/SueMcCauley/status/4416645429"/>
		<document id="4527755311" url="https://twitter.com/SueMcCauley/status/4527755311"/>
		<document id="4614316067" url="https://twitter.com/SueMcCauley/status/4614316067"/>
		<document id="4618509463" url="https://twitter.com/SueMcCauley/status/4618509463"/>
		<document id="4621506977" url="https://twitter.com/SueMcCauley/status/4621506977"/>
		<document id="4627751645" url="https://twitter.com/SueMcCauley/status/4627751645"/>
		<document id="4667582939" url="https://twitter.com/SueMcCauley/status/4667582939"/>
		<document id="4667934289" url="https://twitter.com/SueMcCauley/status/4667934289"/>
		<document id="46941459802374146" url="https://twitter.com/SueMcCauley/status/46941459802374146"/>
		<document id="47026510703497216" url="https://twitter.com/SueMcCauley/status/47026510703497216"/>
		<document id="4725033114" url="https://twitter.com/SueMcCauley/status/4725033114"/>
		<document id="47269454375157760" url="https://twitter.com/SueMcCauley/status/47269454375157760"/>
		<document id="47269519810502658" url="https://twitter.com/SueMcCauley/status/47269519810502658"/>
		<document id="48301862713163776" url="https://twitter.com/SueMcCauley/status/48301862713163776"/>
		<document id="48301863430406144" url="https://twitter.com/SueMcCauley/status/48301863430406144"/>
		<document id="4861441109" url="https://twitter.com/SueMcCauley/status/4861441109"/>
		<document id="4870501375" url="https://twitter.com/SueMcCauley/status/4870501375"/>
		<document id="4896909127" url="https://twitter.com/SueMcCauley/status/4896909127"/>
		<document id="4910518941" url="https://twitter.com/SueMcCauley/status/4910518941"/>
		<document id="4913900972" url="https://twitter.com/SueMcCauley/status/4913900972"/>
		<document id="4916602650" url="https://twitter.com/SueMcCauley/status/4916602650"/>
		<document id="4920139173" url="https://twitter.com/SueMcCauley/status/4920139173"/>
		<document id="4931373913" url="https://twitter.com/SueMcCauley/status/4931373913"/>
		<document id="4938261793" url="https://twitter.com/SueMcCauley/status/4938261793"/>
		<document id="4940521209" url="https://twitter.com/SueMcCauley/status/4940521209"/>
		<document id="4945821644" url="https://twitter.com/SueMcCauley/status/4945821644"/>
		<document id="4963721328" url="https://twitter.com/SueMcCauley/status/4963721328"/>
		<document id="4972176018" url="https://twitter.com/SueMcCauley/status/4972176018"/>
		<document id="4972308097" url="https://twitter.com/SueMcCauley/status/4972308097"/>
		<document id="4973700704" url="https://twitter.com/SueMcCauley/status/4973700704"/>
		<document id="4973847216" url="https://twitter.com/SueMcCauley/status/4973847216"/>
		<document id="5094785895" url="https://twitter.com/SueMcCauley/status/5094785895"/>
		<document id="5109901792" url="https://twitter.com/SueMcCauley/status/5109901792"/>
		<document id="5111354470" url="https://twitter.com/SueMcCauley/status/5111354470"/>
		<document id="5126903307" url="https://twitter.com/SueMcCauley/status/5126903307"/>
		<document id="5152646946" url="https://twitter.com/SueMcCauley/status/5152646946"/>
		<document id="5153181559" url="https://twitter.com/SueMcCauley/status/5153181559"/>
		<document id="5225796126" url="https://twitter.com/SueMcCauley/status/5225796126"/>
		<document id="5225809441" url="https://twitter.com/SueMcCauley/status/5225809441"/>
		<document id="5240956060" url="https://twitter.com/SueMcCauley/status/5240956060"/>
		<document id="52564096326967296" url="https://twitter.com/SueMcCauley/status/52564096326967296"/>
		<document id="5257265169" url="https://twitter.com/SueMcCauley/status/5257265169"/>
		<document id="5278987187" url="https://twitter.com/SueMcCauley/status/5278987187"/>
		<document id="5290358020" url="https://twitter.com/SueMcCauley/status/5290358020"/>
		<document id="5324655006" url="https://twitter.com/SueMcCauley/status/5324655006"/>
		<document id="5360986389" url="https://twitter.com/SueMcCauley/status/5360986389"/>
		<document id="5439641253" url="https://twitter.com/SueMcCauley/status/5439641253"/>
		<document id="5782991602" url="https://twitter.com/SueMcCauley/status/5782991602"/>
		<document id="58754204046606336" url="https://twitter.com/SueMcCauley/status/58754204046606336"/>
		<document id="59080144270270464" url="https://twitter.com/SueMcCauley/status/59080144270270464"/>
		<document id="59102054001545216" url="https://twitter.com/SueMcCauley/status/59102054001545216"/>
		<document id="59707133909925888" url="https://twitter.com/SueMcCauley/status/59707133909925888"/>
		<document id="59752261060005888" url="https://twitter.com/SueMcCauley/status/59752261060005888"/>
		<document id="60101403028361216" url="https://twitter.com/SueMcCauley/status/60101403028361216"/>
		<document id="61619418018488321" url="https://twitter.com/SueMcCauley/status/61619418018488321"/>
		<document id="61639611797082113" url="https://twitter.com/SueMcCauley/status/61639611797082113"/>
		<document id="62843099281498113" url="https://twitter.com/SueMcCauley/status/62843099281498113"/>
		<document id="62971775037878272" url="https://twitter.com/SueMcCauley/status/62971775037878272"/>
		<document id="63484872873877504" url="https://twitter.com/SueMcCauley/status/63484872873877504"/>
		<document id="64802910839648256" url="https://twitter.com/SueMcCauley/status/64802910839648256"/>
		<document id="64811070262476800" url="https://twitter.com/SueMcCauley/status/64811070262476800"/>
		<document id="64857472338366465" url="https://twitter.com/SueMcCauley/status/64857472338366465"/>
		<document id="65872293846450176" url="https://twitter.com/SueMcCauley/status/65872293846450176"/>
		<document id="65967501632217088" url="https://twitter.com/SueMcCauley/status/65967501632217088"/>
		<document id="66271968944590848" url="https://twitter.com/SueMcCauley/status/66271968944590848"/>
		<document id="66392503624015872" url="https://twitter.com/SueMcCauley/status/66392503624015872"/>
		<document id="66569047566848000" url="https://twitter.com/SueMcCauley/status/66569047566848000"/>
		<document id="6728531741" url="https://twitter.com/SueMcCauley/status/6728531741"/>
		<document id="6770684290" url="https://twitter.com/SueMcCauley/status/6770684290"/>
		<document id="67874378154639360" url="https://twitter.com/SueMcCauley/status/67874378154639360"/>
		<document id="68536110913036288" url="https://twitter.com/SueMcCauley/status/68536110913036288"/>
		<document id="69252147014934528" url="https://twitter.com/SueMcCauley/status/69252147014934528"/>
		<document id="69455521157099521" url="https://twitter.com/SueMcCauley/status/69455521157099521"/>
		<document id="69458399800205312" url="https://twitter.com/SueMcCauley/status/69458399800205312"/>
		<document id="69506115066531840" url="https://twitter.com/SueMcCauley/status/69506115066531840"/>
		<document id="69555539616612352" url="https://twitter.com/SueMcCauley/status/69555539616612352"/>
		<document id="69793252156506112" url="https://twitter.com/SueMcCauley/status/69793252156506112"/>
		<document id="70490224282705921" url="https://twitter.com/SueMcCauley/status/70490224282705921"/>
		<document id="71380367487143936" url="https://twitter.com/SueMcCauley/status/71380367487143936"/>
		<document id="71737127020408832" url="https://twitter.com/SueMcCauley/status/71737127020408832"/>
		<document id="71759757639286784" url="https://twitter.com/SueMcCauley/status/71759757639286784"/>
		<document id="71769540534607872" url="https://twitter.com/SueMcCauley/status/71769540534607872"/>
		<document id="72377411311894528" url="https://twitter.com/SueMcCauley/status/72377411311894528"/>
		<document id="73196412174741504" url="https://twitter.com/SueMcCauley/status/73196412174741504"/>
		<document id="75029507341422592" url="https://twitter.com/SueMcCauley/status/75029507341422592"/>
		<document id="7508349523" url="https://twitter.com/SueMcCauley/status/7508349523"/>
		<document id="7732812659" url="https://twitter.com/SueMcCauley/status/7732812659"/>
		<document id="79320132480008192" url="https://twitter.com/SueMcCauley/status/79320132480008192"/>
		<document id="79381428533600256" url="https://twitter.com/SueMcCauley/status/79381428533600256"/>
		<document id="83401050681389057" url="https://twitter.com/SueMcCauley/status/83401050681389057"/>
		<document id="83564156376203264" url="https://twitter.com/SueMcCauley/status/83564156376203264"/>
		<document id="86490745204256769" url="https://twitter.com/SueMcCauley/status/86490745204256769"/>
		<document id="89032847645614081" url="https://twitter.com/SueMcCauley/status/89032847645614081"/>
		<document id="96162721808125953" url="https://twitter.com/SueMcCauley/status/96162721808125953"/>
		<document id="9630078990" url="https://twitter.com/SueMcCauley/status/9630078990"/>
		<document id="9653603992" url="https://twitter.com/SueMcCauley/status/9653603992"/>
		<document id="9720188773601280" url="https://twitter.com/SueMcCauley/status/9720188773601280"/>
		<document id="97652005622906880" url="https://twitter.com/SueMcCauley/status/97652005622906880"/>
		<document id="9794315988" url="https://twitter.com/SueMcCauley/status/9794315988"/>
		<document id="9848273608" url="https://twitter.com/SueMcCauley/status/9848273608"/>
		<document id="986019767779328" url="https://twitter.com/SueMcCauley/status/986019767779328"/>
		<document id="986196050190336" url="https://twitter.com/SueMcCauley/status/986196050190336"/>
		<document id="9926959667" url="https://twitter.com/SueMcCauley/status/9926959667"/>
	</documents>
</author>