<?xml version="1.0" encoding="UTF-8" standalone="no"?><author age_group="xx" gender="xx" lang="EN" type="twitter" url="https://twitter.com/lawyerbychoice">
	<documents count="106">
		<document id="290865552367448064" url="https://twitter.com/lawyerbychoice/status/290865552367448064"/>
		<document id="290867364604542977" url="https://twitter.com/lawyerbychoice/status/290867364604542977"/>
		<document id="290885598888214528" url="https://twitter.com/lawyerbychoice/status/290885598888214528"/>
		<document id="291587691009695744" url="https://twitter.com/lawyerbychoice/status/291587691009695744"/>
		<document id="291596111695736833" url="https://twitter.com/lawyerbychoice/status/291596111695736833"/>
		<document id="291630104013053952" url="https://twitter.com/lawyerbychoice/status/291630104013053952"/>
		<document id="291738130808193024" url="https://twitter.com/lawyerbychoice/status/291738130808193024"/>
		<document id="291740350668763136" url="https://twitter.com/lawyerbychoice/status/291740350668763136"/>
		<document id="291741139906727937" url="https://twitter.com/lawyerbychoice/status/291741139906727937"/>
		<document id="291746646126125056" url="https://twitter.com/lawyerbychoice/status/291746646126125056"/>
		<document id="291747138038284289" url="https://twitter.com/lawyerbychoice/status/291747138038284289"/>
		<document id="291939985232367617" url="https://twitter.com/lawyerbychoice/status/291939985232367617"/>
		<document id="292303004432990208" url="https://twitter.com/lawyerbychoice/status/292303004432990208"/>
		<document id="292334318259417088" url="https://twitter.com/lawyerbychoice/status/292334318259417088"/>
		<document id="292345612710576132" url="https://twitter.com/lawyerbychoice/status/292345612710576132"/>
		<document id="293745165938593793" url="https://twitter.com/lawyerbychoice/status/293745165938593793"/>
		<document id="293758793194561537" url="https://twitter.com/lawyerbychoice/status/293758793194561537"/>
		<document id="294197762667446273" url="https://twitter.com/lawyerbychoice/status/294197762667446273"/>
		<document id="294488995998613504" url="https://twitter.com/lawyerbychoice/status/294488995998613504"/>
		<document id="294832868226637824" url="https://twitter.com/lawyerbychoice/status/294832868226637824"/>
		<document id="294833259156750336" url="https://twitter.com/lawyerbychoice/status/294833259156750336"/>
		<document id="294841910491770881" url="https://twitter.com/lawyerbychoice/status/294841910491770881"/>
		<document id="295984373063376896" url="https://twitter.com/lawyerbychoice/status/295984373063376896"/>
		<document id="296259503551291392" url="https://twitter.com/lawyerbychoice/status/296259503551291392"/>
		<document id="296318347845459968" url="https://twitter.com/lawyerbychoice/status/296318347845459968"/>
		<document id="296626240893366275" url="https://twitter.com/lawyerbychoice/status/296626240893366275"/>
		<document id="296649797274845185" url="https://twitter.com/lawyerbychoice/status/296649797274845185"/>
		<document id="297511051317084160" url="https://twitter.com/lawyerbychoice/status/297511051317084160"/>
		<document id="297511938391420928" url="https://twitter.com/lawyerbychoice/status/297511938391420928"/>
		<document id="298428293055668225" url="https://twitter.com/lawyerbychoice/status/298428293055668225"/>
		<document id="298829898678693888" url="https://twitter.com/lawyerbychoice/status/298829898678693888"/>
		<document id="299276100025081856" url="https://twitter.com/lawyerbychoice/status/299276100025081856"/>
		<document id="299277294231494657" url="https://twitter.com/lawyerbychoice/status/299277294231494657"/>
		<document id="299925388145090561" url="https://twitter.com/lawyerbychoice/status/299925388145090561"/>
		<document id="300655492458508289" url="https://twitter.com/lawyerbychoice/status/300655492458508289"/>
		<document id="301148967935295488" url="https://twitter.com/lawyerbychoice/status/301148967935295488"/>
		<document id="302128545688322048" url="https://twitter.com/lawyerbychoice/status/302128545688322048"/>
		<document id="302416621698433024" url="https://twitter.com/lawyerbychoice/status/302416621698433024"/>
		<document id="304624713240555520" url="https://twitter.com/lawyerbychoice/status/304624713240555520"/>
		<document id="304624991234818048" url="https://twitter.com/lawyerbychoice/status/304624991234818048"/>
		<document id="309313858605023233" url="https://twitter.com/lawyerbychoice/status/309313858605023233"/>
		<document id="311102919514660864" url="https://twitter.com/lawyerbychoice/status/311102919514660864"/>
		<document id="316985027332276224" url="https://twitter.com/lawyerbychoice/status/316985027332276224"/>
		<document id="319503618707451905" url="https://twitter.com/lawyerbychoice/status/319503618707451905"/>
		<document id="319797037036089344" url="https://twitter.com/lawyerbychoice/status/319797037036089344"/>
		<document id="326326293819965440" url="https://twitter.com/lawyerbychoice/status/326326293819965440"/>
		<document id="332528016641110017" url="https://twitter.com/lawyerbychoice/status/332528016641110017"/>
		<document id="332531146820825088" url="https://twitter.com/lawyerbychoice/status/332531146820825088"/>
		<document id="334716464898654208" url="https://twitter.com/lawyerbychoice/status/334716464898654208"/>
		<document id="335082836228968448" url="https://twitter.com/lawyerbychoice/status/335082836228968448"/>
		<document id="339795125242834944" url="https://twitter.com/lawyerbychoice/status/339795125242834944"/>
		<document id="340487134072946690" url="https://twitter.com/lawyerbychoice/status/340487134072946690"/>
		<document id="340488568579440640" url="https://twitter.com/lawyerbychoice/status/340488568579440640"/>
		<document id="346764393889034240" url="https://twitter.com/lawyerbychoice/status/346764393889034240"/>
		<document id="346765022648729601" url="https://twitter.com/lawyerbychoice/status/346765022648729601"/>
		<document id="346960430759026688" url="https://twitter.com/lawyerbychoice/status/346960430759026688"/>
		<document id="348136454247038977" url="https://twitter.com/lawyerbychoice/status/348136454247038977"/>
		<document id="348619606627332096" url="https://twitter.com/lawyerbychoice/status/348619606627332096"/>
		<document id="350400917708877826" url="https://twitter.com/lawyerbychoice/status/350400917708877826"/>
		<document id="352153432540454913" url="https://twitter.com/lawyerbychoice/status/352153432540454913"/>
		<document id="352154004433797120" url="https://twitter.com/lawyerbychoice/status/352154004433797120"/>
		<document id="352155720306794496" url="https://twitter.com/lawyerbychoice/status/352155720306794496"/>
		<document id="354264330340012032" url="https://twitter.com/lawyerbychoice/status/354264330340012032"/>
		<document id="355011430644318209" url="https://twitter.com/lawyerbychoice/status/355011430644318209"/>
		<document id="356961625909104640" url="https://twitter.com/lawyerbychoice/status/356961625909104640"/>
		<document id="356965903855919105" url="https://twitter.com/lawyerbychoice/status/356965903855919105"/>
		<document id="358222603166547968" url="https://twitter.com/lawyerbychoice/status/358222603166547968"/>
		<document id="358250504603709442" url="https://twitter.com/lawyerbychoice/status/358250504603709442"/>
		<document id="359695806833508353" url="https://twitter.com/lawyerbychoice/status/359695806833508353"/>
		<document id="362599866142179329" url="https://twitter.com/lawyerbychoice/status/362599866142179329"/>
		<document id="364891119689019392" url="https://twitter.com/lawyerbychoice/status/364891119689019392"/>
		<document id="364907439478411267" url="https://twitter.com/lawyerbychoice/status/364907439478411267"/>
		<document id="365104137341370369" url="https://twitter.com/lawyerbychoice/status/365104137341370369"/>
		<document id="374625068191477760" url="https://twitter.com/lawyerbychoice/status/374625068191477760"/>
		<document id="377443222517080064" url="https://twitter.com/lawyerbychoice/status/377443222517080064"/>
		<document id="377444105900417024" url="https://twitter.com/lawyerbychoice/status/377444105900417024"/>
		<document id="380690035923632128" url="https://twitter.com/lawyerbychoice/status/380690035923632128"/>
		<document id="380690421317656576" url="https://twitter.com/lawyerbychoice/status/380690421317656576"/>
		<document id="384771749528625152" url="https://twitter.com/lawyerbychoice/status/384771749528625152"/>
		<document id="384772242027978752" url="https://twitter.com/lawyerbychoice/status/384772242027978752"/>
		<document id="385443824622764032" url="https://twitter.com/lawyerbychoice/status/385443824622764032"/>
		<document id="385448050950279169" url="https://twitter.com/lawyerbychoice/status/385448050950279169"/>
		<document id="389757752262025216" url="https://twitter.com/lawyerbychoice/status/389757752262025216"/>
		<document id="392380722012372992" url="https://twitter.com/lawyerbychoice/status/392380722012372992"/>
		<document id="393016339725418496" url="https://twitter.com/lawyerbychoice/status/393016339725418496"/>
		<document id="393025600069574656" url="https://twitter.com/lawyerbychoice/status/393025600069574656"/>
		<document id="393369809892560896" url="https://twitter.com/lawyerbychoice/status/393369809892560896"/>
		<document id="393414620821458946" url="https://twitter.com/lawyerbychoice/status/393414620821458946"/>
		<document id="393777979521646592" url="https://twitter.com/lawyerbychoice/status/393777979521646592"/>
		<document id="396263080457302016" url="https://twitter.com/lawyerbychoice/status/396263080457302016"/>
		<document id="396264061060390912" url="https://twitter.com/lawyerbychoice/status/396264061060390912"/>
		<document id="397461338185687040" url="https://twitter.com/lawyerbychoice/status/397461338185687040"/>
		<document id="399876985783996416" url="https://twitter.com/lawyerbychoice/status/399876985783996416"/>
		<document id="401370791528259585" url="https://twitter.com/lawyerbychoice/status/401370791528259585"/>
		<document id="401372678335918080" url="https://twitter.com/lawyerbychoice/status/401372678335918080"/>
		<document id="402534205805973504" url="https://twitter.com/lawyerbychoice/status/402534205805973504"/>
		<document id="402541877317996544" url="https://twitter.com/lawyerbychoice/status/402541877317996544"/>
		<document id="403228700402933760" url="https://twitter.com/lawyerbychoice/status/403228700402933760"/>
		<document id="403229712157122561" url="https://twitter.com/lawyerbychoice/status/403229712157122561"/>
		<document id="403539308381880321" url="https://twitter.com/lawyerbychoice/status/403539308381880321"/>
		<document id="403548497397309442" url="https://twitter.com/lawyerbychoice/status/403548497397309442"/>
		<document id="405373386047496192" url="https://twitter.com/lawyerbychoice/status/405373386047496192"/>
		<document id="405380925740945408" url="https://twitter.com/lawyerbychoice/status/405380925740945408"/>
		<document id="410419802587422720" url="https://twitter.com/lawyerbychoice/status/410419802587422720"/>
		<document id="410430740245905409" url="https://twitter.com/lawyerbychoice/status/410430740245905409"/>
		<document id="410434262056189952" url="https://twitter.com/lawyerbychoice/status/410434262056189952"/>
	</documents>
</author>