<?xml version="1.0" encoding="UTF-8" standalone="no"?><author age_group="xx" gender="xx" lang="EN" type="twitter" url="https://twitter.com/BeltwayBargain">
	<documents count="668">
		<document id="355094446813106176" url="https://twitter.com/BeltwayBargain/status/355094446813106176"/>
		<document id="355119542629957632" url="https://twitter.com/BeltwayBargain/status/355119542629957632"/>
		<document id="355327031992516609" url="https://twitter.com/BeltwayBargain/status/355327031992516609"/>
		<document id="355374493293740032" url="https://twitter.com/BeltwayBargain/status/355374493293740032"/>
		<document id="355378728924221442" url="https://twitter.com/BeltwayBargain/status/355378728924221442"/>
		<document id="355379409231953920" url="https://twitter.com/BeltwayBargain/status/355379409231953920"/>
		<document id="355379471878078464" url="https://twitter.com/BeltwayBargain/status/355379471878078464"/>
		<document id="355379675964518402" url="https://twitter.com/BeltwayBargain/status/355379675964518402"/>
		<document id="355400661141159936" url="https://twitter.com/BeltwayBargain/status/355400661141159936"/>
		<document id="355400843710836736" url="https://twitter.com/BeltwayBargain/status/355400843710836736"/>
		<document id="355400986736590849" url="https://twitter.com/BeltwayBargain/status/355400986736590849"/>
		<document id="355695677239595008" url="https://twitter.com/BeltwayBargain/status/355695677239595008"/>
		<document id="355718580823801858" url="https://twitter.com/BeltwayBargain/status/355718580823801858"/>
		<document id="355719652653010944" url="https://twitter.com/BeltwayBargain/status/355719652653010944"/>
		<document id="355720858314080258" url="https://twitter.com/BeltwayBargain/status/355720858314080258"/>
		<document id="355888222850662400" url="https://twitter.com/BeltwayBargain/status/355888222850662400"/>
		<document id="356071293344432128" url="https://twitter.com/BeltwayBargain/status/356071293344432128"/>
		<document id="356241116485525504" url="https://twitter.com/BeltwayBargain/status/356241116485525504"/>
		<document id="356741545438871556" url="https://twitter.com/BeltwayBargain/status/356741545438871556"/>
		<document id="357133325204328448" url="https://twitter.com/BeltwayBargain/status/357133325204328448"/>
		<document id="357153777586929666" url="https://twitter.com/BeltwayBargain/status/357153777586929666"/>
		<document id="357154113542295552" url="https://twitter.com/BeltwayBargain/status/357154113542295552"/>
		<document id="357157834980474880" url="https://twitter.com/BeltwayBargain/status/357157834980474880"/>
		<document id="357163511077543936" url="https://twitter.com/BeltwayBargain/status/357163511077543936"/>
		<document id="357168846970429442" url="https://twitter.com/BeltwayBargain/status/357168846970429442"/>
		<document id="357170234198724609" url="https://twitter.com/BeltwayBargain/status/357170234198724609"/>
		<document id="357171698799345666" url="https://twitter.com/BeltwayBargain/status/357171698799345666"/>
		<document id="357173629076783106" url="https://twitter.com/BeltwayBargain/status/357173629076783106"/>
		<document id="357220405938892801" url="https://twitter.com/BeltwayBargain/status/357220405938892801"/>
		<document id="357243362962710530" url="https://twitter.com/BeltwayBargain/status/357243362962710530"/>
		<document id="357243595536859136" url="https://twitter.com/BeltwayBargain/status/357243595536859136"/>
		<document id="357247796891500544" url="https://twitter.com/BeltwayBargain/status/357247796891500544"/>
		<document id="357248772989911041" url="https://twitter.com/BeltwayBargain/status/357248772989911041"/>
		<document id="357249610508550148" url="https://twitter.com/BeltwayBargain/status/357249610508550148"/>
		<document id="357250401361346560" url="https://twitter.com/BeltwayBargain/status/357250401361346560"/>
		<document id="357259552862900224" url="https://twitter.com/BeltwayBargain/status/357259552862900224"/>
		<document id="357262170456723457" url="https://twitter.com/BeltwayBargain/status/357262170456723457"/>
		<document id="357584086111485952" url="https://twitter.com/BeltwayBargain/status/357584086111485952"/>
		<document id="357824394715856896" url="https://twitter.com/BeltwayBargain/status/357824394715856896"/>
		<document id="357981582243528704" url="https://twitter.com/BeltwayBargain/status/357981582243528704"/>
		<document id="357984691036499968" url="https://twitter.com/BeltwayBargain/status/357984691036499968"/>
		<document id="357985203790151680" url="https://twitter.com/BeltwayBargain/status/357985203790151680"/>
		<document id="357989510174347264" url="https://twitter.com/BeltwayBargain/status/357989510174347264"/>
		<document id="358194720029163522" url="https://twitter.com/BeltwayBargain/status/358194720029163522"/>
		<document id="358219751522189312" url="https://twitter.com/BeltwayBargain/status/358219751522189312"/>
		<document id="358374342238810113" url="https://twitter.com/BeltwayBargain/status/358374342238810113"/>
		<document id="358931740737282048" url="https://twitter.com/BeltwayBargain/status/358931740737282048"/>
		<document id="358940760307011584" url="https://twitter.com/BeltwayBargain/status/358940760307011584"/>
		<document id="359021474939551744" url="https://twitter.com/BeltwayBargain/status/359021474939551744"/>
		<document id="359021744863985664" url="https://twitter.com/BeltwayBargain/status/359021744863985664"/>
		<document id="359022297857794048" url="https://twitter.com/BeltwayBargain/status/359022297857794048"/>
		<document id="359034415894110208" url="https://twitter.com/BeltwayBargain/status/359034415894110208"/>
		<document id="359035004640182272" url="https://twitter.com/BeltwayBargain/status/359035004640182272"/>
		<document id="359035869975420929" url="https://twitter.com/BeltwayBargain/status/359035869975420929"/>
		<document id="359139963859771393" url="https://twitter.com/BeltwayBargain/status/359139963859771393"/>
		<document id="359299711775150080" url="https://twitter.com/BeltwayBargain/status/359299711775150080"/>
		<document id="359353045852753920" url="https://twitter.com/BeltwayBargain/status/359353045852753920"/>
		<document id="359367317127299074" url="https://twitter.com/BeltwayBargain/status/359367317127299074"/>
		<document id="359409920354959362" url="https://twitter.com/BeltwayBargain/status/359409920354959362"/>
		<document id="359467779751034883" url="https://twitter.com/BeltwayBargain/status/359467779751034883"/>
		<document id="359468646948544513" url="https://twitter.com/BeltwayBargain/status/359468646948544513"/>
		<document id="359471202877718529" url="https://twitter.com/BeltwayBargain/status/359471202877718529"/>
		<document id="359499967410360320" url="https://twitter.com/BeltwayBargain/status/359499967410360320"/>
		<document id="359652683960950788" url="https://twitter.com/BeltwayBargain/status/359652683960950788"/>
		<document id="359666804022444032" url="https://twitter.com/BeltwayBargain/status/359666804022444032"/>
		<document id="359668486336811010" url="https://twitter.com/BeltwayBargain/status/359668486336811010"/>
		<document id="359719220667351041" url="https://twitter.com/BeltwayBargain/status/359719220667351041"/>
		<document id="359825754541920257" url="https://twitter.com/BeltwayBargain/status/359825754541920257"/>
		<document id="359998878826762240" url="https://twitter.com/BeltwayBargain/status/359998878826762240"/>
		<document id="360019085297324033" url="https://twitter.com/BeltwayBargain/status/360019085297324033"/>
		<document id="360034692105371650" url="https://twitter.com/BeltwayBargain/status/360034692105371650"/>
		<document id="360037324937109506" url="https://twitter.com/BeltwayBargain/status/360037324937109506"/>
		<document id="360048465184714752" url="https://twitter.com/BeltwayBargain/status/360048465184714752"/>
		<document id="360086617303683072" url="https://twitter.com/BeltwayBargain/status/360086617303683072"/>
		<document id="360162943712768001" url="https://twitter.com/BeltwayBargain/status/360162943712768001"/>
		<document id="360163374832689153" url="https://twitter.com/BeltwayBargain/status/360163374832689153"/>
		<document id="360163738063601664" url="https://twitter.com/BeltwayBargain/status/360163738063601664"/>
		<document id="360377292746260480" url="https://twitter.com/BeltwayBargain/status/360377292746260480"/>
		<document id="360383277774798850" url="https://twitter.com/BeltwayBargain/status/360383277774798850"/>
		<document id="360384245253947392" url="https://twitter.com/BeltwayBargain/status/360384245253947392"/>
		<document id="360389750051438594" url="https://twitter.com/BeltwayBargain/status/360389750051438594"/>
		<document id="360546782255652864" url="https://twitter.com/BeltwayBargain/status/360546782255652864"/>
		<document id="360780733717024770" url="https://twitter.com/BeltwayBargain/status/360780733717024770"/>
		<document id="360781634120843265" url="https://twitter.com/BeltwayBargain/status/360781634120843265"/>
		<document id="361475288028295168" url="https://twitter.com/BeltwayBargain/status/361475288028295168"/>
		<document id="361865793585168387" url="https://twitter.com/BeltwayBargain/status/361865793585168387"/>
		<document id="361880452748935170" url="https://twitter.com/BeltwayBargain/status/361880452748935170"/>
		<document id="361884132843851776" url="https://twitter.com/BeltwayBargain/status/361884132843851776"/>
		<document id="362206995203366913" url="https://twitter.com/BeltwayBargain/status/362206995203366913"/>
		<document id="362207881715646465" url="https://twitter.com/BeltwayBargain/status/362207881715646465"/>
		<document id="362228053960695811" url="https://twitter.com/BeltwayBargain/status/362228053960695811"/>
		<document id="362263264853372928" url="https://twitter.com/BeltwayBargain/status/362263264853372928"/>
		<document id="362564835642318848" url="https://twitter.com/BeltwayBargain/status/362564835642318848"/>
		<document id="362574522303541248" url="https://twitter.com/BeltwayBargain/status/362574522303541248"/>
		<document id="362575192637190146" url="https://twitter.com/BeltwayBargain/status/362575192637190146"/>
		<document id="362576103061204992" url="https://twitter.com/BeltwayBargain/status/362576103061204992"/>
		<document id="362584713468186624" url="https://twitter.com/BeltwayBargain/status/362584713468186624"/>
		<document id="362584983950462976" url="https://twitter.com/BeltwayBargain/status/362584983950462976"/>
		<document id="362586259677396993" url="https://twitter.com/BeltwayBargain/status/362586259677396993"/>
		<document id="362596948684972032" url="https://twitter.com/BeltwayBargain/status/362596948684972032"/>
		<document id="362597495764819970" url="https://twitter.com/BeltwayBargain/status/362597495764819970"/>
		<document id="362606329816285186" url="https://twitter.com/BeltwayBargain/status/362606329816285186"/>
		<document id="362617110989508608" url="https://twitter.com/BeltwayBargain/status/362617110989508608"/>
		<document id="362617184788287488" url="https://twitter.com/BeltwayBargain/status/362617184788287488"/>
		<document id="362618165294940161" url="https://twitter.com/BeltwayBargain/status/362618165294940161"/>
		<document id="362619845575061506" url="https://twitter.com/BeltwayBargain/status/362619845575061506"/>
		<document id="362621023360794626" url="https://twitter.com/BeltwayBargain/status/362621023360794626"/>
		<document id="362656752522629121" url="https://twitter.com/BeltwayBargain/status/362656752522629121"/>
		<document id="362674817767456768" url="https://twitter.com/BeltwayBargain/status/362674817767456768"/>
		<document id="362777416873152514" url="https://twitter.com/BeltwayBargain/status/362777416873152514"/>
		<document id="362924440562057218" url="https://twitter.com/BeltwayBargain/status/362924440562057218"/>
		<document id="362925342584868865" url="https://twitter.com/BeltwayBargain/status/362925342584868865"/>
		<document id="362926156044976128" url="https://twitter.com/BeltwayBargain/status/362926156044976128"/>
		<document id="362930443907121152" url="https://twitter.com/BeltwayBargain/status/362930443907121152"/>
		<document id="362965396313210880" url="https://twitter.com/BeltwayBargain/status/362965396313210880"/>
		<document id="362965724802715648" url="https://twitter.com/BeltwayBargain/status/362965724802715648"/>
		<document id="362967351076982785" url="https://twitter.com/BeltwayBargain/status/362967351076982785"/>
		<document id="363265766906273792" url="https://twitter.com/BeltwayBargain/status/363265766906273792"/>
		<document id="363266061002895360" url="https://twitter.com/BeltwayBargain/status/363266061002895360"/>
		<document id="363307323617316865" url="https://twitter.com/BeltwayBargain/status/363307323617316865"/>
		<document id="363427847513186305" url="https://twitter.com/BeltwayBargain/status/363427847513186305"/>
		<document id="363645442904825857" url="https://twitter.com/BeltwayBargain/status/363645442904825857"/>
		<document id="363653576263872512" url="https://twitter.com/BeltwayBargain/status/363653576263872512"/>
		<document id="363750888524881920" url="https://twitter.com/BeltwayBargain/status/363750888524881920"/>
		<document id="363857561851662336" url="https://twitter.com/BeltwayBargain/status/363857561851662336"/>
		<document id="364025565440782339" url="https://twitter.com/BeltwayBargain/status/364025565440782339"/>
		<document id="364026258142658560" url="https://twitter.com/BeltwayBargain/status/364026258142658560"/>
		<document id="364027949516726273" url="https://twitter.com/BeltwayBargain/status/364027949516726273"/>
		<document id="364061551445020674" url="https://twitter.com/BeltwayBargain/status/364061551445020674"/>
		<document id="364370640972693504" url="https://twitter.com/BeltwayBargain/status/364370640972693504"/>
		<document id="364372172753473538" url="https://twitter.com/BeltwayBargain/status/364372172753473538"/>
		<document id="364372403243061248" url="https://twitter.com/BeltwayBargain/status/364372403243061248"/>
		<document id="364396292719394818" url="https://twitter.com/BeltwayBargain/status/364396292719394818"/>
		<document id="364458624413728768" url="https://twitter.com/BeltwayBargain/status/364458624413728768"/>
		<document id="364505633489301504" url="https://twitter.com/BeltwayBargain/status/364505633489301504"/>
		<document id="364761913143472128" url="https://twitter.com/BeltwayBargain/status/364761913143472128"/>
		<document id="364765013006761987" url="https://twitter.com/BeltwayBargain/status/364765013006761987"/>
		<document id="364770159463907331" url="https://twitter.com/BeltwayBargain/status/364770159463907331"/>
		<document id="364844642275037186" url="https://twitter.com/BeltwayBargain/status/364844642275037186"/>
		<document id="364858035551735809" url="https://twitter.com/BeltwayBargain/status/364858035551735809"/>
		<document id="364896446497030144" url="https://twitter.com/BeltwayBargain/status/364896446497030144"/>
		<document id="364918688652079105" url="https://twitter.com/BeltwayBargain/status/364918688652079105"/>
		<document id="365109509615661056" url="https://twitter.com/BeltwayBargain/status/365109509615661056"/>
		<document id="365128770312605697" url="https://twitter.com/BeltwayBargain/status/365128770312605697"/>
		<document id="365264807655510016" url="https://twitter.com/BeltwayBargain/status/365264807655510016"/>
		<document id="365265755362697217" url="https://twitter.com/BeltwayBargain/status/365265755362697217"/>
		<document id="365953696942657538" url="https://twitter.com/BeltwayBargain/status/365953696942657538"/>
		<document id="366191459239600128" url="https://twitter.com/BeltwayBargain/status/366191459239600128"/>
		<document id="366192107519623169" url="https://twitter.com/BeltwayBargain/status/366192107519623169"/>
		<document id="366195266732306432" url="https://twitter.com/BeltwayBargain/status/366195266732306432"/>
		<document id="366195851774803971" url="https://twitter.com/BeltwayBargain/status/366195851774803971"/>
		<document id="366209460265431040" url="https://twitter.com/BeltwayBargain/status/366209460265431040"/>
		<document id="366210190946729984" url="https://twitter.com/BeltwayBargain/status/366210190946729984"/>
		<document id="366217488037457920" url="https://twitter.com/BeltwayBargain/status/366217488037457920"/>
		<document id="366217580760928259" url="https://twitter.com/BeltwayBargain/status/366217580760928259"/>
		<document id="366217723912527873" url="https://twitter.com/BeltwayBargain/status/366217723912527873"/>
		<document id="366218255003688960" url="https://twitter.com/BeltwayBargain/status/366218255003688960"/>
		<document id="366220355418861569" url="https://twitter.com/BeltwayBargain/status/366220355418861569"/>
		<document id="366892552521134080" url="https://twitter.com/BeltwayBargain/status/366892552521134080"/>
		<document id="366896395585728513" url="https://twitter.com/BeltwayBargain/status/366896395585728513"/>
		<document id="366944348023164928" url="https://twitter.com/BeltwayBargain/status/366944348023164928"/>
		<document id="366944716652150785" url="https://twitter.com/BeltwayBargain/status/366944716652150785"/>
		<document id="366996698683281409" url="https://twitter.com/BeltwayBargain/status/366996698683281409"/>
		<document id="366997162564915200" url="https://twitter.com/BeltwayBargain/status/366997162564915200"/>
		<document id="367001746662363137" url="https://twitter.com/BeltwayBargain/status/367001746662363137"/>
		<document id="367007519794659331" url="https://twitter.com/BeltwayBargain/status/367007519794659331"/>
		<document id="367315247872221184" url="https://twitter.com/BeltwayBargain/status/367315247872221184"/>
		<document id="367350748134514688" url="https://twitter.com/BeltwayBargain/status/367350748134514688"/>
		<document id="367353323105832960" url="https://twitter.com/BeltwayBargain/status/367353323105832960"/>
		<document id="367365007824412672" url="https://twitter.com/BeltwayBargain/status/367365007824412672"/>
		<document id="367367852564946944" url="https://twitter.com/BeltwayBargain/status/367367852564946944"/>
		<document id="367369306474287104" url="https://twitter.com/BeltwayBargain/status/367369306474287104"/>
		<document id="367371882284466177" url="https://twitter.com/BeltwayBargain/status/367371882284466177"/>
		<document id="367373484709912577" url="https://twitter.com/BeltwayBargain/status/367373484709912577"/>
		<document id="367378683553923072" url="https://twitter.com/BeltwayBargain/status/367378683553923072"/>
		<document id="367386464834699264" url="https://twitter.com/BeltwayBargain/status/367386464834699264"/>
		<document id="367387222938750976" url="https://twitter.com/BeltwayBargain/status/367387222938750976"/>
		<document id="367387768236040192" url="https://twitter.com/BeltwayBargain/status/367387768236040192"/>
		<document id="367642377931862017" url="https://twitter.com/BeltwayBargain/status/367642377931862017"/>
		<document id="367653001940713472" url="https://twitter.com/BeltwayBargain/status/367653001940713472"/>
		<document id="367659878078095360" url="https://twitter.com/BeltwayBargain/status/367659878078095360"/>
		<document id="367661468051070977" url="https://twitter.com/BeltwayBargain/status/367661468051070977"/>
		<document id="367712292776861696" url="https://twitter.com/BeltwayBargain/status/367712292776861696"/>
		<document id="368331273007542272" url="https://twitter.com/BeltwayBargain/status/368331273007542272"/>
		<document id="368367893009805312" url="https://twitter.com/BeltwayBargain/status/368367893009805312"/>
		<document id="368377190876196864" url="https://twitter.com/BeltwayBargain/status/368377190876196864"/>
		<document id="368377767752388608" url="https://twitter.com/BeltwayBargain/status/368377767752388608"/>
		<document id="368810842713632770" url="https://twitter.com/BeltwayBargain/status/368810842713632770"/>
		<document id="369431685319753729" url="https://twitter.com/BeltwayBargain/status/369431685319753729"/>
		<document id="369472384962547712" url="https://twitter.com/BeltwayBargain/status/369472384962547712"/>
		<document id="369475319226327040" url="https://twitter.com/BeltwayBargain/status/369475319226327040"/>
		<document id="369481419916980224" url="https://twitter.com/BeltwayBargain/status/369481419916980224"/>
		<document id="369481592944619520" url="https://twitter.com/BeltwayBargain/status/369481592944619520"/>
		<document id="369481712767471616" url="https://twitter.com/BeltwayBargain/status/369481712767471616"/>
		<document id="369482440693137409" url="https://twitter.com/BeltwayBargain/status/369482440693137409"/>
		<document id="369485805024051200" url="https://twitter.com/BeltwayBargain/status/369485805024051200"/>
		<document id="369486614289862656" url="https://twitter.com/BeltwayBargain/status/369486614289862656"/>
		<document id="369605092447891456" url="https://twitter.com/BeltwayBargain/status/369605092447891456"/>
		<document id="369612029667315712" url="https://twitter.com/BeltwayBargain/status/369612029667315712"/>
		<document id="369820363674222593" url="https://twitter.com/BeltwayBargain/status/369820363674222593"/>
		<document id="369821393136807936" url="https://twitter.com/BeltwayBargain/status/369821393136807936"/>
		<document id="369875721994633217" url="https://twitter.com/BeltwayBargain/status/369875721994633217"/>
		<document id="370161531633532928" url="https://twitter.com/BeltwayBargain/status/370161531633532928"/>
		<document id="370198093498552320" url="https://twitter.com/BeltwayBargain/status/370198093498552320"/>
		<document id="370198808866476034" url="https://twitter.com/BeltwayBargain/status/370198808866476034"/>
		<document id="370199116774531072" url="https://twitter.com/BeltwayBargain/status/370199116774531072"/>
		<document id="370230164132614146" url="https://twitter.com/BeltwayBargain/status/370230164132614146"/>
		<document id="370230416541622272" url="https://twitter.com/BeltwayBargain/status/370230416541622272"/>
		<document id="370231990324195329" url="https://twitter.com/BeltwayBargain/status/370231990324195329"/>
		<document id="370638242732720129" url="https://twitter.com/BeltwayBargain/status/370638242732720129"/>
		<document id="370684891408498689" url="https://twitter.com/BeltwayBargain/status/370684891408498689"/>
		<document id="370714711618121728" url="https://twitter.com/BeltwayBargain/status/370714711618121728"/>
		<document id="370906759810281472" url="https://twitter.com/BeltwayBargain/status/370906759810281472"/>
		<document id="370908090017005569" url="https://twitter.com/BeltwayBargain/status/370908090017005569"/>
		<document id="370998335949119488" url="https://twitter.com/BeltwayBargain/status/370998335949119488"/>
		<document id="371006359795691521" url="https://twitter.com/BeltwayBargain/status/371006359795691521"/>
		<document id="372106325632626688" url="https://twitter.com/BeltwayBargain/status/372106325632626688"/>
		<document id="372166855344939008" url="https://twitter.com/BeltwayBargain/status/372166855344939008"/>
		<document id="372335455179919360" url="https://twitter.com/BeltwayBargain/status/372335455179919360"/>
		<document id="372717516214517760" url="https://twitter.com/BeltwayBargain/status/372717516214517760"/>
		<document id="372717766379589632" url="https://twitter.com/BeltwayBargain/status/372717766379589632"/>
		<document id="372752424923967488" url="https://twitter.com/BeltwayBargain/status/372752424923967488"/>
		<document id="372766646198226944" url="https://twitter.com/BeltwayBargain/status/372766646198226944"/>
		<document id="373061259383799810" url="https://twitter.com/BeltwayBargain/status/373061259383799810"/>
		<document id="373442903726915585" url="https://twitter.com/BeltwayBargain/status/373442903726915585"/>
		<document id="373445859314532352" url="https://twitter.com/BeltwayBargain/status/373445859314532352"/>
		<document id="373446203511697408" url="https://twitter.com/BeltwayBargain/status/373446203511697408"/>
		<document id="374225957264973824" url="https://twitter.com/BeltwayBargain/status/374225957264973824"/>
		<document id="374311512011452416" url="https://twitter.com/BeltwayBargain/status/374311512011452416"/>
		<document id="374313175229145088" url="https://twitter.com/BeltwayBargain/status/374313175229145088"/>
		<document id="374872279684882432" url="https://twitter.com/BeltwayBargain/status/374872279684882432"/>
		<document id="374881511872286721" url="https://twitter.com/BeltwayBargain/status/374881511872286721"/>
		<document id="374895077547855872" url="https://twitter.com/BeltwayBargain/status/374895077547855872"/>
		<document id="375007081528442880" url="https://twitter.com/BeltwayBargain/status/375007081528442880"/>
		<document id="375007226139656192" url="https://twitter.com/BeltwayBargain/status/375007226139656192"/>
		<document id="375229793416912896" url="https://twitter.com/BeltwayBargain/status/375229793416912896"/>
		<document id="375231108595453952" url="https://twitter.com/BeltwayBargain/status/375231108595453952"/>
		<document id="375237161047433217" url="https://twitter.com/BeltwayBargain/status/375237161047433217"/>
		<document id="375272207876128768" url="https://twitter.com/BeltwayBargain/status/375272207876128768"/>
		<document id="375291151877959680" url="https://twitter.com/BeltwayBargain/status/375291151877959680"/>
		<document id="375621369079136257" url="https://twitter.com/BeltwayBargain/status/375621369079136257"/>
		<document id="375621927101939714" url="https://twitter.com/BeltwayBargain/status/375621927101939714"/>
		<document id="375622594499592192" url="https://twitter.com/BeltwayBargain/status/375622594499592192"/>
		<document id="376686703932493824" url="https://twitter.com/BeltwayBargain/status/376686703932493824"/>
		<document id="376914765030772736" url="https://twitter.com/BeltwayBargain/status/376914765030772736"/>
		<document id="377154952864337920" url="https://twitter.com/BeltwayBargain/status/377154952864337920"/>
		<document id="377432138138001408" url="https://twitter.com/BeltwayBargain/status/377432138138001408"/>
		<document id="377813328598671361" url="https://twitter.com/BeltwayBargain/status/377813328598671361"/>
		<document id="377827548866314242" url="https://twitter.com/BeltwayBargain/status/377827548866314242"/>
		<document id="378118835917697024" url="https://twitter.com/BeltwayBargain/status/378118835917697024"/>
		<document id="378121903665209344" url="https://twitter.com/BeltwayBargain/status/378121903665209344"/>
		<document id="378131402518429696" url="https://twitter.com/BeltwayBargain/status/378131402518429696"/>
		<document id="378136672560361473" url="https://twitter.com/BeltwayBargain/status/378136672560361473"/>
		<document id="378136951301210112" url="https://twitter.com/BeltwayBargain/status/378136951301210112"/>
		<document id="378137205094363137" url="https://twitter.com/BeltwayBargain/status/378137205094363137"/>
		<document id="378137885481762816" url="https://twitter.com/BeltwayBargain/status/378137885481762816"/>
		<document id="378169635562352640" url="https://twitter.com/BeltwayBargain/status/378169635562352640"/>
		<document id="378171688917401600" url="https://twitter.com/BeltwayBargain/status/378171688917401600"/>
		<document id="378171730252267520" url="https://twitter.com/BeltwayBargain/status/378171730252267520"/>
		<document id="378183508298321920" url="https://twitter.com/BeltwayBargain/status/378183508298321920"/>
		<document id="378196972861419520" url="https://twitter.com/BeltwayBargain/status/378196972861419520"/>
		<document id="378198314535383040" url="https://twitter.com/BeltwayBargain/status/378198314535383040"/>
		<document id="378201731873906688" url="https://twitter.com/BeltwayBargain/status/378201731873906688"/>
		<document id="378213074295336960" url="https://twitter.com/BeltwayBargain/status/378213074295336960"/>
		<document id="378249122350112769" url="https://twitter.com/BeltwayBargain/status/378249122350112769"/>
		<document id="378249939413139457" url="https://twitter.com/BeltwayBargain/status/378249939413139457"/>
		<document id="378250358466035712" url="https://twitter.com/BeltwayBargain/status/378250358466035712"/>
		<document id="378552619784232960" url="https://twitter.com/BeltwayBargain/status/378552619784232960"/>
		<document id="379227883698278400" url="https://twitter.com/BeltwayBargain/status/379227883698278400"/>
		<document id="379284239675834368" url="https://twitter.com/BeltwayBargain/status/379284239675834368"/>
		<document id="379286602797031424" url="https://twitter.com/BeltwayBargain/status/379286602797031424"/>
		<document id="379289854989062144" url="https://twitter.com/BeltwayBargain/status/379289854989062144"/>
		<document id="379290351351386112" url="https://twitter.com/BeltwayBargain/status/379290351351386112"/>
		<document id="379292600848883712" url="https://twitter.com/BeltwayBargain/status/379292600848883712"/>
		<document id="379293678634024960" url="https://twitter.com/BeltwayBargain/status/379293678634024960"/>
		<document id="379295750288470016" url="https://twitter.com/BeltwayBargain/status/379295750288470016"/>
		<document id="379336981467365376" url="https://twitter.com/BeltwayBargain/status/379336981467365376"/>
		<document id="379653445776470016" url="https://twitter.com/BeltwayBargain/status/379653445776470016"/>
		<document id="379654595607154688" url="https://twitter.com/BeltwayBargain/status/379654595607154688"/>
		<document id="379672504144769024" url="https://twitter.com/BeltwayBargain/status/379672504144769024"/>
		<document id="379674216620380160" url="https://twitter.com/BeltwayBargain/status/379674216620380160"/>
		<document id="379745879391207424" url="https://twitter.com/BeltwayBargain/status/379745879391207424"/>
		<document id="380022664615575553" url="https://twitter.com/BeltwayBargain/status/380022664615575553"/>
		<document id="380037750323687424" url="https://twitter.com/BeltwayBargain/status/380037750323687424"/>
		<document id="380043246841638912" url="https://twitter.com/BeltwayBargain/status/380043246841638912"/>
		<document id="380072698392485888" url="https://twitter.com/BeltwayBargain/status/380072698392485888"/>
		<document id="380074287983370240" url="https://twitter.com/BeltwayBargain/status/380074287983370240"/>
		<document id="380427182146732032" url="https://twitter.com/BeltwayBargain/status/380427182146732032"/>
		<document id="380725241305395200" url="https://twitter.com/BeltwayBargain/status/380725241305395200"/>
		<document id="380730275640397824" url="https://twitter.com/BeltwayBargain/status/380730275640397824"/>
		<document id="380736515791273985" url="https://twitter.com/BeltwayBargain/status/380736515791273985"/>
		<document id="380756047449063424" url="https://twitter.com/BeltwayBargain/status/380756047449063424"/>
		<document id="380757055545815041" url="https://twitter.com/BeltwayBargain/status/380757055545815041"/>
		<document id="380757412191678464" url="https://twitter.com/BeltwayBargain/status/380757412191678464"/>
		<document id="380761332741844992" url="https://twitter.com/BeltwayBargain/status/380761332741844992"/>
		<document id="381032628956065792" url="https://twitter.com/BeltwayBargain/status/381032628956065792"/>
		<document id="381032793112707072" url="https://twitter.com/BeltwayBargain/status/381032793112707072"/>
		<document id="381034149017960448" url="https://twitter.com/BeltwayBargain/status/381034149017960448"/>
		<document id="381036982287077376" url="https://twitter.com/BeltwayBargain/status/381036982287077376"/>
		<document id="381037549369556992" url="https://twitter.com/BeltwayBargain/status/381037549369556992"/>
		<document id="381038073980530689" url="https://twitter.com/BeltwayBargain/status/381038073980530689"/>
		<document id="381039212306235392" url="https://twitter.com/BeltwayBargain/status/381039212306235392"/>
		<document id="381039486593146880" url="https://twitter.com/BeltwayBargain/status/381039486593146880"/>
		<document id="381082773366534144" url="https://twitter.com/BeltwayBargain/status/381082773366534144"/>
		<document id="381492097171607553" url="https://twitter.com/BeltwayBargain/status/381492097171607553"/>
		<document id="381760268792889345" url="https://twitter.com/BeltwayBargain/status/381760268792889345"/>
		<document id="381766808878854144" url="https://twitter.com/BeltwayBargain/status/381766808878854144"/>
		<document id="382176164954902528" url="https://twitter.com/BeltwayBargain/status/382176164954902528"/>
		<document id="382850370684207105" url="https://twitter.com/BeltwayBargain/status/382850370684207105"/>
		<document id="382851502198378496" url="https://twitter.com/BeltwayBargain/status/382851502198378496"/>
		<document id="382852332569890816" url="https://twitter.com/BeltwayBargain/status/382852332569890816"/>
		<document id="382853265617989632" url="https://twitter.com/BeltwayBargain/status/382853265617989632"/>
		<document id="382853963193663488" url="https://twitter.com/BeltwayBargain/status/382853963193663488"/>
		<document id="382855237800693761" url="https://twitter.com/BeltwayBargain/status/382855237800693761"/>
		<document id="382862492453457920" url="https://twitter.com/BeltwayBargain/status/382862492453457920"/>
		<document id="382863017433894912" url="https://twitter.com/BeltwayBargain/status/382863017433894912"/>
		<document id="382872079625764864" url="https://twitter.com/BeltwayBargain/status/382872079625764864"/>
		<document id="382872573866160128" url="https://twitter.com/BeltwayBargain/status/382872573866160128"/>
		<document id="382874808997789696" url="https://twitter.com/BeltwayBargain/status/382874808997789696"/>
		<document id="383214053612470272" url="https://twitter.com/BeltwayBargain/status/383214053612470272"/>
		<document id="383215659632427010" url="https://twitter.com/BeltwayBargain/status/383215659632427010"/>
		<document id="383216887397502976" url="https://twitter.com/BeltwayBargain/status/383216887397502976"/>
		<document id="383220692423946241" url="https://twitter.com/BeltwayBargain/status/383220692423946241"/>
		<document id="383988151351406592" url="https://twitter.com/BeltwayBargain/status/383988151351406592"/>
		<document id="384033725136519168" url="https://twitter.com/BeltwayBargain/status/384033725136519168"/>
		<document id="384724052922732544" url="https://twitter.com/BeltwayBargain/status/384724052922732544"/>
		<document id="384724543564050433" url="https://twitter.com/BeltwayBargain/status/384724543564050433"/>
		<document id="384726027596886017" url="https://twitter.com/BeltwayBargain/status/384726027596886017"/>
		<document id="384726289350807552" url="https://twitter.com/BeltwayBargain/status/384726289350807552"/>
		<document id="384726426349367296" url="https://twitter.com/BeltwayBargain/status/384726426349367296"/>
		<document id="384727377281961984" url="https://twitter.com/BeltwayBargain/status/384727377281961984"/>
		<document id="384727757625630721" url="https://twitter.com/BeltwayBargain/status/384727757625630721"/>
		<document id="384753091742289920" url="https://twitter.com/BeltwayBargain/status/384753091742289920"/>
		<document id="385027122080673794" url="https://twitter.com/BeltwayBargain/status/385027122080673794"/>
		<document id="385042256379797504" url="https://twitter.com/BeltwayBargain/status/385042256379797504"/>
		<document id="385057790458621952" url="https://twitter.com/BeltwayBargain/status/385057790458621952"/>
		<document id="385057969140170752" url="https://twitter.com/BeltwayBargain/status/385057969140170752"/>
		<document id="385059022308933632" url="https://twitter.com/BeltwayBargain/status/385059022308933632"/>
		<document id="385436509329190912" url="https://twitter.com/BeltwayBargain/status/385436509329190912"/>
		<document id="385522738179629056" url="https://twitter.com/BeltwayBargain/status/385522738179629056"/>
		<document id="385754806922395648" url="https://twitter.com/BeltwayBargain/status/385754806922395648"/>
		<document id="385769213056778240" url="https://twitter.com/BeltwayBargain/status/385769213056778240"/>
		<document id="385769728188620800" url="https://twitter.com/BeltwayBargain/status/385769728188620800"/>
		<document id="385770784767348736" url="https://twitter.com/BeltwayBargain/status/385770784767348736"/>
		<document id="385773866351878144" url="https://twitter.com/BeltwayBargain/status/385773866351878144"/>
		<document id="385774315847028736" url="https://twitter.com/BeltwayBargain/status/385774315847028736"/>
		<document id="385839782720708608" url="https://twitter.com/BeltwayBargain/status/385839782720708608"/>
		<document id="386851084569829377" url="https://twitter.com/BeltwayBargain/status/386851084569829377"/>
		<document id="386854273667309568" url="https://twitter.com/BeltwayBargain/status/386854273667309568"/>
		<document id="386855885186015232" url="https://twitter.com/BeltwayBargain/status/386855885186015232"/>
		<document id="386910141389369344" url="https://twitter.com/BeltwayBargain/status/386910141389369344"/>
		<document id="386910826600202240" url="https://twitter.com/BeltwayBargain/status/386910826600202240"/>
		<document id="386911060290068480" url="https://twitter.com/BeltwayBargain/status/386911060290068480"/>
		<document id="386911918927011840" url="https://twitter.com/BeltwayBargain/status/386911918927011840"/>
		<document id="386918177730342912" url="https://twitter.com/BeltwayBargain/status/386918177730342912"/>
		<document id="386962839917051904" url="https://twitter.com/BeltwayBargain/status/386962839917051904"/>
		<document id="386971205946716160" url="https://twitter.com/BeltwayBargain/status/386971205946716160"/>
		<document id="386980623195193344" url="https://twitter.com/BeltwayBargain/status/386980623195193344"/>
		<document id="387290283601580032" url="https://twitter.com/BeltwayBargain/status/387290283601580032"/>
		<document id="387310444492640256" url="https://twitter.com/BeltwayBargain/status/387310444492640256"/>
		<document id="387598818881314816" url="https://twitter.com/BeltwayBargain/status/387598818881314816"/>
		<document id="387610790066282497" url="https://twitter.com/BeltwayBargain/status/387610790066282497"/>
		<document id="387612647216414720" url="https://twitter.com/BeltwayBargain/status/387612647216414720"/>
		<document id="387614319615426560" url="https://twitter.com/BeltwayBargain/status/387614319615426560"/>
		<document id="388031608902930432" url="https://twitter.com/BeltwayBargain/status/388031608902930432"/>
		<document id="388276583695269889" url="https://twitter.com/BeltwayBargain/status/388276583695269889"/>
		<document id="388329585114230784" url="https://twitter.com/BeltwayBargain/status/388329585114230784"/>
		<document id="388343221299867650" url="https://twitter.com/BeltwayBargain/status/388343221299867650"/>
		<document id="388343622069780480" url="https://twitter.com/BeltwayBargain/status/388343622069780480"/>
		<document id="388655225340301313" url="https://twitter.com/BeltwayBargain/status/388655225340301313"/>
		<document id="388676066354544641" url="https://twitter.com/BeltwayBargain/status/388676066354544641"/>
		<document id="388732720081539072" url="https://twitter.com/BeltwayBargain/status/388732720081539072"/>
		<document id="389397935789592577" url="https://twitter.com/BeltwayBargain/status/389397935789592577"/>
		<document id="389857642304503808" url="https://twitter.com/BeltwayBargain/status/389857642304503808"/>
		<document id="390109433381937152" url="https://twitter.com/BeltwayBargain/status/390109433381937152"/>
		<document id="390114027529330688" url="https://twitter.com/BeltwayBargain/status/390114027529330688"/>
		<document id="390115009030004736" url="https://twitter.com/BeltwayBargain/status/390115009030004736"/>
		<document id="390463493729554432" url="https://twitter.com/BeltwayBargain/status/390463493729554432"/>
		<document id="390469906170650624" url="https://twitter.com/BeltwayBargain/status/390469906170650624"/>
		<document id="390860266386124800" url="https://twitter.com/BeltwayBargain/status/390860266386124800"/>
		<document id="390861390899970049" url="https://twitter.com/BeltwayBargain/status/390861390899970049"/>
		<document id="390870467638460416" url="https://twitter.com/BeltwayBargain/status/390870467638460416"/>
		<document id="390912652807245825" url="https://twitter.com/BeltwayBargain/status/390912652807245825"/>
		<document id="390944759637766144" url="https://twitter.com/BeltwayBargain/status/390944759637766144"/>
		<document id="391197922991173632" url="https://twitter.com/BeltwayBargain/status/391197922991173632"/>
		<document id="391314063269302272" url="https://twitter.com/BeltwayBargain/status/391314063269302272"/>
		<document id="391786988333830144" url="https://twitter.com/BeltwayBargain/status/391786988333830144"/>
		<document id="391895059550859264" url="https://twitter.com/BeltwayBargain/status/391895059550859264"/>
		<document id="392321012181643264" url="https://twitter.com/BeltwayBargain/status/392321012181643264"/>
		<document id="392991042737160192" url="https://twitter.com/BeltwayBargain/status/392991042737160192"/>
		<document id="393023735063535616" url="https://twitter.com/BeltwayBargain/status/393023735063535616"/>
		<document id="393038649094201345" url="https://twitter.com/BeltwayBargain/status/393038649094201345"/>
		<document id="393081052161650688" url="https://twitter.com/BeltwayBargain/status/393081052161650688"/>
		<document id="393092917583425537" url="https://twitter.com/BeltwayBargain/status/393092917583425537"/>
		<document id="393107589837619200" url="https://twitter.com/BeltwayBargain/status/393107589837619200"/>
		<document id="393107941550993408" url="https://twitter.com/BeltwayBargain/status/393107941550993408"/>
		<document id="393182466048921600" url="https://twitter.com/BeltwayBargain/status/393182466048921600"/>
		<document id="393417681824522240" url="https://twitter.com/BeltwayBargain/status/393417681824522240"/>
		<document id="393509884370489344" url="https://twitter.com/BeltwayBargain/status/393509884370489344"/>
		<document id="393514790233989120" url="https://twitter.com/BeltwayBargain/status/393514790233989120"/>
		<document id="393522010115944450" url="https://twitter.com/BeltwayBargain/status/393522010115944450"/>
		<document id="393530866716405760" url="https://twitter.com/BeltwayBargain/status/393530866716405760"/>
		<document id="394048431921975296" url="https://twitter.com/BeltwayBargain/status/394048431921975296"/>
		<document id="394120197952798721" url="https://twitter.com/BeltwayBargain/status/394120197952798721"/>
		<document id="394120658143432704" url="https://twitter.com/BeltwayBargain/status/394120658143432704"/>
		<document id="394124388616110082" url="https://twitter.com/BeltwayBargain/status/394124388616110082"/>
		<document id="394126793021861889" url="https://twitter.com/BeltwayBargain/status/394126793021861889"/>
		<document id="394166113375748096" url="https://twitter.com/BeltwayBargain/status/394166113375748096"/>
		<document id="394167060051136512" url="https://twitter.com/BeltwayBargain/status/394167060051136512"/>
		<document id="394169732406194177" url="https://twitter.com/BeltwayBargain/status/394169732406194177"/>
		<document id="394237209907589120" url="https://twitter.com/BeltwayBargain/status/394237209907589120"/>
		<document id="394237771008987136" url="https://twitter.com/BeltwayBargain/status/394237771008987136"/>
		<document id="394276502155444224" url="https://twitter.com/BeltwayBargain/status/394276502155444224"/>
		<document id="394277940101275648" url="https://twitter.com/BeltwayBargain/status/394277940101275648"/>
		<document id="394280981936349185" url="https://twitter.com/BeltwayBargain/status/394280981936349185"/>
		<document id="394471114241347584" url="https://twitter.com/BeltwayBargain/status/394471114241347584"/>
		<document id="394540226523443200" url="https://twitter.com/BeltwayBargain/status/394540226523443200"/>
		<document id="394909814389997568" url="https://twitter.com/BeltwayBargain/status/394909814389997568"/>
		<document id="395228544000749569" url="https://twitter.com/BeltwayBargain/status/395228544000749569"/>
		<document id="395276565325422592" url="https://twitter.com/BeltwayBargain/status/395276565325422592"/>
		<document id="395276898927775744" url="https://twitter.com/BeltwayBargain/status/395276898927775744"/>
		<document id="395277156378345473" url="https://twitter.com/BeltwayBargain/status/395277156378345473"/>
		<document id="395277337555521536" url="https://twitter.com/BeltwayBargain/status/395277337555521536"/>
		<document id="395356007314235393" url="https://twitter.com/BeltwayBargain/status/395356007314235393"/>
		<document id="395360269511041024" url="https://twitter.com/BeltwayBargain/status/395360269511041024"/>
		<document id="395382264202543104" url="https://twitter.com/BeltwayBargain/status/395382264202543104"/>
		<document id="395384214876852225" url="https://twitter.com/BeltwayBargain/status/395384214876852225"/>
		<document id="395390747433631744" url="https://twitter.com/BeltwayBargain/status/395390747433631744"/>
		<document id="395666836353593344" url="https://twitter.com/BeltwayBargain/status/395666836353593344"/>
		<document id="395951314246451200" url="https://twitter.com/BeltwayBargain/status/395951314246451200"/>
		<document id="395961591600267264" url="https://twitter.com/BeltwayBargain/status/395961591600267264"/>
		<document id="395961960661286913" url="https://twitter.com/BeltwayBargain/status/395961960661286913"/>
		<document id="395963283246972928" url="https://twitter.com/BeltwayBargain/status/395963283246972928"/>
		<document id="396015476431912960" url="https://twitter.com/BeltwayBargain/status/396015476431912960"/>
		<document id="396016462227181568" url="https://twitter.com/BeltwayBargain/status/396016462227181568"/>
		<document id="396378990547849216" url="https://twitter.com/BeltwayBargain/status/396378990547849216"/>
		<document id="396380706974498816" url="https://twitter.com/BeltwayBargain/status/396380706974498816"/>
		<document id="396382555504906240" url="https://twitter.com/BeltwayBargain/status/396382555504906240"/>
		<document id="396384915237122049" url="https://twitter.com/BeltwayBargain/status/396384915237122049"/>
		<document id="396781220689768448" url="https://twitter.com/BeltwayBargain/status/396781220689768448"/>
		<document id="397041903184535553" url="https://twitter.com/BeltwayBargain/status/397041903184535553"/>
		<document id="397126721725411328" url="https://twitter.com/BeltwayBargain/status/397126721725411328"/>
		<document id="397131027799240705" url="https://twitter.com/BeltwayBargain/status/397131027799240705"/>
		<document id="397131674464845824" url="https://twitter.com/BeltwayBargain/status/397131674464845824"/>
		<document id="397133030394851328" url="https://twitter.com/BeltwayBargain/status/397133030394851328"/>
		<document id="397134736570593280" url="https://twitter.com/BeltwayBargain/status/397134736570593280"/>
		<document id="397135691294851072" url="https://twitter.com/BeltwayBargain/status/397135691294851072"/>
		<document id="397331984201957376" url="https://twitter.com/BeltwayBargain/status/397331984201957376"/>
		<document id="397386308785807360" url="https://twitter.com/BeltwayBargain/status/397386308785807360"/>
		<document id="397734454585606144" url="https://twitter.com/BeltwayBargain/status/397734454585606144"/>
		<document id="397737462161616896" url="https://twitter.com/BeltwayBargain/status/397737462161616896"/>
		<document id="397739586320752640" url="https://twitter.com/BeltwayBargain/status/397739586320752640"/>
		<document id="397802963864797184" url="https://twitter.com/BeltwayBargain/status/397802963864797184"/>
		<document id="398183168143917057" url="https://twitter.com/BeltwayBargain/status/398183168143917057"/>
		<document id="398198608358416385" url="https://twitter.com/BeltwayBargain/status/398198608358416385"/>
		<document id="398474238614466560" url="https://twitter.com/BeltwayBargain/status/398474238614466560"/>
		<document id="398479161833975809" url="https://twitter.com/BeltwayBargain/status/398479161833975809"/>
		<document id="398496214741573632" url="https://twitter.com/BeltwayBargain/status/398496214741573632"/>
		<document id="398501725750845440" url="https://twitter.com/BeltwayBargain/status/398501725750845440"/>
		<document id="398502543388471296" url="https://twitter.com/BeltwayBargain/status/398502543388471296"/>
		<document id="398503118297509888" url="https://twitter.com/BeltwayBargain/status/398503118297509888"/>
		<document id="398503430706036736" url="https://twitter.com/BeltwayBargain/status/398503430706036736"/>
		<document id="398827595036237825" url="https://twitter.com/BeltwayBargain/status/398827595036237825"/>
		<document id="398828628756013056" url="https://twitter.com/BeltwayBargain/status/398828628756013056"/>
		<document id="398829042222112768" url="https://twitter.com/BeltwayBargain/status/398829042222112768"/>
		<document id="398839392770355200" url="https://twitter.com/BeltwayBargain/status/398839392770355200"/>
		<document id="398931902339366912" url="https://twitter.com/BeltwayBargain/status/398931902339366912"/>
		<document id="398940918985658368" url="https://twitter.com/BeltwayBargain/status/398940918985658368"/>
		<document id="398941572642783232" url="https://twitter.com/BeltwayBargain/status/398941572642783232"/>
		<document id="399517761358946304" url="https://twitter.com/BeltwayBargain/status/399517761358946304"/>
		<document id="399537768834924544" url="https://twitter.com/BeltwayBargain/status/399537768834924544"/>
		<document id="399903990315380736" url="https://twitter.com/BeltwayBargain/status/399903990315380736"/>
		<document id="399918329139195904" url="https://twitter.com/BeltwayBargain/status/399918329139195904"/>
		<document id="399927522118217728" url="https://twitter.com/BeltwayBargain/status/399927522118217728"/>
		<document id="399943905040281600" url="https://twitter.com/BeltwayBargain/status/399943905040281600"/>
		<document id="400986151932018688" url="https://twitter.com/BeltwayBargain/status/400986151932018688"/>
		<document id="401096225568485376" url="https://twitter.com/BeltwayBargain/status/401096225568485376"/>
		<document id="401099005100183552" url="https://twitter.com/BeltwayBargain/status/401099005100183552"/>
		<document id="401108066478735361" url="https://twitter.com/BeltwayBargain/status/401108066478735361"/>
		<document id="401365235434393600" url="https://twitter.com/BeltwayBargain/status/401365235434393600"/>
		<document id="401367248624816128" url="https://twitter.com/BeltwayBargain/status/401367248624816128"/>
		<document id="401425220033970176" url="https://twitter.com/BeltwayBargain/status/401425220033970176"/>
		<document id="401432188920397824" url="https://twitter.com/BeltwayBargain/status/401432188920397824"/>
		<document id="401479936474497024" url="https://twitter.com/BeltwayBargain/status/401479936474497024"/>
		<document id="402146588513931264" url="https://twitter.com/BeltwayBargain/status/402146588513931264"/>
		<document id="402167275475976192" url="https://twitter.com/BeltwayBargain/status/402167275475976192"/>
		<document id="402168176873865216" url="https://twitter.com/BeltwayBargain/status/402168176873865216"/>
		<document id="402169055110770688" url="https://twitter.com/BeltwayBargain/status/402169055110770688"/>
		<document id="402170413775458304" url="https://twitter.com/BeltwayBargain/status/402170413775458304"/>
		<document id="402207721878855680" url="https://twitter.com/BeltwayBargain/status/402207721878855680"/>
		<document id="402212372544114688" url="https://twitter.com/BeltwayBargain/status/402212372544114688"/>
		<document id="402213127795638272" url="https://twitter.com/BeltwayBargain/status/402213127795638272"/>
		<document id="402470679955521537" url="https://twitter.com/BeltwayBargain/status/402470679955521537"/>
		<document id="403605985106751488" url="https://twitter.com/BeltwayBargain/status/403605985106751488"/>
		<document id="403609395763744768" url="https://twitter.com/BeltwayBargain/status/403609395763744768"/>
		<document id="403610502708072448" url="https://twitter.com/BeltwayBargain/status/403610502708072448"/>
		<document id="403630325609136128" url="https://twitter.com/BeltwayBargain/status/403630325609136128"/>
		<document id="405335165158686720" url="https://twitter.com/BeltwayBargain/status/405335165158686720"/>
		<document id="405335630105673728" url="https://twitter.com/BeltwayBargain/status/405335630105673728"/>
		<document id="405362821803696129" url="https://twitter.com/BeltwayBargain/status/405362821803696129"/>
		<document id="405463474416795649" url="https://twitter.com/BeltwayBargain/status/405463474416795649"/>
		<document id="406063472569364480" url="https://twitter.com/BeltwayBargain/status/406063472569364480"/>
		<document id="406178494788698112" url="https://twitter.com/BeltwayBargain/status/406178494788698112"/>
		<document id="406196605218332672" url="https://twitter.com/BeltwayBargain/status/406196605218332672"/>
		<document id="406460636969697280" url="https://twitter.com/BeltwayBargain/status/406460636969697280"/>
		<document id="406517299097513985" url="https://twitter.com/BeltwayBargain/status/406517299097513985"/>
		<document id="406782130706853889" url="https://twitter.com/BeltwayBargain/status/406782130706853889"/>
		<document id="406786447014772737" url="https://twitter.com/BeltwayBargain/status/406786447014772737"/>
		<document id="406787065741729792" url="https://twitter.com/BeltwayBargain/status/406787065741729792"/>
		<document id="406795559748390913" url="https://twitter.com/BeltwayBargain/status/406795559748390913"/>
		<document id="406795636613210113" url="https://twitter.com/BeltwayBargain/status/406795636613210113"/>
		<document id="406796182669631489" url="https://twitter.com/BeltwayBargain/status/406796182669631489"/>
		<document id="407545089209012224" url="https://twitter.com/BeltwayBargain/status/407545089209012224"/>
		<document id="407592112805261312" url="https://twitter.com/BeltwayBargain/status/407592112805261312"/>
		<document id="407594144714858496" url="https://twitter.com/BeltwayBargain/status/407594144714858496"/>
		<document id="407596432061771776" url="https://twitter.com/BeltwayBargain/status/407596432061771776"/>
		<document id="407875035567632385" url="https://twitter.com/BeltwayBargain/status/407875035567632385"/>
		<document id="407876119627431936" url="https://twitter.com/BeltwayBargain/status/407876119627431936"/>
		<document id="407877893696393217" url="https://twitter.com/BeltwayBargain/status/407877893696393217"/>
		<document id="407905938784272385" url="https://twitter.com/BeltwayBargain/status/407905938784272385"/>
		<document id="407906339839438848" url="https://twitter.com/BeltwayBargain/status/407906339839438848"/>
		<document id="407906717481979904" url="https://twitter.com/BeltwayBargain/status/407906717481979904"/>
		<document id="407917756432928768" url="https://twitter.com/BeltwayBargain/status/407917756432928768"/>
		<document id="407929470021287936" url="https://twitter.com/BeltwayBargain/status/407929470021287936"/>
		<document id="408037956163624960" url="https://twitter.com/BeltwayBargain/status/408037956163624960"/>
		<document id="408075886441689089" url="https://twitter.com/BeltwayBargain/status/408075886441689089"/>
		<document id="408077424320974848" url="https://twitter.com/BeltwayBargain/status/408077424320974848"/>
		<document id="408245322805026818" url="https://twitter.com/BeltwayBargain/status/408245322805026818"/>
		<document id="408245538757160961" url="https://twitter.com/BeltwayBargain/status/408245538757160961"/>
		<document id="408264028121624576" url="https://twitter.com/BeltwayBargain/status/408264028121624576"/>
		<document id="408284515681837056" url="https://twitter.com/BeltwayBargain/status/408284515681837056"/>
		<document id="408289069282496512" url="https://twitter.com/BeltwayBargain/status/408289069282496512"/>
		<document id="408289972320366593" url="https://twitter.com/BeltwayBargain/status/408289972320366593"/>
		<document id="408331538577649664" url="https://twitter.com/BeltwayBargain/status/408331538577649664"/>
		<document id="408331680231874562" url="https://twitter.com/BeltwayBargain/status/408331680231874562"/>
		<document id="408633559512276993" url="https://twitter.com/BeltwayBargain/status/408633559512276993"/>
		<document id="408924730284986368" url="https://twitter.com/BeltwayBargain/status/408924730284986368"/>
		<document id="408924917598396416" url="https://twitter.com/BeltwayBargain/status/408924917598396416"/>
		<document id="408933869417537537" url="https://twitter.com/BeltwayBargain/status/408933869417537537"/>
		<document id="408935020116443136" url="https://twitter.com/BeltwayBargain/status/408935020116443136"/>
		<document id="408949561919414272" url="https://twitter.com/BeltwayBargain/status/408949561919414272"/>
		<document id="408954921036173312" url="https://twitter.com/BeltwayBargain/status/408954921036173312"/>
		<document id="408984219105234944" url="https://twitter.com/BeltwayBargain/status/408984219105234944"/>
		<document id="409344494572552192" url="https://twitter.com/BeltwayBargain/status/409344494572552192"/>
		<document id="409345213996347392" url="https://twitter.com/BeltwayBargain/status/409345213996347392"/>
		<document id="409678837325131776" url="https://twitter.com/BeltwayBargain/status/409678837325131776"/>
		<document id="409679197443862528" url="https://twitter.com/BeltwayBargain/status/409679197443862528"/>
		<document id="409758943687479296" url="https://twitter.com/BeltwayBargain/status/409758943687479296"/>
		<document id="410048686375198720" url="https://twitter.com/BeltwayBargain/status/410048686375198720"/>
		<document id="410048880273657856" url="https://twitter.com/BeltwayBargain/status/410048880273657856"/>
		<document id="410054348647841793" url="https://twitter.com/BeltwayBargain/status/410054348647841793"/>
		<document id="410057206239735809" url="https://twitter.com/BeltwayBargain/status/410057206239735809"/>
		<document id="410404560210235392" url="https://twitter.com/BeltwayBargain/status/410404560210235392"/>
		<document id="410407251183013888" url="https://twitter.com/BeltwayBargain/status/410407251183013888"/>
		<document id="410431945445621760" url="https://twitter.com/BeltwayBargain/status/410431945445621760"/>
		<document id="410434197908508672" url="https://twitter.com/BeltwayBargain/status/410434197908508672"/>
		<document id="410526371358597120" url="https://twitter.com/BeltwayBargain/status/410526371358597120"/>
		<document id="410776465878159361" url="https://twitter.com/BeltwayBargain/status/410776465878159361"/>
		<document id="410958736279085056" url="https://twitter.com/BeltwayBargain/status/410958736279085056"/>
		<document id="410965474717880320" url="https://twitter.com/BeltwayBargain/status/410965474717880320"/>
		<document id="410968215599075328" url="https://twitter.com/BeltwayBargain/status/410968215599075328"/>
		<document id="411135007193706496" url="https://twitter.com/BeltwayBargain/status/411135007193706496"/>
		<document id="411136936976216064" url="https://twitter.com/BeltwayBargain/status/411136936976216064"/>
		<document id="411204213004177408" url="https://twitter.com/BeltwayBargain/status/411204213004177408"/>
		<document id="411486393043398656" url="https://twitter.com/BeltwayBargain/status/411486393043398656"/>
		<document id="411512077878972416" url="https://twitter.com/BeltwayBargain/status/411512077878972416"/>
		<document id="411522576997834754" url="https://twitter.com/BeltwayBargain/status/411522576997834754"/>
		<document id="411522847186489344" url="https://twitter.com/BeltwayBargain/status/411522847186489344"/>
		<document id="411523916188753921" url="https://twitter.com/BeltwayBargain/status/411523916188753921"/>
		<document id="411537236195155968" url="https://twitter.com/BeltwayBargain/status/411537236195155968"/>
		<document id="411538318166614016" url="https://twitter.com/BeltwayBargain/status/411538318166614016"/>
		<document id="411540774740713472" url="https://twitter.com/BeltwayBargain/status/411540774740713472"/>
		<document id="411551579783704576" url="https://twitter.com/BeltwayBargain/status/411551579783704576"/>
		<document id="411554472955891712" url="https://twitter.com/BeltwayBargain/status/411554472955891712"/>
		<document id="411600526325739520" url="https://twitter.com/BeltwayBargain/status/411600526325739520"/>
		<document id="411610948567191553" url="https://twitter.com/BeltwayBargain/status/411610948567191553"/>
		<document id="411614295919558656" url="https://twitter.com/BeltwayBargain/status/411614295919558656"/>
		<document id="411617482122600448" url="https://twitter.com/BeltwayBargain/status/411617482122600448"/>
		<document id="411619298176548864" url="https://twitter.com/BeltwayBargain/status/411619298176548864"/>
		<document id="411620359415152640" url="https://twitter.com/BeltwayBargain/status/411620359415152640"/>
		<document id="411625408447000576" url="https://twitter.com/BeltwayBargain/status/411625408447000576"/>
		<document id="411626333064933376" url="https://twitter.com/BeltwayBargain/status/411626333064933376"/>
		<document id="411686071286505472" url="https://twitter.com/BeltwayBargain/status/411686071286505472"/>
		<document id="411998297113366528" url="https://twitter.com/BeltwayBargain/status/411998297113366528"/>
		<document id="412425386996150272" url="https://twitter.com/BeltwayBargain/status/412425386996150272"/>
		<document id="412436406393253888" url="https://twitter.com/BeltwayBargain/status/412436406393253888"/>
		<document id="412582675006754816" url="https://twitter.com/BeltwayBargain/status/412582675006754816"/>
		<document id="412582989680611329" url="https://twitter.com/BeltwayBargain/status/412582989680611329"/>
		<document id="412604436994072579" url="https://twitter.com/BeltwayBargain/status/412604436994072579"/>
		<document id="412608540638208000" url="https://twitter.com/BeltwayBargain/status/412608540638208000"/>
		<document id="412608699128360960" url="https://twitter.com/BeltwayBargain/status/412608699128360960"/>
		<document id="412609717664772097" url="https://twitter.com/BeltwayBargain/status/412609717664772097"/>
		<document id="412613412653236224" url="https://twitter.com/BeltwayBargain/status/412613412653236224"/>
		<document id="412614721045823488" url="https://twitter.com/BeltwayBargain/status/412614721045823488"/>
		<document id="412615805885353984" url="https://twitter.com/BeltwayBargain/status/412615805885353984"/>
		<document id="412616979925962752" url="https://twitter.com/BeltwayBargain/status/412616979925962752"/>
		<document id="412618122546647041" url="https://twitter.com/BeltwayBargain/status/412618122546647041"/>
		<document id="412619222401814528" url="https://twitter.com/BeltwayBargain/status/412619222401814528"/>
		<document id="412623266650394625" url="https://twitter.com/BeltwayBargain/status/412623266650394625"/>
		<document id="412626433643540480" url="https://twitter.com/BeltwayBargain/status/412626433643540480"/>
		<document id="412638325023850496" url="https://twitter.com/BeltwayBargain/status/412638325023850496"/>
		<document id="412638692763652096" url="https://twitter.com/BeltwayBargain/status/412638692763652096"/>
		<document id="412640276071473152" url="https://twitter.com/BeltwayBargain/status/412640276071473152"/>
		<document id="412641213871697920" url="https://twitter.com/BeltwayBargain/status/412641213871697920"/>
		<document id="412644582375952384" url="https://twitter.com/BeltwayBargain/status/412644582375952384"/>
		<document id="412646306713444352" url="https://twitter.com/BeltwayBargain/status/412646306713444352"/>
		<document id="412651265211260929" url="https://twitter.com/BeltwayBargain/status/412651265211260929"/>
		<document id="412672427785596928" url="https://twitter.com/BeltwayBargain/status/412672427785596928"/>
		<document id="412705003535495168" url="https://twitter.com/BeltwayBargain/status/412705003535495168"/>
		<document id="412707365444546560" url="https://twitter.com/BeltwayBargain/status/412707365444546560"/>
		<document id="412980583242137601" url="https://twitter.com/BeltwayBargain/status/412980583242137601"/>
		<document id="413034338297446400" url="https://twitter.com/BeltwayBargain/status/413034338297446400"/>
		<document id="413052248772460545" url="https://twitter.com/BeltwayBargain/status/413052248772460545"/>
		<document id="413052705133707264" url="https://twitter.com/BeltwayBargain/status/413052705133707264"/>
		<document id="413088136554901504" url="https://twitter.com/BeltwayBargain/status/413088136554901504"/>
		<document id="413436852453253120" url="https://twitter.com/BeltwayBargain/status/413436852453253120"/>
		<document id="414569494456320001" url="https://twitter.com/BeltwayBargain/status/414569494456320001"/>
		<document id="414851346961944576" url="https://twitter.com/BeltwayBargain/status/414851346961944576"/>
		<document id="415133577223745536" url="https://twitter.com/BeltwayBargain/status/415133577223745536"/>
		<document id="415147050385174528" url="https://twitter.com/BeltwayBargain/status/415147050385174528"/>
		<document id="415543912330055680" url="https://twitter.com/BeltwayBargain/status/415543912330055680"/>
		<document id="415544200659103744" url="https://twitter.com/BeltwayBargain/status/415544200659103744"/>
		<document id="415583779051556864" url="https://twitter.com/BeltwayBargain/status/415583779051556864"/>
		<document id="415584128609034241" url="https://twitter.com/BeltwayBargain/status/415584128609034241"/>
		<document id="415613869160402944" url="https://twitter.com/BeltwayBargain/status/415613869160402944"/>
		<document id="416226772435210240" url="https://twitter.com/BeltwayBargain/status/416226772435210240"/>
		<document id="416359604637798400" url="https://twitter.com/BeltwayBargain/status/416359604637798400"/>
		<document id="416360211272568832" url="https://twitter.com/BeltwayBargain/status/416360211272568832"/>
		<document id="416363456883732480" url="https://twitter.com/BeltwayBargain/status/416363456883732480"/>
		<document id="416365255522926592" url="https://twitter.com/BeltwayBargain/status/416365255522926592"/>
		<document id="416387828549840896" url="https://twitter.com/BeltwayBargain/status/416387828549840896"/>
		<document id="416388172692856833" url="https://twitter.com/BeltwayBargain/status/416388172692856833"/>
		<document id="416389605965824000" url="https://twitter.com/BeltwayBargain/status/416389605965824000"/>
		<document id="416617466408620032" url="https://twitter.com/BeltwayBargain/status/416617466408620032"/>
		<document id="416618892002226176" url="https://twitter.com/BeltwayBargain/status/416618892002226176"/>
		<document id="417326100680015872" url="https://twitter.com/BeltwayBargain/status/417326100680015872"/>
		<document id="417681646310010880" url="https://twitter.com/BeltwayBargain/status/417681646310010880"/>
		<document id="417829041438490624" url="https://twitter.com/BeltwayBargain/status/417829041438490624"/>
		<document id="417831067882885120" url="https://twitter.com/BeltwayBargain/status/417831067882885120"/>
		<document id="417832141603733504" url="https://twitter.com/BeltwayBargain/status/417832141603733504"/>
		<document id="417832387834548225" url="https://twitter.com/BeltwayBargain/status/417832387834548225"/>
		<document id="417834261253992448" url="https://twitter.com/BeltwayBargain/status/417834261253992448"/>
		<document id="417836414018269184" url="https://twitter.com/BeltwayBargain/status/417836414018269184"/>
		<document id="417843525812621312" url="https://twitter.com/BeltwayBargain/status/417843525812621312"/>
		<document id="418040669492744192" url="https://twitter.com/BeltwayBargain/status/418040669492744192"/>
		<document id="418048434030276608" url="https://twitter.com/BeltwayBargain/status/418048434030276608"/>
		<document id="418052368945922048" url="https://twitter.com/BeltwayBargain/status/418052368945922048"/>
		<document id="418052651646197761" url="https://twitter.com/BeltwayBargain/status/418052651646197761"/>
		<document id="418070687652524032" url="https://twitter.com/BeltwayBargain/status/418070687652524032"/>
		<document id="418071405952241664" url="https://twitter.com/BeltwayBargain/status/418071405952241664"/>
		<document id="418078436817903616" url="https://twitter.com/BeltwayBargain/status/418078436817903616"/>
		<document id="418079002017136640" url="https://twitter.com/BeltwayBargain/status/418079002017136640"/>
		<document id="418080091806396416" url="https://twitter.com/BeltwayBargain/status/418080091806396416"/>
		<document id="418082671248809984" url="https://twitter.com/BeltwayBargain/status/418082671248809984"/>
		<document id="418088474798215168" url="https://twitter.com/BeltwayBargain/status/418088474798215168"/>
		<document id="418088928705806337" url="https://twitter.com/BeltwayBargain/status/418088928705806337"/>
		<document id="418091268628295680" url="https://twitter.com/BeltwayBargain/status/418091268628295680"/>
		<document id="418106512507412481" url="https://twitter.com/BeltwayBargain/status/418106512507412481"/>
		<document id="418398468303237121" url="https://twitter.com/BeltwayBargain/status/418398468303237121"/>
		<document id="418398654047993856" url="https://twitter.com/BeltwayBargain/status/418398654047993856"/>
		<document id="418399017660608512" url="https://twitter.com/BeltwayBargain/status/418399017660608512"/>
		<document id="418399368585441280" url="https://twitter.com/BeltwayBargain/status/418399368585441280"/>
		<document id="418516562560442369" url="https://twitter.com/BeltwayBargain/status/418516562560442369"/>
		<document id="418541786127400960" url="https://twitter.com/BeltwayBargain/status/418541786127400960"/>
		<document id="418821958331944961" url="https://twitter.com/BeltwayBargain/status/418821958331944961"/>
		<document id="418868299653718017" url="https://twitter.com/BeltwayBargain/status/418868299653718017"/>
		<document id="418869508728979457" url="https://twitter.com/BeltwayBargain/status/418869508728979457"/>
		<document id="419215922336129024" url="https://twitter.com/BeltwayBargain/status/419215922336129024"/>
	</documents>
</author>