<?xml version="1.0" encoding="UTF-8" standalone="no"?><author age_group="xx" gender="xx" lang="EN" type="twitter" url="https://twitter.com/lettersfrom500">
	<documents count="1000">
		<document id="100232032059269120" url="https://twitter.com/lettersfrom500/status/100232032059269120"/>
		<document id="100232114334740480" url="https://twitter.com/lettersfrom500/status/100232114334740480"/>
		<document id="10030956461" url="https://twitter.com/lettersfrom500/status/10030956461"/>
		<document id="10030995769" url="https://twitter.com/lettersfrom500/status/10030995769"/>
		<document id="10226368748" url="https://twitter.com/lettersfrom500/status/10226368748"/>
		<document id="10226395903" url="https://twitter.com/lettersfrom500/status/10226395903"/>
		<document id="102434757320785920" url="https://twitter.com/lettersfrom500/status/102434757320785920"/>
		<document id="102434835120918528" url="https://twitter.com/lettersfrom500/status/102434835120918528"/>
		<document id="10313397666" url="https://twitter.com/lettersfrom500/status/10313397666"/>
		<document id="10313403529" url="https://twitter.com/lettersfrom500/status/10313403529"/>
		<document id="10353609557" url="https://twitter.com/lettersfrom500/status/10353609557"/>
		<document id="10353624292" url="https://twitter.com/lettersfrom500/status/10353624292"/>
		<document id="103807187297640448" url="https://twitter.com/lettersfrom500/status/103807187297640448"/>
		<document id="104194362082197505" url="https://twitter.com/lettersfrom500/status/104194362082197505"/>
		<document id="104205330837286913" url="https://twitter.com/lettersfrom500/status/104205330837286913"/>
		<document id="10427633927" url="https://twitter.com/lettersfrom500/status/10427633927"/>
		<document id="10427638198" url="https://twitter.com/lettersfrom500/status/10427638198"/>
		<document id="10428385590" url="https://twitter.com/lettersfrom500/status/10428385590"/>
		<document id="10428391409" url="https://twitter.com/lettersfrom500/status/10428391409"/>
		<document id="10428399554" url="https://twitter.com/lettersfrom500/status/10428399554"/>
		<document id="10428409330" url="https://twitter.com/lettersfrom500/status/10428409330"/>
		<document id="10428417375" url="https://twitter.com/lettersfrom500/status/10428417375"/>
		<document id="10428424868" url="https://twitter.com/lettersfrom500/status/10428424868"/>
		<document id="10428431571" url="https://twitter.com/lettersfrom500/status/10428431571"/>
		<document id="10428442748" url="https://twitter.com/lettersfrom500/status/10428442748"/>
		<document id="10428446015" url="https://twitter.com/lettersfrom500/status/10428446015"/>
		<document id="10482121934" url="https://twitter.com/lettersfrom500/status/10482121934"/>
		<document id="10482128585" url="https://twitter.com/lettersfrom500/status/10482128585"/>
		<document id="10612303319" url="https://twitter.com/lettersfrom500/status/10612303319"/>
		<document id="10612309208" url="https://twitter.com/lettersfrom500/status/10612309208"/>
		<document id="106312517059493888" url="https://twitter.com/lettersfrom500/status/106312517059493888"/>
		<document id="10679656488" url="https://twitter.com/lettersfrom500/status/10679656488"/>
		<document id="10679664384" url="https://twitter.com/lettersfrom500/status/10679664384"/>
		<document id="10680644776" url="https://twitter.com/lettersfrom500/status/10680644776"/>
		<document id="10680653165" url="https://twitter.com/lettersfrom500/status/10680653165"/>
		<document id="10680668368" url="https://twitter.com/lettersfrom500/status/10680668368"/>
		<document id="10680673479" url="https://twitter.com/lettersfrom500/status/10680673479"/>
		<document id="10680683744" url="https://twitter.com/lettersfrom500/status/10680683744"/>
		<document id="10680696944" url="https://twitter.com/lettersfrom500/status/10680696944"/>
		<document id="10680705713" url="https://twitter.com/lettersfrom500/status/10680705713"/>
		<document id="10680728567" url="https://twitter.com/lettersfrom500/status/10680728567"/>
		<document id="106827725838368768" url="https://twitter.com/lettersfrom500/status/106827725838368768"/>
		<document id="10717702536560640" url="https://twitter.com/lettersfrom500/status/10717702536560640"/>
		<document id="10717874146516992" url="https://twitter.com/lettersfrom500/status/10717874146516992"/>
		<document id="108651160906375168" url="https://twitter.com/lettersfrom500/status/108651160906375168"/>
		<document id="108657193213116417" url="https://twitter.com/lettersfrom500/status/108657193213116417"/>
		<document id="10876763304" url="https://twitter.com/lettersfrom500/status/10876763304"/>
		<document id="10876778272" url="https://twitter.com/lettersfrom500/status/10876778272"/>
		<document id="109284361752428544" url="https://twitter.com/lettersfrom500/status/109284361752428544"/>
		<document id="109297917566795777" url="https://twitter.com/lettersfrom500/status/109297917566795777"/>
		<document id="11019644609" url="https://twitter.com/lettersfrom500/status/11019644609"/>
		<document id="11019649147" url="https://twitter.com/lettersfrom500/status/11019649147"/>
		<document id="11019895583" url="https://twitter.com/lettersfrom500/status/11019895583"/>
		<document id="11019905077" url="https://twitter.com/lettersfrom500/status/11019905077"/>
		<document id="11019910323" url="https://twitter.com/lettersfrom500/status/11019910323"/>
		<document id="11019914258" url="https://twitter.com/lettersfrom500/status/11019914258"/>
		<document id="11019922126" url="https://twitter.com/lettersfrom500/status/11019922126"/>
		<document id="11019926014" url="https://twitter.com/lettersfrom500/status/11019926014"/>
		<document id="11019933190" url="https://twitter.com/lettersfrom500/status/11019933190"/>
		<document id="11019942482" url="https://twitter.com/lettersfrom500/status/11019942482"/>
		<document id="11019944434" url="https://twitter.com/lettersfrom500/status/11019944434"/>
		<document id="11034410300" url="https://twitter.com/lettersfrom500/status/11034410300"/>
		<document id="11034418170" url="https://twitter.com/lettersfrom500/status/11034418170"/>
		<document id="11110207406" url="https://twitter.com/lettersfrom500/status/11110207406"/>
		<document id="11110224953" url="https://twitter.com/lettersfrom500/status/11110224953"/>
		<document id="11145624973" url="https://twitter.com/lettersfrom500/status/11145624973"/>
		<document id="11250093149" url="https://twitter.com/lettersfrom500/status/11250093149"/>
		<document id="11250120388" url="https://twitter.com/lettersfrom500/status/11250120388"/>
		<document id="112889131478163456" url="https://twitter.com/lettersfrom500/status/112889131478163456"/>
		<document id="112902041390686208" url="https://twitter.com/lettersfrom500/status/112902041390686208"/>
		<document id="11310731020" url="https://twitter.com/lettersfrom500/status/11310731020"/>
		<document id="11310741322" url="https://twitter.com/lettersfrom500/status/11310741322"/>
		<document id="11310747356" url="https://twitter.com/lettersfrom500/status/11310747356"/>
		<document id="11310755330" url="https://twitter.com/lettersfrom500/status/11310755330"/>
		<document id="11310777935" url="https://twitter.com/lettersfrom500/status/11310777935"/>
		<document id="11310783093" url="https://twitter.com/lettersfrom500/status/11310783093"/>
		<document id="11310824512" url="https://twitter.com/lettersfrom500/status/11310824512"/>
		<document id="11365136070" url="https://twitter.com/lettersfrom500/status/11365136070"/>
		<document id="11365164357" url="https://twitter.com/lettersfrom500/status/11365164357"/>
		<document id="11366531518" url="https://twitter.com/lettersfrom500/status/11366531518"/>
		<document id="11368127559" url="https://twitter.com/lettersfrom500/status/11368127559"/>
		<document id="11368137490" url="https://twitter.com/lettersfrom500/status/11368137490"/>
		<document id="11368169277" url="https://twitter.com/lettersfrom500/status/11368169277"/>
		<document id="11368177663" url="https://twitter.com/lettersfrom500/status/11368177663"/>
		<document id="11368188750" url="https://twitter.com/lettersfrom500/status/11368188750"/>
		<document id="11368199317" url="https://twitter.com/lettersfrom500/status/11368199317"/>
		<document id="11368212550" url="https://twitter.com/lettersfrom500/status/11368212550"/>
		<document id="11368219024" url="https://twitter.com/lettersfrom500/status/11368219024"/>
		<document id="11368227450" url="https://twitter.com/lettersfrom500/status/11368227450"/>
		<document id="11368239771" url="https://twitter.com/lettersfrom500/status/11368239771"/>
		<document id="11368249697" url="https://twitter.com/lettersfrom500/status/11368249697"/>
		<document id="11368258918" url="https://twitter.com/lettersfrom500/status/11368258918"/>
		<document id="11368271200" url="https://twitter.com/lettersfrom500/status/11368271200"/>
		<document id="11368278844" url="https://twitter.com/lettersfrom500/status/11368278844"/>
		<document id="11368287961" url="https://twitter.com/lettersfrom500/status/11368287961"/>
		<document id="11368294305" url="https://twitter.com/lettersfrom500/status/11368294305"/>
		<document id="11368302616" url="https://twitter.com/lettersfrom500/status/11368302616"/>
		<document id="11368305279" url="https://twitter.com/lettersfrom500/status/11368305279"/>
		<document id="11368331517" url="https://twitter.com/lettersfrom500/status/11368331517"/>
		<document id="11588844481" url="https://twitter.com/lettersfrom500/status/11588844481"/>
		<document id="11588856213" url="https://twitter.com/lettersfrom500/status/11588856213"/>
		<document id="11787484764" url="https://twitter.com/lettersfrom500/status/11787484764"/>
		<document id="11787507633" url="https://twitter.com/lettersfrom500/status/11787507633"/>
		<document id="11826470584" url="https://twitter.com/lettersfrom500/status/11826470584"/>
		<document id="11826480276" url="https://twitter.com/lettersfrom500/status/11826480276"/>
		<document id="11826490420" url="https://twitter.com/lettersfrom500/status/11826490420"/>
		<document id="11826498874" url="https://twitter.com/lettersfrom500/status/11826498874"/>
		<document id="11826507213" url="https://twitter.com/lettersfrom500/status/11826507213"/>
		<document id="11826514267" url="https://twitter.com/lettersfrom500/status/11826514267"/>
		<document id="11826531302" url="https://twitter.com/lettersfrom500/status/11826531302"/>
		<document id="11826550411" url="https://twitter.com/lettersfrom500/status/11826550411"/>
		<document id="11826562784" url="https://twitter.com/lettersfrom500/status/11826562784"/>
		<document id="11826584220" url="https://twitter.com/lettersfrom500/status/11826584220"/>
		<document id="11831763749" url="https://twitter.com/lettersfrom500/status/11831763749"/>
		<document id="11831801518" url="https://twitter.com/lettersfrom500/status/11831801518"/>
		<document id="119428959711670272" url="https://twitter.com/lettersfrom500/status/119428959711670272"/>
		<document id="119431110018072576" url="https://twitter.com/lettersfrom500/status/119431110018072576"/>
		<document id="119431159930302464" url="https://twitter.com/lettersfrom500/status/119431159930302464"/>
		<document id="119431291316879360" url="https://twitter.com/lettersfrom500/status/119431291316879360"/>
		<document id="119431336791506944" url="https://twitter.com/lettersfrom500/status/119431336791506944"/>
		<document id="119431393506897920" url="https://twitter.com/lettersfrom500/status/119431393506897920"/>
		<document id="119431468849180673" url="https://twitter.com/lettersfrom500/status/119431468849180673"/>
		<document id="119431513422049280" url="https://twitter.com/lettersfrom500/status/119431513422049280"/>
		<document id="119431559387426817" url="https://twitter.com/lettersfrom500/status/119431559387426817"/>
		<document id="119431615494635520" url="https://twitter.com/lettersfrom500/status/119431615494635520"/>
		<document id="119431659580964865" url="https://twitter.com/lettersfrom500/status/119431659580964865"/>
		<document id="119431720515809280" url="https://twitter.com/lettersfrom500/status/119431720515809280"/>
		<document id="119431739230781440" url="https://twitter.com/lettersfrom500/status/119431739230781440"/>
		<document id="119457650063847424" url="https://twitter.com/lettersfrom500/status/119457650063847424"/>
		<document id="119559961083777024" url="https://twitter.com/lettersfrom500/status/119559961083777024"/>
		<document id="119560313912836098" url="https://twitter.com/lettersfrom500/status/119560313912836098"/>
		<document id="119560623758651392" url="https://twitter.com/lettersfrom500/status/119560623758651392"/>
		<document id="119575680831848448" url="https://twitter.com/lettersfrom500/status/119575680831848448"/>
		<document id="120126803296780290" url="https://twitter.com/lettersfrom500/status/120126803296780290"/>
		<document id="120193769835470848" url="https://twitter.com/lettersfrom500/status/120193769835470848"/>
		<document id="12083500650" url="https://twitter.com/lettersfrom500/status/12083500650"/>
		<document id="12083506157" url="https://twitter.com/lettersfrom500/status/12083506157"/>
		<document id="121788424352043008" url="https://twitter.com/lettersfrom500/status/121788424352043008"/>
		<document id="121849287029166080" url="https://twitter.com/lettersfrom500/status/121849287029166080"/>
		<document id="12248861743" url="https://twitter.com/lettersfrom500/status/12248861743"/>
		<document id="12248869488" url="https://twitter.com/lettersfrom500/status/12248869488"/>
		<document id="12588553469" url="https://twitter.com/lettersfrom500/status/12588553469"/>
		<document id="12588565753" url="https://twitter.com/lettersfrom500/status/12588565753"/>
		<document id="126671140801359872" url="https://twitter.com/lettersfrom500/status/126671140801359872"/>
		<document id="126672056006877184" url="https://twitter.com/lettersfrom500/status/126672056006877184"/>
		<document id="126674706089779200" url="https://twitter.com/lettersfrom500/status/126674706089779200"/>
		<document id="126674758355009536" url="https://twitter.com/lettersfrom500/status/126674758355009536"/>
		<document id="126674939976757249" url="https://twitter.com/lettersfrom500/status/126674939976757249"/>
		<document id="126674995811336193" url="https://twitter.com/lettersfrom500/status/126674995811336193"/>
		<document id="126675131450920960" url="https://twitter.com/lettersfrom500/status/126675131450920960"/>
		<document id="126675203710394368" url="https://twitter.com/lettersfrom500/status/126675203710394368"/>
		<document id="126675273457467392" url="https://twitter.com/lettersfrom500/status/126675273457467392"/>
		<document id="126675321683574785" url="https://twitter.com/lettersfrom500/status/126675321683574785"/>
		<document id="126675406794407936" url="https://twitter.com/lettersfrom500/status/126675406794407936"/>
		<document id="126675448779390977" url="https://twitter.com/lettersfrom500/status/126675448779390977"/>
		<document id="126675501350793216" url="https://twitter.com/lettersfrom500/status/126675501350793216"/>
		<document id="126675544199806976" url="https://twitter.com/lettersfrom500/status/126675544199806976"/>
		<document id="126675589917716480" url="https://twitter.com/lettersfrom500/status/126675589917716480"/>
		<document id="126675670314123264" url="https://twitter.com/lettersfrom500/status/126675670314123264"/>
		<document id="126675716317257728" url="https://twitter.com/lettersfrom500/status/126675716317257728"/>
		<document id="126675772911009792" url="https://twitter.com/lettersfrom500/status/126675772911009792"/>
		<document id="126675807778246656" url="https://twitter.com/lettersfrom500/status/126675807778246656"/>
		<document id="126675865714176000" url="https://twitter.com/lettersfrom500/status/126675865714176000"/>
		<document id="126675897775435776" url="https://twitter.com/lettersfrom500/status/126675897775435776"/>
		<document id="126675939034804224" url="https://twitter.com/lettersfrom500/status/126675939034804224"/>
		<document id="126676009603956736" url="https://twitter.com/lettersfrom500/status/126676009603956736"/>
		<document id="126676084153532418" url="https://twitter.com/lettersfrom500/status/126676084153532418"/>
		<document id="126676139270881280" url="https://twitter.com/lettersfrom500/status/126676139270881280"/>
		<document id="126676191980691456" url="https://twitter.com/lettersfrom500/status/126676191980691456"/>
		<document id="126676209504497664" url="https://twitter.com/lettersfrom500/status/126676209504497664"/>
		<document id="127418504734449664" url="https://twitter.com/lettersfrom500/status/127418504734449664"/>
		<document id="127420151866990593" url="https://twitter.com/lettersfrom500/status/127420151866990593"/>
		<document id="128243071103148033" url="https://twitter.com/lettersfrom500/status/128243071103148033"/>
		<document id="128243954255802370" url="https://twitter.com/lettersfrom500/status/128243954255802370"/>
		<document id="128249827229315073" url="https://twitter.com/lettersfrom500/status/128249827229315073"/>
		<document id="12826484592" url="https://twitter.com/lettersfrom500/status/12826484592"/>
		<document id="12829147141" url="https://twitter.com/lettersfrom500/status/12829147141"/>
		<document id="1298780943032320" url="https://twitter.com/lettersfrom500/status/1298780943032320"/>
		<document id="1298841601052672" url="https://twitter.com/lettersfrom500/status/1298841601052672"/>
		<document id="12993014049804288" url="https://twitter.com/lettersfrom500/status/12993014049804288"/>
		<document id="12993101534593024" url="https://twitter.com/lettersfrom500/status/12993101534593024"/>
		<document id="129939291613827072" url="https://twitter.com/lettersfrom500/status/129939291613827072"/>
		<document id="129958969031663616" url="https://twitter.com/lettersfrom500/status/129958969031663616"/>
		<document id="13016472784" url="https://twitter.com/lettersfrom500/status/13016472784"/>
		<document id="13016612366" url="https://twitter.com/lettersfrom500/status/13016612366"/>
		<document id="13082799735" url="https://twitter.com/lettersfrom500/status/13082799735"/>
		<document id="131147430161940480" url="https://twitter.com/lettersfrom500/status/131147430161940480"/>
		<document id="131148562015846401" url="https://twitter.com/lettersfrom500/status/131148562015846401"/>
		<document id="131343342247215104" url="https://twitter.com/lettersfrom500/status/131343342247215104"/>
		<document id="131347530985385984" url="https://twitter.com/lettersfrom500/status/131347530985385984"/>
		<document id="131347890416254976" url="https://twitter.com/lettersfrom500/status/131347890416254976"/>
		<document id="13150009756" url="https://twitter.com/lettersfrom500/status/13150009756"/>
		<document id="13150021253" url="https://twitter.com/lettersfrom500/status/13150021253"/>
		<document id="13197098872" url="https://twitter.com/lettersfrom500/status/13197098872"/>
		<document id="13197115978" url="https://twitter.com/lettersfrom500/status/13197115978"/>
		<document id="13197123902" url="https://twitter.com/lettersfrom500/status/13197123902"/>
		<document id="13197132517" url="https://twitter.com/lettersfrom500/status/13197132517"/>
		<document id="13197154942" url="https://twitter.com/lettersfrom500/status/13197154942"/>
		<document id="13197164152" url="https://twitter.com/lettersfrom500/status/13197164152"/>
		<document id="13197177324" url="https://twitter.com/lettersfrom500/status/13197177324"/>
		<document id="13197220404" url="https://twitter.com/lettersfrom500/status/13197220404"/>
		<document id="13197233338" url="https://twitter.com/lettersfrom500/status/13197233338"/>
		<document id="13197247537" url="https://twitter.com/lettersfrom500/status/13197247537"/>
		<document id="13197257222" url="https://twitter.com/lettersfrom500/status/13197257222"/>
		<document id="13197292094" url="https://twitter.com/lettersfrom500/status/13197292094"/>
		<document id="13197318818" url="https://twitter.com/lettersfrom500/status/13197318818"/>
		<document id="13197328382" url="https://twitter.com/lettersfrom500/status/13197328382"/>
		<document id="13197335937" url="https://twitter.com/lettersfrom500/status/13197335937"/>
		<document id="13197344916" url="https://twitter.com/lettersfrom500/status/13197344916"/>
		<document id="13197355148" url="https://twitter.com/lettersfrom500/status/13197355148"/>
		<document id="13197362895" url="https://twitter.com/lettersfrom500/status/13197362895"/>
		<document id="13197377007" url="https://twitter.com/lettersfrom500/status/13197377007"/>
		<document id="13197381384" url="https://twitter.com/lettersfrom500/status/13197381384"/>
		<document id="13225640647983104" url="https://twitter.com/lettersfrom500/status/13225640647983104"/>
		<document id="13225720914382849" url="https://twitter.com/lettersfrom500/status/13225720914382849"/>
		<document id="13371657780" url="https://twitter.com/lettersfrom500/status/13371657780"/>
		<document id="13371679057" url="https://twitter.com/lettersfrom500/status/13371679057"/>
		<document id="134704129988763648" url="https://twitter.com/lettersfrom500/status/134704129988763648"/>
		<document id="134704833457438721" url="https://twitter.com/lettersfrom500/status/134704833457438721"/>
		<document id="135812895987597313" url="https://twitter.com/lettersfrom500/status/135812895987597313"/>
		<document id="135815109586063362" url="https://twitter.com/lettersfrom500/status/135815109586063362"/>
		<document id="13620942620" url="https://twitter.com/lettersfrom500/status/13620942620"/>
		<document id="13620948445" url="https://twitter.com/lettersfrom500/status/13620948445"/>
		<document id="137736336835747840" url="https://twitter.com/lettersfrom500/status/137736336835747840"/>
		<document id="137750190147903488" url="https://twitter.com/lettersfrom500/status/137750190147903488"/>
		<document id="13846598601" url="https://twitter.com/lettersfrom500/status/13846598601"/>
		<document id="13846616605" url="https://twitter.com/lettersfrom500/status/13846616605"/>
		<document id="14159276031" url="https://twitter.com/lettersfrom500/status/14159276031"/>
		<document id="14159295675" url="https://twitter.com/lettersfrom500/status/14159295675"/>
		<document id="141955174284537856" url="https://twitter.com/lettersfrom500/status/141955174284537856"/>
		<document id="141960085063733248" url="https://twitter.com/lettersfrom500/status/141960085063733248"/>
		<document id="142692803909136385" url="https://twitter.com/lettersfrom500/status/142692803909136385"/>
		<document id="142693401551310848" url="https://twitter.com/lettersfrom500/status/142693401551310848"/>
		<document id="144520121753411584" url="https://twitter.com/lettersfrom500/status/144520121753411584"/>
		<document id="144523362805362688" url="https://twitter.com/lettersfrom500/status/144523362805362688"/>
		<document id="144846097901289473" url="https://twitter.com/lettersfrom500/status/144846097901289473"/>
		<document id="144850078564229120" url="https://twitter.com/lettersfrom500/status/144850078564229120"/>
		<document id="14700628780" url="https://twitter.com/lettersfrom500/status/14700628780"/>
		<document id="14719547350" url="https://twitter.com/lettersfrom500/status/14719547350"/>
		<document id="147357372711567360" url="https://twitter.com/lettersfrom500/status/147357372711567360"/>
		<document id="147360071737819136" url="https://twitter.com/lettersfrom500/status/147360071737819136"/>
		<document id="147673712668319745" url="https://twitter.com/lettersfrom500/status/147673712668319745"/>
		<document id="147673986241794050" url="https://twitter.com/lettersfrom500/status/147673986241794050"/>
		<document id="150613054978134019" url="https://twitter.com/lettersfrom500/status/150613054978134019"/>
		<document id="150621357636452353" url="https://twitter.com/lettersfrom500/status/150621357636452353"/>
		<document id="153225148139450368" url="https://twitter.com/lettersfrom500/status/153225148139450368"/>
		<document id="153228798505136128" url="https://twitter.com/lettersfrom500/status/153228798505136128"/>
		<document id="15328423025" url="https://twitter.com/lettersfrom500/status/15328423025"/>
		<document id="15328640740" url="https://twitter.com/lettersfrom500/status/15328640740"/>
		<document id="15328652642" url="https://twitter.com/lettersfrom500/status/15328652642"/>
		<document id="15328669389" url="https://twitter.com/lettersfrom500/status/15328669389"/>
		<document id="15328682380" url="https://twitter.com/lettersfrom500/status/15328682380"/>
		<document id="15328692856" url="https://twitter.com/lettersfrom500/status/15328692856"/>
		<document id="15328704575" url="https://twitter.com/lettersfrom500/status/15328704575"/>
		<document id="15328717436" url="https://twitter.com/lettersfrom500/status/15328717436"/>
		<document id="15328727998" url="https://twitter.com/lettersfrom500/status/15328727998"/>
		<document id="15328732254" url="https://twitter.com/lettersfrom500/status/15328732254"/>
		<document id="15330004820" url="https://twitter.com/lettersfrom500/status/15330004820"/>
		<document id="154998581395341312" url="https://twitter.com/lettersfrom500/status/154998581395341312"/>
		<document id="156426775679873024" url="https://twitter.com/lettersfrom500/status/156426775679873024"/>
		<document id="156426865081450496" url="https://twitter.com/lettersfrom500/status/156426865081450496"/>
		<document id="159124508484182016" url="https://twitter.com/lettersfrom500/status/159124508484182016"/>
		<document id="16401780139" url="https://twitter.com/lettersfrom500/status/16401780139"/>
		<document id="16406908581" url="https://twitter.com/lettersfrom500/status/16406908581"/>
		<document id="164119180944211968" url="https://twitter.com/lettersfrom500/status/164119180944211968"/>
		<document id="164395757217120256" url="https://twitter.com/lettersfrom500/status/164395757217120256"/>
		<document id="16782115136" url="https://twitter.com/lettersfrom500/status/16782115136"/>
		<document id="16783011365" url="https://twitter.com/lettersfrom500/status/16783011365"/>
		<document id="17116860612" url="https://twitter.com/lettersfrom500/status/17116860612"/>
		<document id="17116869067" url="https://twitter.com/lettersfrom500/status/17116869067"/>
		<document id="17178310540" url="https://twitter.com/lettersfrom500/status/17178310540"/>
		<document id="17178335171" url="https://twitter.com/lettersfrom500/status/17178335171"/>
		<document id="17178346937" url="https://twitter.com/lettersfrom500/status/17178346937"/>
		<document id="17178359478" url="https://twitter.com/lettersfrom500/status/17178359478"/>
		<document id="17178404015" url="https://twitter.com/lettersfrom500/status/17178404015"/>
		<document id="17178414249" url="https://twitter.com/lettersfrom500/status/17178414249"/>
		<document id="17178423918" url="https://twitter.com/lettersfrom500/status/17178423918"/>
		<document id="17178440127" url="https://twitter.com/lettersfrom500/status/17178440127"/>
		<document id="17178454699" url="https://twitter.com/lettersfrom500/status/17178454699"/>
		<document id="17178463656" url="https://twitter.com/lettersfrom500/status/17178463656"/>
		<document id="17178480039" url="https://twitter.com/lettersfrom500/status/17178480039"/>
		<document id="17178490136" url="https://twitter.com/lettersfrom500/status/17178490136"/>
		<document id="17178500847" url="https://twitter.com/lettersfrom500/status/17178500847"/>
		<document id="17178518437" url="https://twitter.com/lettersfrom500/status/17178518437"/>
		<document id="17178529138" url="https://twitter.com/lettersfrom500/status/17178529138"/>
		<document id="17178539982" url="https://twitter.com/lettersfrom500/status/17178539982"/>
		<document id="17178545777" url="https://twitter.com/lettersfrom500/status/17178545777"/>
		<document id="175308793587048448" url="https://twitter.com/lettersfrom500/status/175308793587048448"/>
		<document id="175308892811694081" url="https://twitter.com/lettersfrom500/status/175308892811694081"/>
		<document id="17624416586309633" url="https://twitter.com/lettersfrom500/status/17624416586309633"/>
		<document id="17625601074536448" url="https://twitter.com/lettersfrom500/status/17625601074536448"/>
		<document id="17666866236" url="https://twitter.com/lettersfrom500/status/17666866236"/>
		<document id="17666881953" url="https://twitter.com/lettersfrom500/status/17666881953"/>
		<document id="177777464800583680" url="https://twitter.com/lettersfrom500/status/177777464800583680"/>
		<document id="177777733357682688" url="https://twitter.com/lettersfrom500/status/177777733357682688"/>
		<document id="178147420461465600" url="https://twitter.com/lettersfrom500/status/178147420461465600"/>
		<document id="178147562254123008" url="https://twitter.com/lettersfrom500/status/178147562254123008"/>
		<document id="179578902627356672" url="https://twitter.com/lettersfrom500/status/179578902627356672"/>
		<document id="179972468256153600" url="https://twitter.com/lettersfrom500/status/179972468256153600"/>
		<document id="179972714877026305" url="https://twitter.com/lettersfrom500/status/179972714877026305"/>
		<document id="180332055685636096" url="https://twitter.com/lettersfrom500/status/180332055685636096"/>
		<document id="180332250670432257" url="https://twitter.com/lettersfrom500/status/180332250670432257"/>
		<document id="181775758769913857" url="https://twitter.com/lettersfrom500/status/181775758769913857"/>
		<document id="181808647247101952" url="https://twitter.com/lettersfrom500/status/181808647247101952"/>
		<document id="182866620568444928" url="https://twitter.com/lettersfrom500/status/182866620568444928"/>
		<document id="182866776848203776" url="https://twitter.com/lettersfrom500/status/182866776848203776"/>
		<document id="18619628344" url="https://twitter.com/lettersfrom500/status/18619628344"/>
		<document id="18620273533" url="https://twitter.com/lettersfrom500/status/18620273533"/>
		<document id="191568599981367296" url="https://twitter.com/lettersfrom500/status/191568599981367296"/>
		<document id="191568706290204673" url="https://twitter.com/lettersfrom500/status/191568706290204673"/>
		<document id="194260713026486273" url="https://twitter.com/lettersfrom500/status/194260713026486273"/>
		<document id="194260812557320193" url="https://twitter.com/lettersfrom500/status/194260812557320193"/>
		<document id="19736488098" url="https://twitter.com/lettersfrom500/status/19736488098"/>
		<document id="19764758580" url="https://twitter.com/lettersfrom500/status/19764758580"/>
		<document id="197735255585734656" url="https://twitter.com/lettersfrom500/status/197735255585734656"/>
		<document id="197735329292222464" url="https://twitter.com/lettersfrom500/status/197735329292222464"/>
		<document id="19789757717" url="https://twitter.com/lettersfrom500/status/19789757717"/>
		<document id="19789768023" url="https://twitter.com/lettersfrom500/status/19789768023"/>
		<document id="19789788994" url="https://twitter.com/lettersfrom500/status/19789788994"/>
		<document id="19789801183" url="https://twitter.com/lettersfrom500/status/19789801183"/>
		<document id="19789811539" url="https://twitter.com/lettersfrom500/status/19789811539"/>
		<document id="19789829793" url="https://twitter.com/lettersfrom500/status/19789829793"/>
		<document id="19789875517" url="https://twitter.com/lettersfrom500/status/19789875517"/>
		<document id="19789885673" url="https://twitter.com/lettersfrom500/status/19789885673"/>
		<document id="19789896961" url="https://twitter.com/lettersfrom500/status/19789896961"/>
		<document id="19789907246" url="https://twitter.com/lettersfrom500/status/19789907246"/>
		<document id="19789921836" url="https://twitter.com/lettersfrom500/status/19789921836"/>
		<document id="19789929130" url="https://twitter.com/lettersfrom500/status/19789929130"/>
		<document id="19834924824" url="https://twitter.com/lettersfrom500/status/19834924824"/>
		<document id="19834970639" url="https://twitter.com/lettersfrom500/status/19834970639"/>
		<document id="199932922541772800" url="https://twitter.com/lettersfrom500/status/199932922541772800"/>
		<document id="199933029689466880" url="https://twitter.com/lettersfrom500/status/199933029689466880"/>
		<document id="200618375720878081" url="https://twitter.com/lettersfrom500/status/200618375720878081"/>
		<document id="200621257186738176" url="https://twitter.com/lettersfrom500/status/200621257186738176"/>
		<document id="20230043229" url="https://twitter.com/lettersfrom500/status/20230043229"/>
		<document id="20230056650" url="https://twitter.com/lettersfrom500/status/20230056650"/>
		<document id="20230071694" url="https://twitter.com/lettersfrom500/status/20230071694"/>
		<document id="20230083506" url="https://twitter.com/lettersfrom500/status/20230083506"/>
		<document id="20230091977" url="https://twitter.com/lettersfrom500/status/20230091977"/>
		<document id="20230108164" url="https://twitter.com/lettersfrom500/status/20230108164"/>
		<document id="20230118452" url="https://twitter.com/lettersfrom500/status/20230118452"/>
		<document id="204383674320437249" url="https://twitter.com/lettersfrom500/status/204383674320437249"/>
		<document id="204383976780083200" url="https://twitter.com/lettersfrom500/status/204383976780083200"/>
		<document id="20462896848" url="https://twitter.com/lettersfrom500/status/20462896848"/>
		<document id="20463039626" url="https://twitter.com/lettersfrom500/status/20463039626"/>
		<document id="208352905751838720" url="https://twitter.com/lettersfrom500/status/208352905751838720"/>
		<document id="208353044696535040" url="https://twitter.com/lettersfrom500/status/208353044696535040"/>
		<document id="210438691619999744" url="https://twitter.com/lettersfrom500/status/210438691619999744"/>
		<document id="210537779405389824" url="https://twitter.com/lettersfrom500/status/210537779405389824"/>
		<document id="210544680780300289" url="https://twitter.com/lettersfrom500/status/210544680780300289"/>
		<document id="211839313783177218" url="https://twitter.com/lettersfrom500/status/211839313783177218"/>
		<document id="211848380874366976" url="https://twitter.com/lettersfrom500/status/211848380874366976"/>
		<document id="216957686896525312" url="https://twitter.com/lettersfrom500/status/216957686896525312"/>
		<document id="216969181726384128" url="https://twitter.com/lettersfrom500/status/216969181726384128"/>
		<document id="21845843187" url="https://twitter.com/lettersfrom500/status/21845843187"/>
		<document id="218464457683255296" url="https://twitter.com/lettersfrom500/status/218464457683255296"/>
		<document id="218464624218087424" url="https://twitter.com/lettersfrom500/status/218464624218087424"/>
		<document id="21847274233" url="https://twitter.com/lettersfrom500/status/21847274233"/>
		<document id="220569184545939456" url="https://twitter.com/lettersfrom500/status/220569184545939456"/>
		<document id="223070109529423873" url="https://twitter.com/lettersfrom500/status/223070109529423873"/>
		<document id="223073562842497024" url="https://twitter.com/lettersfrom500/status/223073562842497024"/>
		<document id="223811718382493696" url="https://twitter.com/lettersfrom500/status/223811718382493696"/>
		<document id="223811794018385921" url="https://twitter.com/lettersfrom500/status/223811794018385921"/>
		<document id="223887520327405570" url="https://twitter.com/lettersfrom500/status/223887520327405570"/>
		<document id="228588351882674177" url="https://twitter.com/lettersfrom500/status/228588351882674177"/>
		<document id="228588515036897280" url="https://twitter.com/lettersfrom500/status/228588515036897280"/>
		<document id="23162662368059392" url="https://twitter.com/lettersfrom500/status/23162662368059392"/>
		<document id="238743195238928384" url="https://twitter.com/lettersfrom500/status/238743195238928384"/>
		<document id="238745856197672960" url="https://twitter.com/lettersfrom500/status/238745856197672960"/>
		<document id="246258238532751360" url="https://twitter.com/lettersfrom500/status/246258238532751360"/>
		<document id="246259487785226240" url="https://twitter.com/lettersfrom500/status/246259487785226240"/>
		<document id="248499072053424128" url="https://twitter.com/lettersfrom500/status/248499072053424128"/>
		<document id="24861466878" url="https://twitter.com/lettersfrom500/status/24861466878"/>
		<document id="24862642614" url="https://twitter.com/lettersfrom500/status/24862642614"/>
		<document id="24864121222" url="https://twitter.com/lettersfrom500/status/24864121222"/>
		<document id="24864138676" url="https://twitter.com/lettersfrom500/status/24864138676"/>
		<document id="24864188029" url="https://twitter.com/lettersfrom500/status/24864188029"/>
		<document id="24864214769" url="https://twitter.com/lettersfrom500/status/24864214769"/>
		<document id="24864260427" url="https://twitter.com/lettersfrom500/status/24864260427"/>
		<document id="24864300590" url="https://twitter.com/lettersfrom500/status/24864300590"/>
		<document id="24864321211" url="https://twitter.com/lettersfrom500/status/24864321211"/>
		<document id="24864341565" url="https://twitter.com/lettersfrom500/status/24864341565"/>
		<document id="24864353553" url="https://twitter.com/lettersfrom500/status/24864353553"/>
		<document id="24864365350" url="https://twitter.com/lettersfrom500/status/24864365350"/>
		<document id="24864381430" url="https://twitter.com/lettersfrom500/status/24864381430"/>
		<document id="24864400397" url="https://twitter.com/lettersfrom500/status/24864400397"/>
		<document id="24864411101" url="https://twitter.com/lettersfrom500/status/24864411101"/>
		<document id="24864426283" url="https://twitter.com/lettersfrom500/status/24864426283"/>
		<document id="24864440497" url="https://twitter.com/lettersfrom500/status/24864440497"/>
		<document id="24864454047" url="https://twitter.com/lettersfrom500/status/24864454047"/>
		<document id="24864492814" url="https://twitter.com/lettersfrom500/status/24864492814"/>
		<document id="24864507087" url="https://twitter.com/lettersfrom500/status/24864507087"/>
		<document id="249872621380984833" url="https://twitter.com/lettersfrom500/status/249872621380984833"/>
		<document id="249872717896097792" url="https://twitter.com/lettersfrom500/status/249872717896097792"/>
		<document id="252229530511634432" url="https://twitter.com/lettersfrom500/status/252229530511634432"/>
		<document id="25878991429" url="https://twitter.com/lettersfrom500/status/25878991429"/>
		<document id="25880045388" url="https://twitter.com/lettersfrom500/status/25880045388"/>
		<document id="25910011850" url="https://twitter.com/lettersfrom500/status/25910011850"/>
		<document id="25910024048" url="https://twitter.com/lettersfrom500/status/25910024048"/>
		<document id="25910036732" url="https://twitter.com/lettersfrom500/status/25910036732"/>
		<document id="25910045945" url="https://twitter.com/lettersfrom500/status/25910045945"/>
		<document id="25910054331" url="https://twitter.com/lettersfrom500/status/25910054331"/>
		<document id="25910078817" url="https://twitter.com/lettersfrom500/status/25910078817"/>
		<document id="259651623968714753" url="https://twitter.com/lettersfrom500/status/259651623968714753"/>
		<document id="259651952177192961" url="https://twitter.com/lettersfrom500/status/259651952177192961"/>
		<document id="260722459190366208" url="https://twitter.com/lettersfrom500/status/260722459190366208"/>
		<document id="260722644113047552" url="https://twitter.com/lettersfrom500/status/260722644113047552"/>
		<document id="26087155697" url="https://twitter.com/lettersfrom500/status/26087155697"/>
		<document id="26087216254" url="https://twitter.com/lettersfrom500/status/26087216254"/>
		<document id="262691075142078465" url="https://twitter.com/lettersfrom500/status/262691075142078465"/>
		<document id="262691180129710080" url="https://twitter.com/lettersfrom500/status/262691180129710080"/>
		<document id="265092859567411200" url="https://twitter.com/lettersfrom500/status/265092859567411200"/>
		<document id="265092968325709825" url="https://twitter.com/lettersfrom500/status/265092968325709825"/>
		<document id="265103921159237634" url="https://twitter.com/lettersfrom500/status/265103921159237634"/>
		<document id="265104044538875904" url="https://twitter.com/lettersfrom500/status/265104044538875904"/>
		<document id="265110996039921667" url="https://twitter.com/lettersfrom500/status/265110996039921667"/>
		<document id="265111486475669504" url="https://twitter.com/lettersfrom500/status/265111486475669504"/>
		<document id="265447079843868672" url="https://twitter.com/lettersfrom500/status/265447079843868672"/>
		<document id="265447165776764928" url="https://twitter.com/lettersfrom500/status/265447165776764928"/>
		<document id="265550651206025216" url="https://twitter.com/lettersfrom500/status/265550651206025216"/>
		<document id="265550816306405379" url="https://twitter.com/lettersfrom500/status/265550816306405379"/>
		<document id="266212335474065410" url="https://twitter.com/lettersfrom500/status/266212335474065410"/>
		<document id="266212604006002688" url="https://twitter.com/lettersfrom500/status/266212604006002688"/>
		<document id="26654139946" url="https://twitter.com/lettersfrom500/status/26654139946"/>
		<document id="26654238800" url="https://twitter.com/lettersfrom500/status/26654238800"/>
		<document id="267274512863723520" url="https://twitter.com/lettersfrom500/status/267274512863723520"/>
		<document id="267274634515324928" url="https://twitter.com/lettersfrom500/status/267274634515324928"/>
		<document id="268343567716589568" url="https://twitter.com/lettersfrom500/status/268343567716589568"/>
		<document id="268343681491275776" url="https://twitter.com/lettersfrom500/status/268343681491275776"/>
		<document id="269787858477412352" url="https://twitter.com/lettersfrom500/status/269787858477412352"/>
		<document id="270579325135376384" url="https://twitter.com/lettersfrom500/status/270579325135376384"/>
		<document id="270589686588772352" url="https://twitter.com/lettersfrom500/status/270589686588772352"/>
		<document id="272011297749610497" url="https://twitter.com/lettersfrom500/status/272011297749610497"/>
		<document id="27350370533" url="https://twitter.com/lettersfrom500/status/27350370533"/>
		<document id="27350395187" url="https://twitter.com/lettersfrom500/status/27350395187"/>
		<document id="273967096977825792" url="https://twitter.com/lettersfrom500/status/273967096977825792"/>
		<document id="273967345158991873" url="https://twitter.com/lettersfrom500/status/273967345158991873"/>
		<document id="27462173517152256" url="https://twitter.com/lettersfrom500/status/27462173517152256"/>
		<document id="27462257835245568" url="https://twitter.com/lettersfrom500/status/27462257835245568"/>
		<document id="275795381055541248" url="https://twitter.com/lettersfrom500/status/275795381055541248"/>
		<document id="275795381370118144" url="https://twitter.com/lettersfrom500/status/275795381370118144"/>
		<document id="279707196537847808" url="https://twitter.com/lettersfrom500/status/279707196537847808"/>
		<document id="279707301651308544" url="https://twitter.com/lettersfrom500/status/279707301651308544"/>
		<document id="281470434141167616" url="https://twitter.com/lettersfrom500/status/281470434141167616"/>
		<document id="281470541037187073" url="https://twitter.com/lettersfrom500/status/281470541037187073"/>
		<document id="282160476304068608" url="https://twitter.com/lettersfrom500/status/282160476304068608"/>
		<document id="282160573813235712" url="https://twitter.com/lettersfrom500/status/282160573813235712"/>
		<document id="282167061986299905" url="https://twitter.com/lettersfrom500/status/282167061986299905"/>
		<document id="285454538192871425" url="https://twitter.com/lettersfrom500/status/285454538192871425"/>
		<document id="285454641154646016" url="https://twitter.com/lettersfrom500/status/285454641154646016"/>
		<document id="286177414151827458" url="https://twitter.com/lettersfrom500/status/286177414151827458"/>
		<document id="286177557181779968" url="https://twitter.com/lettersfrom500/status/286177557181779968"/>
		<document id="286180621338947584" url="https://twitter.com/lettersfrom500/status/286180621338947584"/>
		<document id="286180661742686208" url="https://twitter.com/lettersfrom500/status/286180661742686208"/>
		<document id="286180907277238272" url="https://twitter.com/lettersfrom500/status/286180907277238272"/>
		<document id="286180954085679104" url="https://twitter.com/lettersfrom500/status/286180954085679104"/>
		<document id="286181098990473216" url="https://twitter.com/lettersfrom500/status/286181098990473216"/>
		<document id="288083440866312192" url="https://twitter.com/lettersfrom500/status/288083440866312192"/>
		<document id="288727163530776576" url="https://twitter.com/lettersfrom500/status/288727163530776576"/>
		<document id="288727468498632704" url="https://twitter.com/lettersfrom500/status/288727468498632704"/>
		<document id="288729917884076032" url="https://twitter.com/lettersfrom500/status/288729917884076032"/>
		<document id="288730116308205568" url="https://twitter.com/lettersfrom500/status/288730116308205568"/>
		<document id="293081300246609920" url="https://twitter.com/lettersfrom500/status/293081300246609920"/>
		<document id="293081379040817152" url="https://twitter.com/lettersfrom500/status/293081379040817152"/>
		<document id="293474884812668928" url="https://twitter.com/lettersfrom500/status/293474884812668928"/>
		<document id="293712353026007041" url="https://twitter.com/lettersfrom500/status/293712353026007041"/>
		<document id="293712463537520641" url="https://twitter.com/lettersfrom500/status/293712463537520641"/>
		<document id="294668851143135232" url="https://twitter.com/lettersfrom500/status/294668851143135232"/>
		<document id="29491680745" url="https://twitter.com/lettersfrom500/status/29491680745"/>
		<document id="29491705694" url="https://twitter.com/lettersfrom500/status/29491705694"/>
		<document id="295278231844687873" url="https://twitter.com/lettersfrom500/status/295278231844687873"/>
		<document id="295279047095762944" url="https://twitter.com/lettersfrom500/status/295279047095762944"/>
		<document id="29588181924" url="https://twitter.com/lettersfrom500/status/29588181924"/>
		<document id="29588211418" url="https://twitter.com/lettersfrom500/status/29588211418"/>
		<document id="29671316971" url="https://twitter.com/lettersfrom500/status/29671316971"/>
		<document id="29671382399" url="https://twitter.com/lettersfrom500/status/29671382399"/>
		<document id="29676443875" url="https://twitter.com/lettersfrom500/status/29676443875"/>
		<document id="29676495208" url="https://twitter.com/lettersfrom500/status/29676495208"/>
		<document id="29676518317" url="https://twitter.com/lettersfrom500/status/29676518317"/>
		<document id="29676550022" url="https://twitter.com/lettersfrom500/status/29676550022"/>
		<document id="29676576459" url="https://twitter.com/lettersfrom500/status/29676576459"/>
		<document id="29676595053" url="https://twitter.com/lettersfrom500/status/29676595053"/>
		<document id="29676622770" url="https://twitter.com/lettersfrom500/status/29676622770"/>
		<document id="29676647411" url="https://twitter.com/lettersfrom500/status/29676647411"/>
		<document id="29676691900" url="https://twitter.com/lettersfrom500/status/29676691900"/>
		<document id="29676718123" url="https://twitter.com/lettersfrom500/status/29676718123"/>
		<document id="29676953096" url="https://twitter.com/lettersfrom500/status/29676953096"/>
		<document id="303925881078968321" url="https://twitter.com/lettersfrom500/status/303925881078968321"/>
		<document id="303925988310536193" url="https://twitter.com/lettersfrom500/status/303925988310536193"/>
		<document id="313337705364869120" url="https://twitter.com/lettersfrom500/status/313337705364869120"/>
		<document id="313337822465646593" url="https://twitter.com/lettersfrom500/status/313337822465646593"/>
		<document id="316988602355695616" url="https://twitter.com/lettersfrom500/status/316988602355695616"/>
		<document id="316988705309093890" url="https://twitter.com/lettersfrom500/status/316988705309093890"/>
		<document id="318154708776787968" url="https://twitter.com/lettersfrom500/status/318154708776787968"/>
		<document id="320505121161216001" url="https://twitter.com/lettersfrom500/status/320505121161216001"/>
		<document id="331093383135240193" url="https://twitter.com/lettersfrom500/status/331093383135240193"/>
		<document id="331093482812870657" url="https://twitter.com/lettersfrom500/status/331093482812870657"/>
		<document id="331465187309797377" url="https://twitter.com/lettersfrom500/status/331465187309797377"/>
		<document id="333954003920617472" url="https://twitter.com/lettersfrom500/status/333954003920617472"/>
		<document id="333984104255197184" url="https://twitter.com/lettersfrom500/status/333984104255197184"/>
		<document id="333984404672225280" url="https://twitter.com/lettersfrom500/status/333984404672225280"/>
		<document id="333988948235923457" url="https://twitter.com/lettersfrom500/status/333988948235923457"/>
		<document id="333988985749770241" url="https://twitter.com/lettersfrom500/status/333988985749770241"/>
		<document id="334363400152948736" url="https://twitter.com/lettersfrom500/status/334363400152948736"/>
		<document id="335455585166323712" url="https://twitter.com/lettersfrom500/status/335455585166323712"/>
		<document id="335455713591713792" url="https://twitter.com/lettersfrom500/status/335455713591713792"/>
		<document id="336133943483047937" url="https://twitter.com/lettersfrom500/status/336133943483047937"/>
		<document id="336499543300534272" url="https://twitter.com/lettersfrom500/status/336499543300534272"/>
		<document id="338764465975726080" url="https://twitter.com/lettersfrom500/status/338764465975726080"/>
		<document id="338764557650640897" url="https://twitter.com/lettersfrom500/status/338764557650640897"/>
		<document id="338764829433159680" url="https://twitter.com/lettersfrom500/status/338764829433159680"/>
		<document id="338764858982014978" url="https://twitter.com/lettersfrom500/status/338764858982014978"/>
		<document id="341646083027529728" url="https://twitter.com/lettersfrom500/status/341646083027529728"/>
		<document id="341646244835377152" url="https://twitter.com/lettersfrom500/status/341646244835377152"/>
		<document id="341702246993637376" url="https://twitter.com/lettersfrom500/status/341702246993637376"/>
		<document id="341702499595587584" url="https://twitter.com/lettersfrom500/status/341702499595587584"/>
		<document id="342690967863824386" url="https://twitter.com/lettersfrom500/status/342690967863824386"/>
		<document id="342691363814526976" url="https://twitter.com/lettersfrom500/status/342691363814526976"/>
		<document id="342696820952150016" url="https://twitter.com/lettersfrom500/status/342696820952150016"/>
		<document id="342696936136134657" url="https://twitter.com/lettersfrom500/status/342696936136134657"/>
		<document id="345006974460637184" url="https://twitter.com/lettersfrom500/status/345006974460637184"/>
		<document id="345007060510969856" url="https://twitter.com/lettersfrom500/status/345007060510969856"/>
		<document id="345153484611518465" url="https://twitter.com/lettersfrom500/status/345153484611518465"/>
		<document id="349174631766306817" url="https://twitter.com/lettersfrom500/status/349174631766306817"/>
		<document id="349174734795194369" url="https://twitter.com/lettersfrom500/status/349174734795194369"/>
		<document id="349174983483879424" url="https://twitter.com/lettersfrom500/status/349174983483879424"/>
		<document id="349176163882635264" url="https://twitter.com/lettersfrom500/status/349176163882635264"/>
		<document id="352136744239505408" url="https://twitter.com/lettersfrom500/status/352136744239505408"/>
		<document id="352136827777466368" url="https://twitter.com/lettersfrom500/status/352136827777466368"/>
		<document id="352151940563603458" url="https://twitter.com/lettersfrom500/status/352151940563603458"/>
		<document id="353190815859871746" url="https://twitter.com/lettersfrom500/status/353190815859871746"/>
		<document id="353190937431781379" url="https://twitter.com/lettersfrom500/status/353190937431781379"/>
		<document id="353191178943995904" url="https://twitter.com/lettersfrom500/status/353191178943995904"/>
		<document id="353194140491722753" url="https://twitter.com/lettersfrom500/status/353194140491722753"/>
		<document id="353868731123908608" url="https://twitter.com/lettersfrom500/status/353868731123908608"/>
		<document id="354020387635466240" url="https://twitter.com/lettersfrom500/status/354020387635466240"/>
		<document id="357654653510496258" url="https://twitter.com/lettersfrom500/status/357654653510496258"/>
		<document id="357654785354252289" url="https://twitter.com/lettersfrom500/status/357654785354252289"/>
		<document id="357907666984640513" url="https://twitter.com/lettersfrom500/status/357907666984640513"/>
		<document id="357907761641701377" url="https://twitter.com/lettersfrom500/status/357907761641701377"/>
		<document id="357908658555850752" url="https://twitter.com/lettersfrom500/status/357908658555850752"/>
		<document id="357908684451483651" url="https://twitter.com/lettersfrom500/status/357908684451483651"/>
		<document id="365251451716517889" url="https://twitter.com/lettersfrom500/status/365251451716517889"/>
		<document id="369149685048434688" url="https://twitter.com/lettersfrom500/status/369149685048434688"/>
		<document id="369159044742643712" url="https://twitter.com/lettersfrom500/status/369159044742643712"/>
		<document id="374881877825302528" url="https://twitter.com/lettersfrom500/status/374881877825302528"/>
		<document id="374961945776242688" url="https://twitter.com/lettersfrom500/status/374961945776242688"/>
		<document id="381128967316463617" url="https://twitter.com/lettersfrom500/status/381128967316463617"/>
		<document id="381129073574952960" url="https://twitter.com/lettersfrom500/status/381129073574952960"/>
		<document id="381763898015502336" url="https://twitter.com/lettersfrom500/status/381763898015502336"/>
		<document id="383008938985529344" url="https://twitter.com/lettersfrom500/status/383008938985529344"/>
		<document id="383009018396307456" url="https://twitter.com/lettersfrom500/status/383009018396307456"/>
		<document id="393449450711965697" url="https://twitter.com/lettersfrom500/status/393449450711965697"/>
		<document id="393449558560473088" url="https://twitter.com/lettersfrom500/status/393449558560473088"/>
		<document id="393563532052410368" url="https://twitter.com/lettersfrom500/status/393563532052410368"/>
		<document id="406097208065273858" url="https://twitter.com/lettersfrom500/status/406097208065273858"/>
		<document id="406097335828365312" url="https://twitter.com/lettersfrom500/status/406097335828365312"/>
		<document id="406097995759775744" url="https://twitter.com/lettersfrom500/status/406097995759775744"/>
		<document id="406098812642418688" url="https://twitter.com/lettersfrom500/status/406098812642418688"/>
		<document id="408285375312846849" url="https://twitter.com/lettersfrom500/status/408285375312846849"/>
		<document id="408286321694605312" url="https://twitter.com/lettersfrom500/status/408286321694605312"/>
		<document id="408286566701092864" url="https://twitter.com/lettersfrom500/status/408286566701092864"/>
		<document id="408286600976531456" url="https://twitter.com/lettersfrom500/status/408286600976531456"/>
		<document id="408287035208638464" url="https://twitter.com/lettersfrom500/status/408287035208638464"/>
		<document id="408309229532241920" url="https://twitter.com/lettersfrom500/status/408309229532241920"/>
		<document id="410477989457973248" url="https://twitter.com/lettersfrom500/status/410477989457973248"/>
		<document id="410666079955202048" url="https://twitter.com/lettersfrom500/status/410666079955202048"/>
		<document id="45555089183739904" url="https://twitter.com/lettersfrom500/status/45555089183739904"/>
		<document id="45555260483305472" url="https://twitter.com/lettersfrom500/status/45555260483305472"/>
		<document id="47001960896921600" url="https://twitter.com/lettersfrom500/status/47001960896921600"/>
		<document id="47002036386017280" url="https://twitter.com/lettersfrom500/status/47002036386017280"/>
		<document id="47004099794833408" url="https://twitter.com/lettersfrom500/status/47004099794833408"/>
		<document id="47004210398642176" url="https://twitter.com/lettersfrom500/status/47004210398642176"/>
		<document id="47004386861383680" url="https://twitter.com/lettersfrom500/status/47004386861383680"/>
		<document id="47004446496014337" url="https://twitter.com/lettersfrom500/status/47004446496014337"/>
		<document id="47004560455254016" url="https://twitter.com/lettersfrom500/status/47004560455254016"/>
		<document id="47004599659401217" url="https://twitter.com/lettersfrom500/status/47004599659401217"/>
		<document id="47004644035149824" url="https://twitter.com/lettersfrom500/status/47004644035149824"/>
		<document id="47004689354600448" url="https://twitter.com/lettersfrom500/status/47004689354600448"/>
		<document id="47004748112609280" url="https://twitter.com/lettersfrom500/status/47004748112609280"/>
		<document id="47004799547351040" url="https://twitter.com/lettersfrom500/status/47004799547351040"/>
		<document id="47004836721475584" url="https://twitter.com/lettersfrom500/status/47004836721475584"/>
		<document id="47004881818615808" url="https://twitter.com/lettersfrom500/status/47004881818615808"/>
		<document id="47004971299905537" url="https://twitter.com/lettersfrom500/status/47004971299905537"/>
		<document id="47005042292703232" url="https://twitter.com/lettersfrom500/status/47005042292703232"/>
		<document id="47005062379216896" url="https://twitter.com/lettersfrom500/status/47005062379216896"/>
		<document id="52460031764987904" url="https://twitter.com/lettersfrom500/status/52460031764987904"/>
		<document id="52460135104249856" url="https://twitter.com/lettersfrom500/status/52460135104249856"/>
		<document id="52747877654601728" url="https://twitter.com/lettersfrom500/status/52747877654601728"/>
		<document id="52747956436217856" url="https://twitter.com/lettersfrom500/status/52747956436217856"/>
		<document id="52748004037369856" url="https://twitter.com/lettersfrom500/status/52748004037369856"/>
		<document id="52748038535512064" url="https://twitter.com/lettersfrom500/status/52748038535512064"/>
		<document id="52748084156964864" url="https://twitter.com/lettersfrom500/status/52748084156964864"/>
		<document id="52748125621858304" url="https://twitter.com/lettersfrom500/status/52748125621858304"/>
		<document id="52748175877996546" url="https://twitter.com/lettersfrom500/status/52748175877996546"/>
		<document id="52748236489895936" url="https://twitter.com/lettersfrom500/status/52748236489895936"/>
		<document id="52748301019250688" url="https://twitter.com/lettersfrom500/status/52748301019250688"/>
		<document id="52748340500242433" url="https://twitter.com/lettersfrom500/status/52748340500242433"/>
		<document id="52748380849442816" url="https://twitter.com/lettersfrom500/status/52748380849442816"/>
		<document id="52748426198265856" url="https://twitter.com/lettersfrom500/status/52748426198265856"/>
		<document id="52748462655152128" url="https://twitter.com/lettersfrom500/status/52748462655152128"/>
		<document id="52748494477336577" url="https://twitter.com/lettersfrom500/status/52748494477336577"/>
		<document id="52748542074298368" url="https://twitter.com/lettersfrom500/status/52748542074298368"/>
		<document id="52748585091076096" url="https://twitter.com/lettersfrom500/status/52748585091076096"/>
		<document id="52748736052473856" url="https://twitter.com/lettersfrom500/status/52748736052473856"/>
		<document id="52859866246680576" url="https://twitter.com/lettersfrom500/status/52859866246680576"/>
		<document id="52859928766971904" url="https://twitter.com/lettersfrom500/status/52859928766971904"/>
		<document id="53449731082424320" url="https://twitter.com/lettersfrom500/status/53449731082424320"/>
		<document id="53449832664281088" url="https://twitter.com/lettersfrom500/status/53449832664281088"/>
		<document id="53904757085048832" url="https://twitter.com/lettersfrom500/status/53904757085048832"/>
		<document id="53904837636661248" url="https://twitter.com/lettersfrom500/status/53904837636661248"/>
		<document id="54265345338376193" url="https://twitter.com/lettersfrom500/status/54265345338376193"/>
		<document id="54265383758217216" url="https://twitter.com/lettersfrom500/status/54265383758217216"/>
		<document id="54935697940951040" url="https://twitter.com/lettersfrom500/status/54935697940951040"/>
		<document id="55751747012005888" url="https://twitter.com/lettersfrom500/status/55751747012005888"/>
		<document id="55766692743229440" url="https://twitter.com/lettersfrom500/status/55766692743229440"/>
		<document id="56564895356960769" url="https://twitter.com/lettersfrom500/status/56564895356960769"/>
		<document id="57945398517579776" url="https://twitter.com/lettersfrom500/status/57945398517579776"/>
		<document id="5814580329" url="https://twitter.com/lettersfrom500/status/5814580329"/>
		<document id="5814682312" url="https://twitter.com/lettersfrom500/status/5814682312"/>
		<document id="5821024525" url="https://twitter.com/lettersfrom500/status/5821024525"/>
		<document id="5821136925" url="https://twitter.com/lettersfrom500/status/5821136925"/>
		<document id="58544548615426048" url="https://twitter.com/lettersfrom500/status/58544548615426048"/>
		<document id="58544679343505409" url="https://twitter.com/lettersfrom500/status/58544679343505409"/>
		<document id="5861294648" url="https://twitter.com/lettersfrom500/status/5861294648"/>
		<document id="58931201037176832" url="https://twitter.com/lettersfrom500/status/58931201037176832"/>
		<document id="5895232563" url="https://twitter.com/lettersfrom500/status/5895232563"/>
		<document id="58954559040663552" url="https://twitter.com/lettersfrom500/status/58954559040663552"/>
		<document id="5895501289" url="https://twitter.com/lettersfrom500/status/5895501289"/>
		<document id="5895513394" url="https://twitter.com/lettersfrom500/status/5895513394"/>
		<document id="5925594369" url="https://twitter.com/lettersfrom500/status/5925594369"/>
		<document id="5925859171" url="https://twitter.com/lettersfrom500/status/5925859171"/>
		<document id="5927149035" url="https://twitter.com/lettersfrom500/status/5927149035"/>
		<document id="5987487050" url="https://twitter.com/lettersfrom500/status/5987487050"/>
		<document id="60350410350800896" url="https://twitter.com/lettersfrom500/status/60350410350800896"/>
		<document id="60350474641084416" url="https://twitter.com/lettersfrom500/status/60350474641084416"/>
		<document id="6052459995" url="https://twitter.com/lettersfrom500/status/6052459995"/>
		<document id="6052515193" url="https://twitter.com/lettersfrom500/status/6052515193"/>
		<document id="6089359504" url="https://twitter.com/lettersfrom500/status/6089359504"/>
		<document id="61072944457199618" url="https://twitter.com/lettersfrom500/status/61072944457199618"/>
		<document id="61073031853916160" url="https://twitter.com/lettersfrom500/status/61073031853916160"/>
		<document id="6114573775" url="https://twitter.com/lettersfrom500/status/6114573775"/>
		<document id="6115322023" url="https://twitter.com/lettersfrom500/status/6115322023"/>
		<document id="6150637754" url="https://twitter.com/lettersfrom500/status/6150637754"/>
		<document id="6176744212" url="https://twitter.com/lettersfrom500/status/6176744212"/>
		<document id="6177656514" url="https://twitter.com/lettersfrom500/status/6177656514"/>
		<document id="6177692364" url="https://twitter.com/lettersfrom500/status/6177692364"/>
		<document id="6181917180" url="https://twitter.com/lettersfrom500/status/6181917180"/>
		<document id="6192163699" url="https://twitter.com/lettersfrom500/status/6192163699"/>
		<document id="6192182623" url="https://twitter.com/lettersfrom500/status/6192182623"/>
		<document id="6192197670" url="https://twitter.com/lettersfrom500/status/6192197670"/>
		<document id="6192239533" url="https://twitter.com/lettersfrom500/status/6192239533"/>
		<document id="6217568653" url="https://twitter.com/lettersfrom500/status/6217568653"/>
		<document id="6227631901" url="https://twitter.com/lettersfrom500/status/6227631901"/>
		<document id="6287102455" url="https://twitter.com/lettersfrom500/status/6287102455"/>
		<document id="6297692871" url="https://twitter.com/lettersfrom500/status/6297692871"/>
		<document id="6297707150" url="https://twitter.com/lettersfrom500/status/6297707150"/>
		<document id="6297730002" url="https://twitter.com/lettersfrom500/status/6297730002"/>
		<document id="6311416036" url="https://twitter.com/lettersfrom500/status/6311416036"/>
		<document id="6347992424517633" url="https://twitter.com/lettersfrom500/status/6347992424517633"/>
		<document id="6348123421024256" url="https://twitter.com/lettersfrom500/status/6348123421024256"/>
		<document id="6348762955" url="https://twitter.com/lettersfrom500/status/6348762955"/>
		<document id="6538443650" url="https://twitter.com/lettersfrom500/status/6538443650"/>
		<document id="6538526550" url="https://twitter.com/lettersfrom500/status/6538526550"/>
		<document id="65404052808282112" url="https://twitter.com/lettersfrom500/status/65404052808282112"/>
		<document id="65404124702834690" url="https://twitter.com/lettersfrom500/status/65404124702834690"/>
		<document id="6543615691" url="https://twitter.com/lettersfrom500/status/6543615691"/>
		<document id="6570074110" url="https://twitter.com/lettersfrom500/status/6570074110"/>
		<document id="6591236305" url="https://twitter.com/lettersfrom500/status/6591236305"/>
		<document id="6591258638" url="https://twitter.com/lettersfrom500/status/6591258638"/>
		<document id="6591265933" url="https://twitter.com/lettersfrom500/status/6591265933"/>
		<document id="6591276824" url="https://twitter.com/lettersfrom500/status/6591276824"/>
		<document id="6591289827" url="https://twitter.com/lettersfrom500/status/6591289827"/>
		<document id="6591314772" url="https://twitter.com/lettersfrom500/status/6591314772"/>
		<document id="6591320111" url="https://twitter.com/lettersfrom500/status/6591320111"/>
		<document id="66147918092050432" url="https://twitter.com/lettersfrom500/status/66147918092050432"/>
		<document id="6633539550" url="https://twitter.com/lettersfrom500/status/6633539550"/>
		<document id="6633547264" url="https://twitter.com/lettersfrom500/status/6633547264"/>
		<document id="6633554791" url="https://twitter.com/lettersfrom500/status/6633554791"/>
		<document id="6633562768" url="https://twitter.com/lettersfrom500/status/6633562768"/>
		<document id="6633568281" url="https://twitter.com/lettersfrom500/status/6633568281"/>
		<document id="6633578909" url="https://twitter.com/lettersfrom500/status/6633578909"/>
		<document id="6633586727" url="https://twitter.com/lettersfrom500/status/6633586727"/>
		<document id="6668277363" url="https://twitter.com/lettersfrom500/status/6668277363"/>
		<document id="6668309734" url="https://twitter.com/lettersfrom500/status/6668309734"/>
		<document id="6668315726" url="https://twitter.com/lettersfrom500/status/6668315726"/>
		<document id="6668323701" url="https://twitter.com/lettersfrom500/status/6668323701"/>
		<document id="6770491186" url="https://twitter.com/lettersfrom500/status/6770491186"/>
		<document id="6770551827" url="https://twitter.com/lettersfrom500/status/6770551827"/>
		<document id="6770559475" url="https://twitter.com/lettersfrom500/status/6770559475"/>
		<document id="6770568965" url="https://twitter.com/lettersfrom500/status/6770568965"/>
		<document id="6770581293" url="https://twitter.com/lettersfrom500/status/6770581293"/>
		<document id="6770589146" url="https://twitter.com/lettersfrom500/status/6770589146"/>
		<document id="6770594062" url="https://twitter.com/lettersfrom500/status/6770594062"/>
		<document id="6803994854" url="https://twitter.com/lettersfrom500/status/6803994854"/>
		<document id="6804038638" url="https://twitter.com/lettersfrom500/status/6804038638"/>
		<document id="6804123835" url="https://twitter.com/lettersfrom500/status/6804123835"/>
		<document id="6804200349" url="https://twitter.com/lettersfrom500/status/6804200349"/>
		<document id="6804245162" url="https://twitter.com/lettersfrom500/status/6804245162"/>
		<document id="6804513712" url="https://twitter.com/lettersfrom500/status/6804513712"/>
		<document id="6804551935" url="https://twitter.com/lettersfrom500/status/6804551935"/>
		<document id="6839642433" url="https://twitter.com/lettersfrom500/status/6839642433"/>
		<document id="6839695958" url="https://twitter.com/lettersfrom500/status/6839695958"/>
		<document id="6839704309" url="https://twitter.com/lettersfrom500/status/6839704309"/>
		<document id="6839716150" url="https://twitter.com/lettersfrom500/status/6839716150"/>
		<document id="6839722070" url="https://twitter.com/lettersfrom500/status/6839722070"/>
		<document id="6840512634" url="https://twitter.com/lettersfrom500/status/6840512634"/>
		<document id="6840516852" url="https://twitter.com/lettersfrom500/status/6840516852"/>
		<document id="6840520044" url="https://twitter.com/lettersfrom500/status/6840520044"/>
		<document id="6840542226" url="https://twitter.com/lettersfrom500/status/6840542226"/>
		<document id="6840549573" url="https://twitter.com/lettersfrom500/status/6840549573"/>
		<document id="6840560064" url="https://twitter.com/lettersfrom500/status/6840560064"/>
		<document id="6840564219" url="https://twitter.com/lettersfrom500/status/6840564219"/>
		<document id="6840569273" url="https://twitter.com/lettersfrom500/status/6840569273"/>
		<document id="6896813911" url="https://twitter.com/lettersfrom500/status/6896813911"/>
		<document id="69215640136859648" url="https://twitter.com/lettersfrom500/status/69215640136859648"/>
		<document id="69215844852445184" url="https://twitter.com/lettersfrom500/status/69215844852445184"/>
		<document id="7012678108" url="https://twitter.com/lettersfrom500/status/7012678108"/>
		<document id="7012720263" url="https://twitter.com/lettersfrom500/status/7012720263"/>
		<document id="7012727228" url="https://twitter.com/lettersfrom500/status/7012727228"/>
		<document id="7012738066" url="https://twitter.com/lettersfrom500/status/7012738066"/>
		<document id="7076880748" url="https://twitter.com/lettersfrom500/status/7076880748"/>
		<document id="7076900661" url="https://twitter.com/lettersfrom500/status/7076900661"/>
		<document id="7076909231" url="https://twitter.com/lettersfrom500/status/7076909231"/>
		<document id="7076925134" url="https://twitter.com/lettersfrom500/status/7076925134"/>
		<document id="7076933348" url="https://twitter.com/lettersfrom500/status/7076933348"/>
		<document id="7076940050" url="https://twitter.com/lettersfrom500/status/7076940050"/>
		<document id="7076946836" url="https://twitter.com/lettersfrom500/status/7076946836"/>
		<document id="7076952628" url="https://twitter.com/lettersfrom500/status/7076952628"/>
		<document id="7138598060" url="https://twitter.com/lettersfrom500/status/7138598060"/>
		<document id="7138692824" url="https://twitter.com/lettersfrom500/status/7138692824"/>
		<document id="7138712263" url="https://twitter.com/lettersfrom500/status/7138712263"/>
		<document id="7138721255" url="https://twitter.com/lettersfrom500/status/7138721255"/>
		<document id="7138728387" url="https://twitter.com/lettersfrom500/status/7138728387"/>
		<document id="7243624225" url="https://twitter.com/lettersfrom500/status/7243624225"/>
		<document id="7243813479" url="https://twitter.com/lettersfrom500/status/7243813479"/>
		<document id="7243821406" url="https://twitter.com/lettersfrom500/status/7243821406"/>
		<document id="7243828476" url="https://twitter.com/lettersfrom500/status/7243828476"/>
		<document id="7243840669" url="https://twitter.com/lettersfrom500/status/7243840669"/>
		<document id="7243845601" url="https://twitter.com/lettersfrom500/status/7243845601"/>
		<document id="7311776151" url="https://twitter.com/lettersfrom500/status/7311776151"/>
		<document id="7312942862" url="https://twitter.com/lettersfrom500/status/7312942862"/>
		<document id="7312964274" url="https://twitter.com/lettersfrom500/status/7312964274"/>
		<document id="7312975715" url="https://twitter.com/lettersfrom500/status/7312975715"/>
		<document id="7312982243" url="https://twitter.com/lettersfrom500/status/7312982243"/>
		<document id="7312989527" url="https://twitter.com/lettersfrom500/status/7312989527"/>
		<document id="7312997654" url="https://twitter.com/lettersfrom500/status/7312997654"/>
		<document id="7313003094" url="https://twitter.com/lettersfrom500/status/7313003094"/>
		<document id="7313036943" url="https://twitter.com/lettersfrom500/status/7313036943"/>
		<document id="7313044081" url="https://twitter.com/lettersfrom500/status/7313044081"/>
		<document id="7313051164" url="https://twitter.com/lettersfrom500/status/7313051164"/>
		<document id="7313056146" url="https://twitter.com/lettersfrom500/status/7313056146"/>
		<document id="7313061055" url="https://twitter.com/lettersfrom500/status/7313061055"/>
		<document id="7313064586" url="https://twitter.com/lettersfrom500/status/7313064586"/>
		<document id="7313069263" url="https://twitter.com/lettersfrom500/status/7313069263"/>
		<document id="7313078081" url="https://twitter.com/lettersfrom500/status/7313078081"/>
		<document id="7313083735" url="https://twitter.com/lettersfrom500/status/7313083735"/>
		<document id="7313090745" url="https://twitter.com/lettersfrom500/status/7313090745"/>
		<document id="7313094832" url="https://twitter.com/lettersfrom500/status/7313094832"/>
		<document id="7313098355" url="https://twitter.com/lettersfrom500/status/7313098355"/>
		<document id="7313102599" url="https://twitter.com/lettersfrom500/status/7313102599"/>
		<document id="7313107174" url="https://twitter.com/lettersfrom500/status/7313107174"/>
		<document id="7313112926" url="https://twitter.com/lettersfrom500/status/7313112926"/>
		<document id="7313117830" url="https://twitter.com/lettersfrom500/status/7313117830"/>
		<document id="7313127971" url="https://twitter.com/lettersfrom500/status/7313127971"/>
		<document id="7313132192" url="https://twitter.com/lettersfrom500/status/7313132192"/>
		<document id="7313141374" url="https://twitter.com/lettersfrom500/status/7313141374"/>
		<document id="7313146905" url="https://twitter.com/lettersfrom500/status/7313146905"/>
		<document id="7313152359" url="https://twitter.com/lettersfrom500/status/7313152359"/>
		<document id="7313156638" url="https://twitter.com/lettersfrom500/status/7313156638"/>
		<document id="7313162341" url="https://twitter.com/lettersfrom500/status/7313162341"/>
		<document id="7313169558" url="https://twitter.com/lettersfrom500/status/7313169558"/>
		<document id="7313183196" url="https://twitter.com/lettersfrom500/status/7313183196"/>
		<document id="7561671389" url="https://twitter.com/lettersfrom500/status/7561671389"/>
		<document id="7561694665" url="https://twitter.com/lettersfrom500/status/7561694665"/>
		<document id="7561699607" url="https://twitter.com/lettersfrom500/status/7561699607"/>
		<document id="7561707555" url="https://twitter.com/lettersfrom500/status/7561707555"/>
		<document id="7561719297" url="https://twitter.com/lettersfrom500/status/7561719297"/>
		<document id="7561724765" url="https://twitter.com/lettersfrom500/status/7561724765"/>
		<document id="7561729535" url="https://twitter.com/lettersfrom500/status/7561729535"/>
		<document id="7561734838" url="https://twitter.com/lettersfrom500/status/7561734838"/>
		<document id="7561741424" url="https://twitter.com/lettersfrom500/status/7561741424"/>
		<document id="7561746144" url="https://twitter.com/lettersfrom500/status/7561746144"/>
		<document id="7561751508" url="https://twitter.com/lettersfrom500/status/7561751508"/>
		<document id="7561755434" url="https://twitter.com/lettersfrom500/status/7561755434"/>
		<document id="7561760919" url="https://twitter.com/lettersfrom500/status/7561760919"/>
		<document id="7561765180" url="https://twitter.com/lettersfrom500/status/7561765180"/>
		<document id="7562110245" url="https://twitter.com/lettersfrom500/status/7562110245"/>
		<document id="75647660283019266" url="https://twitter.com/lettersfrom500/status/75647660283019266"/>
		<document id="77031898748174337" url="https://twitter.com/lettersfrom500/status/77031898748174337"/>
		<document id="77031961473974272" url="https://twitter.com/lettersfrom500/status/77031961473974272"/>
		<document id="7722084166" url="https://twitter.com/lettersfrom500/status/7722084166"/>
		<document id="7722235214" url="https://twitter.com/lettersfrom500/status/7722235214"/>
		<document id="7952892129" url="https://twitter.com/lettersfrom500/status/7952892129"/>
		<document id="7952972929" url="https://twitter.com/lettersfrom500/status/7952972929"/>
		<document id="7952982441" url="https://twitter.com/lettersfrom500/status/7952982441"/>
		<document id="7952998037" url="https://twitter.com/lettersfrom500/status/7952998037"/>
		<document id="7953109935" url="https://twitter.com/lettersfrom500/status/7953109935"/>
		<document id="7953116703" url="https://twitter.com/lettersfrom500/status/7953116703"/>
		<document id="8047830311" url="https://twitter.com/lettersfrom500/status/8047830311"/>
		<document id="8047906137" url="https://twitter.com/lettersfrom500/status/8047906137"/>
		<document id="8047925027" url="https://twitter.com/lettersfrom500/status/8047925027"/>
		<document id="8047936539" url="https://twitter.com/lettersfrom500/status/8047936539"/>
		<document id="8047951933" url="https://twitter.com/lettersfrom500/status/8047951933"/>
		<document id="8158589165" url="https://twitter.com/lettersfrom500/status/8158589165"/>
		<document id="8158595118" url="https://twitter.com/lettersfrom500/status/8158595118"/>
		<document id="8158599225" url="https://twitter.com/lettersfrom500/status/8158599225"/>
		<document id="8158606638" url="https://twitter.com/lettersfrom500/status/8158606638"/>
		<document id="8158611371" url="https://twitter.com/lettersfrom500/status/8158611371"/>
		<document id="8158617008" url="https://twitter.com/lettersfrom500/status/8158617008"/>
		<document id="8158623585" url="https://twitter.com/lettersfrom500/status/8158623585"/>
		<document id="8158631882" url="https://twitter.com/lettersfrom500/status/8158631882"/>
		<document id="8158637111" url="https://twitter.com/lettersfrom500/status/8158637111"/>
		<document id="8158659815" url="https://twitter.com/lettersfrom500/status/8158659815"/>
		<document id="81756213649473536" url="https://twitter.com/lettersfrom500/status/81756213649473536"/>
		<document id="81756310776979456" url="https://twitter.com/lettersfrom500/status/81756310776979456"/>
		<document id="8206300856" url="https://twitter.com/lettersfrom500/status/8206300856"/>
		<document id="8206309043" url="https://twitter.com/lettersfrom500/status/8206309043"/>
		<document id="8206324509" url="https://twitter.com/lettersfrom500/status/8206324509"/>
		<document id="8206329807" url="https://twitter.com/lettersfrom500/status/8206329807"/>
		<document id="8206335118" url="https://twitter.com/lettersfrom500/status/8206335118"/>
		<document id="8206342969" url="https://twitter.com/lettersfrom500/status/8206342969"/>
		<document id="8206349160" url="https://twitter.com/lettersfrom500/status/8206349160"/>
		<document id="8206354290" url="https://twitter.com/lettersfrom500/status/8206354290"/>
		<document id="8206361447" url="https://twitter.com/lettersfrom500/status/8206361447"/>
		<document id="8206371593" url="https://twitter.com/lettersfrom500/status/8206371593"/>
		<document id="8206379457" url="https://twitter.com/lettersfrom500/status/8206379457"/>
		<document id="8289855754" url="https://twitter.com/lettersfrom500/status/8289855754"/>
		<document id="8289861905" url="https://twitter.com/lettersfrom500/status/8289861905"/>
		<document id="8289870112" url="https://twitter.com/lettersfrom500/status/8289870112"/>
		<document id="8289880220" url="https://twitter.com/lettersfrom500/status/8289880220"/>
		<document id="8289889701" url="https://twitter.com/lettersfrom500/status/8289889701"/>
		<document id="8289896801" url="https://twitter.com/lettersfrom500/status/8289896801"/>
		<document id="8289903296" url="https://twitter.com/lettersfrom500/status/8289903296"/>
		<document id="8289911855" url="https://twitter.com/lettersfrom500/status/8289911855"/>
		<document id="8289920934" url="https://twitter.com/lettersfrom500/status/8289920934"/>
		<document id="8289930954" url="https://twitter.com/lettersfrom500/status/8289930954"/>
		<document id="8297295712" url="https://twitter.com/lettersfrom500/status/8297295712"/>
		<document id="8297302826" url="https://twitter.com/lettersfrom500/status/8297302826"/>
		<document id="8297309304" url="https://twitter.com/lettersfrom500/status/8297309304"/>
		<document id="8297315576" url="https://twitter.com/lettersfrom500/status/8297315576"/>
		<document id="8297322194" url="https://twitter.com/lettersfrom500/status/8297322194"/>
		<document id="8297327375" url="https://twitter.com/lettersfrom500/status/8297327375"/>
		<document id="8297332763" url="https://twitter.com/lettersfrom500/status/8297332763"/>
		<document id="8297342901" url="https://twitter.com/lettersfrom500/status/8297342901"/>
		<document id="8297349073" url="https://twitter.com/lettersfrom500/status/8297349073"/>
		<document id="8297357226" url="https://twitter.com/lettersfrom500/status/8297357226"/>
		<document id="8297366333" url="https://twitter.com/lettersfrom500/status/8297366333"/>
		<document id="8297371728" url="https://twitter.com/lettersfrom500/status/8297371728"/>
		<document id="8297379036" url="https://twitter.com/lettersfrom500/status/8297379036"/>
		<document id="8297385070" url="https://twitter.com/lettersfrom500/status/8297385070"/>
		<document id="8297392607" url="https://twitter.com/lettersfrom500/status/8297392607"/>
		<document id="8297398288" url="https://twitter.com/lettersfrom500/status/8297398288"/>
		<document id="8390363599" url="https://twitter.com/lettersfrom500/status/8390363599"/>
		<document id="8417089138" url="https://twitter.com/lettersfrom500/status/8417089138"/>
		<document id="8417095584" url="https://twitter.com/lettersfrom500/status/8417095584"/>
		<document id="8417101838" url="https://twitter.com/lettersfrom500/status/8417101838"/>
		<document id="8417116290" url="https://twitter.com/lettersfrom500/status/8417116290"/>
		<document id="8417133005" url="https://twitter.com/lettersfrom500/status/8417133005"/>
		<document id="8417142013" url="https://twitter.com/lettersfrom500/status/8417142013"/>
		<document id="8417144865" url="https://twitter.com/lettersfrom500/status/8417144865"/>
		<document id="8424841106" url="https://twitter.com/lettersfrom500/status/8424841106"/>
		<document id="8426152722" url="https://twitter.com/lettersfrom500/status/8426152722"/>
		<document id="8426157317" url="https://twitter.com/lettersfrom500/status/8426157317"/>
		<document id="8426162215" url="https://twitter.com/lettersfrom500/status/8426162215"/>
		<document id="8426167893" url="https://twitter.com/lettersfrom500/status/8426167893"/>
		<document id="8426171972" url="https://twitter.com/lettersfrom500/status/8426171972"/>
		<document id="8426176590" url="https://twitter.com/lettersfrom500/status/8426176590"/>
		<document id="8426180279" url="https://twitter.com/lettersfrom500/status/8426180279"/>
		<document id="8426184354" url="https://twitter.com/lettersfrom500/status/8426184354"/>
		<document id="8426189772" url="https://twitter.com/lettersfrom500/status/8426189772"/>
		<document id="8426193768" url="https://twitter.com/lettersfrom500/status/8426193768"/>
		<document id="8426350264" url="https://twitter.com/lettersfrom500/status/8426350264"/>
		<document id="8453819355" url="https://twitter.com/lettersfrom500/status/8453819355"/>
		<document id="8510974242" url="https://twitter.com/lettersfrom500/status/8510974242"/>
		<document id="8521185705" url="https://twitter.com/lettersfrom500/status/8521185705"/>
		<document id="8662274001" url="https://twitter.com/lettersfrom500/status/8662274001"/>
		<document id="8664122678" url="https://twitter.com/lettersfrom500/status/8664122678"/>
		<document id="8732738480" url="https://twitter.com/lettersfrom500/status/8732738480"/>
		<document id="8816614947" url="https://twitter.com/lettersfrom500/status/8816614947"/>
		<document id="8819162985" url="https://twitter.com/lettersfrom500/status/8819162985"/>
		<document id="88318682635317248" url="https://twitter.com/lettersfrom500/status/88318682635317248"/>
		<document id="88318773471363072" url="https://twitter.com/lettersfrom500/status/88318773471363072"/>
		<document id="9190454410" url="https://twitter.com/lettersfrom500/status/9190454410"/>
		<document id="9207699557" url="https://twitter.com/lettersfrom500/status/9207699557"/>
		<document id="9207706172" url="https://twitter.com/lettersfrom500/status/9207706172"/>
		<document id="9207712868" url="https://twitter.com/lettersfrom500/status/9207712868"/>
		<document id="9207723617" url="https://twitter.com/lettersfrom500/status/9207723617"/>
		<document id="9207730860" url="https://twitter.com/lettersfrom500/status/9207730860"/>
		<document id="9207741024" url="https://twitter.com/lettersfrom500/status/9207741024"/>
		<document id="9207750494" url="https://twitter.com/lettersfrom500/status/9207750494"/>
		<document id="9207755935" url="https://twitter.com/lettersfrom500/status/9207755935"/>
		<document id="9207765932" url="https://twitter.com/lettersfrom500/status/9207765932"/>
		<document id="9207772490" url="https://twitter.com/lettersfrom500/status/9207772490"/>
		<document id="9312767111" url="https://twitter.com/lettersfrom500/status/9312767111"/>
		<document id="9312954692" url="https://twitter.com/lettersfrom500/status/9312954692"/>
		<document id="9312963360" url="https://twitter.com/lettersfrom500/status/9312963360"/>
		<document id="9312971213" url="https://twitter.com/lettersfrom500/status/9312971213"/>
		<document id="9312979118" url="https://twitter.com/lettersfrom500/status/9312979118"/>
		<document id="9312988524" url="https://twitter.com/lettersfrom500/status/9312988524"/>
		<document id="9313069570" url="https://twitter.com/lettersfrom500/status/9313069570"/>
		<document id="9313082387" url="https://twitter.com/lettersfrom500/status/9313082387"/>
		<document id="9313099396" url="https://twitter.com/lettersfrom500/status/9313099396"/>
		<document id="9313109871" url="https://twitter.com/lettersfrom500/status/9313109871"/>
		<document id="9313117961" url="https://twitter.com/lettersfrom500/status/9313117961"/>
		<document id="93717293225349120" url="https://twitter.com/lettersfrom500/status/93717293225349120"/>
		<document id="9394460668" url="https://twitter.com/lettersfrom500/status/9394460668"/>
		<document id="9394468620" url="https://twitter.com/lettersfrom500/status/9394468620"/>
		<document id="9394472277" url="https://twitter.com/lettersfrom500/status/9394472277"/>
		<document id="9394568070" url="https://twitter.com/lettersfrom500/status/9394568070"/>
		<document id="9394573094" url="https://twitter.com/lettersfrom500/status/9394573094"/>
		<document id="9394579150" url="https://twitter.com/lettersfrom500/status/9394579150"/>
		<document id="9394590858" url="https://twitter.com/lettersfrom500/status/9394590858"/>
		<document id="9394611081" url="https://twitter.com/lettersfrom500/status/9394611081"/>
		<document id="9394614763" url="https://twitter.com/lettersfrom500/status/9394614763"/>
		<document id="9394705852" url="https://twitter.com/lettersfrom500/status/9394705852"/>
		<document id="9394719318" url="https://twitter.com/lettersfrom500/status/9394719318"/>
		<document id="9394726848" url="https://twitter.com/lettersfrom500/status/9394726848"/>
		<document id="9394733158" url="https://twitter.com/lettersfrom500/status/9394733158"/>
		<document id="9394738382" url="https://twitter.com/lettersfrom500/status/9394738382"/>
		<document id="9394743555" url="https://twitter.com/lettersfrom500/status/9394743555"/>
		<document id="9394760535" url="https://twitter.com/lettersfrom500/status/9394760535"/>
		<document id="9394769011" url="https://twitter.com/lettersfrom500/status/9394769011"/>
		<document id="9394779184" url="https://twitter.com/lettersfrom500/status/9394779184"/>
		<document id="9394799594" url="https://twitter.com/lettersfrom500/status/9394799594"/>
		<document id="9394805812" url="https://twitter.com/lettersfrom500/status/9394805812"/>
		<document id="9394818769" url="https://twitter.com/lettersfrom500/status/9394818769"/>
		<document id="9394826980" url="https://twitter.com/lettersfrom500/status/9394826980"/>
		<document id="9394834951" url="https://twitter.com/lettersfrom500/status/9394834951"/>
		<document id="9394839809" url="https://twitter.com/lettersfrom500/status/9394839809"/>
		<document id="9394845309" url="https://twitter.com/lettersfrom500/status/9394845309"/>
		<document id="9394854585" url="https://twitter.com/lettersfrom500/status/9394854585"/>
		<document id="9394862278" url="https://twitter.com/lettersfrom500/status/9394862278"/>
		<document id="9394874512" url="https://twitter.com/lettersfrom500/status/9394874512"/>
		<document id="9394881133" url="https://twitter.com/lettersfrom500/status/9394881133"/>
		<document id="9394887382" url="https://twitter.com/lettersfrom500/status/9394887382"/>
		<document id="9394891801" url="https://twitter.com/lettersfrom500/status/9394891801"/>
		<document id="9405325294" url="https://twitter.com/lettersfrom500/status/9405325294"/>
		<document id="9457218133" url="https://twitter.com/lettersfrom500/status/9457218133"/>
		<document id="9518627317" url="https://twitter.com/lettersfrom500/status/9518627317"/>
		<document id="9518634424" url="https://twitter.com/lettersfrom500/status/9518634424"/>
		<document id="9600427178" url="https://twitter.com/lettersfrom500/status/9600427178"/>
		<document id="9639837887" url="https://twitter.com/lettersfrom500/status/9639837887"/>
		<document id="9639843563" url="https://twitter.com/lettersfrom500/status/9639843563"/>
		<document id="9639843879" url="https://twitter.com/lettersfrom500/status/9639843879"/>
		<document id="9750845903" url="https://twitter.com/lettersfrom500/status/9750845903"/>
		<document id="9750848870" url="https://twitter.com/lettersfrom500/status/9750848870"/>
		<document id="9768764375" url="https://twitter.com/lettersfrom500/status/9768764375"/>
		<document id="9768769034" url="https://twitter.com/lettersfrom500/status/9768769034"/>
		<document id="9768772333" url="https://twitter.com/lettersfrom500/status/9768772333"/>
		<document id="9768779877" url="https://twitter.com/lettersfrom500/status/9768779877"/>
		<document id="9768783746" url="https://twitter.com/lettersfrom500/status/9768783746"/>
		<document id="9768787327" url="https://twitter.com/lettersfrom500/status/9768787327"/>
		<document id="9768797787" url="https://twitter.com/lettersfrom500/status/9768797787"/>
		<document id="9865931604" url="https://twitter.com/lettersfrom500/status/9865931604"/>
		<document id="9865933679" url="https://twitter.com/lettersfrom500/status/9865933679"/>
		<document id="9867154433" url="https://twitter.com/lettersfrom500/status/9867154433"/>
		<document id="9867157334" url="https://twitter.com/lettersfrom500/status/9867157334"/>
		<document id="9916610604" url="https://twitter.com/lettersfrom500/status/9916610604"/>
		<document id="9916630690" url="https://twitter.com/lettersfrom500/status/9916630690"/>
		<document id="100232032059269120" url="https://twitter.com/lettersfrom500/status/100232032059269120"/>
		<document id="100232114334740480" url="https://twitter.com/lettersfrom500/status/100232114334740480"/>
		<document id="10030956461" url="https://twitter.com/lettersfrom500/status/10030956461"/>
		<document id="10030995769" url="https://twitter.com/lettersfrom500/status/10030995769"/>
		<document id="10226368748" url="https://twitter.com/lettersfrom500/status/10226368748"/>
		<document id="10226395903" url="https://twitter.com/lettersfrom500/status/10226395903"/>
		<document id="102434757320785920" url="https://twitter.com/lettersfrom500/status/102434757320785920"/>
		<document id="102434835120918528" url="https://twitter.com/lettersfrom500/status/102434835120918528"/>
		<document id="10313397666" url="https://twitter.com/lettersfrom500/status/10313397666"/>
		<document id="10313403529" url="https://twitter.com/lettersfrom500/status/10313403529"/>
		<document id="10353609557" url="https://twitter.com/lettersfrom500/status/10353609557"/>
		<document id="10353624292" url="https://twitter.com/lettersfrom500/status/10353624292"/>
		<document id="103807187297640448" url="https://twitter.com/lettersfrom500/status/103807187297640448"/>
		<document id="104194362082197505" url="https://twitter.com/lettersfrom500/status/104194362082197505"/>
		<document id="104205330837286913" url="https://twitter.com/lettersfrom500/status/104205330837286913"/>
		<document id="10427633927" url="https://twitter.com/lettersfrom500/status/10427633927"/>
		<document id="10427638198" url="https://twitter.com/lettersfrom500/status/10427638198"/>
		<document id="10428385590" url="https://twitter.com/lettersfrom500/status/10428385590"/>
		<document id="10428391409" url="https://twitter.com/lettersfrom500/status/10428391409"/>
		<document id="10428399554" url="https://twitter.com/lettersfrom500/status/10428399554"/>
		<document id="10428409330" url="https://twitter.com/lettersfrom500/status/10428409330"/>
		<document id="10428417375" url="https://twitter.com/lettersfrom500/status/10428417375"/>
		<document id="10428424868" url="https://twitter.com/lettersfrom500/status/10428424868"/>
		<document id="10428431571" url="https://twitter.com/lettersfrom500/status/10428431571"/>
		<document id="10428442748" url="https://twitter.com/lettersfrom500/status/10428442748"/>
		<document id="10428446015" url="https://twitter.com/lettersfrom500/status/10428446015"/>
		<document id="10482121934" url="https://twitter.com/lettersfrom500/status/10482121934"/>
		<document id="10482128585" url="https://twitter.com/lettersfrom500/status/10482128585"/>
		<document id="10612303319" url="https://twitter.com/lettersfrom500/status/10612303319"/>
		<document id="10612309208" url="https://twitter.com/lettersfrom500/status/10612309208"/>
		<document id="106312517059493888" url="https://twitter.com/lettersfrom500/status/106312517059493888"/>
		<document id="10679656488" url="https://twitter.com/lettersfrom500/status/10679656488"/>
		<document id="10679664384" url="https://twitter.com/lettersfrom500/status/10679664384"/>
		<document id="10680644776" url="https://twitter.com/lettersfrom500/status/10680644776"/>
		<document id="10680653165" url="https://twitter.com/lettersfrom500/status/10680653165"/>
		<document id="10680668368" url="https://twitter.com/lettersfrom500/status/10680668368"/>
		<document id="10680673479" url="https://twitter.com/lettersfrom500/status/10680673479"/>
		<document id="10680683744" url="https://twitter.com/lettersfrom500/status/10680683744"/>
		<document id="10680696944" url="https://twitter.com/lettersfrom500/status/10680696944"/>
		<document id="10680705713" url="https://twitter.com/lettersfrom500/status/10680705713"/>
	</documents>
</author>