<?xml version="1.0" encoding="UTF-8" standalone="no"?><author age_group="xx" gender="xx" lang="EN" type="twitter" url="https://twitter.com/JeffTincher">
	<documents count="650">
		<document id="372839450424131584" url="https://twitter.com/JeffTincher/status/372839450424131584"/>
		<document id="372839452236070912" url="https://twitter.com/JeffTincher/status/372839452236070912"/>
		<document id="372905414649589760" url="https://twitter.com/JeffTincher/status/372905414649589760"/>
		<document id="372910194596257793" url="https://twitter.com/JeffTincher/status/372910194596257793"/>
		<document id="373269366508224512" url="https://twitter.com/JeffTincher/status/373269366508224512"/>
		<document id="373272582432493568" url="https://twitter.com/JeffTincher/status/373272582432493568"/>
		<document id="373280832079003648" url="https://twitter.com/JeffTincher/status/373280832079003648"/>
		<document id="373280838064308224" url="https://twitter.com/JeffTincher/status/373280838064308224"/>
		<document id="373280839649746944" url="https://twitter.com/JeffTincher/status/373280839649746944"/>
		<document id="373477008535478272" url="https://twitter.com/JeffTincher/status/373477008535478272"/>
		<document id="373496237926125569" url="https://twitter.com/JeffTincher/status/373496237926125569"/>
		<document id="373555745889189888" url="https://twitter.com/JeffTincher/status/373555745889189888"/>
		<document id="373562404632018945" url="https://twitter.com/JeffTincher/status/373562404632018945"/>
		<document id="373634111056773121" url="https://twitter.com/JeffTincher/status/373634111056773121"/>
		<document id="373634971501858816" url="https://twitter.com/JeffTincher/status/373634971501858816"/>
		<document id="373865979979530240" url="https://twitter.com/JeffTincher/status/373865979979530240"/>
		<document id="373950534421839872" url="https://twitter.com/JeffTincher/status/373950534421839872"/>
		<document id="373994557609754624" url="https://twitter.com/JeffTincher/status/373994557609754624"/>
		<document id="373997364358680576" url="https://twitter.com/JeffTincher/status/373997364358680576"/>
		<document id="374252069005557760" url="https://twitter.com/JeffTincher/status/374252069005557760"/>
		<document id="374262424008138752" url="https://twitter.com/JeffTincher/status/374262424008138752"/>
		<document id="374295154318118912" url="https://twitter.com/JeffTincher/status/374295154318118912"/>
		<document id="374338449299345409" url="https://twitter.com/JeffTincher/status/374338449299345409"/>
		<document id="374359740891275265" url="https://twitter.com/JeffTincher/status/374359740891275265"/>
		<document id="374360005694062592" url="https://twitter.com/JeffTincher/status/374360005694062592"/>
		<document id="374525066203394048" url="https://twitter.com/JeffTincher/status/374525066203394048"/>
		<document id="374564154285518848" url="https://twitter.com/JeffTincher/status/374564154285518848"/>
		<document id="374611683354116096" url="https://twitter.com/JeffTincher/status/374611683354116096"/>
		<document id="374625037502119936" url="https://twitter.com/JeffTincher/status/374625037502119936"/>
		<document id="374690475330260993" url="https://twitter.com/JeffTincher/status/374690475330260993"/>
		<document id="374722132229767168" url="https://twitter.com/JeffTincher/status/374722132229767168"/>
		<document id="374723676509179904" url="https://twitter.com/JeffTincher/status/374723676509179904"/>
		<document id="374737228905586688" url="https://twitter.com/JeffTincher/status/374737228905586688"/>
		<document id="374737711837765633" url="https://twitter.com/JeffTincher/status/374737711837765633"/>
		<document id="374740991003328512" url="https://twitter.com/JeffTincher/status/374740991003328512"/>
		<document id="374843056295391232" url="https://twitter.com/JeffTincher/status/374843056295391232"/>
		<document id="374875783480999936" url="https://twitter.com/JeffTincher/status/374875783480999936"/>
		<document id="374888995735732224" url="https://twitter.com/JeffTincher/status/374888995735732224"/>
		<document id="374920411500544000" url="https://twitter.com/JeffTincher/status/374920411500544000"/>
		<document id="374920613154263040" url="https://twitter.com/JeffTincher/status/374920613154263040"/>
		<document id="374926564074721280" url="https://twitter.com/JeffTincher/status/374926564074721280"/>
		<document id="374947503843852288" url="https://twitter.com/JeffTincher/status/374947503843852288"/>
		<document id="375084522247057408" url="https://twitter.com/JeffTincher/status/375084522247057408"/>
		<document id="375090577953419266" url="https://twitter.com/JeffTincher/status/375090577953419266"/>
		<document id="375408653773570048" url="https://twitter.com/JeffTincher/status/375408653773570048"/>
		<document id="375417034844418048" url="https://twitter.com/JeffTincher/status/375417034844418048"/>
		<document id="375446908539768832" url="https://twitter.com/JeffTincher/status/375446908539768832"/>
		<document id="375453378584657921" url="https://twitter.com/JeffTincher/status/375453378584657921"/>
		<document id="375595537959251968" url="https://twitter.com/JeffTincher/status/375595537959251968"/>
		<document id="375651339180965888" url="https://twitter.com/JeffTincher/status/375651339180965888"/>
		<document id="375652316218925056" url="https://twitter.com/JeffTincher/status/375652316218925056"/>
		<document id="375659316227100672" url="https://twitter.com/JeffTincher/status/375659316227100672"/>
		<document id="375769733175713793" url="https://twitter.com/JeffTincher/status/375769733175713793"/>
		<document id="375809304773001216" url="https://twitter.com/JeffTincher/status/375809304773001216"/>
		<document id="375816188799901696" url="https://twitter.com/JeffTincher/status/375816188799901696"/>
		<document id="375937829513465857" url="https://twitter.com/JeffTincher/status/375937829513465857"/>
		<document id="375998265852182528" url="https://twitter.com/JeffTincher/status/375998265852182528"/>
		<document id="376013710680412160" url="https://twitter.com/JeffTincher/status/376013710680412160"/>
		<document id="376036775141318656" url="https://twitter.com/JeffTincher/status/376036775141318656"/>
		<document id="376171686087122944" url="https://twitter.com/JeffTincher/status/376171686087122944"/>
		<document id="376179253596782593" url="https://twitter.com/JeffTincher/status/376179253596782593"/>
		<document id="376481788010692608" url="https://twitter.com/JeffTincher/status/376481788010692608"/>
		<document id="376534078574825472" url="https://twitter.com/JeffTincher/status/376534078574825472"/>
		<document id="376551361711591425" url="https://twitter.com/JeffTincher/status/376551361711591425"/>
		<document id="376875429304336384" url="https://twitter.com/JeffTincher/status/376875429304336384"/>
		<document id="376896464548810755" url="https://twitter.com/JeffTincher/status/376896464548810755"/>
		<document id="376902321583964160" url="https://twitter.com/JeffTincher/status/376902321583964160"/>
		<document id="376917168887042048" url="https://twitter.com/JeffTincher/status/376917168887042048"/>
		<document id="377080773503115264" url="https://twitter.com/JeffTincher/status/377080773503115264"/>
		<document id="377080859159195648" url="https://twitter.com/JeffTincher/status/377080859159195648"/>
		<document id="377090489880952832" url="https://twitter.com/JeffTincher/status/377090489880952832"/>
		<document id="377149678753939456" url="https://twitter.com/JeffTincher/status/377149678753939456"/>
		<document id="377187960367882240" url="https://twitter.com/JeffTincher/status/377187960367882240"/>
		<document id="377204901711187969" url="https://twitter.com/JeffTincher/status/377204901711187969"/>
		<document id="377207394142801920" url="https://twitter.com/JeffTincher/status/377207394142801920"/>
		<document id="377213611019894784" url="https://twitter.com/JeffTincher/status/377213611019894784"/>
		<document id="377216320376680448" url="https://twitter.com/JeffTincher/status/377216320376680448"/>
		<document id="377258849985888256" url="https://twitter.com/JeffTincher/status/377258849985888256"/>
		<document id="377283056673234945" url="https://twitter.com/JeffTincher/status/377283056673234945"/>
		<document id="377446732520779778" url="https://twitter.com/JeffTincher/status/377446732520779778"/>
		<document id="377492976731430912" url="https://twitter.com/JeffTincher/status/377492976731430912"/>
		<document id="377621238082207744" url="https://twitter.com/JeffTincher/status/377621238082207744"/>
		<document id="377917124708413440" url="https://twitter.com/JeffTincher/status/377917124708413440"/>
		<document id="377971166083690496" url="https://twitter.com/JeffTincher/status/377971166083690496"/>
		<document id="377978381343526914" url="https://twitter.com/JeffTincher/status/377978381343526914"/>
		<document id="377983623322173440" url="https://twitter.com/JeffTincher/status/377983623322173440"/>
		<document id="378159040360382464" url="https://twitter.com/JeffTincher/status/378159040360382464"/>
		<document id="378167956326215680" url="https://twitter.com/JeffTincher/status/378167956326215680"/>
		<document id="378305217722605568" url="https://twitter.com/JeffTincher/status/378305217722605568"/>
		<document id="378305570908168192" url="https://twitter.com/JeffTincher/status/378305570908168192"/>
		<document id="378306221977378816" url="https://twitter.com/JeffTincher/status/378306221977378816"/>
		<document id="378346010185326592" url="https://twitter.com/JeffTincher/status/378346010185326592"/>
		<document id="378348151645937664" url="https://twitter.com/JeffTincher/status/378348151645937664"/>
		<document id="378489585338417152" url="https://twitter.com/JeffTincher/status/378489585338417152"/>
		<document id="378497713454579712" url="https://twitter.com/JeffTincher/status/378497713454579712"/>
		<document id="378524631545950208" url="https://twitter.com/JeffTincher/status/378524631545950208"/>
		<document id="378540386018656256" url="https://twitter.com/JeffTincher/status/378540386018656256"/>
		<document id="378540800663379968" url="https://twitter.com/JeffTincher/status/378540800663379968"/>
		<document id="378542370809073664" url="https://twitter.com/JeffTincher/status/378542370809073664"/>
		<document id="378556398327828480" url="https://twitter.com/JeffTincher/status/378556398327828480"/>
		<document id="378572351727620097" url="https://twitter.com/JeffTincher/status/378572351727620097"/>
		<document id="378572539418513408" url="https://twitter.com/JeffTincher/status/378572539418513408"/>
		<document id="378582065069195264" url="https://twitter.com/JeffTincher/status/378582065069195264"/>
		<document id="378599225183174656" url="https://twitter.com/JeffTincher/status/378599225183174656"/>
		<document id="378708396960403456" url="https://twitter.com/JeffTincher/status/378708396960403456"/>
		<document id="378912702233870336" url="https://twitter.com/JeffTincher/status/378912702233870336"/>
		<document id="379070787829137408" url="https://twitter.com/JeffTincher/status/379070787829137408"/>
		<document id="379419612028215297" url="https://twitter.com/JeffTincher/status/379419612028215297"/>
		<document id="379433156774215680" url="https://twitter.com/JeffTincher/status/379433156774215680"/>
		<document id="379442315817148416" url="https://twitter.com/JeffTincher/status/379442315817148416"/>
		<document id="379647142165372928" url="https://twitter.com/JeffTincher/status/379647142165372928"/>
		<document id="379690321694584832" url="https://twitter.com/JeffTincher/status/379690321694584832"/>
		<document id="379702024524152832" url="https://twitter.com/JeffTincher/status/379702024524152832"/>
		<document id="379702982045999105" url="https://twitter.com/JeffTincher/status/379702982045999105"/>
		<document id="379703097527787520" url="https://twitter.com/JeffTincher/status/379703097527787520"/>
		<document id="379703296899837952" url="https://twitter.com/JeffTincher/status/379703296899837952"/>
		<document id="379703578656382976" url="https://twitter.com/JeffTincher/status/379703578656382976"/>
		<document id="379703659669356544" url="https://twitter.com/JeffTincher/status/379703659669356544"/>
		<document id="379704440913018880" url="https://twitter.com/JeffTincher/status/379704440913018880"/>
		<document id="379772367075307520" url="https://twitter.com/JeffTincher/status/379772367075307520"/>
		<document id="379795564051066880" url="https://twitter.com/JeffTincher/status/379795564051066880"/>
		<document id="379982543543881729" url="https://twitter.com/JeffTincher/status/379982543543881729"/>
		<document id="380157965648793600" url="https://twitter.com/JeffTincher/status/380157965648793600"/>
		<document id="380329668454256641" url="https://twitter.com/JeffTincher/status/380329668454256641"/>
		<document id="380336936709156864" url="https://twitter.com/JeffTincher/status/380336936709156864"/>
		<document id="380341100709285888" url="https://twitter.com/JeffTincher/status/380341100709285888"/>
		<document id="380411161361256448" url="https://twitter.com/JeffTincher/status/380411161361256448"/>
		<document id="380505719830609921" url="https://twitter.com/JeffTincher/status/380505719830609921"/>
		<document id="380509537737793537" url="https://twitter.com/JeffTincher/status/380509537737793537"/>
		<document id="380513594376728577" url="https://twitter.com/JeffTincher/status/380513594376728577"/>
		<document id="380520335948656640" url="https://twitter.com/JeffTincher/status/380520335948656640"/>
		<document id="380655075712307200" url="https://twitter.com/JeffTincher/status/380655075712307200"/>
		<document id="380817847662174208" url="https://twitter.com/JeffTincher/status/380817847662174208"/>
		<document id="380882729870848000" url="https://twitter.com/JeffTincher/status/380882729870848000"/>
		<document id="381022845683630080" url="https://twitter.com/JeffTincher/status/381022845683630080"/>
		<document id="381024211470647296" url="https://twitter.com/JeffTincher/status/381024211470647296"/>
		<document id="381024852297392128" url="https://twitter.com/JeffTincher/status/381024852297392128"/>
		<document id="381025927557578752" url="https://twitter.com/JeffTincher/status/381025927557578752"/>
		<document id="381104279312166913" url="https://twitter.com/JeffTincher/status/381104279312166913"/>
		<document id="381135936203288576" url="https://twitter.com/JeffTincher/status/381135936203288576"/>
		<document id="381167537972842496" url="https://twitter.com/JeffTincher/status/381167537972842496"/>
		<document id="381245117119877120" url="https://twitter.com/JeffTincher/status/381245117119877120"/>
		<document id="381398861052657664" url="https://twitter.com/JeffTincher/status/381398861052657664"/>
		<document id="381452390786138112" url="https://twitter.com/JeffTincher/status/381452390786138112"/>
		<document id="381477276267053056" url="https://twitter.com/JeffTincher/status/381477276267053056"/>
		<document id="381607507422355456" url="https://twitter.com/JeffTincher/status/381607507422355456"/>
		<document id="381787349237379072" url="https://twitter.com/JeffTincher/status/381787349237379072"/>
		<document id="381969880192647169" url="https://twitter.com/JeffTincher/status/381969880192647169"/>
		<document id="382135554126516224" url="https://twitter.com/JeffTincher/status/382135554126516224"/>
		<document id="382174327850156033" url="https://twitter.com/JeffTincher/status/382174327850156033"/>
		<document id="382191520172212225" url="https://twitter.com/JeffTincher/status/382191520172212225"/>
		<document id="382332286790012929" url="https://twitter.com/JeffTincher/status/382332286790012929"/>
		<document id="382536680282292224" url="https://twitter.com/JeffTincher/status/382536680282292224"/>
		<document id="382554371156107264" url="https://twitter.com/JeffTincher/status/382554371156107264"/>
		<document id="382586339646267392" url="https://twitter.com/JeffTincher/status/382586339646267392"/>
		<document id="382622716521881600" url="https://twitter.com/JeffTincher/status/382622716521881600"/>
		<document id="382631040294354944" url="https://twitter.com/JeffTincher/status/382631040294354944"/>
		<document id="382694667554660352" url="https://twitter.com/JeffTincher/status/382694667554660352"/>
		<document id="382908146903429120" url="https://twitter.com/JeffTincher/status/382908146903429120"/>
		<document id="382920337287299072" url="https://twitter.com/JeffTincher/status/382920337287299072"/>
		<document id="382957858796883968" url="https://twitter.com/JeffTincher/status/382957858796883968"/>
		<document id="383057050269675521" url="https://twitter.com/JeffTincher/status/383057050269675521"/>
		<document id="383261604709957632" url="https://twitter.com/JeffTincher/status/383261604709957632"/>
		<document id="383312734756274176" url="https://twitter.com/JeffTincher/status/383312734756274176"/>
		<document id="383348459409260544" url="https://twitter.com/JeffTincher/status/383348459409260544"/>
		<document id="383409120755597312" url="https://twitter.com/JeffTincher/status/383409120755597312"/>
		<document id="383409158273658880" url="https://twitter.com/JeffTincher/status/383409158273658880"/>
		<document id="383413390167015425" url="https://twitter.com/JeffTincher/status/383413390167015425"/>
		<document id="383419445982806016" url="https://twitter.com/JeffTincher/status/383419445982806016"/>
		<document id="383450278215041024" url="https://twitter.com/JeffTincher/status/383450278215041024"/>
		<document id="383450565457743872" url="https://twitter.com/JeffTincher/status/383450565457743872"/>
		<document id="383597077194104832" url="https://twitter.com/JeffTincher/status/383597077194104832"/>
		<document id="383637439740645376" url="https://twitter.com/JeffTincher/status/383637439740645376"/>
		<document id="383637463694336000" url="https://twitter.com/JeffTincher/status/383637463694336000"/>
		<document id="383672666131283968" url="https://twitter.com/JeffTincher/status/383672666131283968"/>
		<document id="383700114591977472" url="https://twitter.com/JeffTincher/status/383700114591977472"/>
		<document id="383720108218388480" url="https://twitter.com/JeffTincher/status/383720108218388480"/>
		<document id="383736598439133184" url="https://twitter.com/JeffTincher/status/383736598439133184"/>
		<document id="383781845349183488" url="https://twitter.com/JeffTincher/status/383781845349183488"/>
		<document id="383903561207128064" url="https://twitter.com/JeffTincher/status/383903561207128064"/>
		<document id="383903756007395328" url="https://twitter.com/JeffTincher/status/383903756007395328"/>
		<document id="383917079893524480" url="https://twitter.com/JeffTincher/status/383917079893524480"/>
		<document id="383917791620775937" url="https://twitter.com/JeffTincher/status/383917791620775937"/>
		<document id="383936228879785984" url="https://twitter.com/JeffTincher/status/383936228879785984"/>
		<document id="383937401884004353" url="https://twitter.com/JeffTincher/status/383937401884004353"/>
		<document id="383959475977465857" url="https://twitter.com/JeffTincher/status/383959475977465857"/>
		<document id="383963877274583040" url="https://twitter.com/JeffTincher/status/383963877274583040"/>
		<document id="384092681431154688" url="https://twitter.com/JeffTincher/status/384092681431154688"/>
		<document id="384144190151868416" url="https://twitter.com/JeffTincher/status/384144190151868416"/>
		<document id="384292499478818816" url="https://twitter.com/JeffTincher/status/384292499478818816"/>
		<document id="384375157369741312" url="https://twitter.com/JeffTincher/status/384375157369741312"/>
		<document id="384427882921357312" url="https://twitter.com/JeffTincher/status/384427882921357312"/>
		<document id="384506174718369792" url="https://twitter.com/JeffTincher/status/384506174718369792"/>
		<document id="384506418222870528" url="https://twitter.com/JeffTincher/status/384506418222870528"/>
		<document id="384506614176550912" url="https://twitter.com/JeffTincher/status/384506614176550912"/>
		<document id="384506669734322176" url="https://twitter.com/JeffTincher/status/384506669734322176"/>
		<document id="384646452636831745" url="https://twitter.com/JeffTincher/status/384646452636831745"/>
		<document id="384654882260918272" url="https://twitter.com/JeffTincher/status/384654882260918272"/>
		<document id="384710769637851136" url="https://twitter.com/JeffTincher/status/384710769637851136"/>
		<document id="384728182018301952" url="https://twitter.com/JeffTincher/status/384728182018301952"/>
		<document id="384813178615791616" url="https://twitter.com/JeffTincher/status/384813178615791616"/>
		<document id="384813710604500992" url="https://twitter.com/JeffTincher/status/384813710604500992"/>
		<document id="384813927575855104" url="https://twitter.com/JeffTincher/status/384813927575855104"/>
		<document id="384814041962938368" url="https://twitter.com/JeffTincher/status/384814041962938368"/>
		<document id="384814364953681920" url="https://twitter.com/JeffTincher/status/384814364953681920"/>
		<document id="384817651606114304" url="https://twitter.com/JeffTincher/status/384817651606114304"/>
		<document id="384823835310440448" url="https://twitter.com/JeffTincher/status/384823835310440448"/>
		<document id="384824419199508480" url="https://twitter.com/JeffTincher/status/384824419199508480"/>
		<document id="384824684761858048" url="https://twitter.com/JeffTincher/status/384824684761858048"/>
		<document id="384824870716313600" url="https://twitter.com/JeffTincher/status/384824870716313600"/>
		<document id="384837390533009408" url="https://twitter.com/JeffTincher/status/384837390533009408"/>
		<document id="384865191143682048" url="https://twitter.com/JeffTincher/status/384865191143682048"/>
		<document id="384865466885603328" url="https://twitter.com/JeffTincher/status/384865466885603328"/>
		<document id="384868987735388160" url="https://twitter.com/JeffTincher/status/384868987735388160"/>
		<document id="384872128627359744" url="https://twitter.com/JeffTincher/status/384872128627359744"/>
		<document id="384872343245701120" url="https://twitter.com/JeffTincher/status/384872343245701120"/>
		<document id="384872673568096256" url="https://twitter.com/JeffTincher/status/384872673568096256"/>
		<document id="384873914809450496" url="https://twitter.com/JeffTincher/status/384873914809450496"/>
		<document id="384874739204108288" url="https://twitter.com/JeffTincher/status/384874739204108288"/>
		<document id="385003909242425344" url="https://twitter.com/JeffTincher/status/385003909242425344"/>
		<document id="385012584937963520" url="https://twitter.com/JeffTincher/status/385012584937963520"/>
		<document id="385017267601555456" url="https://twitter.com/JeffTincher/status/385017267601555456"/>
		<document id="385036618044018689" url="https://twitter.com/JeffTincher/status/385036618044018689"/>
		<document id="385058192356831232" url="https://twitter.com/JeffTincher/status/385058192356831232"/>
		<document id="385074152954421248" url="https://twitter.com/JeffTincher/status/385074152954421248"/>
		<document id="385090697696919552" url="https://twitter.com/JeffTincher/status/385090697696919552"/>
		<document id="385115066414006273" url="https://twitter.com/JeffTincher/status/385115066414006273"/>
		<document id="385122207783190528" url="https://twitter.com/JeffTincher/status/385122207783190528"/>
		<document id="385149764771512321" url="https://twitter.com/JeffTincher/status/385149764771512321"/>
		<document id="385215944366112768" url="https://twitter.com/JeffTincher/status/385215944366112768"/>
		<document id="385231351567630336" url="https://twitter.com/JeffTincher/status/385231351567630336"/>
		<document id="385436428471394304" url="https://twitter.com/JeffTincher/status/385436428471394304"/>
		<document id="385455565235040256" url="https://twitter.com/JeffTincher/status/385455565235040256"/>
		<document id="385459993522503680" url="https://twitter.com/JeffTincher/status/385459993522503680"/>
		<document id="385510160753389568" url="https://twitter.com/JeffTincher/status/385510160753389568"/>
		<document id="385510296145522688" url="https://twitter.com/JeffTincher/status/385510296145522688"/>
		<document id="385510469227671553" url="https://twitter.com/JeffTincher/status/385510469227671553"/>
		<document id="385593767983869954" url="https://twitter.com/JeffTincher/status/385593767983869954"/>
		<document id="385798837849554945" url="https://twitter.com/JeffTincher/status/385798837849554945"/>
		<document id="385956174690263040" url="https://twitter.com/JeffTincher/status/385956174690263040"/>
		<document id="386155847354957824" url="https://twitter.com/JeffTincher/status/386155847354957824"/>
		<document id="386161115996377088" url="https://twitter.com/JeffTincher/status/386161115996377088"/>
		<document id="386199556074926081" url="https://twitter.com/JeffTincher/status/386199556074926081"/>
		<document id="386200986077118464" url="https://twitter.com/JeffTincher/status/386200986077118464"/>
		<document id="386203613137100800" url="https://twitter.com/JeffTincher/status/386203613137100800"/>
		<document id="386225502425718784" url="https://twitter.com/JeffTincher/status/386225502425718784"/>
		<document id="386234474742423552" url="https://twitter.com/JeffTincher/status/386234474742423552"/>
		<document id="386235631598575616" url="https://twitter.com/JeffTincher/status/386235631598575616"/>
		<document id="386251967343132672" url="https://twitter.com/JeffTincher/status/386251967343132672"/>
		<document id="386318548869844992" url="https://twitter.com/JeffTincher/status/386318548869844992"/>
		<document id="386473414019801088" url="https://twitter.com/JeffTincher/status/386473414019801088"/>
		<document id="386517521048023040" url="https://twitter.com/JeffTincher/status/386517521048023040"/>
		<document id="386565186427314176" url="https://twitter.com/JeffTincher/status/386565186427314176"/>
		<document id="386592865046249473" url="https://twitter.com/JeffTincher/status/386592865046249473"/>
		<document id="386680942724907008" url="https://twitter.com/JeffTincher/status/386680942724907008"/>
		<document id="386938851392229376" url="https://twitter.com/JeffTincher/status/386938851392229376"/>
		<document id="386991855726235648" url="https://twitter.com/JeffTincher/status/386991855726235648"/>
		<document id="386992295373193217" url="https://twitter.com/JeffTincher/status/386992295373193217"/>
		<document id="386992573489111040" url="https://twitter.com/JeffTincher/status/386992573489111040"/>
		<document id="387003745206546432" url="https://twitter.com/JeffTincher/status/387003745206546432"/>
		<document id="387004816473718784" url="https://twitter.com/JeffTincher/status/387004816473718784"/>
		<document id="387030421898534912" url="https://twitter.com/JeffTincher/status/387030421898534912"/>
		<document id="387043334076002304" url="https://twitter.com/JeffTincher/status/387043334076002304"/>
		<document id="387199470632701952" url="https://twitter.com/JeffTincher/status/387199470632701952"/>
		<document id="387311056236060673" url="https://twitter.com/JeffTincher/status/387311056236060673"/>
		<document id="387311459295698944" url="https://twitter.com/JeffTincher/status/387311459295698944"/>
		<document id="387329790736601088" url="https://twitter.com/JeffTincher/status/387329790736601088"/>
		<document id="387334062379401216" url="https://twitter.com/JeffTincher/status/387334062379401216"/>
		<document id="387334167467655168" url="https://twitter.com/JeffTincher/status/387334167467655168"/>
		<document id="387378070224920576" url="https://twitter.com/JeffTincher/status/387378070224920576"/>
		<document id="387381847472484352" url="https://twitter.com/JeffTincher/status/387381847472484352"/>
		<document id="387388048721584128" url="https://twitter.com/JeffTincher/status/387388048721584128"/>
		<document id="387405682921963520" url="https://twitter.com/JeffTincher/status/387405682921963520"/>
		<document id="387550580165869568" url="https://twitter.com/JeffTincher/status/387550580165869568"/>
		<document id="387627410671562752" url="https://twitter.com/JeffTincher/status/387627410671562752"/>
		<document id="387749495217594369" url="https://twitter.com/JeffTincher/status/387749495217594369"/>
		<document id="387751796246331392" url="https://twitter.com/JeffTincher/status/387751796246331392"/>
		<document id="387752070918717441" url="https://twitter.com/JeffTincher/status/387752070918717441"/>
		<document id="387768069638356992" url="https://twitter.com/JeffTincher/status/387768069638356992"/>
		<document id="387916435001188352" url="https://twitter.com/JeffTincher/status/387916435001188352"/>
		<document id="387961038211399680" url="https://twitter.com/JeffTincher/status/387961038211399680"/>
		<document id="388130497765052416" url="https://twitter.com/JeffTincher/status/388130497765052416"/>
		<document id="388345528351985664" url="https://twitter.com/JeffTincher/status/388345528351985664"/>
		<document id="388345896439918593" url="https://twitter.com/JeffTincher/status/388345896439918593"/>
		<document id="388348239512367104" url="https://twitter.com/JeffTincher/status/388348239512367104"/>
		<document id="388383709327810560" url="https://twitter.com/JeffTincher/status/388383709327810560"/>
		<document id="388465147578445824" url="https://twitter.com/JeffTincher/status/388465147578445824"/>
		<document id="388492879985135616" url="https://twitter.com/JeffTincher/status/388492879985135616"/>
		<document id="388624429649264640" url="https://twitter.com/JeffTincher/status/388624429649264640"/>
		<document id="388673937166835712" url="https://twitter.com/JeffTincher/status/388673937166835712"/>
		<document id="388714455515025408" url="https://twitter.com/JeffTincher/status/388714455515025408"/>
		<document id="388746082895015936" url="https://twitter.com/JeffTincher/status/388746082895015936"/>
		<document id="388855257666957312" url="https://twitter.com/JeffTincher/status/388855257666957312"/>
		<document id="389080985197113344" url="https://twitter.com/JeffTincher/status/389080985197113344"/>
		<document id="389185599644925952" url="https://twitter.com/JeffTincher/status/389185599644925952"/>
		<document id="389217655800221696" url="https://twitter.com/JeffTincher/status/389217655800221696"/>
		<document id="389580037512781824" url="https://twitter.com/JeffTincher/status/389580037512781824"/>
		<document id="389801905880567809" url="https://twitter.com/JeffTincher/status/389801905880567809"/>
		<document id="389942398497079296" url="https://twitter.com/JeffTincher/status/389942398497079296"/>
		<document id="390100391595376640" url="https://twitter.com/JeffTincher/status/390100391595376640"/>
		<document id="390103624137060352" url="https://twitter.com/JeffTincher/status/390103624137060352"/>
		<document id="390103740088598528" url="https://twitter.com/JeffTincher/status/390103740088598528"/>
		<document id="390108636607160320" url="https://twitter.com/JeffTincher/status/390108636607160320"/>
		<document id="390146013866246144" url="https://twitter.com/JeffTincher/status/390146013866246144"/>
		<document id="390195652686544896" url="https://twitter.com/JeffTincher/status/390195652686544896"/>
		<document id="390297594997395457" url="https://twitter.com/JeffTincher/status/390297594997395457"/>
		<document id="390304820546256896" url="https://twitter.com/JeffTincher/status/390304820546256896"/>
		<document id="390473358233829376" url="https://twitter.com/JeffTincher/status/390473358233829376"/>
		<document id="390485862049677312" url="https://twitter.com/JeffTincher/status/390485862049677312"/>
		<document id="390526500795346944" url="https://twitter.com/JeffTincher/status/390526500795346944"/>
		<document id="390558040493416448" url="https://twitter.com/JeffTincher/status/390558040493416448"/>
		<document id="390585470650187776" url="https://twitter.com/JeffTincher/status/390585470650187776"/>
		<document id="390667174937100288" url="https://twitter.com/JeffTincher/status/390667174937100288"/>
		<document id="390888842724929536" url="https://twitter.com/JeffTincher/status/390888842724929536"/>
		<document id="390898084567216128" url="https://twitter.com/JeffTincher/status/390898084567216128"/>
		<document id="390916406201442304" url="https://twitter.com/JeffTincher/status/390916406201442304"/>
		<document id="390947963109117952" url="https://twitter.com/JeffTincher/status/390947963109117952"/>
		<document id="390979586525523968" url="https://twitter.com/JeffTincher/status/390979586525523968"/>
		<document id="391029569245171712" url="https://twitter.com/JeffTincher/status/391029569245171712"/>
		<document id="391251343325016064" url="https://twitter.com/JeffTincher/status/391251343325016064"/>
		<document id="391391972910694400" url="https://twitter.com/JeffTincher/status/391391972910694400"/>
		<document id="391754388639076352" url="https://twitter.com/JeffTincher/status/391754388639076352"/>
		<document id="392027771024986112" url="https://twitter.com/JeffTincher/status/392027771024986112"/>
		<document id="392116757160538112" url="https://twitter.com/JeffTincher/status/392116757160538112"/>
		<document id="392338295231086592" url="https://twitter.com/JeffTincher/status/392338295231086592"/>
		<document id="392396048183721984" url="https://twitter.com/JeffTincher/status/392396048183721984"/>
		<document id="392479115913482240" url="https://twitter.com/JeffTincher/status/392479115913482240"/>
		<document id="392684257065594880" url="https://twitter.com/JeffTincher/status/392684257065594880"/>
		<document id="392684375793750016" url="https://twitter.com/JeffTincher/status/392684375793750016"/>
		<document id="392685184346488832" url="https://twitter.com/JeffTincher/status/392685184346488832"/>
		<document id="392701732016254976" url="https://twitter.com/JeffTincher/status/392701732016254976"/>
		<document id="392702493412827136" url="https://twitter.com/JeffTincher/status/392702493412827136"/>
		<document id="392803556652482560" url="https://twitter.com/JeffTincher/status/392803556652482560"/>
		<document id="392803730586107904" url="https://twitter.com/JeffTincher/status/392803730586107904"/>
		<document id="392841536511430656" url="https://twitter.com/JeffTincher/status/392841536511430656"/>
		<document id="392844478500716544" url="https://twitter.com/JeffTincher/status/392844478500716544"/>
		<document id="393064347733225472" url="https://twitter.com/JeffTincher/status/393064347733225472"/>
		<document id="393101442010984448" url="https://twitter.com/JeffTincher/status/393101442010984448"/>
		<document id="393203918622457856" url="https://twitter.com/JeffTincher/status/393203918622457856"/>
		<document id="393348973358227456" url="https://twitter.com/JeffTincher/status/393348973358227456"/>
		<document id="393349180770775041" url="https://twitter.com/JeffTincher/status/393349180770775041"/>
		<document id="393349573667999744" url="https://twitter.com/JeffTincher/status/393349573667999744"/>
		<document id="393374975551602688" url="https://twitter.com/JeffTincher/status/393374975551602688"/>
		<document id="393484641002610690" url="https://twitter.com/JeffTincher/status/393484641002610690"/>
		<document id="393566297306710016" url="https://twitter.com/JeffTincher/status/393566297306710016"/>
		<document id="393787880952561664" url="https://twitter.com/JeffTincher/status/393787880952561664"/>
		<document id="393928669338824704" url="https://twitter.com/JeffTincher/status/393928669338824704"/>
		<document id="394130381999722496" url="https://twitter.com/JeffTincher/status/394130381999722496"/>
		<document id="394291093212516352" url="https://twitter.com/JeffTincher/status/394291093212516352"/>
		<document id="394653472714682368" url="https://twitter.com/JeffTincher/status/394653472714682368"/>
		<document id="395006128393695232" url="https://twitter.com/JeffTincher/status/395006128393695232"/>
		<document id="395007919659315201" url="https://twitter.com/JeffTincher/status/395007919659315201"/>
		<document id="395015852149731328" url="https://twitter.com/JeffTincher/status/395015852149731328"/>
		<document id="395137971277803520" url="https://twitter.com/JeffTincher/status/395137971277803520"/>
		<document id="395378248869494784" url="https://twitter.com/JeffTincher/status/395378248869494784"/>
		<document id="395570730475089921" url="https://twitter.com/JeffTincher/status/395570730475089921"/>
		<document id="395571101310275584" url="https://twitter.com/JeffTincher/status/395571101310275584"/>
		<document id="395740645044023296" url="https://twitter.com/JeffTincher/status/395740645044023296"/>
		<document id="395900983592501248" url="https://twitter.com/JeffTincher/status/395900983592501248"/>
		<document id="396103022537105408" url="https://twitter.com/JeffTincher/status/396103022537105408"/>
		<document id="396465416274726912" url="https://twitter.com/JeffTincher/status/396465416274726912"/>
		<document id="396827800810061824" url="https://twitter.com/JeffTincher/status/396827800810061824"/>
		<document id="397018002136518656" url="https://twitter.com/JeffTincher/status/397018002136518656"/>
		<document id="397062332901498880" url="https://twitter.com/JeffTincher/status/397062332901498880"/>
		<document id="397076342170079232" url="https://twitter.com/JeffTincher/status/397076342170079232"/>
		<document id="397190194367299584" url="https://twitter.com/JeffTincher/status/397190194367299584"/>
		<document id="397340014818123776" url="https://twitter.com/JeffTincher/status/397340014818123776"/>
		<document id="397353547182133248" url="https://twitter.com/JeffTincher/status/397353547182133248"/>
		<document id="397410029642739712" url="https://twitter.com/JeffTincher/status/397410029642739712"/>
		<document id="397426843709882368" url="https://twitter.com/JeffTincher/status/397426843709882368"/>
		<document id="397433287393546241" url="https://twitter.com/JeffTincher/status/397433287393546241"/>
		<document id="397461959487913985" url="https://twitter.com/JeffTincher/status/397461959487913985"/>
		<document id="397552575563972608" url="https://twitter.com/JeffTincher/status/397552575563972608"/>
		<document id="397555864540033024" url="https://twitter.com/JeffTincher/status/397555864540033024"/>
		<document id="397557809044525056" url="https://twitter.com/JeffTincher/status/397557809044525056"/>
		<document id="397702608556920832" url="https://twitter.com/JeffTincher/status/397702608556920832"/>
		<document id="397723888291180544" url="https://twitter.com/JeffTincher/status/397723888291180544"/>
		<document id="397740516538077184" url="https://twitter.com/JeffTincher/status/397740516538077184"/>
		<document id="397772687709597696" url="https://twitter.com/JeffTincher/status/397772687709597696"/>
		<document id="397914976947814400" url="https://twitter.com/JeffTincher/status/397914976947814400"/>
		<document id="398169277574184961" url="https://twitter.com/JeffTincher/status/398169277574184961"/>
		<document id="398277357032984576" url="https://twitter.com/JeffTincher/status/398277357032984576"/>
		<document id="398514016118923264" url="https://twitter.com/JeffTincher/status/398514016118923264"/>
		<document id="398549424160260096" url="https://twitter.com/JeffTincher/status/398549424160260096"/>
		<document id="398549561955741696" url="https://twitter.com/JeffTincher/status/398549561955741696"/>
		<document id="398549835030069248" url="https://twitter.com/JeffTincher/status/398549835030069248"/>
		<document id="398550018673487872" url="https://twitter.com/JeffTincher/status/398550018673487872"/>
		<document id="398582228483342337" url="https://twitter.com/JeffTincher/status/398582228483342337"/>
		<document id="398639745108312064" url="https://twitter.com/JeffTincher/status/398639745108312064"/>
		<document id="398859748512382977" url="https://twitter.com/JeffTincher/status/398859748512382977"/>
		<document id="399002137998680064" url="https://twitter.com/JeffTincher/status/399002137998680064"/>
		<document id="399364526673760257" url="https://twitter.com/JeffTincher/status/399364526673760257"/>
		<document id="399726902493327360" url="https://twitter.com/JeffTincher/status/399726902493327360"/>
		<document id="399946986813947904" url="https://twitter.com/JeffTincher/status/399946986813947904"/>
		<document id="399987733482856448" url="https://twitter.com/JeffTincher/status/399987733482856448"/>
		<document id="400008299778560000" url="https://twitter.com/JeffTincher/status/400008299778560000"/>
		<document id="400047036286136320" url="https://twitter.com/JeffTincher/status/400047036286136320"/>
		<document id="400061716769558528" url="https://twitter.com/JeffTincher/status/400061716769558528"/>
		<document id="400089297866739712" url="https://twitter.com/JeffTincher/status/400089297866739712"/>
		<document id="400272622476611584" url="https://twitter.com/JeffTincher/status/400272622476611584"/>
		<document id="400309703177412608" url="https://twitter.com/JeffTincher/status/400309703177412608"/>
		<document id="400337029096939520" url="https://twitter.com/JeffTincher/status/400337029096939520"/>
		<document id="400451692984279041" url="https://twitter.com/JeffTincher/status/400451692984279041"/>
		<document id="400704428920934400" url="https://twitter.com/JeffTincher/status/400704428920934400"/>
		<document id="400709526422163456" url="https://twitter.com/JeffTincher/status/400709526422163456"/>
		<document id="400709752134459392" url="https://twitter.com/JeffTincher/status/400709752134459392"/>
		<document id="400719984810536960" url="https://twitter.com/JeffTincher/status/400719984810536960"/>
		<document id="400747485918138368" url="https://twitter.com/JeffTincher/status/400747485918138368"/>
		<document id="400765483236220928" url="https://twitter.com/JeffTincher/status/400765483236220928"/>
		<document id="400783908218097665" url="https://twitter.com/JeffTincher/status/400783908218097665"/>
		<document id="400814068757708800" url="https://twitter.com/JeffTincher/status/400814068757708800"/>
		<document id="400820924179816448" url="https://twitter.com/JeffTincher/status/400820924179816448"/>
		<document id="400821959036268544" url="https://twitter.com/JeffTincher/status/400821959036268544"/>
		<document id="400822560000331776" url="https://twitter.com/JeffTincher/status/400822560000331776"/>
		<document id="400823144220741632" url="https://twitter.com/JeffTincher/status/400823144220741632"/>
		<document id="400987124046258176" url="https://twitter.com/JeffTincher/status/400987124046258176"/>
		<document id="401033975067865088" url="https://twitter.com/JeffTincher/status/401033975067865088"/>
		<document id="401034299031699456" url="https://twitter.com/JeffTincher/status/401034299031699456"/>
		<document id="401144231441743874" url="https://twitter.com/JeffTincher/status/401144231441743874"/>
		<document id="401176471617945600" url="https://twitter.com/JeffTincher/status/401176471617945600"/>
		<document id="401376955800752128" url="https://twitter.com/JeffTincher/status/401376955800752128"/>
		<document id="401377136780779520" url="https://twitter.com/JeffTincher/status/401377136780779520"/>
		<document id="401377313809784832" url="https://twitter.com/JeffTincher/status/401377313809784832"/>
		<document id="401377395112157184" url="https://twitter.com/JeffTincher/status/401377395112157184"/>
		<document id="401390404693946368" url="https://twitter.com/JeffTincher/status/401390404693946368"/>
		<document id="401392202540384256" url="https://twitter.com/JeffTincher/status/401392202540384256"/>
		<document id="401392512063275008" url="https://twitter.com/JeffTincher/status/401392512063275008"/>
		<document id="401396895379382272" url="https://twitter.com/JeffTincher/status/401396895379382272"/>
		<document id="401399573627043840" url="https://twitter.com/JeffTincher/status/401399573627043840"/>
		<document id="401400302018248704" url="https://twitter.com/JeffTincher/status/401400302018248704"/>
		<document id="401439734645653504" url="https://twitter.com/JeffTincher/status/401439734645653504"/>
		<document id="401463471659044864" url="https://twitter.com/JeffTincher/status/401463471659044864"/>
		<document id="401538839543840768" url="https://twitter.com/JeffTincher/status/401538839543840768"/>
		<document id="401901230127341569" url="https://twitter.com/JeffTincher/status/401901230127341569"/>
		<document id="402089974654578689" url="https://twitter.com/JeffTincher/status/402089974654578689"/>
		<document id="402263621117685760" url="https://twitter.com/JeffTincher/status/402263621117685760"/>
		<document id="402421490257522688" url="https://twitter.com/JeffTincher/status/402421490257522688"/>
		<document id="402485259268538368" url="https://twitter.com/JeffTincher/status/402485259268538368"/>
		<document id="402545170610012160" url="https://twitter.com/JeffTincher/status/402545170610012160"/>
		<document id="402545441847267328" url="https://twitter.com/JeffTincher/status/402545441847267328"/>
		<document id="402626026209280000" url="https://twitter.com/JeffTincher/status/402626026209280000"/>
		<document id="402988421784031232" url="https://twitter.com/JeffTincher/status/402988421784031232"/>
		<document id="402995324827881472" url="https://twitter.com/JeffTincher/status/402995324827881472"/>
		<document id="402995666000949248" url="https://twitter.com/JeffTincher/status/402995666000949248"/>
		<document id="402996976637063168" url="https://twitter.com/JeffTincher/status/402996976637063168"/>
		<document id="402997059046760449" url="https://twitter.com/JeffTincher/status/402997059046760449"/>
		<document id="402998089805340673" url="https://twitter.com/JeffTincher/status/402998089805340673"/>
		<document id="402998902062075904" url="https://twitter.com/JeffTincher/status/402998902062075904"/>
		<document id="403228134818201600" url="https://twitter.com/JeffTincher/status/403228134818201600"/>
		<document id="403350787989860353" url="https://twitter.com/JeffTincher/status/403350787989860353"/>
		<document id="403570810012860416" url="https://twitter.com/JeffTincher/status/403570810012860416"/>
		<document id="403605437897248768" url="https://twitter.com/JeffTincher/status/403605437897248768"/>
		<document id="403605530981441536" url="https://twitter.com/JeffTincher/status/403605530981441536"/>
		<document id="403608941382598656" url="https://twitter.com/JeffTincher/status/403608941382598656"/>
		<document id="403613739343433728" url="https://twitter.com/JeffTincher/status/403613739343433728"/>
		<document id="403617770300256256" url="https://twitter.com/JeffTincher/status/403617770300256256"/>
		<document id="403621713059270656" url="https://twitter.com/JeffTincher/status/403621713059270656"/>
		<document id="403621818923499520" url="https://twitter.com/JeffTincher/status/403621818923499520"/>
		<document id="403713175100882944" url="https://twitter.com/JeffTincher/status/403713175100882944"/>
		<document id="404075561162915840" url="https://twitter.com/JeffTincher/status/404075561162915840"/>
		<document id="404437956850892800" url="https://twitter.com/JeffTincher/status/404437956850892800"/>
		<document id="404663016102572032" url="https://twitter.com/JeffTincher/status/404663016102572032"/>
		<document id="404780661711839232" url="https://twitter.com/JeffTincher/status/404780661711839232"/>
		<document id="404782007047036928" url="https://twitter.com/JeffTincher/status/404782007047036928"/>
		<document id="404800349644787712" url="https://twitter.com/JeffTincher/status/404800349644787712"/>
		<document id="405021693787537408" url="https://twitter.com/JeffTincher/status/405021693787537408"/>
		<document id="405163469508722689" url="https://twitter.com/JeffTincher/status/405163469508722689"/>
		<document id="405368657725104128" url="https://twitter.com/JeffTincher/status/405368657725104128"/>
		<document id="405525872905818113" url="https://twitter.com/JeffTincher/status/405525872905818113"/>
		<document id="405755722400813056" url="https://twitter.com/JeffTincher/status/405755722400813056"/>
		<document id="405785418979115008" url="https://twitter.com/JeffTincher/status/405785418979115008"/>
		<document id="405888256195448832" url="https://twitter.com/JeffTincher/status/405888256195448832"/>
		<document id="405895044499902464" url="https://twitter.com/JeffTincher/status/405895044499902464"/>
		<document id="405948513349300224" url="https://twitter.com/JeffTincher/status/405948513349300224"/>
		<document id="406147275556397056" url="https://twitter.com/JeffTincher/status/406147275556397056"/>
		<document id="406250659105996801" url="https://twitter.com/JeffTincher/status/406250659105996801"/>
		<document id="406559244142780416" url="https://twitter.com/JeffTincher/status/406559244142780416"/>
		<document id="406613031733719040" url="https://twitter.com/JeffTincher/status/406613031733719040"/>
		<document id="406772857343987712" url="https://twitter.com/JeffTincher/status/406772857343987712"/>
		<document id="406795608846913536" url="https://twitter.com/JeffTincher/status/406795608846913536"/>
		<document id="406803817770917888" url="https://twitter.com/JeffTincher/status/406803817770917888"/>
		<document id="406803986201591808" url="https://twitter.com/JeffTincher/status/406803986201591808"/>
		<document id="406804086319611904" url="https://twitter.com/JeffTincher/status/406804086319611904"/>
		<document id="406804168582496256" url="https://twitter.com/JeffTincher/status/406804168582496256"/>
		<document id="406804318549864448" url="https://twitter.com/JeffTincher/status/406804318549864448"/>
		<document id="406804562922598400" url="https://twitter.com/JeffTincher/status/406804562922598400"/>
		<document id="406804761409634304" url="https://twitter.com/JeffTincher/status/406804761409634304"/>
		<document id="406816500800950272" url="https://twitter.com/JeffTincher/status/406816500800950272"/>
		<document id="406821009153478656" url="https://twitter.com/JeffTincher/status/406821009153478656"/>
		<document id="406822997350027264" url="https://twitter.com/JeffTincher/status/406822997350027264"/>
		<document id="406824172996657152" url="https://twitter.com/JeffTincher/status/406824172996657152"/>
		<document id="406824449171001344" url="https://twitter.com/JeffTincher/status/406824449171001344"/>
		<document id="406838508389957632" url="https://twitter.com/JeffTincher/status/406838508389957632"/>
		<document id="406841723651117056" url="https://twitter.com/JeffTincher/status/406841723651117056"/>
		<document id="406866363131895809" url="https://twitter.com/JeffTincher/status/406866363131895809"/>
		<document id="406867569199828993" url="https://twitter.com/JeffTincher/status/406867569199828993"/>
		<document id="406975426738016256" url="https://twitter.com/JeffTincher/status/406975426738016256"/>
		<document id="407130851164839936" url="https://twitter.com/JeffTincher/status/407130851164839936"/>
		<document id="407178934174760960" url="https://twitter.com/JeffTincher/status/407178934174760960"/>
		<document id="407337807074820096" url="https://twitter.com/JeffTincher/status/407337807074820096"/>
		<document id="407700187675906049" url="https://twitter.com/JeffTincher/status/407700187675906049"/>
		<document id="407913220150546432" url="https://twitter.com/JeffTincher/status/407913220150546432"/>
		<document id="408062590146080768" url="https://twitter.com/JeffTincher/status/408062590146080768"/>
		<document id="408195811722661888" url="https://twitter.com/JeffTincher/status/408195811722661888"/>
		<document id="408247458377265152" url="https://twitter.com/JeffTincher/status/408247458377265152"/>
		<document id="408279259602767872" url="https://twitter.com/JeffTincher/status/408279259602767872"/>
		<document id="408424973813161984" url="https://twitter.com/JeffTincher/status/408424973813161984"/>
		<document id="408615106415976448" url="https://twitter.com/JeffTincher/status/408615106415976448"/>
		<document id="408616857927962624" url="https://twitter.com/JeffTincher/status/408616857927962624"/>
		<document id="408620455034380288" url="https://twitter.com/JeffTincher/status/408620455034380288"/>
		<document id="408645514369183744" url="https://twitter.com/JeffTincher/status/408645514369183744"/>
		<document id="408664432559280128" url="https://twitter.com/JeffTincher/status/408664432559280128"/>
		<document id="408717756964798464" url="https://twitter.com/JeffTincher/status/408717756964798464"/>
		<document id="408717888733069312" url="https://twitter.com/JeffTincher/status/408717888733069312"/>
		<document id="408768492687855616" url="https://twitter.com/JeffTincher/status/408768492687855616"/>
		<document id="408787356339404800" url="https://twitter.com/JeffTincher/status/408787356339404800"/>
		<document id="409044576453005312" url="https://twitter.com/JeffTincher/status/409044576453005312"/>
		<document id="409123873611718656" url="https://twitter.com/JeffTincher/status/409123873611718656"/>
		<document id="409149746910334976" url="https://twitter.com/JeffTincher/status/409149746910334976"/>
		<document id="409153300274380800" url="https://twitter.com/JeffTincher/status/409153300274380800"/>
		<document id="409223731949862913" url="https://twitter.com/JeffTincher/status/409223731949862913"/>
		<document id="409303046465015808" url="https://twitter.com/JeffTincher/status/409303046465015808"/>
		<document id="409512133630906368" url="https://twitter.com/JeffTincher/status/409512133630906368"/>
		<document id="409531250484203520" url="https://twitter.com/JeffTincher/status/409531250484203520"/>
		<document id="409532071674413056" url="https://twitter.com/JeffTincher/status/409532071674413056"/>
		<document id="409722355951632384" url="https://twitter.com/JeffTincher/status/409722355951632384"/>
		<document id="409874526315773952" url="https://twitter.com/JeffTincher/status/409874526315773952"/>
		<document id="409893953815982080" url="https://twitter.com/JeffTincher/status/409893953815982080"/>
		<document id="410084751534747648" url="https://twitter.com/JeffTincher/status/410084751534747648"/>
		<document id="410110588959092736" url="https://twitter.com/JeffTincher/status/410110588959092736"/>
		<document id="410197934094180352" url="https://twitter.com/JeffTincher/status/410197934094180352"/>
		<document id="410236923790520320" url="https://twitter.com/JeffTincher/status/410236923790520320"/>
		<document id="410392214553239552" url="https://twitter.com/JeffTincher/status/410392214553239552"/>
		<document id="410423825373732865" url="https://twitter.com/JeffTincher/status/410423825373732865"/>
		<document id="410436554478194688" url="https://twitter.com/JeffTincher/status/410436554478194688"/>
		<document id="410436694328885248" url="https://twitter.com/JeffTincher/status/410436694328885248"/>
		<document id="410437638659649537" url="https://twitter.com/JeffTincher/status/410437638659649537"/>
		<document id="410514958003503104" url="https://twitter.com/JeffTincher/status/410514958003503104"/>
		<document id="410531012469620736" url="https://twitter.com/JeffTincher/status/410531012469620736"/>
		<document id="410554598844530688" url="https://twitter.com/JeffTincher/status/410554598844530688"/>
		<document id="410599323886714880" url="https://twitter.com/JeffTincher/status/410599323886714880"/>
		<document id="410894340106375168" url="https://twitter.com/JeffTincher/status/410894340106375168"/>
		<document id="410905503888191488" url="https://twitter.com/JeffTincher/status/410905503888191488"/>
		<document id="410953097004204032" url="https://twitter.com/JeffTincher/status/410953097004204032"/>
		<document id="410953501515063296" url="https://twitter.com/JeffTincher/status/410953501515063296"/>
		<document id="410953888087683073" url="https://twitter.com/JeffTincher/status/410953888087683073"/>
		<document id="410954559738368000" url="https://twitter.com/JeffTincher/status/410954559738368000"/>
		<document id="410955165630730240" url="https://twitter.com/JeffTincher/status/410955165630730240"/>
		<document id="410955488155938816" url="https://twitter.com/JeffTincher/status/410955488155938816"/>
		<document id="410955643697496064" url="https://twitter.com/JeffTincher/status/410955643697496064"/>
		<document id="410955879195095040" url="https://twitter.com/JeffTincher/status/410955879195095040"/>
		<document id="410956410328190976" url="https://twitter.com/JeffTincher/status/410956410328190976"/>
		<document id="410956778361610240" url="https://twitter.com/JeffTincher/status/410956778361610240"/>
		<document id="410957135766630400" url="https://twitter.com/JeffTincher/status/410957135766630400"/>
		<document id="410961680852844545" url="https://twitter.com/JeffTincher/status/410961680852844545"/>
		<document id="411115970246492160" url="https://twitter.com/JeffTincher/status/411115970246492160"/>
		<document id="411116827469955072" url="https://twitter.com/JeffTincher/status/411116827469955072"/>
		<document id="411153343772237824" url="https://twitter.com/JeffTincher/status/411153343772237824"/>
		<document id="411164666279112704" url="https://twitter.com/JeffTincher/status/411164666279112704"/>
		<document id="411178622309781504" url="https://twitter.com/JeffTincher/status/411178622309781504"/>
		<document id="411178891567304704" url="https://twitter.com/JeffTincher/status/411178891567304704"/>
		<document id="411179489754759168" url="https://twitter.com/JeffTincher/status/411179489754759168"/>
		<document id="411284327268233216" url="https://twitter.com/JeffTincher/status/411284327268233216"/>
		<document id="411324075974623232" url="https://twitter.com/JeffTincher/status/411324075974623232"/>
		<document id="411686485524774912" url="https://twitter.com/JeffTincher/status/411686485524774912"/>
		<document id="411873504951554048" url="https://twitter.com/JeffTincher/status/411873504951554048"/>
		<document id="411873868543168512" url="https://twitter.com/JeffTincher/status/411873868543168512"/>
		<document id="411955062479785984" url="https://twitter.com/JeffTincher/status/411955062479785984"/>
		<document id="412048856395042817" url="https://twitter.com/JeffTincher/status/412048856395042817"/>
		<document id="412100614047694848" url="https://twitter.com/JeffTincher/status/412100614047694848"/>
		<document id="412259080280215552" url="https://twitter.com/JeffTincher/status/412259080280215552"/>
		<document id="412403359615033344" url="https://twitter.com/JeffTincher/status/412403359615033344"/>
		<document id="412403437624897536" url="https://twitter.com/JeffTincher/status/412403437624897536"/>
		<document id="412411243396599808" url="https://twitter.com/JeffTincher/status/412411243396599808"/>
		<document id="412480534250786816" url="https://twitter.com/JeffTincher/status/412480534250786816"/>
		<document id="412622181500465152" url="https://twitter.com/JeffTincher/status/412622181500465152"/>
		<document id="412626956535209984" url="https://twitter.com/JeffTincher/status/412626956535209984"/>
		<document id="412634075544158208" url="https://twitter.com/JeffTincher/status/412634075544158208"/>
		<document id="412634399508013056" url="https://twitter.com/JeffTincher/status/412634399508013056"/>
		<document id="412635444015554560" url="https://twitter.com/JeffTincher/status/412635444015554560"/>
		<document id="412773624203198464" url="https://twitter.com/JeffTincher/status/412773624203198464"/>
		<document id="412856549787574272" url="https://twitter.com/JeffTincher/status/412856549787574272"/>
		<document id="413025320040923136" url="https://twitter.com/JeffTincher/status/413025320040923136"/>
		<document id="413032191950880768" url="https://twitter.com/JeffTincher/status/413032191950880768"/>
		<document id="413037698509983744" url="https://twitter.com/JeffTincher/status/413037698509983744"/>
		<document id="413044383832096768" url="https://twitter.com/JeffTincher/status/413044383832096768"/>
		<document id="413091927345856512" url="https://twitter.com/JeffTincher/status/413091927345856512"/>
		<document id="413136023150145536" url="https://twitter.com/JeffTincher/status/413136023150145536"/>
		<document id="413334481194332160" url="https://twitter.com/JeffTincher/status/413334481194332160"/>
		<document id="413334708299120641" url="https://twitter.com/JeffTincher/status/413334708299120641"/>
		<document id="413498416950693889" url="https://twitter.com/JeffTincher/status/413498416950693889"/>
		<document id="413516079592656896" url="https://twitter.com/JeffTincher/status/413516079592656896"/>
		<document id="413688842999582720" url="https://twitter.com/JeffTincher/status/413688842999582720"/>
		<document id="413710380121473024" url="https://twitter.com/JeffTincher/status/413710380121473024"/>
		<document id="413717213078884352" url="https://twitter.com/JeffTincher/status/413717213078884352"/>
		<document id="413773931368038402" url="https://twitter.com/JeffTincher/status/413773931368038402"/>
		<document id="413860815331418112" url="https://twitter.com/JeffTincher/status/413860815331418112"/>
		<document id="414096781031788544" url="https://twitter.com/JeffTincher/status/414096781031788544"/>
		<document id="414223175954997248" url="https://twitter.com/JeffTincher/status/414223175954997248"/>
		<document id="414372964604211200" url="https://twitter.com/JeffTincher/status/414372964604211200"/>
		<document id="414447310983421952" url="https://twitter.com/JeffTincher/status/414447310983421952"/>
		<document id="414519586474958849" url="https://twitter.com/JeffTincher/status/414519586474958849"/>
		<document id="414585565473148928" url="https://twitter.com/JeffTincher/status/414585565473148928"/>
		<document id="414795504594472961" url="https://twitter.com/JeffTincher/status/414795504594472961"/>
		<document id="414947967955898368" url="https://twitter.com/JeffTincher/status/414947967955898368"/>
		<document id="415110804329861120" url="https://twitter.com/JeffTincher/status/415110804329861120"/>
		<document id="415310342135496704" url="https://twitter.com/JeffTincher/status/415310342135496704"/>
		<document id="415529142130847744" url="https://twitter.com/JeffTincher/status/415529142130847744"/>
		<document id="415601557196263424" url="https://twitter.com/JeffTincher/status/415601557196263424"/>
		<document id="415672731825623040" url="https://twitter.com/JeffTincher/status/415672731825623040"/>
		<document id="415826015077011456" url="https://twitter.com/JeffTincher/status/415826015077011456"/>
		<document id="415836248679673856" url="https://twitter.com/JeffTincher/status/415836248679673856"/>
		<document id="416035132596695040" url="https://twitter.com/JeffTincher/status/416035132596695040"/>
		<document id="416226762272813056" url="https://twitter.com/JeffTincher/status/416226762272813056"/>
		<document id="416242854680600576" url="https://twitter.com/JeffTincher/status/416242854680600576"/>
		<document id="416352299112349697" url="https://twitter.com/JeffTincher/status/416352299112349697"/>
		<document id="416397511306534912" url="https://twitter.com/JeffTincher/status/416397511306534912"/>
		<document id="416573424245305344" url="https://twitter.com/JeffTincher/status/416573424245305344"/>
		<document id="416665051173769217" url="https://twitter.com/JeffTincher/status/416665051173769217"/>
		<document id="416759895007174658" url="https://twitter.com/JeffTincher/status/416759895007174658"/>
		<document id="417122255840493568" url="https://twitter.com/JeffTincher/status/417122255840493568"/>
		<document id="417315972518014976" url="https://twitter.com/JeffTincher/status/417315972518014976"/>
		<document id="417484647422246912" url="https://twitter.com/JeffTincher/status/417484647422246912"/>
		<document id="417515924652957696" url="https://twitter.com/JeffTincher/status/417515924652957696"/>
		<document id="417720504238485505" url="https://twitter.com/JeffTincher/status/417720504238485505"/>
		<document id="417847059019202560" url="https://twitter.com/JeffTincher/status/417847059019202560"/>
		<document id="417868159467528193" url="https://twitter.com/JeffTincher/status/417868159467528193"/>
		<document id="417868383976054786" url="https://twitter.com/JeffTincher/status/417868383976054786"/>
		<document id="417868693305962496" url="https://twitter.com/JeffTincher/status/417868693305962496"/>
		<document id="417868795135262720" url="https://twitter.com/JeffTincher/status/417868795135262720"/>
		<document id="418110885539098624" url="https://twitter.com/JeffTincher/status/418110885539098624"/>
		<document id="418125157354729472" url="https://twitter.com/JeffTincher/status/418125157354729472"/>
		<document id="418125388758659073" url="https://twitter.com/JeffTincher/status/418125388758659073"/>
		<document id="418142067672772608" url="https://twitter.com/JeffTincher/status/418142067672772608"/>
		<document id="418209447904030720" url="https://twitter.com/JeffTincher/status/418209447904030720"/>
		<document id="418386252397039616" url="https://twitter.com/JeffTincher/status/418386252397039616"/>
		<document id="418571836004503552" url="https://twitter.com/JeffTincher/status/418571836004503552"/>
		<document id="418738917769089024" url="https://twitter.com/JeffTincher/status/418738917769089024"/>
		<document id="418775283966443520" url="https://twitter.com/JeffTincher/status/418775283966443520"/>
		<document id="418807789772095488" url="https://twitter.com/JeffTincher/status/418807789772095488"/>
		<document id="418863170334490624" url="https://twitter.com/JeffTincher/status/418863170334490624"/>
		<document id="418934242467651584" url="https://twitter.com/JeffTincher/status/418934242467651584"/>
		<document id="419148418687442944" url="https://twitter.com/JeffTincher/status/419148418687442944"/>
		<document id="419170093558661120" url="https://twitter.com/JeffTincher/status/419170093558661120"/>
		<document id="419254162107674624" url="https://twitter.com/JeffTincher/status/419254162107674624"/>
		<document id="419296621328072704" url="https://twitter.com/JeffTincher/status/419296621328072704"/>
		<document id="419477395784335361" url="https://twitter.com/JeffTincher/status/419477395784335361"/>
		<document id="419611740994023424" url="https://twitter.com/JeffTincher/status/419611740994023424"/>
		<document id="419640232896892928" url="https://twitter.com/JeffTincher/status/419640232896892928"/>
		<document id="419658968555077632" url="https://twitter.com/JeffTincher/status/419658968555077632"/>
	</documents>
</author>