<?xml version="1.0" encoding="UTF-8" standalone="no"?><author age_group="xx" gender="xx" lang="EN" type="twitter" url="https://twitter.com/jimhesson">
	<documents count="450">
		<document id="10861995058274304" url="https://twitter.com/jimhesson/status/10861995058274304"/>
		<document id="10864232883032064" url="https://twitter.com/jimhesson/status/10864232883032064"/>
		<document id="10867204744552448" url="https://twitter.com/jimhesson/status/10867204744552448"/>
		<document id="11197624740741120" url="https://twitter.com/jimhesson/status/11197624740741120"/>
		<document id="11533094439886849" url="https://twitter.com/jimhesson/status/11533094439886849"/>
		<document id="11552567024680960" url="https://twitter.com/jimhesson/status/11552567024680960"/>
		<document id="11601043297148929" url="https://twitter.com/jimhesson/status/11601043297148929"/>
		<document id="11658974684250113" url="https://twitter.com/jimhesson/status/11658974684250113"/>
		<document id="11659803134791680" url="https://twitter.com/jimhesson/status/11659803134791680"/>
		<document id="11660026976403456" url="https://twitter.com/jimhesson/status/11660026976403456"/>
		<document id="11660322737754112" url="https://twitter.com/jimhesson/status/11660322737754112"/>
		<document id="117085194527313920" url="https://twitter.com/jimhesson/status/117085194527313920"/>
		<document id="117085475063336960" url="https://twitter.com/jimhesson/status/117085475063336960"/>
		<document id="118405514823598080" url="https://twitter.com/jimhesson/status/118405514823598080"/>
		<document id="13048497993424898" url="https://twitter.com/jimhesson/status/13048497993424898"/>
		<document id="13050774447718400" url="https://twitter.com/jimhesson/status/13050774447718400"/>
		<document id="13050985173745664" url="https://twitter.com/jimhesson/status/13050985173745664"/>
		<document id="13057873563099137" url="https://twitter.com/jimhesson/status/13057873563099137"/>
		<document id="13060327675531265" url="https://twitter.com/jimhesson/status/13060327675531265"/>
		<document id="134127397787287552" url="https://twitter.com/jimhesson/status/134127397787287552"/>
		<document id="14019319176364032" url="https://twitter.com/jimhesson/status/14019319176364032"/>
		<document id="16239522392055808" url="https://twitter.com/jimhesson/status/16239522392055808"/>
		<document id="16244538733494272" url="https://twitter.com/jimhesson/status/16244538733494272"/>
		<document id="16245598986440706" url="https://twitter.com/jimhesson/status/16245598986440706"/>
		<document id="16254295234052096" url="https://twitter.com/jimhesson/status/16254295234052096"/>
		<document id="16256498007019520" url="https://twitter.com/jimhesson/status/16256498007019520"/>
		<document id="16831919766" url="https://twitter.com/jimhesson/status/16831919766"/>
		<document id="17225558580" url="https://twitter.com/jimhesson/status/17225558580"/>
		<document id="176506335339360256" url="https://twitter.com/jimhesson/status/176506335339360256"/>
		<document id="176514692905320449" url="https://twitter.com/jimhesson/status/176514692905320449"/>
		<document id="177263427109138432" url="https://twitter.com/jimhesson/status/177263427109138432"/>
		<document id="177432723282079744" url="https://twitter.com/jimhesson/status/177432723282079744"/>
		<document id="177433578337091584" url="https://twitter.com/jimhesson/status/177433578337091584"/>
		<document id="177433810621825024" url="https://twitter.com/jimhesson/status/177433810621825024"/>
		<document id="177434025043050496" url="https://twitter.com/jimhesson/status/177434025043050496"/>
		<document id="177477032349925377" url="https://twitter.com/jimhesson/status/177477032349925377"/>
		<document id="177477253758844928" url="https://twitter.com/jimhesson/status/177477253758844928"/>
		<document id="177580000239820800" url="https://twitter.com/jimhesson/status/177580000239820800"/>
		<document id="177987361559425024" url="https://twitter.com/jimhesson/status/177987361559425024"/>
		<document id="178355816586416128" url="https://twitter.com/jimhesson/status/178355816586416128"/>
		<document id="178355899226791936" url="https://twitter.com/jimhesson/status/178355899226791936"/>
		<document id="178356112528121858" url="https://twitter.com/jimhesson/status/178356112528121858"/>
		<document id="178356220237844481" url="https://twitter.com/jimhesson/status/178356220237844481"/>
		<document id="178356333228208128" url="https://twitter.com/jimhesson/status/178356333228208128"/>
		<document id="178356572630691840" url="https://twitter.com/jimhesson/status/178356572630691840"/>
		<document id="17897994775" url="https://twitter.com/jimhesson/status/17897994775"/>
		<document id="179358362293649408" url="https://twitter.com/jimhesson/status/179358362293649408"/>
		<document id="18012431920" url="https://twitter.com/jimhesson/status/18012431920"/>
		<document id="18080916072" url="https://twitter.com/jimhesson/status/18080916072"/>
		<document id="18081017619" url="https://twitter.com/jimhesson/status/18081017619"/>
		<document id="18163432246" url="https://twitter.com/jimhesson/status/18163432246"/>
		<document id="184853869568860160" url="https://twitter.com/jimhesson/status/184853869568860160"/>
		<document id="184854198259687424" url="https://twitter.com/jimhesson/status/184854198259687424"/>
		<document id="184854300512624640" url="https://twitter.com/jimhesson/status/184854300512624640"/>
		<document id="184854362244386816" url="https://twitter.com/jimhesson/status/184854362244386816"/>
		<document id="184854470625210368" url="https://twitter.com/jimhesson/status/184854470625210368"/>
		<document id="184854589810552832" url="https://twitter.com/jimhesson/status/184854589810552832"/>
		<document id="186478255879110656" url="https://twitter.com/jimhesson/status/186478255879110656"/>
		<document id="187234079748538368" url="https://twitter.com/jimhesson/status/187234079748538368"/>
		<document id="187234151085248512" url="https://twitter.com/jimhesson/status/187234151085248512"/>
		<document id="187234277950365696" url="https://twitter.com/jimhesson/status/187234277950365696"/>
		<document id="187234321655013377" url="https://twitter.com/jimhesson/status/187234321655013377"/>
		<document id="187234410406494211" url="https://twitter.com/jimhesson/status/187234410406494211"/>
		<document id="187234487569104896" url="https://twitter.com/jimhesson/status/187234487569104896"/>
		<document id="187234560847781888" url="https://twitter.com/jimhesson/status/187234560847781888"/>
		<document id="187234720533319680" url="https://twitter.com/jimhesson/status/187234720533319680"/>
		<document id="187577926227730433" url="https://twitter.com/jimhesson/status/187577926227730433"/>
		<document id="187579544138551297" url="https://twitter.com/jimhesson/status/187579544138551297"/>
		<document id="189556737832005633" url="https://twitter.com/jimhesson/status/189556737832005633"/>
		<document id="189558572949049344" url="https://twitter.com/jimhesson/status/189558572949049344"/>
		<document id="190646929955364864" url="https://twitter.com/jimhesson/status/190646929955364864"/>
		<document id="190649619619921920" url="https://twitter.com/jimhesson/status/190649619619921920"/>
		<document id="191364112360538112" url="https://twitter.com/jimhesson/status/191364112360538112"/>
		<document id="191364354996838400" url="https://twitter.com/jimhesson/status/191364354996838400"/>
		<document id="191366663483039746" url="https://twitter.com/jimhesson/status/191366663483039746"/>
		<document id="191367669897891840" url="https://twitter.com/jimhesson/status/191367669897891840"/>
		<document id="191369125015195648" url="https://twitter.com/jimhesson/status/191369125015195648"/>
		<document id="191369863145590784" url="https://twitter.com/jimhesson/status/191369863145590784"/>
		<document id="191371969411825664" url="https://twitter.com/jimhesson/status/191371969411825664"/>
		<document id="191606918735859714" url="https://twitter.com/jimhesson/status/191606918735859714"/>
		<document id="193407784115634176" url="https://twitter.com/jimhesson/status/193407784115634176"/>
		<document id="193408142653145088" url="https://twitter.com/jimhesson/status/193408142653145088"/>
		<document id="201455694262714368" url="https://twitter.com/jimhesson/status/201455694262714368"/>
		<document id="201457719356559361" url="https://twitter.com/jimhesson/status/201457719356559361"/>
		<document id="201762446472523776" url="https://twitter.com/jimhesson/status/201762446472523776"/>
		<document id="20946734792314880" url="https://twitter.com/jimhesson/status/20946734792314880"/>
		<document id="214471455512072192" url="https://twitter.com/jimhesson/status/214471455512072192"/>
		<document id="214472726029664256" url="https://twitter.com/jimhesson/status/214472726029664256"/>
		<document id="214472896859480064" url="https://twitter.com/jimhesson/status/214472896859480064"/>
		<document id="214472972679917568" url="https://twitter.com/jimhesson/status/214472972679917568"/>
		<document id="214473102703337473" url="https://twitter.com/jimhesson/status/214473102703337473"/>
		<document id="214473262581813248" url="https://twitter.com/jimhesson/status/214473262581813248"/>
		<document id="214473375358271488" url="https://twitter.com/jimhesson/status/214473375358271488"/>
		<document id="214473489158123521" url="https://twitter.com/jimhesson/status/214473489158123521"/>
		<document id="214473726731882496" url="https://twitter.com/jimhesson/status/214473726731882496"/>
		<document id="214475957514416128" url="https://twitter.com/jimhesson/status/214475957514416128"/>
		<document id="226318168862388224" url="https://twitter.com/jimhesson/status/226318168862388224"/>
		<document id="22633768930" url="https://twitter.com/jimhesson/status/22633768930"/>
		<document id="22655332370" url="https://twitter.com/jimhesson/status/22655332370"/>
		<document id="23177393204" url="https://twitter.com/jimhesson/status/23177393204"/>
		<document id="23177458359" url="https://twitter.com/jimhesson/status/23177458359"/>
		<document id="23178946668" url="https://twitter.com/jimhesson/status/23178946668"/>
		<document id="23179290049" url="https://twitter.com/jimhesson/status/23179290049"/>
		<document id="23195763143" url="https://twitter.com/jimhesson/status/23195763143"/>
		<document id="23195990705" url="https://twitter.com/jimhesson/status/23195990705"/>
		<document id="23196514749" url="https://twitter.com/jimhesson/status/23196514749"/>
		<document id="23196649271" url="https://twitter.com/jimhesson/status/23196649271"/>
		<document id="23198716539" url="https://twitter.com/jimhesson/status/23198716539"/>
		<document id="23198888048" url="https://twitter.com/jimhesson/status/23198888048"/>
		<document id="23199193639" url="https://twitter.com/jimhesson/status/23199193639"/>
		<document id="23200308068" url="https://twitter.com/jimhesson/status/23200308068"/>
		<document id="23200433263" url="https://twitter.com/jimhesson/status/23200433263"/>
		<document id="23200604659" url="https://twitter.com/jimhesson/status/23200604659"/>
		<document id="23200683944" url="https://twitter.com/jimhesson/status/23200683944"/>
		<document id="232998604887953408" url="https://twitter.com/jimhesson/status/232998604887953408"/>
		<document id="232998605701672960" url="https://twitter.com/jimhesson/status/232998605701672960"/>
		<document id="23862141740" url="https://twitter.com/jimhesson/status/23862141740"/>
		<document id="238738013675454464" url="https://twitter.com/jimhesson/status/238738013675454464"/>
		<document id="23944274726" url="https://twitter.com/jimhesson/status/23944274726"/>
		<document id="24025821800" url="https://twitter.com/jimhesson/status/24025821800"/>
		<document id="24045613818" url="https://twitter.com/jimhesson/status/24045613818"/>
		<document id="24068599692" url="https://twitter.com/jimhesson/status/24068599692"/>
		<document id="244660429866037248" url="https://twitter.com/jimhesson/status/244660429866037248"/>
		<document id="24479717549" url="https://twitter.com/jimhesson/status/24479717549"/>
		<document id="24485683946" url="https://twitter.com/jimhesson/status/24485683946"/>
		<document id="24489458939" url="https://twitter.com/jimhesson/status/24489458939"/>
		<document id="24638244778" url="https://twitter.com/jimhesson/status/24638244778"/>
		<document id="24638277198" url="https://twitter.com/jimhesson/status/24638277198"/>
		<document id="24776896501" url="https://twitter.com/jimhesson/status/24776896501"/>
		<document id="24879589917" url="https://twitter.com/jimhesson/status/24879589917"/>
		<document id="25144945291" url="https://twitter.com/jimhesson/status/25144945291"/>
		<document id="25145112928" url="https://twitter.com/jimhesson/status/25145112928"/>
		<document id="25152435771" url="https://twitter.com/jimhesson/status/25152435771"/>
		<document id="253199942305329155" url="https://twitter.com/jimhesson/status/253199942305329155"/>
		<document id="253200242525220864" url="https://twitter.com/jimhesson/status/253200242525220864"/>
		<document id="253200446431297536" url="https://twitter.com/jimhesson/status/253200446431297536"/>
		<document id="253200973114245122" url="https://twitter.com/jimhesson/status/253200973114245122"/>
		<document id="253201094027644928" url="https://twitter.com/jimhesson/status/253201094027644928"/>
		<document id="253201163980267520" url="https://twitter.com/jimhesson/status/253201163980267520"/>
		<document id="253201260692529152" url="https://twitter.com/jimhesson/status/253201260692529152"/>
		<document id="253201338807250944" url="https://twitter.com/jimhesson/status/253201338807250944"/>
		<document id="253248811328208896" url="https://twitter.com/jimhesson/status/253248811328208896"/>
		<document id="25374055098" url="https://twitter.com/jimhesson/status/25374055098"/>
		<document id="260094507092148225" url="https://twitter.com/jimhesson/status/260094507092148225"/>
		<document id="260096126655557632" url="https://twitter.com/jimhesson/status/260096126655557632"/>
		<document id="260097339279155200" url="https://twitter.com/jimhesson/status/260097339279155200"/>
		<document id="260098051098681345" url="https://twitter.com/jimhesson/status/260098051098681345"/>
		<document id="260167893352849408" url="https://twitter.com/jimhesson/status/260167893352849408"/>
		<document id="269953807620907009" url="https://twitter.com/jimhesson/status/269953807620907009"/>
		<document id="26997585354" url="https://twitter.com/jimhesson/status/26997585354"/>
		<document id="26999793963" url="https://twitter.com/jimhesson/status/26999793963"/>
		<document id="27000719317" url="https://twitter.com/jimhesson/status/27000719317"/>
		<document id="27000756191" url="https://twitter.com/jimhesson/status/27000756191"/>
		<document id="27000809978" url="https://twitter.com/jimhesson/status/27000809978"/>
		<document id="27000872281" url="https://twitter.com/jimhesson/status/27000872281"/>
		<document id="27003330397" url="https://twitter.com/jimhesson/status/27003330397"/>
		<document id="27003524124" url="https://twitter.com/jimhesson/status/27003524124"/>
		<document id="27003688894" url="https://twitter.com/jimhesson/status/27003688894"/>
		<document id="27757445139" url="https://twitter.com/jimhesson/status/27757445139"/>
		<document id="27777707878" url="https://twitter.com/jimhesson/status/27777707878"/>
		<document id="279285966521389057" url="https://twitter.com/jimhesson/status/279285966521389057"/>
		<document id="28364491693" url="https://twitter.com/jimhesson/status/28364491693"/>
		<document id="28365298792" url="https://twitter.com/jimhesson/status/28365298792"/>
		<document id="28422284140" url="https://twitter.com/jimhesson/status/28422284140"/>
		<document id="28423074743" url="https://twitter.com/jimhesson/status/28423074743"/>
		<document id="28423254997" url="https://twitter.com/jimhesson/status/28423254997"/>
		<document id="28926771797692416" url="https://twitter.com/jimhesson/status/28926771797692416"/>
		<document id="28928141414105088" url="https://twitter.com/jimhesson/status/28928141414105088"/>
		<document id="28935493383102464" url="https://twitter.com/jimhesson/status/28935493383102464"/>
		<document id="291372338447003648" url="https://twitter.com/jimhesson/status/291372338447003648"/>
		<document id="291372367937142784" url="https://twitter.com/jimhesson/status/291372367937142784"/>
		<document id="29397263528759296" url="https://twitter.com/jimhesson/status/29397263528759296"/>
		<document id="321773219055026176" url="https://twitter.com/jimhesson/status/321773219055026176"/>
		<document id="371121009887543296" url="https://twitter.com/jimhesson/status/371121009887543296"/>
		<document id="371121620049752064" url="https://twitter.com/jimhesson/status/371121620049752064"/>
		<document id="371122141397516288" url="https://twitter.com/jimhesson/status/371122141397516288"/>
		<document id="37631128714088448" url="https://twitter.com/jimhesson/status/37631128714088448"/>
		<document id="37631304744828928" url="https://twitter.com/jimhesson/status/37631304744828928"/>
		<document id="37631472047226880" url="https://twitter.com/jimhesson/status/37631472047226880"/>
		<document id="37631617514082304" url="https://twitter.com/jimhesson/status/37631617514082304"/>
		<document id="37631823936753664" url="https://twitter.com/jimhesson/status/37631823936753664"/>
		<document id="37631893386043392" url="https://twitter.com/jimhesson/status/37631893386043392"/>
		<document id="37632121023496192" url="https://twitter.com/jimhesson/status/37632121023496192"/>
		<document id="37632384392232961" url="https://twitter.com/jimhesson/status/37632384392232961"/>
		<document id="37632614915375105" url="https://twitter.com/jimhesson/status/37632614915375105"/>
		<document id="37632783283126272" url="https://twitter.com/jimhesson/status/37632783283126272"/>
		<document id="396133614083383296" url="https://twitter.com/jimhesson/status/396133614083383296"/>
		<document id="397031652272381952" url="https://twitter.com/jimhesson/status/397031652272381952"/>
		<document id="402149588473495552" url="https://twitter.com/jimhesson/status/402149588473495552"/>
		<document id="402304358001672192" url="https://twitter.com/jimhesson/status/402304358001672192"/>
		<document id="407360888220684288" url="https://twitter.com/jimhesson/status/407360888220684288"/>
		<document id="407979541752446976" url="https://twitter.com/jimhesson/status/407979541752446976"/>
		<document id="41566904715984896" url="https://twitter.com/jimhesson/status/41566904715984896"/>
		<document id="41567056289738753" url="https://twitter.com/jimhesson/status/41567056289738753"/>
		<document id="41568506889764864" url="https://twitter.com/jimhesson/status/41568506889764864"/>
		<document id="41771591201337344" url="https://twitter.com/jimhesson/status/41771591201337344"/>
		<document id="41773645797924864" url="https://twitter.com/jimhesson/status/41773645797924864"/>
		<document id="41775134746480640" url="https://twitter.com/jimhesson/status/41775134746480640"/>
		<document id="41775856179355648" url="https://twitter.com/jimhesson/status/41775856179355648"/>
		<document id="41777029263278080" url="https://twitter.com/jimhesson/status/41777029263278080"/>
		<document id="41784996914147328" url="https://twitter.com/jimhesson/status/41784996914147328"/>
		<document id="41785140103483392" url="https://twitter.com/jimhesson/status/41785140103483392"/>
		<document id="43365239823142913" url="https://twitter.com/jimhesson/status/43365239823142913"/>
		<document id="46458743503851520" url="https://twitter.com/jimhesson/status/46458743503851520"/>
		<document id="46997916367335425" url="https://twitter.com/jimhesson/status/46997916367335425"/>
		<document id="62375388365590528" url="https://twitter.com/jimhesson/status/62375388365590528"/>
		<document id="62379367099146240" url="https://twitter.com/jimhesson/status/62379367099146240"/>
		<document id="62379510158462976" url="https://twitter.com/jimhesson/status/62379510158462976"/>
		<document id="62916242243203072" url="https://twitter.com/jimhesson/status/62916242243203072"/>
		<document id="66317381726781440" url="https://twitter.com/jimhesson/status/66317381726781440"/>
		<document id="73099900191129600" url="https://twitter.com/jimhesson/status/73099900191129600"/>
		<document id="77175830605873152" url="https://twitter.com/jimhesson/status/77175830605873152"/>
		<document id="93045748362522624" url="https://twitter.com/jimhesson/status/93045748362522624"/>
		<document id="93448991559270400" url="https://twitter.com/jimhesson/status/93448991559270400"/>
		<document id="95712605435469825" url="https://twitter.com/jimhesson/status/95712605435469825"/>
		<document id="95713616174645248" url="https://twitter.com/jimhesson/status/95713616174645248"/>
		<document id="98159349314228225" url="https://twitter.com/jimhesson/status/98159349314228225"/>
		<document id="99253244659900416" url="https://twitter.com/jimhesson/status/99253244659900416"/>
		<document id="99260862614863872" url="https://twitter.com/jimhesson/status/99260862614863872"/>
		<document id="99562746223411202" url="https://twitter.com/jimhesson/status/99562746223411202"/>
		<document id="99563649005404161" url="https://twitter.com/jimhesson/status/99563649005404161"/>
		<document id="99563836062965760" url="https://twitter.com/jimhesson/status/99563836062965760"/>
		<document id="99563990115565570" url="https://twitter.com/jimhesson/status/99563990115565570"/>
		<document id="99564113218383872" url="https://twitter.com/jimhesson/status/99564113218383872"/>
		<document id="99734162549911552" url="https://twitter.com/jimhesson/status/99734162549911552"/>
		<document id="10861995058274304" url="https://twitter.com/jimhesson/status/10861995058274304"/>
		<document id="10864232883032064" url="https://twitter.com/jimhesson/status/10864232883032064"/>
		<document id="10867204744552448" url="https://twitter.com/jimhesson/status/10867204744552448"/>
		<document id="11197624740741120" url="https://twitter.com/jimhesson/status/11197624740741120"/>
		<document id="11533094439886849" url="https://twitter.com/jimhesson/status/11533094439886849"/>
		<document id="11552567024680960" url="https://twitter.com/jimhesson/status/11552567024680960"/>
		<document id="11601043297148929" url="https://twitter.com/jimhesson/status/11601043297148929"/>
		<document id="11658974684250113" url="https://twitter.com/jimhesson/status/11658974684250113"/>
		<document id="11659803134791680" url="https://twitter.com/jimhesson/status/11659803134791680"/>
		<document id="11660026976403456" url="https://twitter.com/jimhesson/status/11660026976403456"/>
		<document id="11660322737754112" url="https://twitter.com/jimhesson/status/11660322737754112"/>
		<document id="117085194527313920" url="https://twitter.com/jimhesson/status/117085194527313920"/>
		<document id="117085475063336960" url="https://twitter.com/jimhesson/status/117085475063336960"/>
		<document id="118405514823598080" url="https://twitter.com/jimhesson/status/118405514823598080"/>
		<document id="13048497993424898" url="https://twitter.com/jimhesson/status/13048497993424898"/>
		<document id="13050774447718400" url="https://twitter.com/jimhesson/status/13050774447718400"/>
		<document id="13050985173745664" url="https://twitter.com/jimhesson/status/13050985173745664"/>
		<document id="13057873563099137" url="https://twitter.com/jimhesson/status/13057873563099137"/>
		<document id="13060327675531265" url="https://twitter.com/jimhesson/status/13060327675531265"/>
		<document id="134127397787287552" url="https://twitter.com/jimhesson/status/134127397787287552"/>
		<document id="14019319176364032" url="https://twitter.com/jimhesson/status/14019319176364032"/>
		<document id="16239522392055808" url="https://twitter.com/jimhesson/status/16239522392055808"/>
		<document id="16244538733494272" url="https://twitter.com/jimhesson/status/16244538733494272"/>
		<document id="16245598986440706" url="https://twitter.com/jimhesson/status/16245598986440706"/>
		<document id="16254295234052096" url="https://twitter.com/jimhesson/status/16254295234052096"/>
		<document id="16256498007019520" url="https://twitter.com/jimhesson/status/16256498007019520"/>
		<document id="16831919766" url="https://twitter.com/jimhesson/status/16831919766"/>
		<document id="17225558580" url="https://twitter.com/jimhesson/status/17225558580"/>
		<document id="176506335339360256" url="https://twitter.com/jimhesson/status/176506335339360256"/>
		<document id="176514692905320449" url="https://twitter.com/jimhesson/status/176514692905320449"/>
		<document id="177263427109138432" url="https://twitter.com/jimhesson/status/177263427109138432"/>
		<document id="177432723282079744" url="https://twitter.com/jimhesson/status/177432723282079744"/>
		<document id="177433578337091584" url="https://twitter.com/jimhesson/status/177433578337091584"/>
		<document id="177433810621825024" url="https://twitter.com/jimhesson/status/177433810621825024"/>
		<document id="177434025043050496" url="https://twitter.com/jimhesson/status/177434025043050496"/>
		<document id="177477032349925377" url="https://twitter.com/jimhesson/status/177477032349925377"/>
		<document id="177477253758844928" url="https://twitter.com/jimhesson/status/177477253758844928"/>
		<document id="177580000239820800" url="https://twitter.com/jimhesson/status/177580000239820800"/>
		<document id="177987361559425024" url="https://twitter.com/jimhesson/status/177987361559425024"/>
		<document id="178355816586416128" url="https://twitter.com/jimhesson/status/178355816586416128"/>
		<document id="178355899226791936" url="https://twitter.com/jimhesson/status/178355899226791936"/>
		<document id="178356112528121858" url="https://twitter.com/jimhesson/status/178356112528121858"/>
		<document id="178356220237844481" url="https://twitter.com/jimhesson/status/178356220237844481"/>
		<document id="178356333228208128" url="https://twitter.com/jimhesson/status/178356333228208128"/>
		<document id="178356572630691840" url="https://twitter.com/jimhesson/status/178356572630691840"/>
		<document id="17897994775" url="https://twitter.com/jimhesson/status/17897994775"/>
		<document id="179358362293649408" url="https://twitter.com/jimhesson/status/179358362293649408"/>
		<document id="18012431920" url="https://twitter.com/jimhesson/status/18012431920"/>
		<document id="18080916072" url="https://twitter.com/jimhesson/status/18080916072"/>
		<document id="18081017619" url="https://twitter.com/jimhesson/status/18081017619"/>
		<document id="18163432246" url="https://twitter.com/jimhesson/status/18163432246"/>
		<document id="184853869568860160" url="https://twitter.com/jimhesson/status/184853869568860160"/>
		<document id="184854198259687424" url="https://twitter.com/jimhesson/status/184854198259687424"/>
		<document id="184854300512624640" url="https://twitter.com/jimhesson/status/184854300512624640"/>
		<document id="184854362244386816" url="https://twitter.com/jimhesson/status/184854362244386816"/>
		<document id="184854470625210368" url="https://twitter.com/jimhesson/status/184854470625210368"/>
		<document id="184854589810552832" url="https://twitter.com/jimhesson/status/184854589810552832"/>
		<document id="186478255879110656" url="https://twitter.com/jimhesson/status/186478255879110656"/>
		<document id="187234079748538368" url="https://twitter.com/jimhesson/status/187234079748538368"/>
		<document id="187234151085248512" url="https://twitter.com/jimhesson/status/187234151085248512"/>
		<document id="187234277950365696" url="https://twitter.com/jimhesson/status/187234277950365696"/>
		<document id="187234321655013377" url="https://twitter.com/jimhesson/status/187234321655013377"/>
		<document id="187234410406494211" url="https://twitter.com/jimhesson/status/187234410406494211"/>
		<document id="187234487569104896" url="https://twitter.com/jimhesson/status/187234487569104896"/>
		<document id="187234560847781888" url="https://twitter.com/jimhesson/status/187234560847781888"/>
		<document id="187234720533319680" url="https://twitter.com/jimhesson/status/187234720533319680"/>
		<document id="187577926227730433" url="https://twitter.com/jimhesson/status/187577926227730433"/>
		<document id="187579544138551297" url="https://twitter.com/jimhesson/status/187579544138551297"/>
		<document id="189556737832005633" url="https://twitter.com/jimhesson/status/189556737832005633"/>
		<document id="189558572949049344" url="https://twitter.com/jimhesson/status/189558572949049344"/>
		<document id="190646929955364864" url="https://twitter.com/jimhesson/status/190646929955364864"/>
		<document id="190649619619921920" url="https://twitter.com/jimhesson/status/190649619619921920"/>
		<document id="191364112360538112" url="https://twitter.com/jimhesson/status/191364112360538112"/>
		<document id="191364354996838400" url="https://twitter.com/jimhesson/status/191364354996838400"/>
		<document id="191366663483039746" url="https://twitter.com/jimhesson/status/191366663483039746"/>
		<document id="191367669897891840" url="https://twitter.com/jimhesson/status/191367669897891840"/>
		<document id="191369125015195648" url="https://twitter.com/jimhesson/status/191369125015195648"/>
		<document id="191369863145590784" url="https://twitter.com/jimhesson/status/191369863145590784"/>
		<document id="191371969411825664" url="https://twitter.com/jimhesson/status/191371969411825664"/>
		<document id="191606918735859714" url="https://twitter.com/jimhesson/status/191606918735859714"/>
		<document id="193407784115634176" url="https://twitter.com/jimhesson/status/193407784115634176"/>
		<document id="193408142653145088" url="https://twitter.com/jimhesson/status/193408142653145088"/>
		<document id="201455694262714368" url="https://twitter.com/jimhesson/status/201455694262714368"/>
		<document id="201457719356559361" url="https://twitter.com/jimhesson/status/201457719356559361"/>
		<document id="201762446472523776" url="https://twitter.com/jimhesson/status/201762446472523776"/>
		<document id="20946734792314880" url="https://twitter.com/jimhesson/status/20946734792314880"/>
		<document id="214471455512072192" url="https://twitter.com/jimhesson/status/214471455512072192"/>
		<document id="214472726029664256" url="https://twitter.com/jimhesson/status/214472726029664256"/>
		<document id="214472896859480064" url="https://twitter.com/jimhesson/status/214472896859480064"/>
		<document id="214472972679917568" url="https://twitter.com/jimhesson/status/214472972679917568"/>
		<document id="214473102703337473" url="https://twitter.com/jimhesson/status/214473102703337473"/>
		<document id="214473262581813248" url="https://twitter.com/jimhesson/status/214473262581813248"/>
		<document id="214473375358271488" url="https://twitter.com/jimhesson/status/214473375358271488"/>
		<document id="214473489158123521" url="https://twitter.com/jimhesson/status/214473489158123521"/>
		<document id="214473726731882496" url="https://twitter.com/jimhesson/status/214473726731882496"/>
		<document id="214475957514416128" url="https://twitter.com/jimhesson/status/214475957514416128"/>
		<document id="226318168862388224" url="https://twitter.com/jimhesson/status/226318168862388224"/>
		<document id="22633768930" url="https://twitter.com/jimhesson/status/22633768930"/>
		<document id="22655332370" url="https://twitter.com/jimhesson/status/22655332370"/>
		<document id="23177393204" url="https://twitter.com/jimhesson/status/23177393204"/>
		<document id="23177458359" url="https://twitter.com/jimhesson/status/23177458359"/>
		<document id="23178946668" url="https://twitter.com/jimhesson/status/23178946668"/>
		<document id="23179290049" url="https://twitter.com/jimhesson/status/23179290049"/>
		<document id="23195763143" url="https://twitter.com/jimhesson/status/23195763143"/>
		<document id="23195990705" url="https://twitter.com/jimhesson/status/23195990705"/>
		<document id="23196514749" url="https://twitter.com/jimhesson/status/23196514749"/>
		<document id="23196649271" url="https://twitter.com/jimhesson/status/23196649271"/>
		<document id="23198716539" url="https://twitter.com/jimhesson/status/23198716539"/>
		<document id="23198888048" url="https://twitter.com/jimhesson/status/23198888048"/>
		<document id="23199193639" url="https://twitter.com/jimhesson/status/23199193639"/>
		<document id="23200308068" url="https://twitter.com/jimhesson/status/23200308068"/>
		<document id="23200433263" url="https://twitter.com/jimhesson/status/23200433263"/>
		<document id="23200604659" url="https://twitter.com/jimhesson/status/23200604659"/>
		<document id="23200683944" url="https://twitter.com/jimhesson/status/23200683944"/>
		<document id="232998604887953408" url="https://twitter.com/jimhesson/status/232998604887953408"/>
		<document id="232998605701672960" url="https://twitter.com/jimhesson/status/232998605701672960"/>
		<document id="23862141740" url="https://twitter.com/jimhesson/status/23862141740"/>
		<document id="238738013675454464" url="https://twitter.com/jimhesson/status/238738013675454464"/>
		<document id="23944274726" url="https://twitter.com/jimhesson/status/23944274726"/>
		<document id="24025821800" url="https://twitter.com/jimhesson/status/24025821800"/>
		<document id="24045613818" url="https://twitter.com/jimhesson/status/24045613818"/>
		<document id="24068599692" url="https://twitter.com/jimhesson/status/24068599692"/>
		<document id="244660429866037248" url="https://twitter.com/jimhesson/status/244660429866037248"/>
		<document id="24479717549" url="https://twitter.com/jimhesson/status/24479717549"/>
		<document id="24485683946" url="https://twitter.com/jimhesson/status/24485683946"/>
		<document id="24489458939" url="https://twitter.com/jimhesson/status/24489458939"/>
		<document id="24638244778" url="https://twitter.com/jimhesson/status/24638244778"/>
		<document id="24638277198" url="https://twitter.com/jimhesson/status/24638277198"/>
		<document id="24776896501" url="https://twitter.com/jimhesson/status/24776896501"/>
		<document id="24879589917" url="https://twitter.com/jimhesson/status/24879589917"/>
		<document id="25144945291" url="https://twitter.com/jimhesson/status/25144945291"/>
		<document id="25145112928" url="https://twitter.com/jimhesson/status/25145112928"/>
		<document id="25152435771" url="https://twitter.com/jimhesson/status/25152435771"/>
		<document id="253199942305329155" url="https://twitter.com/jimhesson/status/253199942305329155"/>
		<document id="253200242525220864" url="https://twitter.com/jimhesson/status/253200242525220864"/>
		<document id="253200446431297536" url="https://twitter.com/jimhesson/status/253200446431297536"/>
		<document id="253200973114245122" url="https://twitter.com/jimhesson/status/253200973114245122"/>
		<document id="253201094027644928" url="https://twitter.com/jimhesson/status/253201094027644928"/>
		<document id="253201163980267520" url="https://twitter.com/jimhesson/status/253201163980267520"/>
		<document id="253201260692529152" url="https://twitter.com/jimhesson/status/253201260692529152"/>
		<document id="253201338807250944" url="https://twitter.com/jimhesson/status/253201338807250944"/>
		<document id="253248811328208896" url="https://twitter.com/jimhesson/status/253248811328208896"/>
		<document id="25374055098" url="https://twitter.com/jimhesson/status/25374055098"/>
		<document id="260094507092148225" url="https://twitter.com/jimhesson/status/260094507092148225"/>
		<document id="260096126655557632" url="https://twitter.com/jimhesson/status/260096126655557632"/>
		<document id="260097339279155200" url="https://twitter.com/jimhesson/status/260097339279155200"/>
		<document id="260098051098681345" url="https://twitter.com/jimhesson/status/260098051098681345"/>
		<document id="260167893352849408" url="https://twitter.com/jimhesson/status/260167893352849408"/>
		<document id="269953807620907009" url="https://twitter.com/jimhesson/status/269953807620907009"/>
		<document id="26997585354" url="https://twitter.com/jimhesson/status/26997585354"/>
		<document id="26999793963" url="https://twitter.com/jimhesson/status/26999793963"/>
		<document id="27000719317" url="https://twitter.com/jimhesson/status/27000719317"/>
		<document id="27000756191" url="https://twitter.com/jimhesson/status/27000756191"/>
		<document id="27000809978" url="https://twitter.com/jimhesson/status/27000809978"/>
		<document id="27000872281" url="https://twitter.com/jimhesson/status/27000872281"/>
		<document id="27003330397" url="https://twitter.com/jimhesson/status/27003330397"/>
		<document id="27003524124" url="https://twitter.com/jimhesson/status/27003524124"/>
		<document id="27003688894" url="https://twitter.com/jimhesson/status/27003688894"/>
		<document id="27757445139" url="https://twitter.com/jimhesson/status/27757445139"/>
		<document id="27777707878" url="https://twitter.com/jimhesson/status/27777707878"/>
		<document id="279285966521389057" url="https://twitter.com/jimhesson/status/279285966521389057"/>
		<document id="28364491693" url="https://twitter.com/jimhesson/status/28364491693"/>
		<document id="28365298792" url="https://twitter.com/jimhesson/status/28365298792"/>
		<document id="28422284140" url="https://twitter.com/jimhesson/status/28422284140"/>
		<document id="28423074743" url="https://twitter.com/jimhesson/status/28423074743"/>
		<document id="28423254997" url="https://twitter.com/jimhesson/status/28423254997"/>
		<document id="28926771797692416" url="https://twitter.com/jimhesson/status/28926771797692416"/>
		<document id="28928141414105088" url="https://twitter.com/jimhesson/status/28928141414105088"/>
		<document id="28935493383102464" url="https://twitter.com/jimhesson/status/28935493383102464"/>
		<document id="291372338447003648" url="https://twitter.com/jimhesson/status/291372338447003648"/>
		<document id="291372367937142784" url="https://twitter.com/jimhesson/status/291372367937142784"/>
		<document id="29397263528759296" url="https://twitter.com/jimhesson/status/29397263528759296"/>
		<document id="321773219055026176" url="https://twitter.com/jimhesson/status/321773219055026176"/>
		<document id="371121009887543296" url="https://twitter.com/jimhesson/status/371121009887543296"/>
		<document id="371121620049752064" url="https://twitter.com/jimhesson/status/371121620049752064"/>
		<document id="371122141397516288" url="https://twitter.com/jimhesson/status/371122141397516288"/>
		<document id="37631128714088448" url="https://twitter.com/jimhesson/status/37631128714088448"/>
		<document id="37631304744828928" url="https://twitter.com/jimhesson/status/37631304744828928"/>
		<document id="37631472047226880" url="https://twitter.com/jimhesson/status/37631472047226880"/>
		<document id="37631617514082304" url="https://twitter.com/jimhesson/status/37631617514082304"/>
		<document id="37631823936753664" url="https://twitter.com/jimhesson/status/37631823936753664"/>
		<document id="37631893386043392" url="https://twitter.com/jimhesson/status/37631893386043392"/>
		<document id="37632121023496192" url="https://twitter.com/jimhesson/status/37632121023496192"/>
		<document id="37632384392232961" url="https://twitter.com/jimhesson/status/37632384392232961"/>
		<document id="37632614915375105" url="https://twitter.com/jimhesson/status/37632614915375105"/>
		<document id="37632783283126272" url="https://twitter.com/jimhesson/status/37632783283126272"/>
		<document id="396133614083383296" url="https://twitter.com/jimhesson/status/396133614083383296"/>
		<document id="397031652272381952" url="https://twitter.com/jimhesson/status/397031652272381952"/>
		<document id="402149588473495552" url="https://twitter.com/jimhesson/status/402149588473495552"/>
		<document id="402304358001672192" url="https://twitter.com/jimhesson/status/402304358001672192"/>
		<document id="407360888220684288" url="https://twitter.com/jimhesson/status/407360888220684288"/>
		<document id="407979541752446976" url="https://twitter.com/jimhesson/status/407979541752446976"/>
		<document id="41566904715984896" url="https://twitter.com/jimhesson/status/41566904715984896"/>
		<document id="41567056289738753" url="https://twitter.com/jimhesson/status/41567056289738753"/>
		<document id="41568506889764864" url="https://twitter.com/jimhesson/status/41568506889764864"/>
		<document id="41771591201337344" url="https://twitter.com/jimhesson/status/41771591201337344"/>
		<document id="41773645797924864" url="https://twitter.com/jimhesson/status/41773645797924864"/>
		<document id="41775134746480640" url="https://twitter.com/jimhesson/status/41775134746480640"/>
		<document id="41775856179355648" url="https://twitter.com/jimhesson/status/41775856179355648"/>
		<document id="41777029263278080" url="https://twitter.com/jimhesson/status/41777029263278080"/>
		<document id="41784996914147328" url="https://twitter.com/jimhesson/status/41784996914147328"/>
		<document id="41785140103483392" url="https://twitter.com/jimhesson/status/41785140103483392"/>
		<document id="43365239823142913" url="https://twitter.com/jimhesson/status/43365239823142913"/>
		<document id="46458743503851520" url="https://twitter.com/jimhesson/status/46458743503851520"/>
		<document id="46997916367335425" url="https://twitter.com/jimhesson/status/46997916367335425"/>
		<document id="62375388365590528" url="https://twitter.com/jimhesson/status/62375388365590528"/>
		<document id="62379367099146240" url="https://twitter.com/jimhesson/status/62379367099146240"/>
		<document id="62379510158462976" url="https://twitter.com/jimhesson/status/62379510158462976"/>
		<document id="62916242243203072" url="https://twitter.com/jimhesson/status/62916242243203072"/>
		<document id="66317381726781440" url="https://twitter.com/jimhesson/status/66317381726781440"/>
		<document id="73099900191129600" url="https://twitter.com/jimhesson/status/73099900191129600"/>
		<document id="77175830605873152" url="https://twitter.com/jimhesson/status/77175830605873152"/>
		<document id="93045748362522624" url="https://twitter.com/jimhesson/status/93045748362522624"/>
		<document id="93448991559270400" url="https://twitter.com/jimhesson/status/93448991559270400"/>
		<document id="95712605435469825" url="https://twitter.com/jimhesson/status/95712605435469825"/>
		<document id="95713616174645248" url="https://twitter.com/jimhesson/status/95713616174645248"/>
		<document id="98159349314228225" url="https://twitter.com/jimhesson/status/98159349314228225"/>
		<document id="99253244659900416" url="https://twitter.com/jimhesson/status/99253244659900416"/>
		<document id="99260862614863872" url="https://twitter.com/jimhesson/status/99260862614863872"/>
		<document id="99562746223411202" url="https://twitter.com/jimhesson/status/99562746223411202"/>
		<document id="99563649005404161" url="https://twitter.com/jimhesson/status/99563649005404161"/>
		<document id="99563836062965760" url="https://twitter.com/jimhesson/status/99563836062965760"/>
		<document id="99563990115565570" url="https://twitter.com/jimhesson/status/99563990115565570"/>
		<document id="99564113218383872" url="https://twitter.com/jimhesson/status/99564113218383872"/>
		<document id="99734162549911552" url="https://twitter.com/jimhesson/status/99734162549911552"/>
	</documents>
</author>