<?xml version="1.0" encoding="UTF-8" standalone="no"?><author age_group="xx" gender="xx" lang="EN" type="twitter" url="https://twitter.com/NataliaGomez_es">
	<documents count="70">
		<document id="300918703221010432" url="https://twitter.com/NataliaGomez_es/status/300918703221010432"/>
		<document id="301001193625378816" url="https://twitter.com/NataliaGomez_es/status/301001193625378816"/>
		<document id="301094546526330880" url="https://twitter.com/NataliaGomez_es/status/301094546526330880"/>
		<document id="302532789750861825" url="https://twitter.com/NataliaGomez_es/status/302532789750861825"/>
		<document id="304918329490034688" url="https://twitter.com/NataliaGomez_es/status/304918329490034688"/>
		<document id="307937074458279936" url="https://twitter.com/NataliaGomez_es/status/307937074458279936"/>
		<document id="307937123837820928" url="https://twitter.com/NataliaGomez_es/status/307937123837820928"/>
		<document id="312904335568809984" url="https://twitter.com/NataliaGomez_es/status/312904335568809984"/>
		<document id="315843831465668608" url="https://twitter.com/NataliaGomez_es/status/315843831465668608"/>
		<document id="315843840890261505" url="https://twitter.com/NataliaGomez_es/status/315843840890261505"/>
		<document id="319733461382471680" url="https://twitter.com/NataliaGomez_es/status/319733461382471680"/>
		<document id="322316770616692737" url="https://twitter.com/NataliaGomez_es/status/322316770616692737"/>
		<document id="324118413209382913" url="https://twitter.com/NataliaGomez_es/status/324118413209382913"/>
		<document id="324170471845269505" url="https://twitter.com/NataliaGomez_es/status/324170471845269505"/>
		<document id="324253199475306496" url="https://twitter.com/NataliaGomez_es/status/324253199475306496"/>
		<document id="324952257995108355" url="https://twitter.com/NataliaGomez_es/status/324952257995108355"/>
		<document id="328452680487944193" url="https://twitter.com/NataliaGomez_es/status/328452680487944193"/>
		<document id="328460664676970497" url="https://twitter.com/NataliaGomez_es/status/328460664676970497"/>
		<document id="330769365450498048" url="https://twitter.com/NataliaGomez_es/status/330769365450498048"/>
		<document id="339293419329433600" url="https://twitter.com/NataliaGomez_es/status/339293419329433600"/>
		<document id="345535805466497026" url="https://twitter.com/NataliaGomez_es/status/345535805466497026"/>
		<document id="346594701996089344" url="https://twitter.com/NataliaGomez_es/status/346594701996089344"/>
		<document id="399134029728841729" url="https://twitter.com/NataliaGomez_es/status/399134029728841729"/>
		<document id="410886835670626304" url="https://twitter.com/NataliaGomez_es/status/410886835670626304"/>
		<document id="416826455994007552" url="https://twitter.com/NataliaGomez_es/status/416826455994007552"/>
		<document id="424873803874054144" url="https://twitter.com/NataliaGomez_es/status/424873803874054144"/>
		<document id="300918703221010432" url="https://twitter.com/NataliaGomez_es/status/300918703221010432"/>
		<document id="301001193625378816" url="https://twitter.com/NataliaGomez_es/status/301001193625378816"/>
		<document id="301094546526330880" url="https://twitter.com/NataliaGomez_es/status/301094546526330880"/>
		<document id="302532789750861825" url="https://twitter.com/NataliaGomez_es/status/302532789750861825"/>
		<document id="304918329490034688" url="https://twitter.com/NataliaGomez_es/status/304918329490034688"/>
		<document id="307937074458279936" url="https://twitter.com/NataliaGomez_es/status/307937074458279936"/>
		<document id="307937123837820928" url="https://twitter.com/NataliaGomez_es/status/307937123837820928"/>
		<document id="312904335568809984" url="https://twitter.com/NataliaGomez_es/status/312904335568809984"/>
		<document id="315843831465668608" url="https://twitter.com/NataliaGomez_es/status/315843831465668608"/>
		<document id="315843840890261505" url="https://twitter.com/NataliaGomez_es/status/315843840890261505"/>
		<document id="319733461382471680" url="https://twitter.com/NataliaGomez_es/status/319733461382471680"/>
		<document id="322316770616692737" url="https://twitter.com/NataliaGomez_es/status/322316770616692737"/>
		<document id="324118413209382913" url="https://twitter.com/NataliaGomez_es/status/324118413209382913"/>
		<document id="324170471845269505" url="https://twitter.com/NataliaGomez_es/status/324170471845269505"/>
		<document id="324253199475306496" url="https://twitter.com/NataliaGomez_es/status/324253199475306496"/>
		<document id="324952257995108355" url="https://twitter.com/NataliaGomez_es/status/324952257995108355"/>
		<document id="328452680487944193" url="https://twitter.com/NataliaGomez_es/status/328452680487944193"/>
		<document id="328460664676970497" url="https://twitter.com/NataliaGomez_es/status/328460664676970497"/>
		<document id="330769365450498048" url="https://twitter.com/NataliaGomez_es/status/330769365450498048"/>
		<document id="339293419329433600" url="https://twitter.com/NataliaGomez_es/status/339293419329433600"/>
		<document id="345535805466497026" url="https://twitter.com/NataliaGomez_es/status/345535805466497026"/>
		<document id="346594701996089344" url="https://twitter.com/NataliaGomez_es/status/346594701996089344"/>
		<document id="399134029728841729" url="https://twitter.com/NataliaGomez_es/status/399134029728841729"/>
		<document id="410886835670626304" url="https://twitter.com/NataliaGomez_es/status/410886835670626304"/>
		<document id="416826455994007552" url="https://twitter.com/NataliaGomez_es/status/416826455994007552"/>
		<document id="424873803874054144" url="https://twitter.com/NataliaGomez_es/status/424873803874054144"/>
	</documents>
</author>