<?xml version="1.0" encoding="UTF-8" standalone="no"?><author age_group="xx" gender="xx" lang="EN" type="twitter" url="https://twitter.com/JoannaRees">
	<documents count="1000">
		<document id="100629252835250176" url="https://twitter.com/JoannaRees/status/100629252835250176"/>
		<document id="100679682369912834" url="https://twitter.com/JoannaRees/status/100679682369912834"/>
		<document id="100959833020301312" url="https://twitter.com/JoannaRees/status/100959833020301312"/>
		<document id="100997038937866240" url="https://twitter.com/JoannaRees/status/100997038937866240"/>
		<document id="101419343220441088" url="https://twitter.com/JoannaRees/status/101419343220441088"/>
		<document id="101449005548056578" url="https://twitter.com/JoannaRees/status/101449005548056578"/>
		<document id="101464170142244865" url="https://twitter.com/JoannaRees/status/101464170142244865"/>
		<document id="101479560184467456" url="https://twitter.com/JoannaRees/status/101479560184467456"/>
		<document id="101501567336849409" url="https://twitter.com/JoannaRees/status/101501567336849409"/>
		<document id="101688349898715136" url="https://twitter.com/JoannaRees/status/101688349898715136"/>
		<document id="101693517365125120" url="https://twitter.com/JoannaRees/status/101693517365125120"/>
		<document id="101698069321629696" url="https://twitter.com/JoannaRees/status/101698069321629696"/>
		<document id="101752370513461248" url="https://twitter.com/JoannaRees/status/101752370513461248"/>
		<document id="101775352531132416" url="https://twitter.com/JoannaRees/status/101775352531132416"/>
		<document id="101821816426864640" url="https://twitter.com/JoannaRees/status/101821816426864640"/>
		<document id="102090346560884736" url="https://twitter.com/JoannaRees/status/102090346560884736"/>
		<document id="102478581912961024" url="https://twitter.com/JoannaRees/status/102478581912961024"/>
		<document id="103272752231886850" url="https://twitter.com/JoannaRees/status/103272752231886850"/>
		<document id="103522000529653760" url="https://twitter.com/JoannaRees/status/103522000529653760"/>
		<document id="103653173423652864" url="https://twitter.com/JoannaRees/status/103653173423652864"/>
		<document id="103655073254608896" url="https://twitter.com/JoannaRees/status/103655073254608896"/>
		<document id="103689973907197952" url="https://twitter.com/JoannaRees/status/103689973907197952"/>
		<document id="103959349285756928" url="https://twitter.com/JoannaRees/status/103959349285756928"/>
		<document id="104245195763224577" url="https://twitter.com/JoannaRees/status/104245195763224577"/>
		<document id="104288395055992832" url="https://twitter.com/JoannaRees/status/104288395055992832"/>
		<document id="104308282713313280" url="https://twitter.com/JoannaRees/status/104308282713313280"/>
		<document id="104392142234988544" url="https://twitter.com/JoannaRees/status/104392142234988544"/>
		<document id="104665611279405056" url="https://twitter.com/JoannaRees/status/104665611279405056"/>
		<document id="104699405906616321" url="https://twitter.com/JoannaRees/status/104699405906616321"/>
		<document id="104988327786184704" url="https://twitter.com/JoannaRees/status/104988327786184704"/>
		<document id="104998523912724481" url="https://twitter.com/JoannaRees/status/104998523912724481"/>
		<document id="105031717827514368" url="https://twitter.com/JoannaRees/status/105031717827514368"/>
		<document id="105800187225706496" url="https://twitter.com/JoannaRees/status/105800187225706496"/>
		<document id="106019067835592704" url="https://twitter.com/JoannaRees/status/106019067835592704"/>
		<document id="106168774369087488" url="https://twitter.com/JoannaRees/status/106168774369087488"/>
		<document id="106227088301883393" url="https://twitter.com/JoannaRees/status/106227088301883393"/>
		<document id="106595161450094592" url="https://twitter.com/JoannaRees/status/106595161450094592"/>
		<document id="106835043699277825" url="https://twitter.com/JoannaRees/status/106835043699277825"/>
		<document id="106837412524732416" url="https://twitter.com/JoannaRees/status/106837412524732416"/>
		<document id="106896530161676290" url="https://twitter.com/JoannaRees/status/106896530161676290"/>
		<document id="106905188710875136" url="https://twitter.com/JoannaRees/status/106905188710875136"/>
		<document id="106959567124037632" url="https://twitter.com/JoannaRees/status/106959567124037632"/>
		<document id="108216121798295552" url="https://twitter.com/JoannaRees/status/108216121798295552"/>
		<document id="108253216982056960" url="https://twitter.com/JoannaRees/status/108253216982056960"/>
		<document id="108337829892988928" url="https://twitter.com/JoannaRees/status/108337829892988928"/>
		<document id="10838950088282112" url="https://twitter.com/JoannaRees/status/10838950088282112"/>
		<document id="108716661930070016" url="https://twitter.com/JoannaRees/status/108716661930070016"/>
		<document id="108717570198224896" url="https://twitter.com/JoannaRees/status/108717570198224896"/>
		<document id="108746441421357056" url="https://twitter.com/JoannaRees/status/108746441421357056"/>
		<document id="109378655305736192" url="https://twitter.com/JoannaRees/status/109378655305736192"/>
		<document id="110046799066173440" url="https://twitter.com/JoannaRees/status/110046799066173440"/>
		<document id="110881947923914753" url="https://twitter.com/JoannaRees/status/110881947923914753"/>
		<document id="110895181611548672" url="https://twitter.com/JoannaRees/status/110895181611548672"/>
		<document id="110899084667256834" url="https://twitter.com/JoannaRees/status/110899084667256834"/>
		<document id="11128082261876736" url="https://twitter.com/JoannaRees/status/11128082261876736"/>
		<document id="111508554904641537" url="https://twitter.com/JoannaRees/status/111508554904641537"/>
		<document id="111514441257979904" url="https://twitter.com/JoannaRees/status/111514441257979904"/>
		<document id="111538551476338688" url="https://twitter.com/JoannaRees/status/111538551476338688"/>
		<document id="111600834428682240" url="https://twitter.com/JoannaRees/status/111600834428682240"/>
		<document id="111621521860079616" url="https://twitter.com/JoannaRees/status/111621521860079616"/>
		<document id="111941073210834944" url="https://twitter.com/JoannaRees/status/111941073210834944"/>
		<document id="111954343477002241" url="https://twitter.com/JoannaRees/status/111954343477002241"/>
		<document id="111957998221529088" url="https://twitter.com/JoannaRees/status/111957998221529088"/>
		<document id="111986065765711873" url="https://twitter.com/JoannaRees/status/111986065765711873"/>
		<document id="111997491582476289" url="https://twitter.com/JoannaRees/status/111997491582476289"/>
		<document id="112596995566346240" url="https://twitter.com/JoannaRees/status/112596995566346240"/>
		<document id="113002138505969665" url="https://twitter.com/JoannaRees/status/113002138505969665"/>
		<document id="113016817466884096" url="https://twitter.com/JoannaRees/status/113016817466884096"/>
		<document id="113327353085693952" url="https://twitter.com/JoannaRees/status/113327353085693952"/>
		<document id="113327425651351553" url="https://twitter.com/JoannaRees/status/113327425651351553"/>
		<document id="113405295962763264" url="https://twitter.com/JoannaRees/status/113405295962763264"/>
		<document id="113668493366394880" url="https://twitter.com/JoannaRees/status/113668493366394880"/>
		<document id="114083839827132416" url="https://twitter.com/JoannaRees/status/114083839827132416"/>
		<document id="114117181788258306" url="https://twitter.com/JoannaRees/status/114117181788258306"/>
		<document id="114146735361757184" url="https://twitter.com/JoannaRees/status/114146735361757184"/>
		<document id="114371805455716353" url="https://twitter.com/JoannaRees/status/114371805455716353"/>
		<document id="114494137901912064" url="https://twitter.com/JoannaRees/status/114494137901912064"/>
		<document id="114516783066648577" url="https://twitter.com/JoannaRees/status/114516783066648577"/>
		<document id="114521882191085568" url="https://twitter.com/JoannaRees/status/114521882191085568"/>
		<document id="114528710182440960" url="https://twitter.com/JoannaRees/status/114528710182440960"/>
		<document id="114529435578933249" url="https://twitter.com/JoannaRees/status/114529435578933249"/>
		<document id="114532748739346432" url="https://twitter.com/JoannaRees/status/114532748739346432"/>
		<document id="114535141770145792" url="https://twitter.com/JoannaRees/status/114535141770145792"/>
		<document id="114537032616902656" url="https://twitter.com/JoannaRees/status/114537032616902656"/>
		<document id="114714167864328192" url="https://twitter.com/JoannaRees/status/114714167864328192"/>
		<document id="114889554917470208" url="https://twitter.com/JoannaRees/status/114889554917470208"/>
		<document id="115097060457459714" url="https://twitter.com/JoannaRees/status/115097060457459714"/>
		<document id="115100086110912512" url="https://twitter.com/JoannaRees/status/115100086110912512"/>
		<document id="115102931757436929" url="https://twitter.com/JoannaRees/status/115102931757436929"/>
		<document id="115103967339483136" url="https://twitter.com/JoannaRees/status/115103967339483136"/>
		<document id="115110964159975425" url="https://twitter.com/JoannaRees/status/115110964159975425"/>
		<document id="115113609079685120" url="https://twitter.com/JoannaRees/status/115113609079685120"/>
		<document id="115114436217413632" url="https://twitter.com/JoannaRees/status/115114436217413632"/>
		<document id="115123995224977408" url="https://twitter.com/JoannaRees/status/115123995224977408"/>
		<document id="115126729500147712" url="https://twitter.com/JoannaRees/status/115126729500147712"/>
		<document id="115143630909489152" url="https://twitter.com/JoannaRees/status/115143630909489152"/>
		<document id="115156028168998912" url="https://twitter.com/JoannaRees/status/115156028168998912"/>
		<document id="115501681747300353" url="https://twitter.com/JoannaRees/status/115501681747300353"/>
		<document id="115509554841788416" url="https://twitter.com/JoannaRees/status/115509554841788416"/>
		<document id="115512562426187776" url="https://twitter.com/JoannaRees/status/115512562426187776"/>
		<document id="115512987934138368" url="https://twitter.com/JoannaRees/status/115512987934138368"/>
		<document id="115516289245650944" url="https://twitter.com/JoannaRees/status/115516289245650944"/>
		<document id="115538403893837825" url="https://twitter.com/JoannaRees/status/115538403893837825"/>
		<document id="115846358447030272" url="https://twitter.com/JoannaRees/status/115846358447030272"/>
		<document id="115850095399931905" url="https://twitter.com/JoannaRees/status/115850095399931905"/>
		<document id="115970529025994753" url="https://twitter.com/JoannaRees/status/115970529025994753"/>
		<document id="115974114862305280" url="https://twitter.com/JoannaRees/status/115974114862305280"/>
		<document id="116222836477132800" url="https://twitter.com/JoannaRees/status/116222836477132800"/>
		<document id="116278136659906560" url="https://twitter.com/JoannaRees/status/116278136659906560"/>
		<document id="116680979455811584" url="https://twitter.com/JoannaRees/status/116680979455811584"/>
		<document id="11668754924568576" url="https://twitter.com/JoannaRees/status/11668754924568576"/>
		<document id="116962951407222784" url="https://twitter.com/JoannaRees/status/116962951407222784"/>
		<document id="116975304983060480" url="https://twitter.com/JoannaRees/status/116975304983060480"/>
		<document id="117059239180115968" url="https://twitter.com/JoannaRees/status/117059239180115968"/>
		<document id="117302500998135808" url="https://twitter.com/JoannaRees/status/117302500998135808"/>
		<document id="117343511606607872" url="https://twitter.com/JoannaRees/status/117343511606607872"/>
		<document id="118002880606248961" url="https://twitter.com/JoannaRees/status/118002880606248961"/>
		<document id="118038165708738562" url="https://twitter.com/JoannaRees/status/118038165708738562"/>
		<document id="118038914622697472" url="https://twitter.com/JoannaRees/status/118038914622697472"/>
		<document id="118071799148855296" url="https://twitter.com/JoannaRees/status/118071799148855296"/>
		<document id="118096184442241024" url="https://twitter.com/JoannaRees/status/118096184442241024"/>
		<document id="118096814581882880" url="https://twitter.com/JoannaRees/status/118096814581882880"/>
		<document id="118100602898227200" url="https://twitter.com/JoannaRees/status/118100602898227200"/>
		<document id="118393350930960385" url="https://twitter.com/JoannaRees/status/118393350930960385"/>
		<document id="118417091119415297" url="https://twitter.com/JoannaRees/status/118417091119415297"/>
		<document id="118424628241760256" url="https://twitter.com/JoannaRees/status/118424628241760256"/>
		<document id="118497896525078529" url="https://twitter.com/JoannaRees/status/118497896525078529"/>
		<document id="118498165061189632" url="https://twitter.com/JoannaRees/status/118498165061189632"/>
		<document id="118498897994850305" url="https://twitter.com/JoannaRees/status/118498897994850305"/>
		<document id="118504994990342146" url="https://twitter.com/JoannaRees/status/118504994990342146"/>
		<document id="118505361199202304" url="https://twitter.com/JoannaRees/status/118505361199202304"/>
		<document id="118505381973602304" url="https://twitter.com/JoannaRees/status/118505381973602304"/>
		<document id="118505854281588737" url="https://twitter.com/JoannaRees/status/118505854281588737"/>
		<document id="118542393682309120" url="https://twitter.com/JoannaRees/status/118542393682309120"/>
		<document id="118747969653702656" url="https://twitter.com/JoannaRees/status/118747969653702656"/>
		<document id="118760667695157248" url="https://twitter.com/JoannaRees/status/118760667695157248"/>
		<document id="118850129179582465" url="https://twitter.com/JoannaRees/status/118850129179582465"/>
		<document id="118866426923712512" url="https://twitter.com/JoannaRees/status/118866426923712512"/>
		<document id="119111860330053632" url="https://twitter.com/JoannaRees/status/119111860330053632"/>
		<document id="119114426736574464" url="https://twitter.com/JoannaRees/status/119114426736574464"/>
		<document id="119154760854147072" url="https://twitter.com/JoannaRees/status/119154760854147072"/>
		<document id="119193268041949184" url="https://twitter.com/JoannaRees/status/119193268041949184"/>
		<document id="119203597090164736" url="https://twitter.com/JoannaRees/status/119203597090164736"/>
		<document id="119225836091088897" url="https://twitter.com/JoannaRees/status/119225836091088897"/>
		<document id="119257010712748032" url="https://twitter.com/JoannaRees/status/119257010712748032"/>
		<document id="119467017374941185" url="https://twitter.com/JoannaRees/status/119467017374941185"/>
		<document id="119467404114923520" url="https://twitter.com/JoannaRees/status/119467404114923520"/>
		<document id="119531947830685696" url="https://twitter.com/JoannaRees/status/119531947830685696"/>
		<document id="119587789292572674" url="https://twitter.com/JoannaRees/status/119587789292572674"/>
		<document id="119591301258817536" url="https://twitter.com/JoannaRees/status/119591301258817536"/>
		<document id="119620485284773888" url="https://twitter.com/JoannaRees/status/119620485284773888"/>
		<document id="119639500526862336" url="https://twitter.com/JoannaRees/status/119639500526862336"/>
		<document id="119639738339696641" url="https://twitter.com/JoannaRees/status/119639738339696641"/>
		<document id="119807814565761025" url="https://twitter.com/JoannaRees/status/119807814565761025"/>
		<document id="119808900970201088" url="https://twitter.com/JoannaRees/status/119808900970201088"/>
		<document id="119860116366438400" url="https://twitter.com/JoannaRees/status/119860116366438400"/>
		<document id="119881070895304704" url="https://twitter.com/JoannaRees/status/119881070895304704"/>
		<document id="120184570715967488" url="https://twitter.com/JoannaRees/status/120184570715967488"/>
		<document id="120231012931338240" url="https://twitter.com/JoannaRees/status/120231012931338240"/>
		<document id="120246662097678336" url="https://twitter.com/JoannaRees/status/120246662097678336"/>
		<document id="120315922337636352" url="https://twitter.com/JoannaRees/status/120315922337636352"/>
		<document id="120591059997822976" url="https://twitter.com/JoannaRees/status/120591059997822976"/>
		<document id="120977712415375360" url="https://twitter.com/JoannaRees/status/120977712415375360"/>
		<document id="120979139724447744" url="https://twitter.com/JoannaRees/status/120979139724447744"/>
		<document id="121036100562202624" url="https://twitter.com/JoannaRees/status/121036100562202624"/>
		<document id="121324139695972352" url="https://twitter.com/JoannaRees/status/121324139695972352"/>
		<document id="121618856878936064" url="https://twitter.com/JoannaRees/status/121618856878936064"/>
		<document id="121652701019914240" url="https://twitter.com/JoannaRees/status/121652701019914240"/>
		<document id="121762826695098368" url="https://twitter.com/JoannaRees/status/121762826695098368"/>
		<document id="121799845081120768" url="https://twitter.com/JoannaRees/status/121799845081120768"/>
		<document id="121803744500387840" url="https://twitter.com/JoannaRees/status/121803744500387840"/>
		<document id="121804270621306880" url="https://twitter.com/JoannaRees/status/121804270621306880"/>
		<document id="122016137490857984" url="https://twitter.com/JoannaRees/status/122016137490857984"/>
		<document id="122021453821509633" url="https://twitter.com/JoannaRees/status/122021453821509633"/>
		<document id="122345531967160320" url="https://twitter.com/JoannaRees/status/122345531967160320"/>
		<document id="122411449510408192" url="https://twitter.com/JoannaRees/status/122411449510408192"/>
		<document id="122741582276472832" url="https://twitter.com/JoannaRees/status/122741582276472832"/>
		<document id="123123203408277504" url="https://twitter.com/JoannaRees/status/123123203408277504"/>
		<document id="123125054753087489" url="https://twitter.com/JoannaRees/status/123125054753087489"/>
		<document id="123510478646419456" url="https://twitter.com/JoannaRees/status/123510478646419456"/>
		<document id="123803212540153856" url="https://twitter.com/JoannaRees/status/123803212540153856"/>
		<document id="123806329453293568" url="https://twitter.com/JoannaRees/status/123806329453293568"/>
		<document id="123809063984316418" url="https://twitter.com/JoannaRees/status/123809063984316418"/>
		<document id="123898648198254594" url="https://twitter.com/JoannaRees/status/123898648198254594"/>
		<document id="123939764146683904" url="https://twitter.com/JoannaRees/status/123939764146683904"/>
		<document id="123957866653687811" url="https://twitter.com/JoannaRees/status/123957866653687811"/>
		<document id="124127437289308160" url="https://twitter.com/JoannaRees/status/124127437289308160"/>
		<document id="124188457823252481" url="https://twitter.com/JoannaRees/status/124188457823252481"/>
		<document id="124292656426795008" url="https://twitter.com/JoannaRees/status/124292656426795008"/>
		<document id="124643051632205824" url="https://twitter.com/JoannaRees/status/124643051632205824"/>
		<document id="124693951780356096" url="https://twitter.com/JoannaRees/status/124693951780356096"/>
		<document id="124694343561908225" url="https://twitter.com/JoannaRees/status/124694343561908225"/>
		<document id="124876473050992640" url="https://twitter.com/JoannaRees/status/124876473050992640"/>
		<document id="124899525340053504" url="https://twitter.com/JoannaRees/status/124899525340053504"/>
		<document id="124910157158289408" url="https://twitter.com/JoannaRees/status/124910157158289408"/>
		<document id="124936704971911168" url="https://twitter.com/JoannaRees/status/124936704971911168"/>
		<document id="125021367258202112" url="https://twitter.com/JoannaRees/status/125021367258202112"/>
		<document id="125021857178058752" url="https://twitter.com/JoannaRees/status/125021857178058752"/>
		<document id="125027872225230848" url="https://twitter.com/JoannaRees/status/125027872225230848"/>
		<document id="125041982388187137" url="https://twitter.com/JoannaRees/status/125041982388187137"/>
		<document id="125049366158376960" url="https://twitter.com/JoannaRees/status/125049366158376960"/>
		<document id="125285200111476737" url="https://twitter.com/JoannaRees/status/125285200111476737"/>
		<document id="125339759345274881" url="https://twitter.com/JoannaRees/status/125339759345274881"/>
		<document id="125340090120679425" url="https://twitter.com/JoannaRees/status/125340090120679425"/>
		<document id="125345619211599873" url="https://twitter.com/JoannaRees/status/125345619211599873"/>
		<document id="125345819623825408" url="https://twitter.com/JoannaRees/status/125345819623825408"/>
		<document id="125649946736209922" url="https://twitter.com/JoannaRees/status/125649946736209922"/>
		<document id="125675747863052288" url="https://twitter.com/JoannaRees/status/125675747863052288"/>
		<document id="12573324789948416" url="https://twitter.com/JoannaRees/status/12573324789948416"/>
		<document id="12573515156815872" url="https://twitter.com/JoannaRees/status/12573515156815872"/>
		<document id="126361646951174144" url="https://twitter.com/JoannaRees/status/126361646951174144"/>
		<document id="126361831324401664" url="https://twitter.com/JoannaRees/status/126361831324401664"/>
		<document id="12643961059409923" url="https://twitter.com/JoannaRees/status/12643961059409923"/>
		<document id="127095990355374080" url="https://twitter.com/JoannaRees/status/127095990355374080"/>
		<document id="127097615161626624" url="https://twitter.com/JoannaRees/status/127097615161626624"/>
		<document id="127160804377243648" url="https://twitter.com/JoannaRees/status/127160804377243648"/>
		<document id="127188398439014400" url="https://twitter.com/JoannaRees/status/127188398439014400"/>
		<document id="127202955953844225" url="https://twitter.com/JoannaRees/status/127202955953844225"/>
		<document id="127252616328654848" url="https://twitter.com/JoannaRees/status/127252616328654848"/>
		<document id="127551429874429952" url="https://twitter.com/JoannaRees/status/127551429874429952"/>
		<document id="127567964873568256" url="https://twitter.com/JoannaRees/status/127567964873568256"/>
		<document id="128166892526510080" url="https://twitter.com/JoannaRees/status/128166892526510080"/>
		<document id="128202338430230528" url="https://twitter.com/JoannaRees/status/128202338430230528"/>
		<document id="128241365703340032" url="https://twitter.com/JoannaRees/status/128241365703340032"/>
		<document id="128610580968910848" url="https://twitter.com/JoannaRees/status/128610580968910848"/>
		<document id="128925887616917506" url="https://twitter.com/JoannaRees/status/128925887616917506"/>
		<document id="128936774524354560" url="https://twitter.com/JoannaRees/status/128936774524354560"/>
		<document id="129006998183346177" url="https://twitter.com/JoannaRees/status/129006998183346177"/>
		<document id="129401782274232320" url="https://twitter.com/JoannaRees/status/129401782274232320"/>
		<document id="129596899236921344" url="https://twitter.com/JoannaRees/status/129596899236921344"/>
		<document id="129635935733297152" url="https://twitter.com/JoannaRees/status/129635935733297152"/>
		<document id="129720836490928128" url="https://twitter.com/JoannaRees/status/129720836490928128"/>
		<document id="129750579743432705" url="https://twitter.com/JoannaRees/status/129750579743432705"/>
		<document id="129947111344177152" url="https://twitter.com/JoannaRees/status/129947111344177152"/>
		<document id="130016272736993280" url="https://twitter.com/JoannaRees/status/130016272736993280"/>
		<document id="130020613069877248" url="https://twitter.com/JoannaRees/status/130020613069877248"/>
		<document id="130024631234076673" url="https://twitter.com/JoannaRees/status/130024631234076673"/>
		<document id="130071147730579456" url="https://twitter.com/JoannaRees/status/130071147730579456"/>
		<document id="130128354761383936" url="https://twitter.com/JoannaRees/status/130128354761383936"/>
		<document id="13029636132835328" url="https://twitter.com/JoannaRees/status/13029636132835328"/>
		<document id="130338855873294337" url="https://twitter.com/JoannaRees/status/130338855873294337"/>
		<document id="130729192793976833" url="https://twitter.com/JoannaRees/status/130729192793976833"/>
		<document id="131070337378029568" url="https://twitter.com/JoannaRees/status/131070337378029568"/>
		<document id="131172580097916928" url="https://twitter.com/JoannaRees/status/131172580097916928"/>
		<document id="131453047313416192" url="https://twitter.com/JoannaRees/status/131453047313416192"/>
		<document id="131489386335436801" url="https://twitter.com/JoannaRees/status/131489386335436801"/>
		<document id="131744946016362497" url="https://twitter.com/JoannaRees/status/131744946016362497"/>
		<document id="131785408261525504" url="https://twitter.com/JoannaRees/status/131785408261525504"/>
		<document id="131842174143840257" url="https://twitter.com/JoannaRees/status/131842174143840257"/>
		<document id="131859875897679872" url="https://twitter.com/JoannaRees/status/131859875897679872"/>
		<document id="131860111684665344" url="https://twitter.com/JoannaRees/status/131860111684665344"/>
		<document id="131863207873740800" url="https://twitter.com/JoannaRees/status/131863207873740800"/>
		<document id="131909361206431744" url="https://twitter.com/JoannaRees/status/131909361206431744"/>
		<document id="132162188919046144" url="https://twitter.com/JoannaRees/status/132162188919046144"/>
		<document id="132475133771251713" url="https://twitter.com/JoannaRees/status/132475133771251713"/>
		<document id="132511905305722880" url="https://twitter.com/JoannaRees/status/132511905305722880"/>
		<document id="132536062970052608" url="https://twitter.com/JoannaRees/status/132536062970052608"/>
		<document id="132665688845332481" url="https://twitter.com/JoannaRees/status/132665688845332481"/>
		<document id="132848145502707712" url="https://twitter.com/JoannaRees/status/132848145502707712"/>
		<document id="132910834044243969" url="https://twitter.com/JoannaRees/status/132910834044243969"/>
		<document id="133270894800936960" url="https://twitter.com/JoannaRees/status/133270894800936960"/>
		<document id="133301839092391936" url="https://twitter.com/JoannaRees/status/133301839092391936"/>
		<document id="133365461244055553" url="https://twitter.com/JoannaRees/status/133365461244055553"/>
		<document id="133572136051814403" url="https://twitter.com/JoannaRees/status/133572136051814403"/>
		<document id="133592037227372545" url="https://twitter.com/JoannaRees/status/133592037227372545"/>
		<document id="133632119489560576" url="https://twitter.com/JoannaRees/status/133632119489560576"/>
		<document id="133685271563739136" url="https://twitter.com/JoannaRees/status/133685271563739136"/>
		<document id="133685478133211137" url="https://twitter.com/JoannaRees/status/133685478133211137"/>
		<document id="133758836623421440" url="https://twitter.com/JoannaRees/status/133758836623421440"/>
		<document id="133775892030816256" url="https://twitter.com/JoannaRees/status/133775892030816256"/>
		<document id="133929496842731522" url="https://twitter.com/JoannaRees/status/133929496842731522"/>
		<document id="133940312870629376" url="https://twitter.com/JoannaRees/status/133940312870629376"/>
		<document id="133950351589126144" url="https://twitter.com/JoannaRees/status/133950351589126144"/>
		<document id="133966174542237696" url="https://twitter.com/JoannaRees/status/133966174542237696"/>
		<document id="133986642879979520" url="https://twitter.com/JoannaRees/status/133986642879979520"/>
		<document id="134019046558539777" url="https://twitter.com/JoannaRees/status/134019046558539777"/>
		<document id="134029022844829697" url="https://twitter.com/JoannaRees/status/134029022844829697"/>
		<document id="134104320747651072" url="https://twitter.com/JoannaRees/status/134104320747651072"/>
		<document id="134124051999371264" url="https://twitter.com/JoannaRees/status/134124051999371264"/>
		<document id="134765139802075136" url="https://twitter.com/JoannaRees/status/134765139802075136"/>
		<document id="134765241664937984" url="https://twitter.com/JoannaRees/status/134765241664937984"/>
		<document id="134765348678402048" url="https://twitter.com/JoannaRees/status/134765348678402048"/>
		<document id="136242982348271617" url="https://twitter.com/JoannaRees/status/136242982348271617"/>
		<document id="139867728709300225" url="https://twitter.com/JoannaRees/status/139867728709300225"/>
		<document id="13997877804" url="https://twitter.com/JoannaRees/status/13997877804"/>
		<document id="14246339797" url="https://twitter.com/JoannaRees/status/14246339797"/>
		<document id="14249583609" url="https://twitter.com/JoannaRees/status/14249583609"/>
		<document id="14314710452" url="https://twitter.com/JoannaRees/status/14314710452"/>
		<document id="14389252852" url="https://twitter.com/JoannaRees/status/14389252852"/>
		<document id="14423566253" url="https://twitter.com/JoannaRees/status/14423566253"/>
		<document id="14833385402798080" url="https://twitter.com/JoannaRees/status/14833385402798080"/>
		<document id="14833845211758593" url="https://twitter.com/JoannaRees/status/14833845211758593"/>
		<document id="15194712017211392" url="https://twitter.com/JoannaRees/status/15194712017211392"/>
		<document id="15210523238862848" url="https://twitter.com/JoannaRees/status/15210523238862848"/>
		<document id="15270078623" url="https://twitter.com/JoannaRees/status/15270078623"/>
		<document id="15275598427" url="https://twitter.com/JoannaRees/status/15275598427"/>
		<document id="15347757391" url="https://twitter.com/JoannaRees/status/15347757391"/>
		<document id="15351212868" url="https://twitter.com/JoannaRees/status/15351212868"/>
		<document id="15357371430" url="https://twitter.com/JoannaRees/status/15357371430"/>
		<document id="15441884491022336" url="https://twitter.com/JoannaRees/status/15441884491022336"/>
		<document id="15446354126" url="https://twitter.com/JoannaRees/status/15446354126"/>
		<document id="15651022972" url="https://twitter.com/JoannaRees/status/15651022972"/>
		<document id="15731805283" url="https://twitter.com/JoannaRees/status/15731805283"/>
		<document id="15850538465759232" url="https://twitter.com/JoannaRees/status/15850538465759232"/>
		<document id="16004452149" url="https://twitter.com/JoannaRees/status/16004452149"/>
		<document id="16010471829" url="https://twitter.com/JoannaRees/status/16010471829"/>
		<document id="21613859357859840" url="https://twitter.com/JoannaRees/status/21613859357859840"/>
		<document id="22408642951122944" url="https://twitter.com/JoannaRees/status/22408642951122944"/>
		<document id="22729412566" url="https://twitter.com/JoannaRees/status/22729412566"/>
		<document id="22735238692" url="https://twitter.com/JoannaRees/status/22735238692"/>
		<document id="22817783558" url="https://twitter.com/JoannaRees/status/22817783558"/>
		<document id="22819313715" url="https://twitter.com/JoannaRees/status/22819313715"/>
		<document id="23147814359932929" url="https://twitter.com/JoannaRees/status/23147814359932929"/>
		<document id="23206008687951872" url="https://twitter.com/JoannaRees/status/23206008687951872"/>
		<document id="24693737378" url="https://twitter.com/JoannaRees/status/24693737378"/>
		<document id="24778530751" url="https://twitter.com/JoannaRees/status/24778530751"/>
		<document id="24964590710292482" url="https://twitter.com/JoannaRees/status/24964590710292482"/>
		<document id="24998755611" url="https://twitter.com/JoannaRees/status/24998755611"/>
		<document id="25050955864" url="https://twitter.com/JoannaRees/status/25050955864"/>
		<document id="25140935766" url="https://twitter.com/JoannaRees/status/25140935766"/>
		<document id="25258780806" url="https://twitter.com/JoannaRees/status/25258780806"/>
		<document id="25435993102" url="https://twitter.com/JoannaRees/status/25435993102"/>
		<document id="256580422186708992" url="https://twitter.com/JoannaRees/status/256580422186708992"/>
		<document id="25669352481095680" url="https://twitter.com/JoannaRees/status/25669352481095680"/>
		<document id="25821100488" url="https://twitter.com/JoannaRees/status/25821100488"/>
		<document id="25910055715" url="https://twitter.com/JoannaRees/status/25910055715"/>
		<document id="26018212584" url="https://twitter.com/JoannaRees/status/26018212584"/>
		<document id="26133305971" url="https://twitter.com/JoannaRees/status/26133305971"/>
		<document id="26414243996" url="https://twitter.com/JoannaRees/status/26414243996"/>
		<document id="26454514826" url="https://twitter.com/JoannaRees/status/26454514826"/>
		<document id="27051809205" url="https://twitter.com/JoannaRees/status/27051809205"/>
		<document id="27133069546749952" url="https://twitter.com/JoannaRees/status/27133069546749952"/>
		<document id="27264679742" url="https://twitter.com/JoannaRees/status/27264679742"/>
		<document id="27363094920" url="https://twitter.com/JoannaRees/status/27363094920"/>
		<document id="27769783721" url="https://twitter.com/JoannaRees/status/27769783721"/>
		<document id="27878441407750144" url="https://twitter.com/JoannaRees/status/27878441407750144"/>
		<document id="27948085936" url="https://twitter.com/JoannaRees/status/27948085936"/>
		<document id="279813447041028097" url="https://twitter.com/JoannaRees/status/279813447041028097"/>
		<document id="279813996733927424" url="https://twitter.com/JoannaRees/status/279813996733927424"/>
		<document id="28243536524615681" url="https://twitter.com/JoannaRees/status/28243536524615681"/>
		<document id="28447383448" url="https://twitter.com/JoannaRees/status/28447383448"/>
		<document id="28724432414" url="https://twitter.com/JoannaRees/status/28724432414"/>
		<document id="28829067350" url="https://twitter.com/JoannaRees/status/28829067350"/>
		<document id="29029563948" url="https://twitter.com/JoannaRees/status/29029563948"/>
		<document id="29123593483" url="https://twitter.com/JoannaRees/status/29123593483"/>
		<document id="29397096371" url="https://twitter.com/JoannaRees/status/29397096371"/>
		<document id="29437575888" url="https://twitter.com/JoannaRees/status/29437575888"/>
		<document id="29603854339" url="https://twitter.com/JoannaRees/status/29603854339"/>
		<document id="31089677645643776" url="https://twitter.com/JoannaRees/status/31089677645643776"/>
		<document id="329619120855343106" url="https://twitter.com/JoannaRees/status/329619120855343106"/>
		<document id="329676024969326593" url="https://twitter.com/JoannaRees/status/329676024969326593"/>
		<document id="329682405856276480" url="https://twitter.com/JoannaRees/status/329682405856276480"/>
		<document id="337547569540501504" url="https://twitter.com/JoannaRees/status/337547569540501504"/>
		<document id="337839156132732928" url="https://twitter.com/JoannaRees/status/337839156132732928"/>
		<document id="34350439134662656" url="https://twitter.com/JoannaRees/status/34350439134662656"/>
		<document id="347499675584188416" url="https://twitter.com/JoannaRees/status/347499675584188416"/>
		<document id="347501924481904640" url="https://twitter.com/JoannaRees/status/347501924481904640"/>
		<document id="398322003943653376" url="https://twitter.com/JoannaRees/status/398322003943653376"/>
		<document id="417429858617016321" url="https://twitter.com/JoannaRees/status/417429858617016321"/>
		<document id="4318475401039872" url="https://twitter.com/JoannaRees/status/4318475401039872"/>
		<document id="43511408071151616" url="https://twitter.com/JoannaRees/status/43511408071151616"/>
		<document id="43795055588290560" url="https://twitter.com/JoannaRees/status/43795055588290560"/>
		<document id="43886850527592448" url="https://twitter.com/JoannaRees/status/43886850527592448"/>
		<document id="45198034367283200" url="https://twitter.com/JoannaRees/status/45198034367283200"/>
		<document id="45299245867220992" url="https://twitter.com/JoannaRees/status/45299245867220992"/>
		<document id="45581168795598848" url="https://twitter.com/JoannaRees/status/45581168795598848"/>
		<document id="45996321995370497" url="https://twitter.com/JoannaRees/status/45996321995370497"/>
		<document id="46016263180394496" url="https://twitter.com/JoannaRees/status/46016263180394496"/>
		<document id="46368239042822144" url="https://twitter.com/JoannaRees/status/46368239042822144"/>
		<document id="46440702095269888" url="https://twitter.com/JoannaRees/status/46440702095269888"/>
		<document id="46638745742606336" url="https://twitter.com/JoannaRees/status/46638745742606336"/>
		<document id="46681124709216256" url="https://twitter.com/JoannaRees/status/46681124709216256"/>
		<document id="47917642165653504" url="https://twitter.com/JoannaRees/status/47917642165653504"/>
		<document id="48150501237329921" url="https://twitter.com/JoannaRees/status/48150501237329921"/>
		<document id="48154357744680960" url="https://twitter.com/JoannaRees/status/48154357744680960"/>
		<document id="48174388914307072" url="https://twitter.com/JoannaRees/status/48174388914307072"/>
		<document id="48182395274399744" url="https://twitter.com/JoannaRees/status/48182395274399744"/>
		<document id="48575599597465601" url="https://twitter.com/JoannaRees/status/48575599597465601"/>
		<document id="48580843760926720" url="https://twitter.com/JoannaRees/status/48580843760926720"/>
		<document id="49180343168798721" url="https://twitter.com/JoannaRees/status/49180343168798721"/>
		<document id="49182183658758144" url="https://twitter.com/JoannaRees/status/49182183658758144"/>
		<document id="49189158958268417" url="https://twitter.com/JoannaRees/status/49189158958268417"/>
		<document id="49550097377280000" url="https://twitter.com/JoannaRees/status/49550097377280000"/>
		<document id="50042490144825344" url="https://twitter.com/JoannaRees/status/50042490144825344"/>
		<document id="50257658258792448" url="https://twitter.com/JoannaRees/status/50257658258792448"/>
		<document id="50282626388463616" url="https://twitter.com/JoannaRees/status/50282626388463616"/>
		<document id="50289072232603648" url="https://twitter.com/JoannaRees/status/50289072232603648"/>
		<document id="50690154674913280" url="https://twitter.com/JoannaRees/status/50690154674913280"/>
		<document id="50690806272626688" url="https://twitter.com/JoannaRees/status/50690806272626688"/>
		<document id="50708400220282880" url="https://twitter.com/JoannaRees/status/50708400220282880"/>
		<document id="50714930386706433" url="https://twitter.com/JoannaRees/status/50714930386706433"/>
		<document id="51365760228016128" url="https://twitter.com/JoannaRees/status/51365760228016128"/>
		<document id="51444579853012994" url="https://twitter.com/JoannaRees/status/51444579853012994"/>
		<document id="51470058391748609" url="https://twitter.com/JoannaRees/status/51470058391748609"/>
		<document id="51700222224633856" url="https://twitter.com/JoannaRees/status/51700222224633856"/>
		<document id="51716674759573505" url="https://twitter.com/JoannaRees/status/51716674759573505"/>
		<document id="51719273047007232" url="https://twitter.com/JoannaRees/status/51719273047007232"/>
		<document id="51733814539591680" url="https://twitter.com/JoannaRees/status/51733814539591680"/>
		<document id="52070711929479168" url="https://twitter.com/JoannaRees/status/52070711929479168"/>
		<document id="53152672165007360" url="https://twitter.com/JoannaRees/status/53152672165007360"/>
		<document id="53518899152564225" url="https://twitter.com/JoannaRees/status/53518899152564225"/>
		<document id="54267510178058240" url="https://twitter.com/JoannaRees/status/54267510178058240"/>
		<document id="55426772245807105" url="https://twitter.com/JoannaRees/status/55426772245807105"/>
		<document id="55428551897382913" url="https://twitter.com/JoannaRees/status/55428551897382913"/>
		<document id="55429126332497920" url="https://twitter.com/JoannaRees/status/55429126332497920"/>
		<document id="55435979003150336" url="https://twitter.com/JoannaRees/status/55435979003150336"/>
		<document id="55773089245577216" url="https://twitter.com/JoannaRees/status/55773089245577216"/>
		<document id="56418441959190528" url="https://twitter.com/JoannaRees/status/56418441959190528"/>
		<document id="56782970186506240" url="https://twitter.com/JoannaRees/status/56782970186506240"/>
		<document id="57173279852593154" url="https://twitter.com/JoannaRees/status/57173279852593154"/>
		<document id="57520393308733441" url="https://twitter.com/JoannaRees/status/57520393308733441"/>
		<document id="57613652806742016" url="https://twitter.com/JoannaRees/status/57613652806742016"/>
		<document id="57967421604118528" url="https://twitter.com/JoannaRees/status/57967421604118528"/>
		<document id="57977270379347969" url="https://twitter.com/JoannaRees/status/57977270379347969"/>
		<document id="57983555866865665" url="https://twitter.com/JoannaRees/status/57983555866865665"/>
		<document id="57984799138258945" url="https://twitter.com/JoannaRees/status/57984799138258945"/>
		<document id="58016185903611904" url="https://twitter.com/JoannaRees/status/58016185903611904"/>
		<document id="58033734443737088" url="https://twitter.com/JoannaRees/status/58033734443737088"/>
		<document id="58276404067958784" url="https://twitter.com/JoannaRees/status/58276404067958784"/>
		<document id="58279563771387905" url="https://twitter.com/JoannaRees/status/58279563771387905"/>
		<document id="58353116143296512" url="https://twitter.com/JoannaRees/status/58353116143296512"/>
		<document id="59037756197842944" url="https://twitter.com/JoannaRees/status/59037756197842944"/>
		<document id="59290119324188673" url="https://twitter.com/JoannaRees/status/59290119324188673"/>
		<document id="59301895436640256" url="https://twitter.com/JoannaRees/status/59301895436640256"/>
		<document id="59304672787316736" url="https://twitter.com/JoannaRees/status/59304672787316736"/>
		<document id="59387815481442304" url="https://twitter.com/JoannaRees/status/59387815481442304"/>
		<document id="60066340823764992" url="https://twitter.com/JoannaRees/status/60066340823764992"/>
		<document id="60523482546577408" url="https://twitter.com/JoannaRees/status/60523482546577408"/>
		<document id="60818113255571457" url="https://twitter.com/JoannaRees/status/60818113255571457"/>
		<document id="60843266085621760" url="https://twitter.com/JoannaRees/status/60843266085621760"/>
		<document id="60892483411918848" url="https://twitter.com/JoannaRees/status/60892483411918848"/>
		<document id="60934141079846913" url="https://twitter.com/JoannaRees/status/60934141079846913"/>
		<document id="61133717070024704" url="https://twitter.com/JoannaRees/status/61133717070024704"/>
		<document id="61145313573994496" url="https://twitter.com/JoannaRees/status/61145313573994496"/>
		<document id="61202633268015105" url="https://twitter.com/JoannaRees/status/61202633268015105"/>
		<document id="61203569461825537" url="https://twitter.com/JoannaRees/status/61203569461825537"/>
		<document id="61229371175870464" url="https://twitter.com/JoannaRees/status/61229371175870464"/>
		<document id="61276731268534273" url="https://twitter.com/JoannaRees/status/61276731268534273"/>
		<document id="61842913134526464" url="https://twitter.com/JoannaRees/status/61842913134526464"/>
		<document id="61861808318849024" url="https://twitter.com/JoannaRees/status/61861808318849024"/>
		<document id="61905442007293952" url="https://twitter.com/JoannaRees/status/61905442007293952"/>
		<document id="61932506169085952" url="https://twitter.com/JoannaRees/status/61932506169085952"/>
		<document id="62589520322895872" url="https://twitter.com/JoannaRees/status/62589520322895872"/>
		<document id="63293733046730752" url="https://twitter.com/JoannaRees/status/63293733046730752"/>
		<document id="637610091356160" url="https://twitter.com/JoannaRees/status/637610091356160"/>
		<document id="65125153058721792" url="https://twitter.com/JoannaRees/status/65125153058721792"/>
		<document id="65834338343858177" url="https://twitter.com/JoannaRees/status/65834338343858177"/>
		<document id="65894549213560832" url="https://twitter.com/JoannaRees/status/65894549213560832"/>
		<document id="65948604728225793" url="https://twitter.com/JoannaRees/status/65948604728225793"/>
		<document id="66236202134679553" url="https://twitter.com/JoannaRees/status/66236202134679553"/>
		<document id="66253216765054976" url="https://twitter.com/JoannaRees/status/66253216765054976"/>
		<document id="66308581934383104" url="https://twitter.com/JoannaRees/status/66308581934383104"/>
		<document id="66332250001780736" url="https://twitter.com/JoannaRees/status/66332250001780736"/>
		<document id="66353342653276160" url="https://twitter.com/JoannaRees/status/66353342653276160"/>
		<document id="66358367085535232" url="https://twitter.com/JoannaRees/status/66358367085535232"/>
		<document id="66361601388847104" url="https://twitter.com/JoannaRees/status/66361601388847104"/>
		<document id="66362342702723072" url="https://twitter.com/JoannaRees/status/66362342702723072"/>
		<document id="66365529702662144" url="https://twitter.com/JoannaRees/status/66365529702662144"/>
		<document id="66626832543387648" url="https://twitter.com/JoannaRees/status/66626832543387648"/>
		<document id="66996215589502976" url="https://twitter.com/JoannaRees/status/66996215589502976"/>
		<document id="67005011300843520" url="https://twitter.com/JoannaRees/status/67005011300843520"/>
		<document id="67006300650876928" url="https://twitter.com/JoannaRees/status/67006300650876928"/>
		<document id="67007775141662720" url="https://twitter.com/JoannaRees/status/67007775141662720"/>
		<document id="67010156143185920" url="https://twitter.com/JoannaRees/status/67010156143185920"/>
		<document id="67012793781583872" url="https://twitter.com/JoannaRees/status/67012793781583872"/>
		<document id="67014851091894272" url="https://twitter.com/JoannaRees/status/67014851091894272"/>
		<document id="67016630923821056" url="https://twitter.com/JoannaRees/status/67016630923821056"/>
		<document id="67019729482690560" url="https://twitter.com/JoannaRees/status/67019729482690560"/>
		<document id="67060603612696576" url="https://twitter.com/JoannaRees/status/67060603612696576"/>
		<document id="67061522886688768" url="https://twitter.com/JoannaRees/status/67061522886688768"/>
		<document id="67307788531007489" url="https://twitter.com/JoannaRees/status/67307788531007489"/>
		<document id="67672762436689920" url="https://twitter.com/JoannaRees/status/67672762436689920"/>
		<document id="67677391027318784" url="https://twitter.com/JoannaRees/status/67677391027318784"/>
		<document id="67685476244529152" url="https://twitter.com/JoannaRees/status/67685476244529152"/>
		<document id="67719931239731200" url="https://twitter.com/JoannaRees/status/67719931239731200"/>
		<document id="67997023202316288" url="https://twitter.com/JoannaRees/status/67997023202316288"/>
		<document id="68329435224489984" url="https://twitter.com/JoannaRees/status/68329435224489984"/>
		<document id="68417872921231360" url="https://twitter.com/JoannaRees/status/68417872921231360"/>
		<document id="68419594989215744" url="https://twitter.com/JoannaRees/status/68419594989215744"/>
		<document id="68424805422075904" url="https://twitter.com/JoannaRees/status/68424805422075904"/>
		<document id="68426695677452288" url="https://twitter.com/JoannaRees/status/68426695677452288"/>
		<document id="68487924617981954" url="https://twitter.com/JoannaRees/status/68487924617981954"/>
		<document id="68850164655329280" url="https://twitter.com/JoannaRees/status/68850164655329280"/>
		<document id="69239844764778497" url="https://twitter.com/JoannaRees/status/69239844764778497"/>
		<document id="69240281765122048" url="https://twitter.com/JoannaRees/status/69240281765122048"/>
		<document id="69241590564134913" url="https://twitter.com/JoannaRees/status/69241590564134913"/>
		<document id="69465315729342464" url="https://twitter.com/JoannaRees/status/69465315729342464"/>
		<document id="69495263823282176" url="https://twitter.com/JoannaRees/status/69495263823282176"/>
		<document id="69498964696776705" url="https://twitter.com/JoannaRees/status/69498964696776705"/>
		<document id="69564391363846145" url="https://twitter.com/JoannaRees/status/69564391363846145"/>
		<document id="69835316571283456" url="https://twitter.com/JoannaRees/status/69835316571283456"/>
		<document id="70198758385790978" url="https://twitter.com/JoannaRees/status/70198758385790978"/>
		<document id="70229187100819457" url="https://twitter.com/JoannaRees/status/70229187100819457"/>
		<document id="70250030006681601" url="https://twitter.com/JoannaRees/status/70250030006681601"/>
		<document id="70259648904699904" url="https://twitter.com/JoannaRees/status/70259648904699904"/>
		<document id="70597793395392513" url="https://twitter.com/JoannaRees/status/70597793395392513"/>
		<document id="70599131810381824" url="https://twitter.com/JoannaRees/status/70599131810381824"/>
		<document id="70939344868872193" url="https://twitter.com/JoannaRees/status/70939344868872193"/>
		<document id="70951207774068736" url="https://twitter.com/JoannaRees/status/70951207774068736"/>
		<document id="70956100782006272" url="https://twitter.com/JoannaRees/status/70956100782006272"/>
		<document id="70963233313394689" url="https://twitter.com/JoannaRees/status/70963233313394689"/>
		<document id="71269029226102784" url="https://twitter.com/JoannaRees/status/71269029226102784"/>
		<document id="71296865324371968" url="https://twitter.com/JoannaRees/status/71296865324371968"/>
		<document id="71301970153058304" url="https://twitter.com/JoannaRees/status/71301970153058304"/>
		<document id="71383876345413632" url="https://twitter.com/JoannaRees/status/71383876345413632"/>
		<document id="71386995980644352" url="https://twitter.com/JoannaRees/status/71386995980644352"/>
		<document id="71421138500202496" url="https://twitter.com/JoannaRees/status/71421138500202496"/>
		<document id="71690402792607744" url="https://twitter.com/JoannaRees/status/71690402792607744"/>
		<document id="71695765382234112" url="https://twitter.com/JoannaRees/status/71695765382234112"/>
		<document id="71725831302557696" url="https://twitter.com/JoannaRees/status/71725831302557696"/>
		<document id="71750089441411072" url="https://twitter.com/JoannaRees/status/71750089441411072"/>
		<document id="71751691871068164" url="https://twitter.com/JoannaRees/status/71751691871068164"/>
		<document id="71793892214849536" url="https://twitter.com/JoannaRees/status/71793892214849536"/>
		<document id="71981211270131712" url="https://twitter.com/JoannaRees/status/71981211270131712"/>
		<document id="71987722763501568" url="https://twitter.com/JoannaRees/status/71987722763501568"/>
		<document id="72010941432209408" url="https://twitter.com/JoannaRees/status/72010941432209408"/>
		<document id="72011984371060736" url="https://twitter.com/JoannaRees/status/72011984371060736"/>
		<document id="72012165317533696" url="https://twitter.com/JoannaRees/status/72012165317533696"/>
		<document id="72012516905074688" url="https://twitter.com/JoannaRees/status/72012516905074688"/>
		<document id="72013227629883392" url="https://twitter.com/JoannaRees/status/72013227629883392"/>
		<document id="72015112092917760" url="https://twitter.com/JoannaRees/status/72015112092917760"/>
		<document id="72017395388121088" url="https://twitter.com/JoannaRees/status/72017395388121088"/>
		<document id="72028569676677120" url="https://twitter.com/JoannaRees/status/72028569676677120"/>
		<document id="72029088122019840" url="https://twitter.com/JoannaRees/status/72029088122019840"/>
		<document id="72074980006952960" url="https://twitter.com/JoannaRees/status/72074980006952960"/>
		<document id="72377549791035392" url="https://twitter.com/JoannaRees/status/72377549791035392"/>
		<document id="72395133483630592" url="https://twitter.com/JoannaRees/status/72395133483630592"/>
		<document id="72396323600605184" url="https://twitter.com/JoannaRees/status/72396323600605184"/>
		<document id="72410402524372992" url="https://twitter.com/JoannaRees/status/72410402524372992"/>
		<document id="72512736843669505" url="https://twitter.com/JoannaRees/status/72512736843669505"/>
		<document id="72740725720236032" url="https://twitter.com/JoannaRees/status/72740725720236032"/>
		<document id="73038537813004289" url="https://twitter.com/JoannaRees/status/73038537813004289"/>
		<document id="73117345526198272" url="https://twitter.com/JoannaRees/status/73117345526198272"/>
		<document id="73524941491929089" url="https://twitter.com/JoannaRees/status/73524941491929089"/>
		<document id="73527790732972032" url="https://twitter.com/JoannaRees/status/73527790732972032"/>
		<document id="73560450033397760" url="https://twitter.com/JoannaRees/status/73560450033397760"/>
		<document id="73561940135378945" url="https://twitter.com/JoannaRees/status/73561940135378945"/>
		<document id="73775479362027520" url="https://twitter.com/JoannaRees/status/73775479362027520"/>
		<document id="74218180284923904" url="https://twitter.com/JoannaRees/status/74218180284923904"/>
		<document id="74275848882106368" url="https://twitter.com/JoannaRees/status/74275848882106368"/>
		<document id="74277033856864256" url="https://twitter.com/JoannaRees/status/74277033856864256"/>
		<document id="75686815348178944" url="https://twitter.com/JoannaRees/status/75686815348178944"/>
		<document id="75689273432621056" url="https://twitter.com/JoannaRees/status/75689273432621056"/>
		<document id="75706228696809473" url="https://twitter.com/JoannaRees/status/75706228696809473"/>
		<document id="76015822279155712" url="https://twitter.com/JoannaRees/status/76015822279155712"/>
		<document id="76334794627223552" url="https://twitter.com/JoannaRees/status/76334794627223552"/>
		<document id="76455422374060032" url="https://twitter.com/JoannaRees/status/76455422374060032"/>
		<document id="76480185574236161" url="https://twitter.com/JoannaRees/status/76480185574236161"/>
		<document id="76731242271342592" url="https://twitter.com/JoannaRees/status/76731242271342592"/>
		<document id="76809346738171904" url="https://twitter.com/JoannaRees/status/76809346738171904"/>
		<document id="76844146924584960" url="https://twitter.com/JoannaRees/status/76844146924584960"/>
		<document id="77159669919002624" url="https://twitter.com/JoannaRees/status/77159669919002624"/>
		<document id="77176353111277568" url="https://twitter.com/JoannaRees/status/77176353111277568"/>
		<document id="77818539016335360" url="https://twitter.com/JoannaRees/status/77818539016335360"/>
		<document id="77853923888730112" url="https://twitter.com/JoannaRees/status/77853923888730112"/>
		<document id="77859482260082688" url="https://twitter.com/JoannaRees/status/77859482260082688"/>
		<document id="77881584082100224" url="https://twitter.com/JoannaRees/status/77881584082100224"/>
		<document id="77903516294852608" url="https://twitter.com/JoannaRees/status/77903516294852608"/>
		<document id="77906855791300609" url="https://twitter.com/JoannaRees/status/77906855791300609"/>
		<document id="77907453806772224" url="https://twitter.com/JoannaRees/status/77907453806772224"/>
		<document id="77910210672467968" url="https://twitter.com/JoannaRees/status/77910210672467968"/>
		<document id="77943756611002368" url="https://twitter.com/JoannaRees/status/77943756611002368"/>
		<document id="77952783352999936" url="https://twitter.com/JoannaRees/status/77952783352999936"/>
		<document id="77959061085241344" url="https://twitter.com/JoannaRees/status/77959061085241344"/>
		<document id="78280994276380672" url="https://twitter.com/JoannaRees/status/78280994276380672"/>
		<document id="78287097982754817" url="https://twitter.com/JoannaRees/status/78287097982754817"/>
		<document id="78300567008583682" url="https://twitter.com/JoannaRees/status/78300567008583682"/>
		<document id="78333314892709888" url="https://twitter.com/JoannaRees/status/78333314892709888"/>
		<document id="78910478281211905" url="https://twitter.com/JoannaRees/status/78910478281211905"/>
		<document id="78910778056523776" url="https://twitter.com/JoannaRees/status/78910778056523776"/>
		<document id="78966436118265856" url="https://twitter.com/JoannaRees/status/78966436118265856"/>
		<document id="79234604355166209" url="https://twitter.com/JoannaRees/status/79234604355166209"/>
		<document id="79608066584215552" url="https://twitter.com/JoannaRees/status/79608066584215552"/>
		<document id="79613343270322176" url="https://twitter.com/JoannaRees/status/79613343270322176"/>
		<document id="79688648022425602" url="https://twitter.com/JoannaRees/status/79688648022425602"/>
		<document id="80386796730585088" url="https://twitter.com/JoannaRees/status/80386796730585088"/>
		<document id="80677425440235521" url="https://twitter.com/JoannaRees/status/80677425440235521"/>
		<document id="81037148056330241" url="https://twitter.com/JoannaRees/status/81037148056330241"/>
		<document id="81041511168475136" url="https://twitter.com/JoannaRees/status/81041511168475136"/>
		<document id="81042357662908416" url="https://twitter.com/JoannaRees/status/81042357662908416"/>
		<document id="81114558453919744" url="https://twitter.com/JoannaRees/status/81114558453919744"/>
		<document id="81146317119832064" url="https://twitter.com/JoannaRees/status/81146317119832064"/>
		<document id="81163717701668864" url="https://twitter.com/JoannaRees/status/81163717701668864"/>
		<document id="81431286996156417" url="https://twitter.com/JoannaRees/status/81431286996156417"/>
		<document id="81484764623798273" url="https://twitter.com/JoannaRees/status/81484764623798273"/>
		<document id="81525732462960640" url="https://twitter.com/JoannaRees/status/81525732462960640"/>
		<document id="81527801303400448" url="https://twitter.com/JoannaRees/status/81527801303400448"/>
		<document id="81529766892670976" url="https://twitter.com/JoannaRees/status/81529766892670976"/>
		<document id="81530250613366785" url="https://twitter.com/JoannaRees/status/81530250613366785"/>
		<document id="81847947167408128" url="https://twitter.com/JoannaRees/status/81847947167408128"/>
		<document id="81848105129099264" url="https://twitter.com/JoannaRees/status/81848105129099264"/>
		<document id="81848532285407232" url="https://twitter.com/JoannaRees/status/81848532285407232"/>
		<document id="81849928250441728" url="https://twitter.com/JoannaRees/status/81849928250441728"/>
		<document id="81851738432356353" url="https://twitter.com/JoannaRees/status/81851738432356353"/>
		<document id="81858297606569984" url="https://twitter.com/JoannaRees/status/81858297606569984"/>
		<document id="81908771902865409" url="https://twitter.com/JoannaRees/status/81908771902865409"/>
		<document id="82112174151045120" url="https://twitter.com/JoannaRees/status/82112174151045120"/>
		<document id="82114265066115072" url="https://twitter.com/JoannaRees/status/82114265066115072"/>
		<document id="82123515909779456" url="https://twitter.com/JoannaRees/status/82123515909779456"/>
		<document id="82126288315367425" url="https://twitter.com/JoannaRees/status/82126288315367425"/>
		<document id="82126660845043712" url="https://twitter.com/JoannaRees/status/82126660845043712"/>
		<document id="82135111218376705" url="https://twitter.com/JoannaRees/status/82135111218376705"/>
		<document id="82144232483196929" url="https://twitter.com/JoannaRees/status/82144232483196929"/>
		<document id="82277170558406656" url="https://twitter.com/JoannaRees/status/82277170558406656"/>
		<document id="82277199964676096" url="https://twitter.com/JoannaRees/status/82277199964676096"/>
		<document id="82543142087299073" url="https://twitter.com/JoannaRees/status/82543142087299073"/>
		<document id="82544322125377537" url="https://twitter.com/JoannaRees/status/82544322125377537"/>
		<document id="82544960079007744" url="https://twitter.com/JoannaRees/status/82544960079007744"/>
		<document id="82555905438261248" url="https://twitter.com/JoannaRees/status/82555905438261248"/>
		<document id="82668287254740992" url="https://twitter.com/JoannaRees/status/82668287254740992"/>
		<document id="82908936021360640" url="https://twitter.com/JoannaRees/status/82908936021360640"/>
		<document id="82973543750569985" url="https://twitter.com/JoannaRees/status/82973543750569985"/>
		<document id="82978622176100352" url="https://twitter.com/JoannaRees/status/82978622176100352"/>
		<document id="82978932344881152" url="https://twitter.com/JoannaRees/status/82978932344881152"/>
		<document id="82978995758563328" url="https://twitter.com/JoannaRees/status/82978995758563328"/>
		<document id="82981722924384256" url="https://twitter.com/JoannaRees/status/82981722924384256"/>
		<document id="82997051377459200" url="https://twitter.com/JoannaRees/status/82997051377459200"/>
		<document id="83281474652094464" url="https://twitter.com/JoannaRees/status/83281474652094464"/>
		<document id="83360498724245504" url="https://twitter.com/JoannaRees/status/83360498724245504"/>
		<document id="83366635825676288" url="https://twitter.com/JoannaRees/status/83366635825676288"/>
		<document id="83582913068797953" url="https://twitter.com/JoannaRees/status/83582913068797953"/>
		<document id="83583160788582401" url="https://twitter.com/JoannaRees/status/83583160788582401"/>
		<document id="83584395897864193" url="https://twitter.com/JoannaRees/status/83584395897864193"/>
		<document id="83585183768522752" url="https://twitter.com/JoannaRees/status/83585183768522752"/>
		<document id="83585462480027648" url="https://twitter.com/JoannaRees/status/83585462480027648"/>
		<document id="83611284720984064" url="https://twitter.com/JoannaRees/status/83611284720984064"/>
		<document id="83611525998325760" url="https://twitter.com/JoannaRees/status/83611525998325760"/>
		<document id="83680131817799681" url="https://twitter.com/JoannaRees/status/83680131817799681"/>
		<document id="84105131670515712" url="https://twitter.com/JoannaRees/status/84105131670515712"/>
		<document id="84324450941673473" url="https://twitter.com/JoannaRees/status/84324450941673473"/>
		<document id="84434892561199104" url="https://twitter.com/JoannaRees/status/84434892561199104"/>
		<document id="84457258485944320" url="https://twitter.com/JoannaRees/status/84457258485944320"/>
		<document id="84677125373829120" url="https://twitter.com/JoannaRees/status/84677125373829120"/>
		<document id="84765313681469440" url="https://twitter.com/JoannaRees/status/84765313681469440"/>
		<document id="84851979209285632" url="https://twitter.com/JoannaRees/status/84851979209285632"/>
		<document id="84857556371120128" url="https://twitter.com/JoannaRees/status/84857556371120128"/>
		<document id="85008459254333440" url="https://twitter.com/JoannaRees/status/85008459254333440"/>
		<document id="85017100636266496" url="https://twitter.com/JoannaRees/status/85017100636266496"/>
		<document id="85038834932383744" url="https://twitter.com/JoannaRees/status/85038834932383744"/>
		<document id="85041090754908161" url="https://twitter.com/JoannaRees/status/85041090754908161"/>
		<document id="85102294634463232" url="https://twitter.com/JoannaRees/status/85102294634463232"/>
		<document id="85201293215412224" url="https://twitter.com/JoannaRees/status/85201293215412224"/>
		<document id="85443706446028801" url="https://twitter.com/JoannaRees/status/85443706446028801"/>
		<document id="85468989848944640" url="https://twitter.com/JoannaRees/status/85468989848944640"/>
		<document id="85485102653640704" url="https://twitter.com/JoannaRees/status/85485102653640704"/>
		<document id="85517543153991680" url="https://twitter.com/JoannaRees/status/85517543153991680"/>
		<document id="85518075050467328" url="https://twitter.com/JoannaRees/status/85518075050467328"/>
		<document id="85534998580568064" url="https://twitter.com/JoannaRees/status/85534998580568064"/>
		<document id="85790883592667136" url="https://twitter.com/JoannaRees/status/85790883592667136"/>
		<document id="85868593031557120" url="https://twitter.com/JoannaRees/status/85868593031557120"/>
		<document id="86254507549405184" url="https://twitter.com/JoannaRees/status/86254507549405184"/>
		<document id="86255708521250816" url="https://twitter.com/JoannaRees/status/86255708521250816"/>
		<document id="86278830901301248" url="https://twitter.com/JoannaRees/status/86278830901301248"/>
		<document id="86482229840187392" url="https://twitter.com/JoannaRees/status/86482229840187392"/>
		<document id="86504904176308224" url="https://twitter.com/JoannaRees/status/86504904176308224"/>
		<document id="86510750310469632" url="https://twitter.com/JoannaRees/status/86510750310469632"/>
		<document id="86511153118855168" url="https://twitter.com/JoannaRees/status/86511153118855168"/>
		<document id="86532551837093888" url="https://twitter.com/JoannaRees/status/86532551837093888"/>
		<document id="86567469866688512" url="https://twitter.com/JoannaRees/status/86567469866688512"/>
		<document id="87559318144167937" url="https://twitter.com/JoannaRees/status/87559318144167937"/>
		<document id="88731944464031745" url="https://twitter.com/JoannaRees/status/88731944464031745"/>
		<document id="89004832337313793" url="https://twitter.com/JoannaRees/status/89004832337313793"/>
		<document id="89038789326016513" url="https://twitter.com/JoannaRees/status/89038789326016513"/>
		<document id="90156197616951296" url="https://twitter.com/JoannaRees/status/90156197616951296"/>
		<document id="90467303870840832" url="https://twitter.com/JoannaRees/status/90467303870840832"/>
		<document id="90467632133836800" url="https://twitter.com/JoannaRees/status/90467632133836800"/>
		<document id="90523792354455552" url="https://twitter.com/JoannaRees/status/90523792354455552"/>
		<document id="90589159978311680" url="https://twitter.com/JoannaRees/status/90589159978311680"/>
		<document id="90590070930804736" url="https://twitter.com/JoannaRees/status/90590070930804736"/>
		<document id="90591588098637824" url="https://twitter.com/JoannaRees/status/90591588098637824"/>
		<document id="90609006351106050" url="https://twitter.com/JoannaRees/status/90609006351106050"/>
		<document id="90836808904081408" url="https://twitter.com/JoannaRees/status/90836808904081408"/>
		<document id="90845888842440705" url="https://twitter.com/JoannaRees/status/90845888842440705"/>
		<document id="90846608392065024" url="https://twitter.com/JoannaRees/status/90846608392065024"/>
		<document id="90846786444468224" url="https://twitter.com/JoannaRees/status/90846786444468224"/>
		<document id="90855536492421120" url="https://twitter.com/JoannaRees/status/90855536492421120"/>
		<document id="90943194405146624" url="https://twitter.com/JoannaRees/status/90943194405146624"/>
		<document id="90943972490481664" url="https://twitter.com/JoannaRees/status/90943972490481664"/>
		<document id="91197927443271680" url="https://twitter.com/JoannaRees/status/91197927443271680"/>
		<document id="91206381809582080" url="https://twitter.com/JoannaRees/status/91206381809582080"/>
		<document id="91206701088387072" url="https://twitter.com/JoannaRees/status/91206701088387072"/>
		<document id="91219508198514688" url="https://twitter.com/JoannaRees/status/91219508198514688"/>
		<document id="91287372939005952" url="https://twitter.com/JoannaRees/status/91287372939005952"/>
		<document id="91531033870209024" url="https://twitter.com/JoannaRees/status/91531033870209024"/>
		<document id="91578661081333760" url="https://twitter.com/JoannaRees/status/91578661081333760"/>
		<document id="91578815238774784" url="https://twitter.com/JoannaRees/status/91578815238774784"/>
		<document id="91590599857283072" url="https://twitter.com/JoannaRees/status/91590599857283072"/>
		<document id="91591571140640768" url="https://twitter.com/JoannaRees/status/91591571140640768"/>
		<document id="91601510198280192" url="https://twitter.com/JoannaRees/status/91601510198280192"/>
		<document id="91662651599495169" url="https://twitter.com/JoannaRees/status/91662651599495169"/>
		<document id="91686653726425088" url="https://twitter.com/JoannaRees/status/91686653726425088"/>
		<document id="91689256497586176" url="https://twitter.com/JoannaRees/status/91689256497586176"/>
		<document id="91691031917113344" url="https://twitter.com/JoannaRees/status/91691031917113344"/>
		<document id="91694165011861504" url="https://twitter.com/JoannaRees/status/91694165011861504"/>
		<document id="91941609410805760" url="https://twitter.com/JoannaRees/status/91941609410805760"/>
		<document id="91945742377299969" url="https://twitter.com/JoannaRees/status/91945742377299969"/>
		<document id="91971683560337410" url="https://twitter.com/JoannaRees/status/91971683560337410"/>
		<document id="91972574967377920" url="https://twitter.com/JoannaRees/status/91972574967377920"/>
		<document id="91979647360827392" url="https://twitter.com/JoannaRees/status/91979647360827392"/>
		<document id="92027194511073280" url="https://twitter.com/JoannaRees/status/92027194511073280"/>
		<document id="92027574305292288" url="https://twitter.com/JoannaRees/status/92027574305292288"/>
		<document id="92043614833754112" url="https://twitter.com/JoannaRees/status/92043614833754112"/>
		<document id="92690438934364160" url="https://twitter.com/JoannaRees/status/92690438934364160"/>
		<document id="92727838716870656" url="https://twitter.com/JoannaRees/status/92727838716870656"/>
		<document id="92728766006165504" url="https://twitter.com/JoannaRees/status/92728766006165504"/>
		<document id="92728783580299265" url="https://twitter.com/JoannaRees/status/92728783580299265"/>
		<document id="92729331939414017" url="https://twitter.com/JoannaRees/status/92729331939414017"/>
		<document id="92729527402369025" url="https://twitter.com/JoannaRees/status/92729527402369025"/>
		<document id="92746501939404800" url="https://twitter.com/JoannaRees/status/92746501939404800"/>
		<document id="92756024683012096" url="https://twitter.com/JoannaRees/status/92756024683012096"/>
		<document id="92759825913626624" url="https://twitter.com/JoannaRees/status/92759825913626624"/>
		<document id="92765282417901568" url="https://twitter.com/JoannaRees/status/92765282417901568"/>
		<document id="92766337553793024" url="https://twitter.com/JoannaRees/status/92766337553793024"/>
		<document id="93077620341735424" url="https://twitter.com/JoannaRees/status/93077620341735424"/>
		<document id="93109064657141760" url="https://twitter.com/JoannaRees/status/93109064657141760"/>
		<document id="93127182641135616" url="https://twitter.com/JoannaRees/status/93127182641135616"/>
		<document id="93127536116105216" url="https://twitter.com/JoannaRees/status/93127536116105216"/>
		<document id="93127984906645504" url="https://twitter.com/JoannaRees/status/93127984906645504"/>
		<document id="93129506545606657" url="https://twitter.com/JoannaRees/status/93129506545606657"/>
		<document id="93131491265097729" url="https://twitter.com/JoannaRees/status/93131491265097729"/>
		<document id="93405288748679168" url="https://twitter.com/JoannaRees/status/93405288748679168"/>
		<document id="93830531720024064" url="https://twitter.com/JoannaRees/status/93830531720024064"/>
		<document id="93845542295183361" url="https://twitter.com/JoannaRees/status/93845542295183361"/>
		<document id="94066856251494400" url="https://twitter.com/JoannaRees/status/94066856251494400"/>
		<document id="940984301002753" url="https://twitter.com/JoannaRees/status/940984301002753"/>
		<document id="94189240824500224" url="https://twitter.com/JoannaRees/status/94189240824500224"/>
		<document id="94586679750443008" url="https://twitter.com/JoannaRees/status/94586679750443008"/>
		<document id="94600003737223168" url="https://twitter.com/JoannaRees/status/94600003737223168"/>
		<document id="94601239488249856" url="https://twitter.com/JoannaRees/status/94601239488249856"/>
		<document id="94609187899834368" url="https://twitter.com/JoannaRees/status/94609187899834368"/>
		<document id="94610899935039488" url="https://twitter.com/JoannaRees/status/94610899935039488"/>
		<document id="94615120986124288" url="https://twitter.com/JoannaRees/status/94615120986124288"/>
		<document id="94823332393914368" url="https://twitter.com/JoannaRees/status/94823332393914368"/>
		<document id="95208274055544833" url="https://twitter.com/JoannaRees/status/95208274055544833"/>
		<document id="95259962678312961" url="https://twitter.com/JoannaRees/status/95259962678312961"/>
		<document id="95260114335965184" url="https://twitter.com/JoannaRees/status/95260114335965184"/>
		<document id="95262530368311296" url="https://twitter.com/JoannaRees/status/95262530368311296"/>
		<document id="95279458575060992" url="https://twitter.com/JoannaRees/status/95279458575060992"/>
		<document id="95280253353725952" url="https://twitter.com/JoannaRees/status/95280253353725952"/>
		<document id="95282113288470528" url="https://twitter.com/JoannaRees/status/95282113288470528"/>
		<document id="95604398293659648" url="https://twitter.com/JoannaRees/status/95604398293659648"/>
		<document id="95606197062868993" url="https://twitter.com/JoannaRees/status/95606197062868993"/>
		<document id="95635095469309952" url="https://twitter.com/JoannaRees/status/95635095469309952"/>
		<document id="95657610715471872" url="https://twitter.com/JoannaRees/status/95657610715471872"/>
		<document id="95690741384347648" url="https://twitter.com/JoannaRees/status/95690741384347648"/>
		<document id="95981790514262018" url="https://twitter.com/JoannaRees/status/95981790514262018"/>
		<document id="95989333969997824" url="https://twitter.com/JoannaRees/status/95989333969997824"/>
		<document id="95992891696091136" url="https://twitter.com/JoannaRees/status/95992891696091136"/>
		<document id="96009198629961729" url="https://twitter.com/JoannaRees/status/96009198629961729"/>
		<document id="96018486744203264" url="https://twitter.com/JoannaRees/status/96018486744203264"/>
		<document id="96033459620945921" url="https://twitter.com/JoannaRees/status/96033459620945921"/>
		<document id="96042169445515265" url="https://twitter.com/JoannaRees/status/96042169445515265"/>
		<document id="96062049423077376" url="https://twitter.com/JoannaRees/status/96062049423077376"/>
		<document id="96305437363814400" url="https://twitter.com/JoannaRees/status/96305437363814400"/>
		<document id="96955002274316288" url="https://twitter.com/JoannaRees/status/96955002274316288"/>
		<document id="97372165837570048" url="https://twitter.com/JoannaRees/status/97372165837570048"/>
		<document id="97372536328830976" url="https://twitter.com/JoannaRees/status/97372536328830976"/>
		<document id="97372726305636354" url="https://twitter.com/JoannaRees/status/97372726305636354"/>
		<document id="97390498288893952" url="https://twitter.com/JoannaRees/status/97390498288893952"/>
		<document id="97392218947592192" url="https://twitter.com/JoannaRees/status/97392218947592192"/>
		<document id="97777449361866752" url="https://twitter.com/JoannaRees/status/97777449361866752"/>
		<document id="98779232645296129" url="https://twitter.com/JoannaRees/status/98779232645296129"/>
		<document id="98853267362156544" url="https://twitter.com/JoannaRees/status/98853267362156544"/>
		<document id="98919295190437890" url="https://twitter.com/JoannaRees/status/98919295190437890"/>
		<document id="98924716315770881" url="https://twitter.com/JoannaRees/status/98924716315770881"/>
		<document id="98924819965415424" url="https://twitter.com/JoannaRees/status/98924819965415424"/>
		<document id="98927554483859456" url="https://twitter.com/JoannaRees/status/98927554483859456"/>
		<document id="98927846252228608" url="https://twitter.com/JoannaRees/status/98927846252228608"/>
		<document id="98941900303769600" url="https://twitter.com/JoannaRees/status/98941900303769600"/>
		<document id="98987945729589248" url="https://twitter.com/JoannaRees/status/98987945729589248"/>
		<document id="98988979810074624" url="https://twitter.com/JoannaRees/status/98988979810074624"/>
		<document id="98992629982822400" url="https://twitter.com/JoannaRees/status/98992629982822400"/>
		<document id="99163795808714752" url="https://twitter.com/JoannaRees/status/99163795808714752"/>
		<document id="99242019842560000" url="https://twitter.com/JoannaRees/status/99242019842560000"/>
		<document id="99513073697693696" url="https://twitter.com/JoannaRees/status/99513073697693696"/>
		<document id="99515133092560897" url="https://twitter.com/JoannaRees/status/99515133092560897"/>
		<document id="99964227598553088" url="https://twitter.com/JoannaRees/status/99964227598553088"/>
		<document id="100629252835250176" url="https://twitter.com/JoannaRees/status/100629252835250176"/>
		<document id="100679682369912834" url="https://twitter.com/JoannaRees/status/100679682369912834"/>
		<document id="100959833020301312" url="https://twitter.com/JoannaRees/status/100959833020301312"/>
		<document id="100997038937866240" url="https://twitter.com/JoannaRees/status/100997038937866240"/>
		<document id="101419343220441088" url="https://twitter.com/JoannaRees/status/101419343220441088"/>
		<document id="101449005548056578" url="https://twitter.com/JoannaRees/status/101449005548056578"/>
		<document id="101464170142244865" url="https://twitter.com/JoannaRees/status/101464170142244865"/>
		<document id="101479560184467456" url="https://twitter.com/JoannaRees/status/101479560184467456"/>
		<document id="101501567336849409" url="https://twitter.com/JoannaRees/status/101501567336849409"/>
		<document id="101688349898715136" url="https://twitter.com/JoannaRees/status/101688349898715136"/>
		<document id="101693517365125120" url="https://twitter.com/JoannaRees/status/101693517365125120"/>
		<document id="101698069321629696" url="https://twitter.com/JoannaRees/status/101698069321629696"/>
		<document id="101752370513461248" url="https://twitter.com/JoannaRees/status/101752370513461248"/>
		<document id="101775352531132416" url="https://twitter.com/JoannaRees/status/101775352531132416"/>
		<document id="101821816426864640" url="https://twitter.com/JoannaRees/status/101821816426864640"/>
		<document id="102090346560884736" url="https://twitter.com/JoannaRees/status/102090346560884736"/>
		<document id="102478581912961024" url="https://twitter.com/JoannaRees/status/102478581912961024"/>
		<document id="103272752231886850" url="https://twitter.com/JoannaRees/status/103272752231886850"/>
		<document id="103522000529653760" url="https://twitter.com/JoannaRees/status/103522000529653760"/>
		<document id="103653173423652864" url="https://twitter.com/JoannaRees/status/103653173423652864"/>
		<document id="103655073254608896" url="https://twitter.com/JoannaRees/status/103655073254608896"/>
		<document id="103689973907197952" url="https://twitter.com/JoannaRees/status/103689973907197952"/>
		<document id="103959349285756928" url="https://twitter.com/JoannaRees/status/103959349285756928"/>
		<document id="104245195763224577" url="https://twitter.com/JoannaRees/status/104245195763224577"/>
		<document id="104288395055992832" url="https://twitter.com/JoannaRees/status/104288395055992832"/>
		<document id="104308282713313280" url="https://twitter.com/JoannaRees/status/104308282713313280"/>
		<document id="104392142234988544" url="https://twitter.com/JoannaRees/status/104392142234988544"/>
		<document id="104665611279405056" url="https://twitter.com/JoannaRees/status/104665611279405056"/>
		<document id="104699405906616321" url="https://twitter.com/JoannaRees/status/104699405906616321"/>
		<document id="104988327786184704" url="https://twitter.com/JoannaRees/status/104988327786184704"/>
		<document id="104998523912724481" url="https://twitter.com/JoannaRees/status/104998523912724481"/>
		<document id="105031717827514368" url="https://twitter.com/JoannaRees/status/105031717827514368"/>
		<document id="105800187225706496" url="https://twitter.com/JoannaRees/status/105800187225706496"/>
		<document id="106019067835592704" url="https://twitter.com/JoannaRees/status/106019067835592704"/>
		<document id="106168774369087488" url="https://twitter.com/JoannaRees/status/106168774369087488"/>
		<document id="106227088301883393" url="https://twitter.com/JoannaRees/status/106227088301883393"/>
		<document id="106595161450094592" url="https://twitter.com/JoannaRees/status/106595161450094592"/>
		<document id="106835043699277825" url="https://twitter.com/JoannaRees/status/106835043699277825"/>
		<document id="106837412524732416" url="https://twitter.com/JoannaRees/status/106837412524732416"/>
		<document id="106896530161676290" url="https://twitter.com/JoannaRees/status/106896530161676290"/>
		<document id="106905188710875136" url="https://twitter.com/JoannaRees/status/106905188710875136"/>
		<document id="106959567124037632" url="https://twitter.com/JoannaRees/status/106959567124037632"/>
		<document id="108216121798295552" url="https://twitter.com/JoannaRees/status/108216121798295552"/>
		<document id="108253216982056960" url="https://twitter.com/JoannaRees/status/108253216982056960"/>
		<document id="108337829892988928" url="https://twitter.com/JoannaRees/status/108337829892988928"/>
		<document id="10838950088282112" url="https://twitter.com/JoannaRees/status/10838950088282112"/>
		<document id="108716661930070016" url="https://twitter.com/JoannaRees/status/108716661930070016"/>
		<document id="108717570198224896" url="https://twitter.com/JoannaRees/status/108717570198224896"/>
		<document id="108746441421357056" url="https://twitter.com/JoannaRees/status/108746441421357056"/>
		<document id="109378655305736192" url="https://twitter.com/JoannaRees/status/109378655305736192"/>
		<document id="110046799066173440" url="https://twitter.com/JoannaRees/status/110046799066173440"/>
		<document id="110881947923914753" url="https://twitter.com/JoannaRees/status/110881947923914753"/>
		<document id="110895181611548672" url="https://twitter.com/JoannaRees/status/110895181611548672"/>
		<document id="110899084667256834" url="https://twitter.com/JoannaRees/status/110899084667256834"/>
		<document id="11128082261876736" url="https://twitter.com/JoannaRees/status/11128082261876736"/>
		<document id="111508554904641537" url="https://twitter.com/JoannaRees/status/111508554904641537"/>
		<document id="111514441257979904" url="https://twitter.com/JoannaRees/status/111514441257979904"/>
		<document id="111538551476338688" url="https://twitter.com/JoannaRees/status/111538551476338688"/>
		<document id="111600834428682240" url="https://twitter.com/JoannaRees/status/111600834428682240"/>
		<document id="111621521860079616" url="https://twitter.com/JoannaRees/status/111621521860079616"/>
		<document id="111941073210834944" url="https://twitter.com/JoannaRees/status/111941073210834944"/>
		<document id="111954343477002241" url="https://twitter.com/JoannaRees/status/111954343477002241"/>
		<document id="111957998221529088" url="https://twitter.com/JoannaRees/status/111957998221529088"/>
		<document id="111986065765711873" url="https://twitter.com/JoannaRees/status/111986065765711873"/>
		<document id="111997491582476289" url="https://twitter.com/JoannaRees/status/111997491582476289"/>
		<document id="112596995566346240" url="https://twitter.com/JoannaRees/status/112596995566346240"/>
		<document id="113002138505969665" url="https://twitter.com/JoannaRees/status/113002138505969665"/>
		<document id="113016817466884096" url="https://twitter.com/JoannaRees/status/113016817466884096"/>
		<document id="113327353085693952" url="https://twitter.com/JoannaRees/status/113327353085693952"/>
		<document id="113327425651351553" url="https://twitter.com/JoannaRees/status/113327425651351553"/>
		<document id="113405295962763264" url="https://twitter.com/JoannaRees/status/113405295962763264"/>
		<document id="113668493366394880" url="https://twitter.com/JoannaRees/status/113668493366394880"/>
		<document id="114083839827132416" url="https://twitter.com/JoannaRees/status/114083839827132416"/>
		<document id="114117181788258306" url="https://twitter.com/JoannaRees/status/114117181788258306"/>
		<document id="114146735361757184" url="https://twitter.com/JoannaRees/status/114146735361757184"/>
		<document id="114371805455716353" url="https://twitter.com/JoannaRees/status/114371805455716353"/>
		<document id="114494137901912064" url="https://twitter.com/JoannaRees/status/114494137901912064"/>
		<document id="114516783066648577" url="https://twitter.com/JoannaRees/status/114516783066648577"/>
		<document id="114521882191085568" url="https://twitter.com/JoannaRees/status/114521882191085568"/>
		<document id="114528710182440960" url="https://twitter.com/JoannaRees/status/114528710182440960"/>
		<document id="114529435578933249" url="https://twitter.com/JoannaRees/status/114529435578933249"/>
		<document id="114532748739346432" url="https://twitter.com/JoannaRees/status/114532748739346432"/>
		<document id="114535141770145792" url="https://twitter.com/JoannaRees/status/114535141770145792"/>
		<document id="114537032616902656" url="https://twitter.com/JoannaRees/status/114537032616902656"/>
		<document id="114714167864328192" url="https://twitter.com/JoannaRees/status/114714167864328192"/>
		<document id="114889554917470208" url="https://twitter.com/JoannaRees/status/114889554917470208"/>
		<document id="115097060457459714" url="https://twitter.com/JoannaRees/status/115097060457459714"/>
		<document id="115100086110912512" url="https://twitter.com/JoannaRees/status/115100086110912512"/>
		<document id="115102931757436929" url="https://twitter.com/JoannaRees/status/115102931757436929"/>
		<document id="115103967339483136" url="https://twitter.com/JoannaRees/status/115103967339483136"/>
		<document id="115110964159975425" url="https://twitter.com/JoannaRees/status/115110964159975425"/>
		<document id="115113609079685120" url="https://twitter.com/JoannaRees/status/115113609079685120"/>
		<document id="115114436217413632" url="https://twitter.com/JoannaRees/status/115114436217413632"/>
		<document id="115123995224977408" url="https://twitter.com/JoannaRees/status/115123995224977408"/>
		<document id="115126729500147712" url="https://twitter.com/JoannaRees/status/115126729500147712"/>
		<document id="115143630909489152" url="https://twitter.com/JoannaRees/status/115143630909489152"/>
		<document id="115156028168998912" url="https://twitter.com/JoannaRees/status/115156028168998912"/>
		<document id="115501681747300353" url="https://twitter.com/JoannaRees/status/115501681747300353"/>
		<document id="115509554841788416" url="https://twitter.com/JoannaRees/status/115509554841788416"/>
		<document id="115512562426187776" url="https://twitter.com/JoannaRees/status/115512562426187776"/>
		<document id="115512987934138368" url="https://twitter.com/JoannaRees/status/115512987934138368"/>
		<document id="115516289245650944" url="https://twitter.com/JoannaRees/status/115516289245650944"/>
		<document id="115538403893837825" url="https://twitter.com/JoannaRees/status/115538403893837825"/>
		<document id="115846358447030272" url="https://twitter.com/JoannaRees/status/115846358447030272"/>
		<document id="115850095399931905" url="https://twitter.com/JoannaRees/status/115850095399931905"/>
		<document id="115970529025994753" url="https://twitter.com/JoannaRees/status/115970529025994753"/>
		<document id="115974114862305280" url="https://twitter.com/JoannaRees/status/115974114862305280"/>
		<document id="116222836477132800" url="https://twitter.com/JoannaRees/status/116222836477132800"/>
		<document id="116278136659906560" url="https://twitter.com/JoannaRees/status/116278136659906560"/>
		<document id="116680979455811584" url="https://twitter.com/JoannaRees/status/116680979455811584"/>
		<document id="11668754924568576" url="https://twitter.com/JoannaRees/status/11668754924568576"/>
		<document id="116962951407222784" url="https://twitter.com/JoannaRees/status/116962951407222784"/>
		<document id="116975304983060480" url="https://twitter.com/JoannaRees/status/116975304983060480"/>
		<document id="117059239180115968" url="https://twitter.com/JoannaRees/status/117059239180115968"/>
		<document id="117302500998135808" url="https://twitter.com/JoannaRees/status/117302500998135808"/>
		<document id="117343511606607872" url="https://twitter.com/JoannaRees/status/117343511606607872"/>
		<document id="118002880606248961" url="https://twitter.com/JoannaRees/status/118002880606248961"/>
		<document id="118038165708738562" url="https://twitter.com/JoannaRees/status/118038165708738562"/>
		<document id="118038914622697472" url="https://twitter.com/JoannaRees/status/118038914622697472"/>
		<document id="118071799148855296" url="https://twitter.com/JoannaRees/status/118071799148855296"/>
		<document id="118096184442241024" url="https://twitter.com/JoannaRees/status/118096184442241024"/>
		<document id="118096814581882880" url="https://twitter.com/JoannaRees/status/118096814581882880"/>
		<document id="118100602898227200" url="https://twitter.com/JoannaRees/status/118100602898227200"/>
		<document id="118393350930960385" url="https://twitter.com/JoannaRees/status/118393350930960385"/>
		<document id="118417091119415297" url="https://twitter.com/JoannaRees/status/118417091119415297"/>
		<document id="118424628241760256" url="https://twitter.com/JoannaRees/status/118424628241760256"/>
		<document id="118497896525078529" url="https://twitter.com/JoannaRees/status/118497896525078529"/>
		<document id="118498165061189632" url="https://twitter.com/JoannaRees/status/118498165061189632"/>
		<document id="118498897994850305" url="https://twitter.com/JoannaRees/status/118498897994850305"/>
		<document id="118504994990342146" url="https://twitter.com/JoannaRees/status/118504994990342146"/>
		<document id="118505361199202304" url="https://twitter.com/JoannaRees/status/118505361199202304"/>
		<document id="118505381973602304" url="https://twitter.com/JoannaRees/status/118505381973602304"/>
		<document id="118505854281588737" url="https://twitter.com/JoannaRees/status/118505854281588737"/>
		<document id="118542393682309120" url="https://twitter.com/JoannaRees/status/118542393682309120"/>
		<document id="118747969653702656" url="https://twitter.com/JoannaRees/status/118747969653702656"/>
		<document id="118760667695157248" url="https://twitter.com/JoannaRees/status/118760667695157248"/>
		<document id="118850129179582465" url="https://twitter.com/JoannaRees/status/118850129179582465"/>
		<document id="118866426923712512" url="https://twitter.com/JoannaRees/status/118866426923712512"/>
		<document id="119111860330053632" url="https://twitter.com/JoannaRees/status/119111860330053632"/>
		<document id="119114426736574464" url="https://twitter.com/JoannaRees/status/119114426736574464"/>
		<document id="119154760854147072" url="https://twitter.com/JoannaRees/status/119154760854147072"/>
		<document id="119193268041949184" url="https://twitter.com/JoannaRees/status/119193268041949184"/>
		<document id="119203597090164736" url="https://twitter.com/JoannaRees/status/119203597090164736"/>
		<document id="119225836091088897" url="https://twitter.com/JoannaRees/status/119225836091088897"/>
		<document id="119257010712748032" url="https://twitter.com/JoannaRees/status/119257010712748032"/>
		<document id="119467017374941185" url="https://twitter.com/JoannaRees/status/119467017374941185"/>
		<document id="119467404114923520" url="https://twitter.com/JoannaRees/status/119467404114923520"/>
		<document id="119531947830685696" url="https://twitter.com/JoannaRees/status/119531947830685696"/>
		<document id="119587789292572674" url="https://twitter.com/JoannaRees/status/119587789292572674"/>
		<document id="119591301258817536" url="https://twitter.com/JoannaRees/status/119591301258817536"/>
		<document id="119620485284773888" url="https://twitter.com/JoannaRees/status/119620485284773888"/>
		<document id="119639500526862336" url="https://twitter.com/JoannaRees/status/119639500526862336"/>
		<document id="119639738339696641" url="https://twitter.com/JoannaRees/status/119639738339696641"/>
		<document id="119807814565761025" url="https://twitter.com/JoannaRees/status/119807814565761025"/>
		<document id="119808900970201088" url="https://twitter.com/JoannaRees/status/119808900970201088"/>
		<document id="119860116366438400" url="https://twitter.com/JoannaRees/status/119860116366438400"/>
		<document id="119881070895304704" url="https://twitter.com/JoannaRees/status/119881070895304704"/>
		<document id="120184570715967488" url="https://twitter.com/JoannaRees/status/120184570715967488"/>
		<document id="120231012931338240" url="https://twitter.com/JoannaRees/status/120231012931338240"/>
		<document id="120246662097678336" url="https://twitter.com/JoannaRees/status/120246662097678336"/>
		<document id="120315922337636352" url="https://twitter.com/JoannaRees/status/120315922337636352"/>
		<document id="120591059997822976" url="https://twitter.com/JoannaRees/status/120591059997822976"/>
		<document id="120977712415375360" url="https://twitter.com/JoannaRees/status/120977712415375360"/>
		<document id="120979139724447744" url="https://twitter.com/JoannaRees/status/120979139724447744"/>
		<document id="121036100562202624" url="https://twitter.com/JoannaRees/status/121036100562202624"/>
		<document id="121324139695972352" url="https://twitter.com/JoannaRees/status/121324139695972352"/>
		<document id="121618856878936064" url="https://twitter.com/JoannaRees/status/121618856878936064"/>
		<document id="121652701019914240" url="https://twitter.com/JoannaRees/status/121652701019914240"/>
		<document id="121762826695098368" url="https://twitter.com/JoannaRees/status/121762826695098368"/>
		<document id="121799845081120768" url="https://twitter.com/JoannaRees/status/121799845081120768"/>
		<document id="121803744500387840" url="https://twitter.com/JoannaRees/status/121803744500387840"/>
		<document id="121804270621306880" url="https://twitter.com/JoannaRees/status/121804270621306880"/>
		<document id="122016137490857984" url="https://twitter.com/JoannaRees/status/122016137490857984"/>
		<document id="122021453821509633" url="https://twitter.com/JoannaRees/status/122021453821509633"/>
		<document id="122345531967160320" url="https://twitter.com/JoannaRees/status/122345531967160320"/>
		<document id="122411449510408192" url="https://twitter.com/JoannaRees/status/122411449510408192"/>
		<document id="122741582276472832" url="https://twitter.com/JoannaRees/status/122741582276472832"/>
		<document id="123123203408277504" url="https://twitter.com/JoannaRees/status/123123203408277504"/>
		<document id="123125054753087489" url="https://twitter.com/JoannaRees/status/123125054753087489"/>
		<document id="123510478646419456" url="https://twitter.com/JoannaRees/status/123510478646419456"/>
		<document id="123803212540153856" url="https://twitter.com/JoannaRees/status/123803212540153856"/>
		<document id="123806329453293568" url="https://twitter.com/JoannaRees/status/123806329453293568"/>
		<document id="123809063984316418" url="https://twitter.com/JoannaRees/status/123809063984316418"/>
		<document id="123898648198254594" url="https://twitter.com/JoannaRees/status/123898648198254594"/>
		<document id="123939764146683904" url="https://twitter.com/JoannaRees/status/123939764146683904"/>
		<document id="123957866653687811" url="https://twitter.com/JoannaRees/status/123957866653687811"/>
		<document id="124127437289308160" url="https://twitter.com/JoannaRees/status/124127437289308160"/>
		<document id="124188457823252481" url="https://twitter.com/JoannaRees/status/124188457823252481"/>
		<document id="124292656426795008" url="https://twitter.com/JoannaRees/status/124292656426795008"/>
		<document id="124643051632205824" url="https://twitter.com/JoannaRees/status/124643051632205824"/>
		<document id="124693951780356096" url="https://twitter.com/JoannaRees/status/124693951780356096"/>
		<document id="124694343561908225" url="https://twitter.com/JoannaRees/status/124694343561908225"/>
		<document id="124876473050992640" url="https://twitter.com/JoannaRees/status/124876473050992640"/>
		<document id="124899525340053504" url="https://twitter.com/JoannaRees/status/124899525340053504"/>
		<document id="124910157158289408" url="https://twitter.com/JoannaRees/status/124910157158289408"/>
		<document id="124936704971911168" url="https://twitter.com/JoannaRees/status/124936704971911168"/>
		<document id="125021367258202112" url="https://twitter.com/JoannaRees/status/125021367258202112"/>
		<document id="125021857178058752" url="https://twitter.com/JoannaRees/status/125021857178058752"/>
		<document id="125027872225230848" url="https://twitter.com/JoannaRees/status/125027872225230848"/>
		<document id="125041982388187137" url="https://twitter.com/JoannaRees/status/125041982388187137"/>
		<document id="125049366158376960" url="https://twitter.com/JoannaRees/status/125049366158376960"/>
		<document id="125285200111476737" url="https://twitter.com/JoannaRees/status/125285200111476737"/>
		<document id="125339759345274881" url="https://twitter.com/JoannaRees/status/125339759345274881"/>
		<document id="125340090120679425" url="https://twitter.com/JoannaRees/status/125340090120679425"/>
		<document id="125345619211599873" url="https://twitter.com/JoannaRees/status/125345619211599873"/>
		<document id="125345819623825408" url="https://twitter.com/JoannaRees/status/125345819623825408"/>
		<document id="125649946736209922" url="https://twitter.com/JoannaRees/status/125649946736209922"/>
		<document id="125675747863052288" url="https://twitter.com/JoannaRees/status/125675747863052288"/>
		<document id="12573324789948416" url="https://twitter.com/JoannaRees/status/12573324789948416"/>
		<document id="12573515156815872" url="https://twitter.com/JoannaRees/status/12573515156815872"/>
		<document id="126361646951174144" url="https://twitter.com/JoannaRees/status/126361646951174144"/>
		<document id="126361831324401664" url="https://twitter.com/JoannaRees/status/126361831324401664"/>
		<document id="12643961059409923" url="https://twitter.com/JoannaRees/status/12643961059409923"/>
		<document id="127095990355374080" url="https://twitter.com/JoannaRees/status/127095990355374080"/>
		<document id="127097615161626624" url="https://twitter.com/JoannaRees/status/127097615161626624"/>
		<document id="127160804377243648" url="https://twitter.com/JoannaRees/status/127160804377243648"/>
		<document id="127188398439014400" url="https://twitter.com/JoannaRees/status/127188398439014400"/>
		<document id="127202955953844225" url="https://twitter.com/JoannaRees/status/127202955953844225"/>
		<document id="127252616328654848" url="https://twitter.com/JoannaRees/status/127252616328654848"/>
		<document id="127551429874429952" url="https://twitter.com/JoannaRees/status/127551429874429952"/>
		<document id="127567964873568256" url="https://twitter.com/JoannaRees/status/127567964873568256"/>
		<document id="128166892526510080" url="https://twitter.com/JoannaRees/status/128166892526510080"/>
		<document id="128202338430230528" url="https://twitter.com/JoannaRees/status/128202338430230528"/>
	</documents>
</author>