<?xml version="1.0" encoding="UTF-8" standalone="no"?><author age_group="xx" gender="xx" lang="EN" type="twitter" url="https://twitter.com/honorharger">
	<documents count="938">
		<document id="380116128732704768" url="https://twitter.com/honorharger/status/380116128732704768"/>
		<document id="380116176015089664" url="https://twitter.com/honorharger/status/380116176015089664"/>
		<document id="380286349854519296" url="https://twitter.com/honorharger/status/380286349854519296"/>
		<document id="380303429567934464" url="https://twitter.com/honorharger/status/380303429567934464"/>
		<document id="380368095107633152" url="https://twitter.com/honorharger/status/380368095107633152"/>
		<document id="380368378990710784" url="https://twitter.com/honorharger/status/380368378990710784"/>
		<document id="380368625649336320" url="https://twitter.com/honorharger/status/380368625649336320"/>
		<document id="380388390979395584" url="https://twitter.com/honorharger/status/380388390979395584"/>
		<document id="380388616322551808" url="https://twitter.com/honorharger/status/380388616322551808"/>
		<document id="380389295988551680" url="https://twitter.com/honorharger/status/380389295988551680"/>
		<document id="380405087555694593" url="https://twitter.com/honorharger/status/380405087555694593"/>
		<document id="380406354659119104" url="https://twitter.com/honorharger/status/380406354659119104"/>
		<document id="380406493465415680" url="https://twitter.com/honorharger/status/380406493465415680"/>
		<document id="380461320333955072" url="https://twitter.com/honorharger/status/380461320333955072"/>
		<document id="380463044683632640" url="https://twitter.com/honorharger/status/380463044683632640"/>
		<document id="380464425008107520" url="https://twitter.com/honorharger/status/380464425008107520"/>
		<document id="380490669615116288" url="https://twitter.com/honorharger/status/380490669615116288"/>
		<document id="380501790338191360" url="https://twitter.com/honorharger/status/380501790338191360"/>
		<document id="380630915996585985" url="https://twitter.com/honorharger/status/380630915996585985"/>
		<document id="380635969277288448" url="https://twitter.com/honorharger/status/380635969277288448"/>
		<document id="380636134859997184" url="https://twitter.com/honorharger/status/380636134859997184"/>
		<document id="380638310814588929" url="https://twitter.com/honorharger/status/380638310814588929"/>
		<document id="380638596044050433" url="https://twitter.com/honorharger/status/380638596044050433"/>
		<document id="380639010294493184" url="https://twitter.com/honorharger/status/380639010294493184"/>
		<document id="380640179641262080" url="https://twitter.com/honorharger/status/380640179641262080"/>
		<document id="380641221296656384" url="https://twitter.com/honorharger/status/380641221296656384"/>
		<document id="380644057405345793" url="https://twitter.com/honorharger/status/380644057405345793"/>
		<document id="380670484993413120" url="https://twitter.com/honorharger/status/380670484993413120"/>
		<document id="380673636715098112" url="https://twitter.com/honorharger/status/380673636715098112"/>
		<document id="380692959915544576" url="https://twitter.com/honorharger/status/380692959915544576"/>
		<document id="380704390757502976" url="https://twitter.com/honorharger/status/380704390757502976"/>
		<document id="380711720182104065" url="https://twitter.com/honorharger/status/380711720182104065"/>
		<document id="380713670151372800" url="https://twitter.com/honorharger/status/380713670151372800"/>
		<document id="380714207752122368" url="https://twitter.com/honorharger/status/380714207752122368"/>
		<document id="380717334681251841" url="https://twitter.com/honorharger/status/380717334681251841"/>
		<document id="380734985709559808" url="https://twitter.com/honorharger/status/380734985709559808"/>
		<document id="380831637501911040" url="https://twitter.com/honorharger/status/380831637501911040"/>
		<document id="380972588622970880" url="https://twitter.com/honorharger/status/380972588622970880"/>
		<document id="380989094290919425" url="https://twitter.com/honorharger/status/380989094290919425"/>
		<document id="380989513457090561" url="https://twitter.com/honorharger/status/380989513457090561"/>
		<document id="380989594692358144" url="https://twitter.com/honorharger/status/380989594692358144"/>
		<document id="380989717258313728" url="https://twitter.com/honorharger/status/380989717258313728"/>
		<document id="381080421221822464" url="https://twitter.com/honorharger/status/381080421221822464"/>
		<document id="381082011924189184" url="https://twitter.com/honorharger/status/381082011924189184"/>
		<document id="381084381785640960" url="https://twitter.com/honorharger/status/381084381785640960"/>
		<document id="381084529978789888" url="https://twitter.com/honorharger/status/381084529978789888"/>
		<document id="381085801020686336" url="https://twitter.com/honorharger/status/381085801020686336"/>
		<document id="381102405040881664" url="https://twitter.com/honorharger/status/381102405040881664"/>
		<document id="381112340089163776" url="https://twitter.com/honorharger/status/381112340089163776"/>
		<document id="381123914425831424" url="https://twitter.com/honorharger/status/381123914425831424"/>
		<document id="381240622101045248" url="https://twitter.com/honorharger/status/381240622101045248"/>
		<document id="381365268523384832" url="https://twitter.com/honorharger/status/381365268523384832"/>
		<document id="381368356009295873" url="https://twitter.com/honorharger/status/381368356009295873"/>
		<document id="381369257449115648" url="https://twitter.com/honorharger/status/381369257449115648"/>
		<document id="381371652258291712" url="https://twitter.com/honorharger/status/381371652258291712"/>
		<document id="381371856835469312" url="https://twitter.com/honorharger/status/381371856835469312"/>
		<document id="381371930898489345" url="https://twitter.com/honorharger/status/381371930898489345"/>
		<document id="381372374718754816" url="https://twitter.com/honorharger/status/381372374718754816"/>
		<document id="381372555094814721" url="https://twitter.com/honorharger/status/381372555094814721"/>
		<document id="381372734069936128" url="https://twitter.com/honorharger/status/381372734069936128"/>
		<document id="381372838797537281" url="https://twitter.com/honorharger/status/381372838797537281"/>
		<document id="381373134886027264" url="https://twitter.com/honorharger/status/381373134886027264"/>
		<document id="381377767507374081" url="https://twitter.com/honorharger/status/381377767507374081"/>
		<document id="381726699798278144" url="https://twitter.com/honorharger/status/381726699798278144"/>
		<document id="381727788828340224" url="https://twitter.com/honorharger/status/381727788828340224"/>
		<document id="381728521967517697" url="https://twitter.com/honorharger/status/381728521967517697"/>
		<document id="381729158662856704" url="https://twitter.com/honorharger/status/381729158662856704"/>
		<document id="381729454076071936" url="https://twitter.com/honorharger/status/381729454076071936"/>
		<document id="381730218177617920" url="https://twitter.com/honorharger/status/381730218177617920"/>
		<document id="381730507345494016" url="https://twitter.com/honorharger/status/381730507345494016"/>
		<document id="381730541231280128" url="https://twitter.com/honorharger/status/381730541231280128"/>
		<document id="381731532097851392" url="https://twitter.com/honorharger/status/381731532097851392"/>
		<document id="381732891018792960" url="https://twitter.com/honorharger/status/381732891018792960"/>
		<document id="381734065532960769" url="https://twitter.com/honorharger/status/381734065532960769"/>
		<document id="381734142758490112" url="https://twitter.com/honorharger/status/381734142758490112"/>
		<document id="381734540542107648" url="https://twitter.com/honorharger/status/381734540542107648"/>
		<document id="381734833145147392" url="https://twitter.com/honorharger/status/381734833145147392"/>
		<document id="381739782662934529" url="https://twitter.com/honorharger/status/381739782662934529"/>
		<document id="381741187935129600" url="https://twitter.com/honorharger/status/381741187935129600"/>
		<document id="381745637227651072" url="https://twitter.com/honorharger/status/381745637227651072"/>
		<document id="381766441869254656" url="https://twitter.com/honorharger/status/381766441869254656"/>
		<document id="381768383232225280" url="https://twitter.com/honorharger/status/381768383232225280"/>
		<document id="381777439304994816" url="https://twitter.com/honorharger/status/381777439304994816"/>
		<document id="381779314565718016" url="https://twitter.com/honorharger/status/381779314565718016"/>
		<document id="381780837521702912" url="https://twitter.com/honorharger/status/381780837521702912"/>
		<document id="381796193938182144" url="https://twitter.com/honorharger/status/381796193938182144"/>
		<document id="381878481749286912" url="https://twitter.com/honorharger/status/381878481749286912"/>
		<document id="381880049882124288" url="https://twitter.com/honorharger/status/381880049882124288"/>
		<document id="381880805334986752" url="https://twitter.com/honorharger/status/381880805334986752"/>
		<document id="381947465571659776" url="https://twitter.com/honorharger/status/381947465571659776"/>
		<document id="381954985077923840" url="https://twitter.com/honorharger/status/381954985077923840"/>
		<document id="382039885190025216" url="https://twitter.com/honorharger/status/382039885190025216"/>
		<document id="382050918528581632" url="https://twitter.com/honorharger/status/382050918528581632"/>
		<document id="382054916530774016" url="https://twitter.com/honorharger/status/382054916530774016"/>
		<document id="382056149693890560" url="https://twitter.com/honorharger/status/382056149693890560"/>
		<document id="382056389574545408" url="https://twitter.com/honorharger/status/382056389574545408"/>
		<document id="382059114630615040" url="https://twitter.com/honorharger/status/382059114630615040"/>
		<document id="382059901926662145" url="https://twitter.com/honorharger/status/382059901926662145"/>
		<document id="382060675180138496" url="https://twitter.com/honorharger/status/382060675180138496"/>
		<document id="382061751174299648" url="https://twitter.com/honorharger/status/382061751174299648"/>
		<document id="382062602659954688" url="https://twitter.com/honorharger/status/382062602659954688"/>
		<document id="382063133960843264" url="https://twitter.com/honorharger/status/382063133960843264"/>
		<document id="382072181233967104" url="https://twitter.com/honorharger/status/382072181233967104"/>
		<document id="382088912472387584" url="https://twitter.com/honorharger/status/382088912472387584"/>
		<document id="382101364345548801" url="https://twitter.com/honorharger/status/382101364345548801"/>
		<document id="382104071743631363" url="https://twitter.com/honorharger/status/382104071743631363"/>
		<document id="382141433488343040" url="https://twitter.com/honorharger/status/382141433488343040"/>
		<document id="382207000329084928" url="https://twitter.com/honorharger/status/382207000329084928"/>
		<document id="382450172069818368" url="https://twitter.com/honorharger/status/382450172069818368"/>
		<document id="382482679528439808" url="https://twitter.com/honorharger/status/382482679528439808"/>
		<document id="382640381265215488" url="https://twitter.com/honorharger/status/382640381265215488"/>
		<document id="382645500639715328" url="https://twitter.com/honorharger/status/382645500639715328"/>
		<document id="382646734201298944" url="https://twitter.com/honorharger/status/382646734201298944"/>
		<document id="382668345415581696" url="https://twitter.com/honorharger/status/382668345415581696"/>
		<document id="382804256874430464" url="https://twitter.com/honorharger/status/382804256874430464"/>
		<document id="382804362319245312" url="https://twitter.com/honorharger/status/382804362319245312"/>
		<document id="382804674518056961" url="https://twitter.com/honorharger/status/382804674518056961"/>
		<document id="382808068330758144" url="https://twitter.com/honorharger/status/382808068330758144"/>
		<document id="382809690352005120" url="https://twitter.com/honorharger/status/382809690352005120"/>
		<document id="382810353492443138" url="https://twitter.com/honorharger/status/382810353492443138"/>
		<document id="382857579317063680" url="https://twitter.com/honorharger/status/382857579317063680"/>
		<document id="382858028950626304" url="https://twitter.com/honorharger/status/382858028950626304"/>
		<document id="382858493922770944" url="https://twitter.com/honorharger/status/382858493922770944"/>
		<document id="382898787489832962" url="https://twitter.com/honorharger/status/382898787489832962"/>
		<document id="382902251661963264" url="https://twitter.com/honorharger/status/382902251661963264"/>
		<document id="383162038866165760" url="https://twitter.com/honorharger/status/383162038866165760"/>
		<document id="383164751494131712" url="https://twitter.com/honorharger/status/383164751494131712"/>
		<document id="383165772006031361" url="https://twitter.com/honorharger/status/383165772006031361"/>
		<document id="383168409078210560" url="https://twitter.com/honorharger/status/383168409078210560"/>
		<document id="383171446144393216" url="https://twitter.com/honorharger/status/383171446144393216"/>
		<document id="383172061213884417" url="https://twitter.com/honorharger/status/383172061213884417"/>
		<document id="383175315167526912" url="https://twitter.com/honorharger/status/383175315167526912"/>
		<document id="383176495885082624" url="https://twitter.com/honorharger/status/383176495885082624"/>
		<document id="383176900060786688" url="https://twitter.com/honorharger/status/383176900060786688"/>
		<document id="383177612639473665" url="https://twitter.com/honorharger/status/383177612639473665"/>
		<document id="383179693999943680" url="https://twitter.com/honorharger/status/383179693999943680"/>
		<document id="383180429307568128" url="https://twitter.com/honorharger/status/383180429307568128"/>
		<document id="383180844795322368" url="https://twitter.com/honorharger/status/383180844795322368"/>
		<document id="383183372844953600" url="https://twitter.com/honorharger/status/383183372844953600"/>
		<document id="383184305897218048" url="https://twitter.com/honorharger/status/383184305897218048"/>
		<document id="383184802536361984" url="https://twitter.com/honorharger/status/383184802536361984"/>
		<document id="383186584092168192" url="https://twitter.com/honorharger/status/383186584092168192"/>
		<document id="383190128526520320" url="https://twitter.com/honorharger/status/383190128526520320"/>
		<document id="383194332502581248" url="https://twitter.com/honorharger/status/383194332502581248"/>
		<document id="383196211680796673" url="https://twitter.com/honorharger/status/383196211680796673"/>
		<document id="383198358665306112" url="https://twitter.com/honorharger/status/383198358665306112"/>
		<document id="383222587091742722" url="https://twitter.com/honorharger/status/383222587091742722"/>
		<document id="383229184551571458" url="https://twitter.com/honorharger/status/383229184551571458"/>
		<document id="383232428447240193" url="https://twitter.com/honorharger/status/383232428447240193"/>
		<document id="383232813983473664" url="https://twitter.com/honorharger/status/383232813983473664"/>
		<document id="383235103536586753" url="https://twitter.com/honorharger/status/383235103536586753"/>
		<document id="383239197164711936" url="https://twitter.com/honorharger/status/383239197164711936"/>
		<document id="383239754336071681" url="https://twitter.com/honorharger/status/383239754336071681"/>
		<document id="383242049002024960" url="https://twitter.com/honorharger/status/383242049002024960"/>
		<document id="383243108873293827" url="https://twitter.com/honorharger/status/383243108873293827"/>
		<document id="383243976980971520" url="https://twitter.com/honorharger/status/383243976980971520"/>
		<document id="383245355963252738" url="https://twitter.com/honorharger/status/383245355963252738"/>
		<document id="383260828868554752" url="https://twitter.com/honorharger/status/383260828868554752"/>
		<document id="383377648006610944" url="https://twitter.com/honorharger/status/383377648006610944"/>
		<document id="383379479873069056" url="https://twitter.com/honorharger/status/383379479873069056"/>
		<document id="383379862699786240" url="https://twitter.com/honorharger/status/383379862699786240"/>
		<document id="383521756788436993" url="https://twitter.com/honorharger/status/383521756788436993"/>
		<document id="383538977975717888" url="https://twitter.com/honorharger/status/383538977975717888"/>
		<document id="383539528750735360" url="https://twitter.com/honorharger/status/383539528750735360"/>
		<document id="383541667766091776" url="https://twitter.com/honorharger/status/383541667766091776"/>
		<document id="383643937371455488" url="https://twitter.com/honorharger/status/383643937371455488"/>
		<document id="383644388355604480" url="https://twitter.com/honorharger/status/383644388355604480"/>
		<document id="383739046331449344" url="https://twitter.com/honorharger/status/383739046331449344"/>
		<document id="383902845910515712" url="https://twitter.com/honorharger/status/383902845910515712"/>
		<document id="383907766194028544" url="https://twitter.com/honorharger/status/383907766194028544"/>
		<document id="383936855370371072" url="https://twitter.com/honorharger/status/383936855370371072"/>
		<document id="384021566927151104" url="https://twitter.com/honorharger/status/384021566927151104"/>
		<document id="384023845931585536" url="https://twitter.com/honorharger/status/384023845931585536"/>
		<document id="384838786263179265" url="https://twitter.com/honorharger/status/384838786263179265"/>
		<document id="384838871751483392" url="https://twitter.com/honorharger/status/384838871751483392"/>
		<document id="385195493715767296" url="https://twitter.com/honorharger/status/385195493715767296"/>
		<document id="385534799248515072" url="https://twitter.com/honorharger/status/385534799248515072"/>
		<document id="385680717918650368" url="https://twitter.com/honorharger/status/385680717918650368"/>
		<document id="385684223337582592" url="https://twitter.com/honorharger/status/385684223337582592"/>
		<document id="385840385773142016" url="https://twitter.com/honorharger/status/385840385773142016"/>
		<document id="385844574343536640" url="https://twitter.com/honorharger/status/385844574343536640"/>
		<document id="385846835593482240" url="https://twitter.com/honorharger/status/385846835593482240"/>
		<document id="385855814805647360" url="https://twitter.com/honorharger/status/385855814805647360"/>
		<document id="386055024234598400" url="https://twitter.com/honorharger/status/386055024234598400"/>
		<document id="386056410313654273" url="https://twitter.com/honorharger/status/386056410313654273"/>
		<document id="386056839902666753" url="https://twitter.com/honorharger/status/386056839902666753"/>
		<document id="386218682537369600" url="https://twitter.com/honorharger/status/386218682537369600"/>
		<document id="386268900905582595" url="https://twitter.com/honorharger/status/386268900905582595"/>
		<document id="386272380177235969" url="https://twitter.com/honorharger/status/386272380177235969"/>
		<document id="386470188075327489" url="https://twitter.com/honorharger/status/386470188075327489"/>
		<document id="386501958669856768" url="https://twitter.com/honorharger/status/386501958669856768"/>
		<document id="386544944628105216" url="https://twitter.com/honorharger/status/386544944628105216"/>
		<document id="386546763236401152" url="https://twitter.com/honorharger/status/386546763236401152"/>
		<document id="386552563732344832" url="https://twitter.com/honorharger/status/386552563732344832"/>
		<document id="386553084996251648" url="https://twitter.com/honorharger/status/386553084996251648"/>
		<document id="386555214444392449" url="https://twitter.com/honorharger/status/386555214444392449"/>
		<document id="386850247034425344" url="https://twitter.com/honorharger/status/386850247034425344"/>
		<document id="386850491092570112" url="https://twitter.com/honorharger/status/386850491092570112"/>
		<document id="386852366252646400" url="https://twitter.com/honorharger/status/386852366252646400"/>
		<document id="386852903266164736" url="https://twitter.com/honorharger/status/386852903266164736"/>
		<document id="386868588604567552" url="https://twitter.com/honorharger/status/386868588604567552"/>
		<document id="386869039513231360" url="https://twitter.com/honorharger/status/386869039513231360"/>
		<document id="386869929498398720" url="https://twitter.com/honorharger/status/386869929498398720"/>
		<document id="386871000211947520" url="https://twitter.com/honorharger/status/386871000211947520"/>
		<document id="386873483600613377" url="https://twitter.com/honorharger/status/386873483600613377"/>
		<document id="386886733406928896" url="https://twitter.com/honorharger/status/386886733406928896"/>
		<document id="386888218874220544" url="https://twitter.com/honorharger/status/386888218874220544"/>
		<document id="386888747113275392" url="https://twitter.com/honorharger/status/386888747113275392"/>
		<document id="386902401837699072" url="https://twitter.com/honorharger/status/386902401837699072"/>
		<document id="386960108464246785" url="https://twitter.com/honorharger/status/386960108464246785"/>
		<document id="387158469410693120" url="https://twitter.com/honorharger/status/387158469410693120"/>
		<document id="387159654045741056" url="https://twitter.com/honorharger/status/387159654045741056"/>
		<document id="387160143634243584" url="https://twitter.com/honorharger/status/387160143634243584"/>
		<document id="387160613606002688" url="https://twitter.com/honorharger/status/387160613606002688"/>
		<document id="387529120881446912" url="https://twitter.com/honorharger/status/387529120881446912"/>
		<document id="387529255178874881" url="https://twitter.com/honorharger/status/387529255178874881"/>
		<document id="387529735057580033" url="https://twitter.com/honorharger/status/387529735057580033"/>
		<document id="387531161305505792" url="https://twitter.com/honorharger/status/387531161305505792"/>
		<document id="387533574955483136" url="https://twitter.com/honorharger/status/387533574955483136"/>
		<document id="387534025255964672" url="https://twitter.com/honorharger/status/387534025255964672"/>
		<document id="387536710633926656" url="https://twitter.com/honorharger/status/387536710633926656"/>
		<document id="387576222068137985" url="https://twitter.com/honorharger/status/387576222068137985"/>
		<document id="387576556932972544" url="https://twitter.com/honorharger/status/387576556932972544"/>
		<document id="387577027168972801" url="https://twitter.com/honorharger/status/387577027168972801"/>
		<document id="387586579297882112" url="https://twitter.com/honorharger/status/387586579297882112"/>
		<document id="387589754818031616" url="https://twitter.com/honorharger/status/387589754818031616"/>
		<document id="387858306703704064" url="https://twitter.com/honorharger/status/387858306703704064"/>
		<document id="387881035876155392" url="https://twitter.com/honorharger/status/387881035876155392"/>
		<document id="387881142205952000" url="https://twitter.com/honorharger/status/387881142205952000"/>
		<document id="387881346002984961" url="https://twitter.com/honorharger/status/387881346002984961"/>
		<document id="387881388159938560" url="https://twitter.com/honorharger/status/387881388159938560"/>
		<document id="387881583941677056" url="https://twitter.com/honorharger/status/387881583941677056"/>
		<document id="387885525639495680" url="https://twitter.com/honorharger/status/387885525639495680"/>
		<document id="387886337849688064" url="https://twitter.com/honorharger/status/387886337849688064"/>
		<document id="387888944357965824" url="https://twitter.com/honorharger/status/387888944357965824"/>
		<document id="387889224931753984" url="https://twitter.com/honorharger/status/387889224931753984"/>
		<document id="387890229928947712" url="https://twitter.com/honorharger/status/387890229928947712"/>
		<document id="387892900819763201" url="https://twitter.com/honorharger/status/387892900819763201"/>
		<document id="387893712178540545" url="https://twitter.com/honorharger/status/387893712178540545"/>
		<document id="387914966227222528" url="https://twitter.com/honorharger/status/387914966227222528"/>
		<document id="387967804785192961" url="https://twitter.com/honorharger/status/387967804785192961"/>
		<document id="387968035924869120" url="https://twitter.com/honorharger/status/387968035924869120"/>
		<document id="387973961813721088" url="https://twitter.com/honorharger/status/387973961813721088"/>
		<document id="387974405831131138" url="https://twitter.com/honorharger/status/387974405831131138"/>
		<document id="387976392844914688" url="https://twitter.com/honorharger/status/387976392844914688"/>
		<document id="387976999626477568" url="https://twitter.com/honorharger/status/387976999626477568"/>
		<document id="388230690921140226" url="https://twitter.com/honorharger/status/388230690921140226"/>
		<document id="388232837616250880" url="https://twitter.com/honorharger/status/388232837616250880"/>
		<document id="388314967549550593" url="https://twitter.com/honorharger/status/388314967549550593"/>
		<document id="388315502210060288" url="https://twitter.com/honorharger/status/388315502210060288"/>
		<document id="388333107524296704" url="https://twitter.com/honorharger/status/388333107524296704"/>
		<document id="388333505010077698" url="https://twitter.com/honorharger/status/388333505010077698"/>
		<document id="388337111461404672" url="https://twitter.com/honorharger/status/388337111461404672"/>
		<document id="388482385425088513" url="https://twitter.com/honorharger/status/388482385425088513"/>
		<document id="389506757648588800" url="https://twitter.com/honorharger/status/389506757648588800"/>
		<document id="390024152062521344" url="https://twitter.com/honorharger/status/390024152062521344"/>
		<document id="390024775914901504" url="https://twitter.com/honorharger/status/390024775914901504"/>
		<document id="390025440112287744" url="https://twitter.com/honorharger/status/390025440112287744"/>
		<document id="390026929228611584" url="https://twitter.com/honorharger/status/390026929228611584"/>
		<document id="390029791513956352" url="https://twitter.com/honorharger/status/390029791513956352"/>
		<document id="390031861121945600" url="https://twitter.com/honorharger/status/390031861121945600"/>
		<document id="390053936989626368" url="https://twitter.com/honorharger/status/390053936989626368"/>
		<document id="390054353135861760" url="https://twitter.com/honorharger/status/390054353135861760"/>
		<document id="390055041073033216" url="https://twitter.com/honorharger/status/390055041073033216"/>
		<document id="390056164378939392" url="https://twitter.com/honorharger/status/390056164378939392"/>
		<document id="390077245278023680" url="https://twitter.com/honorharger/status/390077245278023680"/>
		<document id="390082532672143361" url="https://twitter.com/honorharger/status/390082532672143361"/>
		<document id="390087463143624706" url="https://twitter.com/honorharger/status/390087463143624706"/>
		<document id="390228321058820096" url="https://twitter.com/honorharger/status/390228321058820096"/>
		<document id="390234178966417409" url="https://twitter.com/honorharger/status/390234178966417409"/>
		<document id="390393020563996672" url="https://twitter.com/honorharger/status/390393020563996672"/>
		<document id="390730593304322048" url="https://twitter.com/honorharger/status/390730593304322048"/>
		<document id="390731736944222208" url="https://twitter.com/honorharger/status/390731736944222208"/>
		<document id="390832431915229184" url="https://twitter.com/honorharger/status/390832431915229184"/>
		<document id="390833767335464960" url="https://twitter.com/honorharger/status/390833767335464960"/>
		<document id="390834495676379136" url="https://twitter.com/honorharger/status/390834495676379136"/>
		<document id="390844338659655680" url="https://twitter.com/honorharger/status/390844338659655680"/>
		<document id="391220360772718592" url="https://twitter.com/honorharger/status/391220360772718592"/>
		<document id="391252111075188736" url="https://twitter.com/honorharger/status/391252111075188736"/>
		<document id="391252221783855105" url="https://twitter.com/honorharger/status/391252221783855105"/>
		<document id="391252820659171328" url="https://twitter.com/honorharger/status/391252820659171328"/>
		<document id="391570835724435456" url="https://twitter.com/honorharger/status/391570835724435456"/>
		<document id="391589788656353280" url="https://twitter.com/honorharger/status/391589788656353280"/>
		<document id="391989213790363648" url="https://twitter.com/honorharger/status/391989213790363648"/>
		<document id="392021464846589952" url="https://twitter.com/honorharger/status/392021464846589952"/>
		<document id="392215703572320256" url="https://twitter.com/honorharger/status/392215703572320256"/>
		<document id="392310168756559872" url="https://twitter.com/honorharger/status/392310168756559872"/>
		<document id="392398778935693313" url="https://twitter.com/honorharger/status/392398778935693313"/>
		<document id="392403720337506304" url="https://twitter.com/honorharger/status/392403720337506304"/>
		<document id="392589309787643904" url="https://twitter.com/honorharger/status/392589309787643904"/>
		<document id="392664142215016448" url="https://twitter.com/honorharger/status/392664142215016448"/>
		<document id="392759963782623232" url="https://twitter.com/honorharger/status/392759963782623232"/>
		<document id="392760385607966721" url="https://twitter.com/honorharger/status/392760385607966721"/>
		<document id="392760738474782720" url="https://twitter.com/honorharger/status/392760738474782720"/>
		<document id="392964907571740672" url="https://twitter.com/honorharger/status/392964907571740672"/>
		<document id="392965517754900480" url="https://twitter.com/honorharger/status/392965517754900480"/>
		<document id="392968269558067200" url="https://twitter.com/honorharger/status/392968269558067200"/>
		<document id="392969122125860864" url="https://twitter.com/honorharger/status/392969122125860864"/>
		<document id="392969911061860352" url="https://twitter.com/honorharger/status/392969911061860352"/>
		<document id="392970924422488065" url="https://twitter.com/honorharger/status/392970924422488065"/>
		<document id="392971944338808832" url="https://twitter.com/honorharger/status/392971944338808832"/>
		<document id="392983774343872512" url="https://twitter.com/honorharger/status/392983774343872512"/>
		<document id="392984196068569088" url="https://twitter.com/honorharger/status/392984196068569088"/>
		<document id="393019579837841408" url="https://twitter.com/honorharger/status/393019579837841408"/>
		<document id="393023961249755136" url="https://twitter.com/honorharger/status/393023961249755136"/>
		<document id="393031349684019200" url="https://twitter.com/honorharger/status/393031349684019200"/>
		<document id="393063064209068032" url="https://twitter.com/honorharger/status/393063064209068032"/>
		<document id="393104393291038720" url="https://twitter.com/honorharger/status/393104393291038720"/>
		<document id="393105351953747969" url="https://twitter.com/honorharger/status/393105351953747969"/>
		<document id="393300187021467649" url="https://twitter.com/honorharger/status/393300187021467649"/>
		<document id="393300794180501504" url="https://twitter.com/honorharger/status/393300794180501504"/>
		<document id="393304218909425664" url="https://twitter.com/honorharger/status/393304218909425664"/>
		<document id="393305873998548992" url="https://twitter.com/honorharger/status/393305873998548992"/>
		<document id="393336252658749440" url="https://twitter.com/honorharger/status/393336252658749440"/>
		<document id="393360850221666304" url="https://twitter.com/honorharger/status/393360850221666304"/>
		<document id="393393620092715008" url="https://twitter.com/honorharger/status/393393620092715008"/>
		<document id="393421550592229376" url="https://twitter.com/honorharger/status/393421550592229376"/>
		<document id="393520404301897728" url="https://twitter.com/honorharger/status/393520404301897728"/>
		<document id="393522502032691200" url="https://twitter.com/honorharger/status/393522502032691200"/>
		<document id="393522850402811904" url="https://twitter.com/honorharger/status/393522850402811904"/>
		<document id="393523179278573568" url="https://twitter.com/honorharger/status/393523179278573568"/>
		<document id="393523392902856704" url="https://twitter.com/honorharger/status/393523392902856704"/>
		<document id="393523744960180224" url="https://twitter.com/honorharger/status/393523744960180224"/>
		<document id="393526010333126656" url="https://twitter.com/honorharger/status/393526010333126656"/>
		<document id="393531515457380352" url="https://twitter.com/honorharger/status/393531515457380352"/>
		<document id="393636202240163840" url="https://twitter.com/honorharger/status/393636202240163840"/>
		<document id="393637523877949440" url="https://twitter.com/honorharger/status/393637523877949440"/>
		<document id="393647674224037888" url="https://twitter.com/honorharger/status/393647674224037888"/>
		<document id="393648141133950977" url="https://twitter.com/honorharger/status/393648141133950977"/>
		<document id="393648538225491968" url="https://twitter.com/honorharger/status/393648538225491968"/>
		<document id="393665616495656960" url="https://twitter.com/honorharger/status/393665616495656960"/>
		<document id="393687012483825664" url="https://twitter.com/honorharger/status/393687012483825664"/>
		<document id="393687434057494528" url="https://twitter.com/honorharger/status/393687434057494528"/>
		<document id="393763111943286785" url="https://twitter.com/honorharger/status/393763111943286785"/>
		<document id="393764068148121600" url="https://twitter.com/honorharger/status/393764068148121600"/>
		<document id="393764519006453760" url="https://twitter.com/honorharger/status/393764519006453760"/>
		<document id="393766278554726400" url="https://twitter.com/honorharger/status/393766278554726400"/>
		<document id="393767592185573376" url="https://twitter.com/honorharger/status/393767592185573376"/>
		<document id="393773380710572033" url="https://twitter.com/honorharger/status/393773380710572033"/>
		<document id="393773919217254401" url="https://twitter.com/honorharger/status/393773919217254401"/>
		<document id="393979350468407297" url="https://twitter.com/honorharger/status/393979350468407297"/>
		<document id="394008160878739456" url="https://twitter.com/honorharger/status/394008160878739456"/>
		<document id="394008915626975232" url="https://twitter.com/honorharger/status/394008915626975232"/>
		<document id="394017873179729920" url="https://twitter.com/honorharger/status/394017873179729920"/>
		<document id="394019984437170176" url="https://twitter.com/honorharger/status/394019984437170176"/>
		<document id="394020879149322240" url="https://twitter.com/honorharger/status/394020879149322240"/>
		<document id="394032295281049600" url="https://twitter.com/honorharger/status/394032295281049600"/>
		<document id="394032701709119488" url="https://twitter.com/honorharger/status/394032701709119488"/>
		<document id="394033562401259520" url="https://twitter.com/honorharger/status/394033562401259520"/>
		<document id="394034298577121280" url="https://twitter.com/honorharger/status/394034298577121280"/>
		<document id="394035383949737984" url="https://twitter.com/honorharger/status/394035383949737984"/>
		<document id="394035790314876928" url="https://twitter.com/honorharger/status/394035790314876928"/>
		<document id="394035993130455040" url="https://twitter.com/honorharger/status/394035993130455040"/>
		<document id="394036497285795840" url="https://twitter.com/honorharger/status/394036497285795840"/>
		<document id="394036766757244928" url="https://twitter.com/honorharger/status/394036766757244928"/>
		<document id="394037173743136768" url="https://twitter.com/honorharger/status/394037173743136768"/>
		<document id="394038032245870592" url="https://twitter.com/honorharger/status/394038032245870592"/>
		<document id="394038740600889344" url="https://twitter.com/honorharger/status/394038740600889344"/>
		<document id="394039341430755328" url="https://twitter.com/honorharger/status/394039341430755328"/>
		<document id="394040315541073920" url="https://twitter.com/honorharger/status/394040315541073920"/>
		<document id="394040775836565504" url="https://twitter.com/honorharger/status/394040775836565504"/>
		<document id="394041675930038272" url="https://twitter.com/honorharger/status/394041675930038272"/>
		<document id="394080495404736512" url="https://twitter.com/honorharger/status/394080495404736512"/>
		<document id="394087485284044800" url="https://twitter.com/honorharger/status/394087485284044800"/>
		<document id="394094053056585728" url="https://twitter.com/honorharger/status/394094053056585728"/>
		<document id="394100296265502720" url="https://twitter.com/honorharger/status/394100296265502720"/>
		<document id="394110612491743233" url="https://twitter.com/honorharger/status/394110612491743233"/>
		<document id="394112001586520064" url="https://twitter.com/honorharger/status/394112001586520064"/>
		<document id="394112356932153344" url="https://twitter.com/honorharger/status/394112356932153344"/>
		<document id="394112963856318464" url="https://twitter.com/honorharger/status/394112963856318464"/>
		<document id="394113827111190528" url="https://twitter.com/honorharger/status/394113827111190528"/>
		<document id="394114146440347648" url="https://twitter.com/honorharger/status/394114146440347648"/>
		<document id="394114954946936833" url="https://twitter.com/honorharger/status/394114954946936833"/>
		<document id="394115676446945281" url="https://twitter.com/honorharger/status/394115676446945281"/>
		<document id="394116238492041216" url="https://twitter.com/honorharger/status/394116238492041216"/>
		<document id="394119955157102592" url="https://twitter.com/honorharger/status/394119955157102592"/>
		<document id="394121441035419648" url="https://twitter.com/honorharger/status/394121441035419648"/>
		<document id="394122223533170688" url="https://twitter.com/honorharger/status/394122223533170688"/>
		<document id="394122672411770880" url="https://twitter.com/honorharger/status/394122672411770880"/>
		<document id="394188521792995328" url="https://twitter.com/honorharger/status/394188521792995328"/>
		<document id="394189190365065217" url="https://twitter.com/honorharger/status/394189190365065217"/>
		<document id="394206538308386816" url="https://twitter.com/honorharger/status/394206538308386816"/>
		<document id="394221735282614272" url="https://twitter.com/honorharger/status/394221735282614272"/>
		<document id="394382525873000449" url="https://twitter.com/honorharger/status/394382525873000449"/>
		<document id="394413162264805376" url="https://twitter.com/honorharger/status/394413162264805376"/>
		<document id="394448690360115200" url="https://twitter.com/honorharger/status/394448690360115200"/>
		<document id="394449850622025728" url="https://twitter.com/honorharger/status/394449850622025728"/>
		<document id="394450604548194304" url="https://twitter.com/honorharger/status/394450604548194304"/>
		<document id="394451358054887424" url="https://twitter.com/honorharger/status/394451358054887424"/>
		<document id="394451854551420928" url="https://twitter.com/honorharger/status/394451854551420928"/>
		<document id="394452782574755840" url="https://twitter.com/honorharger/status/394452782574755840"/>
		<document id="394453009205575680" url="https://twitter.com/honorharger/status/394453009205575680"/>
		<document id="394453728696496128" url="https://twitter.com/honorharger/status/394453728696496128"/>
		<document id="394455435639783424" url="https://twitter.com/honorharger/status/394455435639783424"/>
		<document id="394456269832331265" url="https://twitter.com/honorharger/status/394456269832331265"/>
		<document id="394456758275825664" url="https://twitter.com/honorharger/status/394456758275825664"/>
		<document id="394457517751033856" url="https://twitter.com/honorharger/status/394457517751033856"/>
		<document id="394458520512634880" url="https://twitter.com/honorharger/status/394458520512634880"/>
		<document id="394459051540877312" url="https://twitter.com/honorharger/status/394459051540877312"/>
		<document id="394459934131486720" url="https://twitter.com/honorharger/status/394459934131486720"/>
		<document id="394460396767444992" url="https://twitter.com/honorharger/status/394460396767444992"/>
		<document id="394461042828660736" url="https://twitter.com/honorharger/status/394461042828660736"/>
		<document id="394461565560569856" url="https://twitter.com/honorharger/status/394461565560569856"/>
		<document id="394462258870632448" url="https://twitter.com/honorharger/status/394462258870632448"/>
		<document id="394462621359161344" url="https://twitter.com/honorharger/status/394462621359161344"/>
		<document id="394463410773315584" url="https://twitter.com/honorharger/status/394463410773315584"/>
		<document id="394478215353618432" url="https://twitter.com/honorharger/status/394478215353618432"/>
		<document id="394482464225517568" url="https://twitter.com/honorharger/status/394482464225517568"/>
		<document id="394483007278829568" url="https://twitter.com/honorharger/status/394483007278829568"/>
		<document id="394483369784127488" url="https://twitter.com/honorharger/status/394483369784127488"/>
		<document id="394484691996512256" url="https://twitter.com/honorharger/status/394484691996512256"/>
		<document id="394484962092933120" url="https://twitter.com/honorharger/status/394484962092933120"/>
		<document id="394486982203953152" url="https://twitter.com/honorharger/status/394486982203953152"/>
		<document id="394487461323505664" url="https://twitter.com/honorharger/status/394487461323505664"/>
		<document id="394489684484972544" url="https://twitter.com/honorharger/status/394489684484972544"/>
		<document id="394490322182754304" url="https://twitter.com/honorharger/status/394490322182754304"/>
		<document id="394490591184429057" url="https://twitter.com/honorharger/status/394490591184429057"/>
		<document id="394492073132699648" url="https://twitter.com/honorharger/status/394492073132699648"/>
		<document id="394492905815310336" url="https://twitter.com/honorharger/status/394492905815310336"/>
		<document id="394493952046686208" url="https://twitter.com/honorharger/status/394493952046686208"/>
		<document id="394495713692119040" url="https://twitter.com/honorharger/status/394495713692119040"/>
		<document id="394512035125657600" url="https://twitter.com/honorharger/status/394512035125657600"/>
		<document id="394512684609470464" url="https://twitter.com/honorharger/status/394512684609470464"/>
		<document id="394514745740783616" url="https://twitter.com/honorharger/status/394514745740783616"/>
		<document id="394514779626536960" url="https://twitter.com/honorharger/status/394514779626536960"/>
		<document id="394515094308417536" url="https://twitter.com/honorharger/status/394515094308417536"/>
		<document id="394515995387494400" url="https://twitter.com/honorharger/status/394515995387494400"/>
		<document id="394745525351620608" url="https://twitter.com/honorharger/status/394745525351620608"/>
		<document id="394745761872617472" url="https://twitter.com/honorharger/status/394745761872617472"/>
		<document id="394748753023729664" url="https://twitter.com/honorharger/status/394748753023729664"/>
		<document id="394750138469478401" url="https://twitter.com/honorharger/status/394750138469478401"/>
		<document id="394848004588716032" url="https://twitter.com/honorharger/status/394848004588716032"/>
		<document id="394936193659322368" url="https://twitter.com/honorharger/status/394936193659322368"/>
		<document id="395075544615636992" url="https://twitter.com/honorharger/status/395075544615636992"/>
		<document id="395109830257827840" url="https://twitter.com/honorharger/status/395109830257827840"/>
		<document id="395110388792295424" url="https://twitter.com/honorharger/status/395110388792295424"/>
		<document id="395123645775085569" url="https://twitter.com/honorharger/status/395123645775085569"/>
		<document id="395126058422644736" url="https://twitter.com/honorharger/status/395126058422644736"/>
		<document id="395127689331613696" url="https://twitter.com/honorharger/status/395127689331613696"/>
		<document id="395128990857711616" url="https://twitter.com/honorharger/status/395128990857711616"/>
		<document id="395129641419440128" url="https://twitter.com/honorharger/status/395129641419440128"/>
		<document id="395130454548176896" url="https://twitter.com/honorharger/status/395130454548176896"/>
		<document id="395131577258508288" url="https://twitter.com/honorharger/status/395131577258508288"/>
		<document id="395131899494297601" url="https://twitter.com/honorharger/status/395131899494297601"/>
		<document id="395132473572868096" url="https://twitter.com/honorharger/status/395132473572868096"/>
		<document id="395132806139215872" url="https://twitter.com/honorharger/status/395132806139215872"/>
		<document id="395134308538941440" url="https://twitter.com/honorharger/status/395134308538941440"/>
		<document id="395135043888513024" url="https://twitter.com/honorharger/status/395135043888513024"/>
		<document id="395140928132100096" url="https://twitter.com/honorharger/status/395140928132100096"/>
		<document id="395141547639205889" url="https://twitter.com/honorharger/status/395141547639205889"/>
		<document id="395142779019735040" url="https://twitter.com/honorharger/status/395142779019735040"/>
		<document id="395156029467807744" url="https://twitter.com/honorharger/status/395156029467807744"/>
		<document id="395156436646658048" url="https://twitter.com/honorharger/status/395156436646658048"/>
		<document id="395158391108427776" url="https://twitter.com/honorharger/status/395158391108427776"/>
		<document id="395158765596864512" url="https://twitter.com/honorharger/status/395158765596864512"/>
		<document id="395162653435650048" url="https://twitter.com/honorharger/status/395162653435650048"/>
		<document id="395165320669065217" url="https://twitter.com/honorharger/status/395165320669065217"/>
		<document id="395165941602201600" url="https://twitter.com/honorharger/status/395165941602201600"/>
		<document id="395166955680043008" url="https://twitter.com/honorharger/status/395166955680043008"/>
		<document id="395171048330919936" url="https://twitter.com/honorharger/status/395171048330919936"/>
		<document id="395193974300106752" url="https://twitter.com/honorharger/status/395193974300106752"/>
		<document id="395202132003274753" url="https://twitter.com/honorharger/status/395202132003274753"/>
		<document id="395202251989737473" url="https://twitter.com/honorharger/status/395202251989737473"/>
		<document id="395255764178440193" url="https://twitter.com/honorharger/status/395255764178440193"/>
		<document id="395497504420007936" url="https://twitter.com/honorharger/status/395497504420007936"/>
		<document id="395508394473185281" url="https://twitter.com/honorharger/status/395508394473185281"/>
		<document id="395508830169079810" url="https://twitter.com/honorharger/status/395508830169079810"/>
		<document id="395618803473993728" url="https://twitter.com/honorharger/status/395618803473993728"/>
		<document id="395619259491307520" url="https://twitter.com/honorharger/status/395619259491307520"/>
		<document id="395624097096695808" url="https://twitter.com/honorharger/status/395624097096695808"/>
		<document id="395625040928342016" url="https://twitter.com/honorharger/status/395625040928342016"/>
		<document id="395630133153107968" url="https://twitter.com/honorharger/status/395630133153107968"/>
		<document id="395630653473296384" url="https://twitter.com/honorharger/status/395630653473296384"/>
		<document id="395630947108130816" url="https://twitter.com/honorharger/status/395630947108130816"/>
		<document id="395631219897298946" url="https://twitter.com/honorharger/status/395631219897298946"/>
		<document id="395631569018580992" url="https://twitter.com/honorharger/status/395631569018580992"/>
		<document id="395635364813344768" url="https://twitter.com/honorharger/status/395635364813344768"/>
		<document id="395635682435403776" url="https://twitter.com/honorharger/status/395635682435403776"/>
		<document id="395636008051806208" url="https://twitter.com/honorharger/status/395636008051806208"/>
		<document id="395638214012444672" url="https://twitter.com/honorharger/status/395638214012444672"/>
		<document id="395641019100045312" url="https://twitter.com/honorharger/status/395641019100045312"/>
		<document id="395642357213048832" url="https://twitter.com/honorharger/status/395642357213048832"/>
		<document id="395698944585375744" url="https://twitter.com/honorharger/status/395698944585375744"/>
		<document id="395845803559751681" url="https://twitter.com/honorharger/status/395845803559751681"/>
		<document id="395846353240092672" url="https://twitter.com/honorharger/status/395846353240092672"/>
		<document id="395846885258186752" url="https://twitter.com/honorharger/status/395846885258186752"/>
		<document id="395847209872158721" url="https://twitter.com/honorharger/status/395847209872158721"/>
		<document id="395946495998169088" url="https://twitter.com/honorharger/status/395946495998169088"/>
		<document id="395947686501036032" url="https://twitter.com/honorharger/status/395947686501036032"/>
		<document id="396045420839047168" url="https://twitter.com/honorharger/status/396045420839047168"/>
		<document id="396046382265810945" url="https://twitter.com/honorharger/status/396046382265810945"/>
		<document id="396220937638383616" url="https://twitter.com/honorharger/status/396220937638383616"/>
		<document id="396230519416840193" url="https://twitter.com/honorharger/status/396230519416840193"/>
		<document id="396248085841444864" url="https://twitter.com/honorharger/status/396248085841444864"/>
		<document id="396271472693366784" url="https://twitter.com/honorharger/status/396271472693366784"/>
		<document id="396273536009924608" url="https://twitter.com/honorharger/status/396273536009924608"/>
		<document id="396275122824167426" url="https://twitter.com/honorharger/status/396275122824167426"/>
		<document id="396278072720121857" url="https://twitter.com/honorharger/status/396278072720121857"/>
		<document id="396659691201519616" url="https://twitter.com/honorharger/status/396659691201519616"/>
		<document id="396678134990635008" url="https://twitter.com/honorharger/status/396678134990635008"/>
		<document id="396969029568442368" url="https://twitter.com/honorharger/status/396969029568442368"/>
		<document id="396970740102078466" url="https://twitter.com/honorharger/status/396970740102078466"/>
		<document id="396972916710989825" url="https://twitter.com/honorharger/status/396972916710989825"/>
		<document id="396973814803738624" url="https://twitter.com/honorharger/status/396973814803738624"/>
		<document id="396974302848770049" url="https://twitter.com/honorharger/status/396974302848770049"/>
		<document id="396974539780792321" url="https://twitter.com/honorharger/status/396974539780792321"/>
		<document id="396974938042535936" url="https://twitter.com/honorharger/status/396974938042535936"/>
		<document id="397021007548252161" url="https://twitter.com/honorharger/status/397021007548252161"/>
		<document id="397021114884689920" url="https://twitter.com/honorharger/status/397021114884689920"/>
		<document id="397055735827161089" url="https://twitter.com/honorharger/status/397055735827161089"/>
		<document id="397062595338706944" url="https://twitter.com/honorharger/status/397062595338706944"/>
		<document id="397063928292720640" url="https://twitter.com/honorharger/status/397063928292720640"/>
		<document id="397068777763786752" url="https://twitter.com/honorharger/status/397068777763786752"/>
		<document id="397069173127266304" url="https://twitter.com/honorharger/status/397069173127266304"/>
		<document id="397069803904458752" url="https://twitter.com/honorharger/status/397069803904458752"/>
		<document id="397077683172945923" url="https://twitter.com/honorharger/status/397077683172945923"/>
		<document id="397078382866751488" url="https://twitter.com/honorharger/status/397078382866751488"/>
		<document id="397285901660737536" url="https://twitter.com/honorharger/status/397285901660737536"/>
		<document id="397353907355021312" url="https://twitter.com/honorharger/status/397353907355021312"/>
		<document id="397441175986003968" url="https://twitter.com/honorharger/status/397441175986003968"/>
		<document id="397444374084079616" url="https://twitter.com/honorharger/status/397444374084079616"/>
		<document id="397454382939136000" url="https://twitter.com/honorharger/status/397454382939136000"/>
		<document id="397454635385905152" url="https://twitter.com/honorharger/status/397454635385905152"/>
		<document id="397455504336642048" url="https://twitter.com/honorharger/status/397455504336642048"/>
		<document id="397456418485194752" url="https://twitter.com/honorharger/status/397456418485194752"/>
		<document id="397457609197756416" url="https://twitter.com/honorharger/status/397457609197756416"/>
		<document id="397459066496102400" url="https://twitter.com/honorharger/status/397459066496102400"/>
		<document id="397463309240115200" url="https://twitter.com/honorharger/status/397463309240115200"/>
		<document id="397465882391105536" url="https://twitter.com/honorharger/status/397465882391105536"/>
		<document id="397467390054637568" url="https://twitter.com/honorharger/status/397467390054637568"/>
		<document id="397501939119714304" url="https://twitter.com/honorharger/status/397501939119714304"/>
		<document id="397660654418411520" url="https://twitter.com/honorharger/status/397660654418411520"/>
		<document id="397668222419214336" url="https://twitter.com/honorharger/status/397668222419214336"/>
		<document id="398211974724452352" url="https://twitter.com/honorharger/status/398211974724452352"/>
		<document id="398417439320322048" url="https://twitter.com/honorharger/status/398417439320322048"/>
		<document id="398497947345625088" url="https://twitter.com/honorharger/status/398497947345625088"/>
		<document id="398529458682216448" url="https://twitter.com/honorharger/status/398529458682216448"/>
		<document id="398530932833288192" url="https://twitter.com/honorharger/status/398530932833288192"/>
		<document id="398533579069997056" url="https://twitter.com/honorharger/status/398533579069997056"/>
		<document id="398537496491196416" url="https://twitter.com/honorharger/status/398537496491196416"/>
		<document id="398540838219026432" url="https://twitter.com/honorharger/status/398540838219026432"/>
		<document id="398541333805428737" url="https://twitter.com/honorharger/status/398541333805428737"/>
		<document id="398621231005437952" url="https://twitter.com/honorharger/status/398621231005437952"/>
		<document id="398723009915011072" url="https://twitter.com/honorharger/status/398723009915011072"/>
		<document id="398724094293585920" url="https://twitter.com/honorharger/status/398724094293585920"/>
		<document id="398751569002647552" url="https://twitter.com/honorharger/status/398751569002647552"/>
		<document id="398752748503838720" url="https://twitter.com/honorharger/status/398752748503838720"/>
		<document id="398753852822130688" url="https://twitter.com/honorharger/status/398753852822130688"/>
		<document id="398756573461635072" url="https://twitter.com/honorharger/status/398756573461635072"/>
		<document id="398759406181310465" url="https://twitter.com/honorharger/status/398759406181310465"/>
		<document id="398760923344932864" url="https://twitter.com/honorharger/status/398760923344932864"/>
		<document id="398761912785436672" url="https://twitter.com/honorharger/status/398761912785436672"/>
		<document id="398763982024372224" url="https://twitter.com/honorharger/status/398763982024372224"/>
		<document id="398764407335170048" url="https://twitter.com/honorharger/status/398764407335170048"/>
		<document id="398767343637368832" url="https://twitter.com/honorharger/status/398767343637368832"/>
		<document id="398794245999689728" url="https://twitter.com/honorharger/status/398794245999689728"/>
		<document id="398815869121601536" url="https://twitter.com/honorharger/status/398815869121601536"/>
		<document id="398820981709758464" url="https://twitter.com/honorharger/status/398820981709758464"/>
		<document id="398821423839723520" url="https://twitter.com/honorharger/status/398821423839723520"/>
		<document id="398823065033142272" url="https://twitter.com/honorharger/status/398823065033142272"/>
		<document id="398824876775342080" url="https://twitter.com/honorharger/status/398824876775342080"/>
		<document id="398825262378647552" url="https://twitter.com/honorharger/status/398825262378647552"/>
		<document id="398826765080350720" url="https://twitter.com/honorharger/status/398826765080350720"/>
		<document id="398827020760924160" url="https://twitter.com/honorharger/status/398827020760924160"/>
		<document id="398846420486479872" url="https://twitter.com/honorharger/status/398846420486479872"/>
		<document id="398847398946308096" url="https://twitter.com/honorharger/status/398847398946308096"/>
		<document id="398848212255387648" url="https://twitter.com/honorharger/status/398848212255387648"/>
		<document id="398849122209660928" url="https://twitter.com/honorharger/status/398849122209660928"/>
		<document id="398850836476223488" url="https://twitter.com/honorharger/status/398850836476223488"/>
		<document id="398852957892268032" url="https://twitter.com/honorharger/status/398852957892268032"/>
		<document id="398853781645185024" url="https://twitter.com/honorharger/status/398853781645185024"/>
		<document id="398854326711771136" url="https://twitter.com/honorharger/status/398854326711771136"/>
		<document id="398855733498085378" url="https://twitter.com/honorharger/status/398855733498085378"/>
		<document id="398857109825396736" url="https://twitter.com/honorharger/status/398857109825396736"/>
		<document id="398857759271440384" url="https://twitter.com/honorharger/status/398857759271440384"/>
		<document id="398858756853071872" url="https://twitter.com/honorharger/status/398858756853071872"/>
		<document id="398896010770264064" url="https://twitter.com/honorharger/status/398896010770264064"/>
		<document id="398907441892442112" url="https://twitter.com/honorharger/status/398907441892442112"/>
		<document id="398915829657395200" url="https://twitter.com/honorharger/status/398915829657395200"/>
		<document id="398918311221538816" url="https://twitter.com/honorharger/status/398918311221538816"/>
		<document id="398923388128739329" url="https://twitter.com/honorharger/status/398923388128739329"/>
		<document id="399114980907159553" url="https://twitter.com/honorharger/status/399114980907159553"/>
		<document id="399115559104565249" url="https://twitter.com/honorharger/status/399115559104565249"/>
		<document id="399116118071066624" url="https://twitter.com/honorharger/status/399116118071066624"/>
		<document id="399132673278750720" url="https://twitter.com/honorharger/status/399132673278750720"/>
		<document id="399199850870231041" url="https://twitter.com/honorharger/status/399199850870231041"/>
		<document id="399488995274788864" url="https://twitter.com/honorharger/status/399488995274788864"/>
		<document id="399528420771504129" url="https://twitter.com/honorharger/status/399528420771504129"/>
		<document id="399530686349996032" url="https://twitter.com/honorharger/status/399530686349996032"/>
		<document id="399700417598066688" url="https://twitter.com/honorharger/status/399700417598066688"/>
		<document id="399809619373334528" url="https://twitter.com/honorharger/status/399809619373334528"/>
		<document id="399848111654592512" url="https://twitter.com/honorharger/status/399848111654592512"/>
		<document id="399848489678798848" url="https://twitter.com/honorharger/status/399848489678798848"/>
		<document id="399874708817993728" url="https://twitter.com/honorharger/status/399874708817993728"/>
		<document id="399875574383910912" url="https://twitter.com/honorharger/status/399875574383910912"/>
		<document id="399877142093115392" url="https://twitter.com/honorharger/status/399877142093115392"/>
		<document id="399881643994779648" url="https://twitter.com/honorharger/status/399881643994779648"/>
		<document id="399913958825398272" url="https://twitter.com/honorharger/status/399913958825398272"/>
		<document id="399924561203843072" url="https://twitter.com/honorharger/status/399924561203843072"/>
		<document id="399955889207005184" url="https://twitter.com/honorharger/status/399955889207005184"/>
		<document id="400204128497844224" url="https://twitter.com/honorharger/status/400204128497844224"/>
		<document id="400254264494534656" url="https://twitter.com/honorharger/status/400254264494534656"/>
		<document id="400254993657499648" url="https://twitter.com/honorharger/status/400254993657499648"/>
		<document id="400277324379475968" url="https://twitter.com/honorharger/status/400277324379475968"/>
		<document id="400297970630811648" url="https://twitter.com/honorharger/status/400297970630811648"/>
		<document id="400313900463570944" url="https://twitter.com/honorharger/status/400313900463570944"/>
		<document id="400314151790071808" url="https://twitter.com/honorharger/status/400314151790071808"/>
		<document id="400406335264931840" url="https://twitter.com/honorharger/status/400406335264931840"/>
		<document id="400568047376670720" url="https://twitter.com/honorharger/status/400568047376670720"/>
		<document id="400568863085309952" url="https://twitter.com/honorharger/status/400568863085309952"/>
		<document id="400571249102835712" url="https://twitter.com/honorharger/status/400571249102835712"/>
		<document id="400571805062008832" url="https://twitter.com/honorharger/status/400571805062008832"/>
		<document id="400578506012524545" url="https://twitter.com/honorharger/status/400578506012524545"/>
		<document id="400594185608519680" url="https://twitter.com/honorharger/status/400594185608519680"/>
		<document id="400889745930473472" url="https://twitter.com/honorharger/status/400889745930473472"/>
		<document id="400916707650596864" url="https://twitter.com/honorharger/status/400916707650596864"/>
		<document id="400967856390541313" url="https://twitter.com/honorharger/status/400967856390541313"/>
		<document id="400975506922676225" url="https://twitter.com/honorharger/status/400975506922676225"/>
		<document id="400985354926579712" url="https://twitter.com/honorharger/status/400985354926579712"/>
		<document id="401271835863425025" url="https://twitter.com/honorharger/status/401271835863425025"/>
		<document id="401272179381121026" url="https://twitter.com/honorharger/status/401272179381121026"/>
		<document id="401272833080184832" url="https://twitter.com/honorharger/status/401272833080184832"/>
		<document id="401273135992823808" url="https://twitter.com/honorharger/status/401273135992823808"/>
		<document id="401501100680818688" url="https://twitter.com/honorharger/status/401501100680818688"/>
		<document id="401695398609178624" url="https://twitter.com/honorharger/status/401695398609178624"/>
		<document id="401695638644985857" url="https://twitter.com/honorharger/status/401695638644985857"/>
		<document id="401696049636466689" url="https://twitter.com/honorharger/status/401696049636466689"/>
		<document id="401700525449560064" url="https://twitter.com/honorharger/status/401700525449560064"/>
		<document id="401700652155273216" url="https://twitter.com/honorharger/status/401700652155273216"/>
		<document id="401709532549611521" url="https://twitter.com/honorharger/status/401709532549611521"/>
		<document id="401803959565692928" url="https://twitter.com/honorharger/status/401803959565692928"/>
		<document id="401846363647770624" url="https://twitter.com/honorharger/status/401846363647770624"/>
		<document id="402053892197711872" url="https://twitter.com/honorharger/status/402053892197711872"/>
		<document id="402054433791422464" url="https://twitter.com/honorharger/status/402054433791422464"/>
		<document id="402056464312725506" url="https://twitter.com/honorharger/status/402056464312725506"/>
		<document id="402058014339121152" url="https://twitter.com/honorharger/status/402058014339121152"/>
		<document id="402059988912193536" url="https://twitter.com/honorharger/status/402059988912193536"/>
		<document id="402060440533872640" url="https://twitter.com/honorharger/status/402060440533872640"/>
		<document id="402061734115938305" url="https://twitter.com/honorharger/status/402061734115938305"/>
		<document id="402062134323863552" url="https://twitter.com/honorharger/status/402062134323863552"/>
		<document id="402062957456023552" url="https://twitter.com/honorharger/status/402062957456023552"/>
		<document id="402079889521508352" url="https://twitter.com/honorharger/status/402079889521508352"/>
		<document id="402160670826692608" url="https://twitter.com/honorharger/status/402160670826692608"/>
		<document id="402254043256344576" url="https://twitter.com/honorharger/status/402254043256344576"/>
		<document id="402405019590217728" url="https://twitter.com/honorharger/status/402405019590217728"/>
		<document id="402406062147391489" url="https://twitter.com/honorharger/status/402406062147391489"/>
		<document id="402407398683320320" url="https://twitter.com/honorharger/status/402407398683320320"/>
		<document id="402408195601092608" url="https://twitter.com/honorharger/status/402408195601092608"/>
		<document id="402414010626109440" url="https://twitter.com/honorharger/status/402414010626109440"/>
		<document id="402466426956808192" url="https://twitter.com/honorharger/status/402466426956808192"/>
		<document id="402466798018109440" url="https://twitter.com/honorharger/status/402466798018109440"/>
		<document id="402467938835648512" url="https://twitter.com/honorharger/status/402467938835648512"/>
		<document id="402469234569412608" url="https://twitter.com/honorharger/status/402469234569412608"/>
		<document id="402473537568780289" url="https://twitter.com/honorharger/status/402473537568780289"/>
		<document id="402484349796638720" url="https://twitter.com/honorharger/status/402484349796638720"/>
		<document id="402790050825392130" url="https://twitter.com/honorharger/status/402790050825392130"/>
		<document id="402790193997950976" url="https://twitter.com/honorharger/status/402790193997950976"/>
		<document id="402791199028699136" url="https://twitter.com/honorharger/status/402791199028699136"/>
		<document id="402803067655323648" url="https://twitter.com/honorharger/status/402803067655323648"/>
		<document id="402827744792158208" url="https://twitter.com/honorharger/status/402827744792158208"/>
		<document id="402829000306724864" url="https://twitter.com/honorharger/status/402829000306724864"/>
		<document id="402829674146824192" url="https://twitter.com/honorharger/status/402829674146824192"/>
		<document id="402851412247203840" url="https://twitter.com/honorharger/status/402851412247203840"/>
		<document id="402912651828686848" url="https://twitter.com/honorharger/status/402912651828686848"/>
		<document id="402917349444947968" url="https://twitter.com/honorharger/status/402917349444947968"/>
		<document id="402959372373868544" url="https://twitter.com/honorharger/status/402959372373868544"/>
		<document id="403107868003430400" url="https://twitter.com/honorharger/status/403107868003430400"/>
		<document id="403108313807613952" url="https://twitter.com/honorharger/status/403108313807613952"/>
		<document id="403112308093640705" url="https://twitter.com/honorharger/status/403112308093640705"/>
		<document id="403115553448947712" url="https://twitter.com/honorharger/status/403115553448947712"/>
		<document id="403115878385872896" url="https://twitter.com/honorharger/status/403115878385872896"/>
		<document id="403116059210686465" url="https://twitter.com/honorharger/status/403116059210686465"/>
		<document id="403120744168579072" url="https://twitter.com/honorharger/status/403120744168579072"/>
		<document id="403137017472507904" url="https://twitter.com/honorharger/status/403137017472507904"/>
		<document id="403137172066152448" url="https://twitter.com/honorharger/status/403137172066152448"/>
		<document id="403169796717420544" url="https://twitter.com/honorharger/status/403169796717420544"/>
		<document id="403186790455967744" url="https://twitter.com/honorharger/status/403186790455967744"/>
		<document id="403187119364915200" url="https://twitter.com/honorharger/status/403187119364915200"/>
		<document id="403210785167773697" url="https://twitter.com/honorharger/status/403210785167773697"/>
		<document id="403280034938777600" url="https://twitter.com/honorharger/status/403280034938777600"/>
		<document id="403281051579338752" url="https://twitter.com/honorharger/status/403281051579338752"/>
		<document id="403293193233784832" url="https://twitter.com/honorharger/status/403293193233784832"/>
		<document id="403456628986351616" url="https://twitter.com/honorharger/status/403456628986351616"/>
		<document id="403808953269633024" url="https://twitter.com/honorharger/status/403808953269633024"/>
		<document id="403810244620337152" url="https://twitter.com/honorharger/status/403810244620337152"/>
		<document id="403810563043491840" url="https://twitter.com/honorharger/status/403810563043491840"/>
		<document id="403811642846085120" url="https://twitter.com/honorharger/status/403811642846085120"/>
		<document id="403839437081444352" url="https://twitter.com/honorharger/status/403839437081444352"/>
		<document id="403862828618354688" url="https://twitter.com/honorharger/status/403862828618354688"/>
		<document id="403863548021190656" url="https://twitter.com/honorharger/status/403863548021190656"/>
		<document id="403864284230606848" url="https://twitter.com/honorharger/status/403864284230606848"/>
		<document id="403864900164141056" url="https://twitter.com/honorharger/status/403864900164141056"/>
		<document id="404548875631210496" url="https://twitter.com/honorharger/status/404548875631210496"/>
		<document id="404657760228233216" url="https://twitter.com/honorharger/status/404657760228233216"/>
		<document id="404769955951828994" url="https://twitter.com/honorharger/status/404769955951828994"/>
		<document id="404770618047860736" url="https://twitter.com/honorharger/status/404770618047860736"/>
		<document id="404776752393637888" url="https://twitter.com/honorharger/status/404776752393637888"/>
		<document id="404888594164088832" url="https://twitter.com/honorharger/status/404888594164088832"/>
		<document id="404953746209533952" url="https://twitter.com/honorharger/status/404953746209533952"/>
		<document id="404958709308465152" url="https://twitter.com/honorharger/status/404958709308465152"/>
		<document id="405024858607988736" url="https://twitter.com/honorharger/status/405024858607988736"/>
		<document id="405134673690365952" url="https://twitter.com/honorharger/status/405134673690365952"/>
		<document id="405270232727420928" url="https://twitter.com/honorharger/status/405270232727420928"/>
		<document id="405343226195759104" url="https://twitter.com/honorharger/status/405343226195759104"/>
		<document id="405371362522312704" url="https://twitter.com/honorharger/status/405371362522312704"/>
		<document id="405372194965835777" url="https://twitter.com/honorharger/status/405372194965835777"/>
		<document id="405372759473008640" url="https://twitter.com/honorharger/status/405372759473008640"/>
		<document id="405411698695479297" url="https://twitter.com/honorharger/status/405411698695479297"/>
		<document id="405490957711183872" url="https://twitter.com/honorharger/status/405490957711183872"/>
		<document id="405693783687176194" url="https://twitter.com/honorharger/status/405693783687176194"/>
		<document id="405738539981082624" url="https://twitter.com/honorharger/status/405738539981082624"/>
		<document id="405781869062782976" url="https://twitter.com/honorharger/status/405781869062782976"/>
		<document id="405781913992187905" url="https://twitter.com/honorharger/status/405781913992187905"/>
		<document id="405842027473936385" url="https://twitter.com/honorharger/status/405842027473936385"/>
		<document id="406040800770789377" url="https://twitter.com/honorharger/status/406040800770789377"/>
		<document id="406053926568357888" url="https://twitter.com/honorharger/status/406053926568357888"/>
		<document id="406054140612071425" url="https://twitter.com/honorharger/status/406054140612071425"/>
		<document id="406055449742413824" url="https://twitter.com/honorharger/status/406055449742413824"/>
		<document id="406060826114531328" url="https://twitter.com/honorharger/status/406060826114531328"/>
		<document id="406110064198443008" url="https://twitter.com/honorharger/status/406110064198443008"/>
		<document id="406170564886548480" url="https://twitter.com/honorharger/status/406170564886548480"/>
		<document id="406209118572396545" url="https://twitter.com/honorharger/status/406209118572396545"/>
		<document id="406391249420025856" url="https://twitter.com/honorharger/status/406391249420025856"/>
		<document id="406398385915052032" url="https://twitter.com/honorharger/status/406398385915052032"/>
		<document id="406401701260709890" url="https://twitter.com/honorharger/status/406401701260709890"/>
		<document id="406412439484661760" url="https://twitter.com/honorharger/status/406412439484661760"/>
		<document id="406412984496693249" url="https://twitter.com/honorharger/status/406412984496693249"/>
		<document id="406415377875607552" url="https://twitter.com/honorharger/status/406415377875607552"/>
		<document id="406416091859390464" url="https://twitter.com/honorharger/status/406416091859390464"/>
		<document id="406420208136769536" url="https://twitter.com/honorharger/status/406420208136769536"/>
		<document id="406420973177798656" url="https://twitter.com/honorharger/status/406420973177798656"/>
		<document id="406430460500123648" url="https://twitter.com/honorharger/status/406430460500123648"/>
		<document id="406433917713920002" url="https://twitter.com/honorharger/status/406433917713920002"/>
		<document id="406434849029771264" url="https://twitter.com/honorharger/status/406434849029771264"/>
		<document id="406435017825337344" url="https://twitter.com/honorharger/status/406435017825337344"/>
		<document id="406560234384027648" url="https://twitter.com/honorharger/status/406560234384027648"/>
		<document id="406564685668831233" url="https://twitter.com/honorharger/status/406564685668831233"/>
		<document id="406566771026448384" url="https://twitter.com/honorharger/status/406566771026448384"/>
		<document id="406568464367624193" url="https://twitter.com/honorharger/status/406568464367624193"/>
		<document id="406782705699799041" url="https://twitter.com/honorharger/status/406782705699799041"/>
		<document id="406783790678151168" url="https://twitter.com/honorharger/status/406783790678151168"/>
		<document id="406784096988188672" url="https://twitter.com/honorharger/status/406784096988188672"/>
		<document id="406803531661049856" url="https://twitter.com/honorharger/status/406803531661049856"/>
		<document id="406816822370238464" url="https://twitter.com/honorharger/status/406816822370238464"/>
		<document id="407117011278233601" url="https://twitter.com/honorharger/status/407117011278233601"/>
		<document id="407124682781896704" url="https://twitter.com/honorharger/status/407124682781896704"/>
		<document id="407125956520718336" url="https://twitter.com/honorharger/status/407125956520718336"/>
		<document id="407148522644197376" url="https://twitter.com/honorharger/status/407148522644197376"/>
		<document id="407148989482815488" url="https://twitter.com/honorharger/status/407148989482815488"/>
		<document id="407149538445893632" url="https://twitter.com/honorharger/status/407149538445893632"/>
		<document id="407150228035633152" url="https://twitter.com/honorharger/status/407150228035633152"/>
		<document id="407154444816896001" url="https://twitter.com/honorharger/status/407154444816896001"/>
		<document id="407156842071330816" url="https://twitter.com/honorharger/status/407156842071330816"/>
		<document id="407157153787830272" url="https://twitter.com/honorharger/status/407157153787830272"/>
		<document id="407158837100425216" url="https://twitter.com/honorharger/status/407158837100425216"/>
		<document id="407159491604799488" url="https://twitter.com/honorharger/status/407159491604799488"/>
		<document id="407159950449074176" url="https://twitter.com/honorharger/status/407159950449074176"/>
		<document id="407160421335191552" url="https://twitter.com/honorharger/status/407160421335191552"/>
		<document id="407160585126957056" url="https://twitter.com/honorharger/status/407160585126957056"/>
		<document id="407160851033251840" url="https://twitter.com/honorharger/status/407160851033251840"/>
		<document id="407203167500525568" url="https://twitter.com/honorharger/status/407203167500525568"/>
		<document id="407206504014827521" url="https://twitter.com/honorharger/status/407206504014827521"/>
		<document id="407221722170277888" url="https://twitter.com/honorharger/status/407221722170277888"/>
		<document id="407222280570568705" url="https://twitter.com/honorharger/status/407222280570568705"/>
		<document id="407514032355033088" url="https://twitter.com/honorharger/status/407514032355033088"/>
		<document id="407528633108926464" url="https://twitter.com/honorharger/status/407528633108926464"/>
		<document id="407536348514377729" url="https://twitter.com/honorharger/status/407536348514377729"/>
		<document id="407850412008411137" url="https://twitter.com/honorharger/status/407850412008411137"/>
		<document id="407851185375174656" url="https://twitter.com/honorharger/status/407851185375174656"/>
		<document id="407851920313708545" url="https://twitter.com/honorharger/status/407851920313708545"/>
		<document id="407853649449082880" url="https://twitter.com/honorharger/status/407853649449082880"/>
		<document id="407883539191844865" url="https://twitter.com/honorharger/status/407883539191844865"/>
		<document id="407884789048283136" url="https://twitter.com/honorharger/status/407884789048283136"/>
		<document id="407957309080363008" url="https://twitter.com/honorharger/status/407957309080363008"/>
		<document id="407960539411652608" url="https://twitter.com/honorharger/status/407960539411652608"/>
		<document id="407961453161771008" url="https://twitter.com/honorharger/status/407961453161771008"/>
		<document id="408166076896116736" url="https://twitter.com/honorharger/status/408166076896116736"/>
		<document id="408167813811953664" url="https://twitter.com/honorharger/status/408167813811953664"/>
		<document id="408168082780090368" url="https://twitter.com/honorharger/status/408168082780090368"/>
		<document id="408168321310142465" url="https://twitter.com/honorharger/status/408168321310142465"/>
		<document id="408168918633558016" url="https://twitter.com/honorharger/status/408168918633558016"/>
		<document id="408169834816368640" url="https://twitter.com/honorharger/status/408169834816368640"/>
		<document id="408170870352261120" url="https://twitter.com/honorharger/status/408170870352261120"/>
		<document id="408172337641435136" url="https://twitter.com/honorharger/status/408172337641435136"/>
		<document id="408172761136119808" url="https://twitter.com/honorharger/status/408172761136119808"/>
		<document id="408173982739746818" url="https://twitter.com/honorharger/status/408173982739746818"/>
		<document id="408176123093082114" url="https://twitter.com/honorharger/status/408176123093082114"/>
		<document id="408234485671415808" url="https://twitter.com/honorharger/status/408234485671415808"/>
		<document id="408235005639270401" url="https://twitter.com/honorharger/status/408235005639270401"/>
		<document id="408253012394516480" url="https://twitter.com/honorharger/status/408253012394516480"/>
		<document id="408253660259291136" url="https://twitter.com/honorharger/status/408253660259291136"/>
		<document id="408255411758698497" url="https://twitter.com/honorharger/status/408255411758698497"/>
		<document id="408274700625014784" url="https://twitter.com/honorharger/status/408274700625014784"/>
		<document id="408631927516585984" url="https://twitter.com/honorharger/status/408631927516585984"/>
		<document id="408677591768633345" url="https://twitter.com/honorharger/status/408677591768633345"/>
		<document id="408679598793445376" url="https://twitter.com/honorharger/status/408679598793445376"/>
		<document id="408680854438031361" url="https://twitter.com/honorharger/status/408680854438031361"/>
		<document id="408682069464997888" url="https://twitter.com/honorharger/status/408682069464997888"/>
		<document id="408683169467367424" url="https://twitter.com/honorharger/status/408683169467367424"/>
		<document id="408683756762193921" url="https://twitter.com/honorharger/status/408683756762193921"/>
		<document id="408684731543601152" url="https://twitter.com/honorharger/status/408684731543601152"/>
		<document id="408687556126326784" url="https://twitter.com/honorharger/status/408687556126326784"/>
		<document id="408766433426825216" url="https://twitter.com/honorharger/status/408766433426825216"/>
		<document id="408907739457286145" url="https://twitter.com/honorharger/status/408907739457286145"/>
		<document id="408964607634460672" url="https://twitter.com/honorharger/status/408964607634460672"/>
		<document id="408964709551853568" url="https://twitter.com/honorharger/status/408964709551853568"/>
		<document id="408993920056442880" url="https://twitter.com/honorharger/status/408993920056442880"/>
		<document id="409086824410546176" url="https://twitter.com/honorharger/status/409086824410546176"/>
		<document id="409278208115101697" url="https://twitter.com/honorharger/status/409278208115101697"/>
		<document id="409278334682423296" url="https://twitter.com/honorharger/status/409278334682423296"/>
		<document id="409283179720101888" url="https://twitter.com/honorharger/status/409283179720101888"/>
		<document id="409361729723043843" url="https://twitter.com/honorharger/status/409361729723043843"/>
		<document id="409963736766504960" url="https://twitter.com/honorharger/status/409963736766504960"/>
		<document id="409965856139902976" url="https://twitter.com/honorharger/status/409965856139902976"/>
		<document id="410004165788594177" url="https://twitter.com/honorharger/status/410004165788594177"/>
		<document id="410007994030514176" url="https://twitter.com/honorharger/status/410007994030514176"/>
		<document id="410009084125929473" url="https://twitter.com/honorharger/status/410009084125929473"/>
		<document id="410012263714549761" url="https://twitter.com/honorharger/status/410012263714549761"/>
		<document id="410015569992089600" url="https://twitter.com/honorharger/status/410015569992089600"/>
		<document id="410033390763536385" url="https://twitter.com/honorharger/status/410033390763536385"/>
		<document id="410035173074280450" url="https://twitter.com/honorharger/status/410035173074280450"/>
		<document id="410050161810104320" url="https://twitter.com/honorharger/status/410050161810104320"/>
		<document id="410053286872764416" url="https://twitter.com/honorharger/status/410053286872764416"/>
		<document id="410096563118407680" url="https://twitter.com/honorharger/status/410096563118407680"/>
		<document id="410101598086782976" url="https://twitter.com/honorharger/status/410101598086782976"/>
		<document id="410126425614983168" url="https://twitter.com/honorharger/status/410126425614983168"/>
		<document id="410129398432796672" url="https://twitter.com/honorharger/status/410129398432796672"/>
		<document id="410130157337604097" url="https://twitter.com/honorharger/status/410130157337604097"/>
		<document id="410130233124483072" url="https://twitter.com/honorharger/status/410130233124483072"/>
		<document id="410131486185365504" url="https://twitter.com/honorharger/status/410131486185365504"/>
		<document id="410134822812942336" url="https://twitter.com/honorharger/status/410134822812942336"/>
		<document id="410136249371197440" url="https://twitter.com/honorharger/status/410136249371197440"/>
		<document id="410136690930757632" url="https://twitter.com/honorharger/status/410136690930757632"/>
		<document id="410137741285138432" url="https://twitter.com/honorharger/status/410137741285138432"/>
		<document id="410140850090684416" url="https://twitter.com/honorharger/status/410140850090684416"/>
		<document id="410143119393705984" url="https://twitter.com/honorharger/status/410143119393705984"/>
		<document id="410147475035803648" url="https://twitter.com/honorharger/status/410147475035803648"/>
		<document id="410148936536842240" url="https://twitter.com/honorharger/status/410148936536842240"/>
		<document id="410149086298669057" url="https://twitter.com/honorharger/status/410149086298669057"/>
		<document id="410194161909112833" url="https://twitter.com/honorharger/status/410194161909112833"/>
		<document id="410343657447776256" url="https://twitter.com/honorharger/status/410343657447776256"/>
		<document id="410343739085697024" url="https://twitter.com/honorharger/status/410343739085697024"/>
		<document id="410347624651190273" url="https://twitter.com/honorharger/status/410347624651190273"/>
		<document id="410347969896919042" url="https://twitter.com/honorharger/status/410347969896919042"/>
		<document id="410434626230812672" url="https://twitter.com/honorharger/status/410434626230812672"/>
		<document id="410449117576695808" url="https://twitter.com/honorharger/status/410449117576695808"/>
		<document id="410546939621826560" url="https://twitter.com/honorharger/status/410546939621826560"/>
		<document id="410578698337677313" url="https://twitter.com/honorharger/status/410578698337677313"/>
		<document id="410722439719419904" url="https://twitter.com/honorharger/status/410722439719419904"/>
		<document id="410877837734715392" url="https://twitter.com/honorharger/status/410877837734715392"/>
		<document id="410884455566307328" url="https://twitter.com/honorharger/status/410884455566307328"/>
		<document id="410884839995236352" url="https://twitter.com/honorharger/status/410884839995236352"/>
		<document id="411080040823009280" url="https://twitter.com/honorharger/status/411080040823009280"/>
		<document id="411184940567388160" url="https://twitter.com/honorharger/status/411184940567388160"/>
		<document id="411465586917400576" url="https://twitter.com/honorharger/status/411465586917400576"/>
		<document id="411470959778877441" url="https://twitter.com/honorharger/status/411470959778877441"/>
		<document id="411484324593418241" url="https://twitter.com/honorharger/status/411484324593418241"/>
		<document id="411485616665559040" url="https://twitter.com/honorharger/status/411485616665559040"/>
		<document id="411487608972533760" url="https://twitter.com/honorharger/status/411487608972533760"/>
		<document id="411487893291794432" url="https://twitter.com/honorharger/status/411487893291794432"/>
		<document id="411489641649680384" url="https://twitter.com/honorharger/status/411489641649680384"/>
		<document id="411490893066403840" url="https://twitter.com/honorharger/status/411490893066403840"/>
		<document id="411492884236754944" url="https://twitter.com/honorharger/status/411492884236754944"/>
		<document id="411493257739522048" url="https://twitter.com/honorharger/status/411493257739522048"/>
		<document id="411884298828918784" url="https://twitter.com/honorharger/status/411884298828918784"/>
		<document id="411884951919792128" url="https://twitter.com/honorharger/status/411884951919792128"/>
		<document id="412207128321875968" url="https://twitter.com/honorharger/status/412207128321875968"/>
		<document id="412210944849096704" url="https://twitter.com/honorharger/status/412210944849096704"/>
		<document id="412244077745147905" url="https://twitter.com/honorharger/status/412244077745147905"/>
		<document id="412255822958178304" url="https://twitter.com/honorharger/status/412255822958178304"/>
		<document id="412256993219334144" url="https://twitter.com/honorharger/status/412256993219334144"/>
		<document id="412314531818266624" url="https://twitter.com/honorharger/status/412314531818266624"/>
		<document id="412511099288698880" url="https://twitter.com/honorharger/status/412511099288698880"/>
		<document id="412511289613639682" url="https://twitter.com/honorharger/status/412511289613639682"/>
		<document id="412514666586189825" url="https://twitter.com/honorharger/status/412514666586189825"/>
		<document id="412515272180776960" url="https://twitter.com/honorharger/status/412515272180776960"/>
		<document id="412518702756548608" url="https://twitter.com/honorharger/status/412518702756548608"/>
		<document id="412519576467816448" url="https://twitter.com/honorharger/status/412519576467816448"/>
		<document id="412612525113368576" url="https://twitter.com/honorharger/status/412612525113368576"/>
		<document id="412651439287042048" url="https://twitter.com/honorharger/status/412651439287042048"/>
		<document id="412664077199372288" url="https://twitter.com/honorharger/status/412664077199372288"/>
		<document id="412672654018347008" url="https://twitter.com/honorharger/status/412672654018347008"/>
		<document id="412696816703254529" url="https://twitter.com/honorharger/status/412696816703254529"/>
		<document id="412767317878398976" url="https://twitter.com/honorharger/status/412767317878398976"/>
		<document id="412890211035525120" url="https://twitter.com/honorharger/status/412890211035525120"/>
		<document id="412890743804395521" url="https://twitter.com/honorharger/status/412890743804395521"/>
		<document id="412892410729869312" url="https://twitter.com/honorharger/status/412892410729869312"/>
		<document id="412894119229259776" url="https://twitter.com/honorharger/status/412894119229259776"/>
		<document id="412897723516338176" url="https://twitter.com/honorharger/status/412897723516338176"/>
		<document id="412946897112801280" url="https://twitter.com/honorharger/status/412946897112801280"/>
		<document id="412956604028309504" url="https://twitter.com/honorharger/status/412956604028309504"/>
		<document id="412984488202100736" url="https://twitter.com/honorharger/status/412984488202100736"/>
		<document id="413089358540185600" url="https://twitter.com/honorharger/status/413089358540185600"/>
		<document id="413360322083172352" url="https://twitter.com/honorharger/status/413360322083172352"/>
		<document id="413360593026830336" url="https://twitter.com/honorharger/status/413360593026830336"/>
		<document id="413452391095087104" url="https://twitter.com/honorharger/status/413452391095087104"/>
		<document id="413613421045616640" url="https://twitter.com/honorharger/status/413613421045616640"/>
		<document id="413646917756026880" url="https://twitter.com/honorharger/status/413646917756026880"/>
		<document id="413651935611600896" url="https://twitter.com/honorharger/status/413651935611600896"/>
		<document id="413736515723100160" url="https://twitter.com/honorharger/status/413736515723100160"/>
		<document id="413738017535569920" url="https://twitter.com/honorharger/status/413738017535569920"/>
		<document id="413979027213275137" url="https://twitter.com/honorharger/status/413979027213275137"/>
		<document id="413980968739815424" url="https://twitter.com/honorharger/status/413980968739815424"/>
		<document id="414355583244836864" url="https://twitter.com/honorharger/status/414355583244836864"/>
		<document id="414356412207079424" url="https://twitter.com/honorharger/status/414356412207079424"/>
		<document id="414759626123776000" url="https://twitter.com/honorharger/status/414759626123776000"/>
		<document id="414760562783170561" url="https://twitter.com/honorharger/status/414760562783170561"/>
		<document id="414761695056523264" url="https://twitter.com/honorharger/status/414761695056523264"/>
		<document id="414762601718247424" url="https://twitter.com/honorharger/status/414762601718247424"/>
		<document id="414763127289708544" url="https://twitter.com/honorharger/status/414763127289708544"/>
		<document id="414983783503261696" url="https://twitter.com/honorharger/status/414983783503261696"/>
		<document id="416361747399081984" url="https://twitter.com/honorharger/status/416361747399081984"/>
		<document id="416563958900723712" url="https://twitter.com/honorharger/status/416563958900723712"/>
		<document id="416867003513581569" url="https://twitter.com/honorharger/status/416867003513581569"/>
		<document id="416916004057645056" url="https://twitter.com/honorharger/status/416916004057645056"/>
		<document id="417012587109556225" url="https://twitter.com/honorharger/status/417012587109556225"/>
		<document id="417098622619361281" url="https://twitter.com/honorharger/status/417098622619361281"/>
		<document id="417463452798844928" url="https://twitter.com/honorharger/status/417463452798844928"/>
		<document id="417686497538879488" url="https://twitter.com/honorharger/status/417686497538879488"/>
		<document id="417714640999948288" url="https://twitter.com/honorharger/status/417714640999948288"/>
		<document id="417802479644860416" url="https://twitter.com/honorharger/status/417802479644860416"/>
		<document id="417803391180349440" url="https://twitter.com/honorharger/status/417803391180349440"/>
		<document id="417810931121659904" url="https://twitter.com/honorharger/status/417810931121659904"/>
		<document id="418003981718155264" url="https://twitter.com/honorharger/status/418003981718155264"/>
		<document id="418334260387254272" url="https://twitter.com/honorharger/status/418334260387254272"/>
		<document id="418692611071688704" url="https://twitter.com/honorharger/status/418692611071688704"/>
		<document id="418717420149567488" url="https://twitter.com/honorharger/status/418717420149567488"/>
		<document id="418719144507613184" url="https://twitter.com/honorharger/status/418719144507613184"/>
		<document id="418719448573698048" url="https://twitter.com/honorharger/status/418719448573698048"/>
		<document id="419058643678412801" url="https://twitter.com/honorharger/status/419058643678412801"/>
		<document id="419180304599760896" url="https://twitter.com/honorharger/status/419180304599760896"/>
		<document id="419180561970634752" url="https://twitter.com/honorharger/status/419180561970634752"/>
		<document id="419181063332581376" url="https://twitter.com/honorharger/status/419181063332581376"/>
		<document id="419181806647123968" url="https://twitter.com/honorharger/status/419181806647123968"/>
		<document id="419181908069605376" url="https://twitter.com/honorharger/status/419181908069605376"/>
		<document id="419182198189608960" url="https://twitter.com/honorharger/status/419182198189608960"/>
		<document id="419183550579998720" url="https://twitter.com/honorharger/status/419183550579998720"/>
		<document id="419470365404848128" url="https://twitter.com/honorharger/status/419470365404848128"/>
	</documents>
</author>