<?xml version="1.0" encoding="UTF-8" standalone="no"?><author age_group="xx" gender="xx" lang="EN" type="twitter" url="https://twitter.com/teresa_perales">
	<documents count="120">
		<document id="239745559399895040" url="https://twitter.com/teresa_perales/status/239745559399895040"/>
		<document id="240459850897846273" url="https://twitter.com/teresa_perales/status/240459850897846273"/>
		<document id="240934980585414656" url="https://twitter.com/teresa_perales/status/240934980585414656"/>
		<document id="241609838587674624" url="https://twitter.com/teresa_perales/status/241609838587674624"/>
		<document id="242248762272129025" url="https://twitter.com/teresa_perales/status/242248762272129025"/>
		<document id="242334600574169088" url="https://twitter.com/teresa_perales/status/242334600574169088"/>
		<document id="243378732050575360" url="https://twitter.com/teresa_perales/status/243378732050575360"/>
		<document id="243686897145241601" url="https://twitter.com/teresa_perales/status/243686897145241601"/>
		<document id="245387420080689152" url="https://twitter.com/teresa_perales/status/245387420080689152"/>
		<document id="251240433437515776" url="https://twitter.com/teresa_perales/status/251240433437515776"/>
		<document id="284378722138730496" url="https://twitter.com/teresa_perales/status/284378722138730496"/>
		<document id="331784289727434752" url="https://twitter.com/teresa_perales/status/331784289727434752"/>
		<document id="331785314714648576" url="https://twitter.com/teresa_perales/status/331785314714648576"/>
		<document id="336120564244688896" url="https://twitter.com/teresa_perales/status/336120564244688896"/>
		<document id="348825195714318337" url="https://twitter.com/teresa_perales/status/348825195714318337"/>
		<document id="364780610230816769" url="https://twitter.com/teresa_perales/status/364780610230816769"/>
		<document id="367401829618819073" url="https://twitter.com/teresa_perales/status/367401829618819073"/>
		<document id="367411369013813248" url="https://twitter.com/teresa_perales/status/367411369013813248"/>
		<document id="374568083169767424" url="https://twitter.com/teresa_perales/status/374568083169767424"/>
		<document id="375499482366246912" url="https://twitter.com/teresa_perales/status/375499482366246912"/>
		<document id="375959444246372352" url="https://twitter.com/teresa_perales/status/375959444246372352"/>
		<document id="377744234780311552" url="https://twitter.com/teresa_perales/status/377744234780311552"/>
		<document id="387283431010603008" url="https://twitter.com/teresa_perales/status/387283431010603008"/>
		<document id="393672577488809985" url="https://twitter.com/teresa_perales/status/393672577488809985"/>
		<document id="399281006819442688" url="https://twitter.com/teresa_perales/status/399281006819442688"/>
		<document id="399290841396953088" url="https://twitter.com/teresa_perales/status/399290841396953088"/>
		<document id="407827518809317376" url="https://twitter.com/teresa_perales/status/407827518809317376"/>
		<document id="239745559399895040" url="https://twitter.com/teresa_perales/status/239745559399895040"/>
		<document id="240459850897846273" url="https://twitter.com/teresa_perales/status/240459850897846273"/>
		<document id="240934980585414656" url="https://twitter.com/teresa_perales/status/240934980585414656"/>
		<document id="241609838587674624" url="https://twitter.com/teresa_perales/status/241609838587674624"/>
		<document id="242248762272129025" url="https://twitter.com/teresa_perales/status/242248762272129025"/>
		<document id="242334600574169088" url="https://twitter.com/teresa_perales/status/242334600574169088"/>
		<document id="243378732050575360" url="https://twitter.com/teresa_perales/status/243378732050575360"/>
		<document id="243686897145241601" url="https://twitter.com/teresa_perales/status/243686897145241601"/>
		<document id="245387420080689152" url="https://twitter.com/teresa_perales/status/245387420080689152"/>
		<document id="251240433437515776" url="https://twitter.com/teresa_perales/status/251240433437515776"/>
		<document id="284378722138730496" url="https://twitter.com/teresa_perales/status/284378722138730496"/>
		<document id="331784289727434752" url="https://twitter.com/teresa_perales/status/331784289727434752"/>
		<document id="331785314714648576" url="https://twitter.com/teresa_perales/status/331785314714648576"/>
		<document id="336120564244688896" url="https://twitter.com/teresa_perales/status/336120564244688896"/>
		<document id="348825195714318337" url="https://twitter.com/teresa_perales/status/348825195714318337"/>
		<document id="364780610230816769" url="https://twitter.com/teresa_perales/status/364780610230816769"/>
		<document id="367401829618819073" url="https://twitter.com/teresa_perales/status/367401829618819073"/>
		<document id="367411369013813248" url="https://twitter.com/teresa_perales/status/367411369013813248"/>
		<document id="374568083169767424" url="https://twitter.com/teresa_perales/status/374568083169767424"/>
		<document id="375499482366246912" url="https://twitter.com/teresa_perales/status/375499482366246912"/>
		<document id="375959444246372352" url="https://twitter.com/teresa_perales/status/375959444246372352"/>
		<document id="377744234780311552" url="https://twitter.com/teresa_perales/status/377744234780311552"/>
		<document id="387283431010603008" url="https://twitter.com/teresa_perales/status/387283431010603008"/>
		<document id="393672577488809985" url="https://twitter.com/teresa_perales/status/393672577488809985"/>
		<document id="399281006819442688" url="https://twitter.com/teresa_perales/status/399281006819442688"/>
		<document id="399290841396953088" url="https://twitter.com/teresa_perales/status/399290841396953088"/>
		<document id="407827518809317376" url="https://twitter.com/teresa_perales/status/407827518809317376"/>
	</documents>
</author>