<?xml version="1.0" encoding="UTF-8" standalone="no"?><author age_group="xx" gender="xx" lang="EN" type="twitter" url="https://twitter.com/monsalvenrique">
	<documents count="512">
		<document id="311977358343147521" url="https://twitter.com/monsalvenrique/status/311977358343147521"/>
		<document id="312285732901355520" url="https://twitter.com/monsalvenrique/status/312285732901355520"/>
		<document id="313277818983309312" url="https://twitter.com/monsalvenrique/status/313277818983309312"/>
		<document id="313750932863193090" url="https://twitter.com/monsalvenrique/status/313750932863193090"/>
		<document id="314866776779399168" url="https://twitter.com/monsalvenrique/status/314866776779399168"/>
		<document id="316592814752423936" url="https://twitter.com/monsalvenrique/status/316592814752423936"/>
		<document id="316922104643743744" url="https://twitter.com/monsalvenrique/status/316922104643743744"/>
		<document id="316927855961452546" url="https://twitter.com/monsalvenrique/status/316927855961452546"/>
		<document id="318498055789895681" url="https://twitter.com/monsalvenrique/status/318498055789895681"/>
		<document id="320497089857593344" url="https://twitter.com/monsalvenrique/status/320497089857593344"/>
		<document id="320497280824262656" url="https://twitter.com/monsalvenrique/status/320497280824262656"/>
		<document id="320500788378095617" url="https://twitter.com/monsalvenrique/status/320500788378095617"/>
		<document id="320503161423015936" url="https://twitter.com/monsalvenrique/status/320503161423015936"/>
		<document id="320688210730700800" url="https://twitter.com/monsalvenrique/status/320688210730700800"/>
		<document id="324529164151562240" url="https://twitter.com/monsalvenrique/status/324529164151562240"/>
		<document id="325253576064655361" url="https://twitter.com/monsalvenrique/status/325253576064655361"/>
		<document id="325303201794519040" url="https://twitter.com/monsalvenrique/status/325303201794519040"/>
		<document id="326002534797946881" url="https://twitter.com/monsalvenrique/status/326002534797946881"/>
		<document id="326091648176107521" url="https://twitter.com/monsalvenrique/status/326091648176107521"/>
		<document id="326093902622883842" url="https://twitter.com/monsalvenrique/status/326093902622883842"/>
		<document id="326588460314001408" url="https://twitter.com/monsalvenrique/status/326588460314001408"/>
		<document id="326832686633218048" url="https://twitter.com/monsalvenrique/status/326832686633218048"/>
		<document id="327871577565822978" url="https://twitter.com/monsalvenrique/status/327871577565822978"/>
		<document id="330007790489858050" url="https://twitter.com/monsalvenrique/status/330007790489858050"/>
		<document id="330056633503870976" url="https://twitter.com/monsalvenrique/status/330056633503870976"/>
		<document id="330804278874755072" url="https://twitter.com/monsalvenrique/status/330804278874755072"/>
		<document id="331474003367694337" url="https://twitter.com/monsalvenrique/status/331474003367694337"/>
		<document id="333615876010033152" url="https://twitter.com/monsalvenrique/status/333615876010033152"/>
		<document id="334610273996525568" url="https://twitter.com/monsalvenrique/status/334610273996525568"/>
		<document id="337313789378707457" url="https://twitter.com/monsalvenrique/status/337313789378707457"/>
		<document id="337315798668423168" url="https://twitter.com/monsalvenrique/status/337315798668423168"/>
		<document id="337463115753062400" url="https://twitter.com/monsalvenrique/status/337463115753062400"/>
		<document id="337647631050358784" url="https://twitter.com/monsalvenrique/status/337647631050358784"/>
		<document id="337834222452604928" url="https://twitter.com/monsalvenrique/status/337834222452604928"/>
		<document id="337837000893816833" url="https://twitter.com/monsalvenrique/status/337837000893816833"/>
		<document id="344054876449427456" url="https://twitter.com/monsalvenrique/status/344054876449427456"/>
		<document id="344553914659655680" url="https://twitter.com/monsalvenrique/status/344553914659655680"/>
		<document id="344889689393741826" url="https://twitter.com/monsalvenrique/status/344889689393741826"/>
		<document id="344890674266648576" url="https://twitter.com/monsalvenrique/status/344890674266648576"/>
		<document id="345222086068932609" url="https://twitter.com/monsalvenrique/status/345222086068932609"/>
		<document id="345294259110420480" url="https://twitter.com/monsalvenrique/status/345294259110420480"/>
		<document id="345871618469408768" url="https://twitter.com/monsalvenrique/status/345871618469408768"/>
		<document id="349820815073755136" url="https://twitter.com/monsalvenrique/status/349820815073755136"/>
		<document id="350522877218537472" url="https://twitter.com/monsalvenrique/status/350522877218537472"/>
		<document id="351112044864487424" url="https://twitter.com/monsalvenrique/status/351112044864487424"/>
		<document id="352517562606690306" url="https://twitter.com/monsalvenrique/status/352517562606690306"/>
		<document id="354674900193120256" url="https://twitter.com/monsalvenrique/status/354674900193120256"/>
		<document id="356348921091596289" url="https://twitter.com/monsalvenrique/status/356348921091596289"/>
		<document id="360523364357517312" url="https://twitter.com/monsalvenrique/status/360523364357517312"/>
		<document id="362631119826468865" url="https://twitter.com/monsalvenrique/status/362631119826468865"/>
		<document id="364724929595314177" url="https://twitter.com/monsalvenrique/status/364724929595314177"/>
		<document id="366961406823768064" url="https://twitter.com/monsalvenrique/status/366961406823768064"/>
		<document id="366994872630132736" url="https://twitter.com/monsalvenrique/status/366994872630132736"/>
		<document id="367370743937384448" url="https://twitter.com/monsalvenrique/status/367370743937384448"/>
		<document id="367371522035294208" url="https://twitter.com/monsalvenrique/status/367371522035294208"/>
		<document id="367374255253504000" url="https://twitter.com/monsalvenrique/status/367374255253504000"/>
		<document id="370207940021874688" url="https://twitter.com/monsalvenrique/status/370207940021874688"/>
		<document id="376625228988039168" url="https://twitter.com/monsalvenrique/status/376625228988039168"/>
		<document id="378832053900701696" url="https://twitter.com/monsalvenrique/status/378832053900701696"/>
		<document id="379156634297438208" url="https://twitter.com/monsalvenrique/status/379156634297438208"/>
		<document id="379157863601803264" url="https://twitter.com/monsalvenrique/status/379157863601803264"/>
		<document id="379158834939703296" url="https://twitter.com/monsalvenrique/status/379158834939703296"/>
		<document id="393828558562668544" url="https://twitter.com/monsalvenrique/status/393828558562668544"/>
		<document id="393830163253043201" url="https://twitter.com/monsalvenrique/status/393830163253043201"/>
		<document id="395933077073309696" url="https://twitter.com/monsalvenrique/status/395933077073309696"/>
		<document id="395934710117199872" url="https://twitter.com/monsalvenrique/status/395934710117199872"/>
		<document id="395990135780950016" url="https://twitter.com/monsalvenrique/status/395990135780950016"/>
		<document id="397720049538301952" url="https://twitter.com/monsalvenrique/status/397720049538301952"/>
		<document id="398181356129107968" url="https://twitter.com/monsalvenrique/status/398181356129107968"/>
		<document id="398849766312136705" url="https://twitter.com/monsalvenrique/status/398849766312136705"/>
		<document id="398860010186604544" url="https://twitter.com/monsalvenrique/status/398860010186604544"/>
		<document id="399205221169364992" url="https://twitter.com/monsalvenrique/status/399205221169364992"/>
		<document id="399303989436899329" url="https://twitter.com/monsalvenrique/status/399303989436899329"/>
		<document id="399513939819913216" url="https://twitter.com/monsalvenrique/status/399513939819913216"/>
		<document id="400334664591998976" url="https://twitter.com/monsalvenrique/status/400334664591998976"/>
		<document id="400674218788270080" url="https://twitter.com/monsalvenrique/status/400674218788270080"/>
		<document id="400683016735162368" url="https://twitter.com/monsalvenrique/status/400683016735162368"/>
		<document id="403657974235004928" url="https://twitter.com/monsalvenrique/status/403657974235004928"/>
		<document id="403844247558033408" url="https://twitter.com/monsalvenrique/status/403844247558033408"/>
		<document id="404703528947830784" url="https://twitter.com/monsalvenrique/status/404703528947830784"/>
		<document id="404741319647854592" url="https://twitter.com/monsalvenrique/status/404741319647854592"/>
		<document id="405245510174646272" url="https://twitter.com/monsalvenrique/status/405245510174646272"/>
		<document id="405245864987602944" url="https://twitter.com/monsalvenrique/status/405245864987602944"/>
		<document id="407430464706969600" url="https://twitter.com/monsalvenrique/status/407430464706969600"/>
		<document id="412931979785809920" url="https://twitter.com/monsalvenrique/status/412931979785809920"/>
		<document id="415222145359171584" url="https://twitter.com/monsalvenrique/status/415222145359171584"/>
		<document id="415978262373076992" url="https://twitter.com/monsalvenrique/status/415978262373076992"/>
		<document id="416332786858205184" url="https://twitter.com/monsalvenrique/status/416332786858205184"/>
		<document id="419871896239218689" url="https://twitter.com/monsalvenrique/status/419871896239218689"/>
		<document id="311977358343147521" url="https://twitter.com/monsalvenrique/status/311977358343147521"/>
		<document id="312285732901355520" url="https://twitter.com/monsalvenrique/status/312285732901355520"/>
		<document id="313277818983309312" url="https://twitter.com/monsalvenrique/status/313277818983309312"/>
		<document id="313750932863193090" url="https://twitter.com/monsalvenrique/status/313750932863193090"/>
		<document id="314866776779399168" url="https://twitter.com/monsalvenrique/status/314866776779399168"/>
		<document id="316592814752423936" url="https://twitter.com/monsalvenrique/status/316592814752423936"/>
		<document id="316922104643743744" url="https://twitter.com/monsalvenrique/status/316922104643743744"/>
		<document id="316927855961452546" url="https://twitter.com/monsalvenrique/status/316927855961452546"/>
		<document id="318498055789895681" url="https://twitter.com/monsalvenrique/status/318498055789895681"/>
		<document id="320497089857593344" url="https://twitter.com/monsalvenrique/status/320497089857593344"/>
		<document id="320497280824262656" url="https://twitter.com/monsalvenrique/status/320497280824262656"/>
		<document id="320500788378095617" url="https://twitter.com/monsalvenrique/status/320500788378095617"/>
		<document id="320503161423015936" url="https://twitter.com/monsalvenrique/status/320503161423015936"/>
		<document id="320688210730700800" url="https://twitter.com/monsalvenrique/status/320688210730700800"/>
		<document id="324529164151562240" url="https://twitter.com/monsalvenrique/status/324529164151562240"/>
		<document id="325253576064655361" url="https://twitter.com/monsalvenrique/status/325253576064655361"/>
		<document id="325303201794519040" url="https://twitter.com/monsalvenrique/status/325303201794519040"/>
		<document id="326002534797946881" url="https://twitter.com/monsalvenrique/status/326002534797946881"/>
		<document id="326091648176107521" url="https://twitter.com/monsalvenrique/status/326091648176107521"/>
		<document id="326093902622883842" url="https://twitter.com/monsalvenrique/status/326093902622883842"/>
		<document id="326588460314001408" url="https://twitter.com/monsalvenrique/status/326588460314001408"/>
		<document id="326832686633218048" url="https://twitter.com/monsalvenrique/status/326832686633218048"/>
		<document id="327871577565822978" url="https://twitter.com/monsalvenrique/status/327871577565822978"/>
		<document id="330007790489858050" url="https://twitter.com/monsalvenrique/status/330007790489858050"/>
		<document id="330056633503870976" url="https://twitter.com/monsalvenrique/status/330056633503870976"/>
		<document id="330804278874755072" url="https://twitter.com/monsalvenrique/status/330804278874755072"/>
		<document id="331474003367694337" url="https://twitter.com/monsalvenrique/status/331474003367694337"/>
		<document id="333615876010033152" url="https://twitter.com/monsalvenrique/status/333615876010033152"/>
		<document id="334610273996525568" url="https://twitter.com/monsalvenrique/status/334610273996525568"/>
		<document id="337313789378707457" url="https://twitter.com/monsalvenrique/status/337313789378707457"/>
		<document id="337315798668423168" url="https://twitter.com/monsalvenrique/status/337315798668423168"/>
		<document id="337463115753062400" url="https://twitter.com/monsalvenrique/status/337463115753062400"/>
		<document id="337647631050358784" url="https://twitter.com/monsalvenrique/status/337647631050358784"/>
		<document id="337834222452604928" url="https://twitter.com/monsalvenrique/status/337834222452604928"/>
		<document id="337837000893816833" url="https://twitter.com/monsalvenrique/status/337837000893816833"/>
		<document id="344054876449427456" url="https://twitter.com/monsalvenrique/status/344054876449427456"/>
		<document id="344553914659655680" url="https://twitter.com/monsalvenrique/status/344553914659655680"/>
		<document id="344889689393741826" url="https://twitter.com/monsalvenrique/status/344889689393741826"/>
		<document id="344890674266648576" url="https://twitter.com/monsalvenrique/status/344890674266648576"/>
		<document id="345222086068932609" url="https://twitter.com/monsalvenrique/status/345222086068932609"/>
		<document id="345294259110420480" url="https://twitter.com/monsalvenrique/status/345294259110420480"/>
		<document id="345871618469408768" url="https://twitter.com/monsalvenrique/status/345871618469408768"/>
		<document id="349820815073755136" url="https://twitter.com/monsalvenrique/status/349820815073755136"/>
		<document id="350522877218537472" url="https://twitter.com/monsalvenrique/status/350522877218537472"/>
		<document id="351112044864487424" url="https://twitter.com/monsalvenrique/status/351112044864487424"/>
		<document id="352517562606690306" url="https://twitter.com/monsalvenrique/status/352517562606690306"/>
		<document id="354674900193120256" url="https://twitter.com/monsalvenrique/status/354674900193120256"/>
		<document id="356348921091596289" url="https://twitter.com/monsalvenrique/status/356348921091596289"/>
		<document id="360523364357517312" url="https://twitter.com/monsalvenrique/status/360523364357517312"/>
		<document id="362631119826468865" url="https://twitter.com/monsalvenrique/status/362631119826468865"/>
		<document id="364724929595314177" url="https://twitter.com/monsalvenrique/status/364724929595314177"/>
		<document id="366961406823768064" url="https://twitter.com/monsalvenrique/status/366961406823768064"/>
		<document id="366994872630132736" url="https://twitter.com/monsalvenrique/status/366994872630132736"/>
		<document id="367370743937384448" url="https://twitter.com/monsalvenrique/status/367370743937384448"/>
		<document id="367371522035294208" url="https://twitter.com/monsalvenrique/status/367371522035294208"/>
		<document id="367374255253504000" url="https://twitter.com/monsalvenrique/status/367374255253504000"/>
		<document id="370207940021874688" url="https://twitter.com/monsalvenrique/status/370207940021874688"/>
		<document id="376625228988039168" url="https://twitter.com/monsalvenrique/status/376625228988039168"/>
		<document id="378832053900701696" url="https://twitter.com/monsalvenrique/status/378832053900701696"/>
		<document id="379156634297438208" url="https://twitter.com/monsalvenrique/status/379156634297438208"/>
		<document id="379157863601803264" url="https://twitter.com/monsalvenrique/status/379157863601803264"/>
		<document id="379158834939703296" url="https://twitter.com/monsalvenrique/status/379158834939703296"/>
		<document id="393828558562668544" url="https://twitter.com/monsalvenrique/status/393828558562668544"/>
		<document id="393830163253043201" url="https://twitter.com/monsalvenrique/status/393830163253043201"/>
		<document id="395933077073309696" url="https://twitter.com/monsalvenrique/status/395933077073309696"/>
		<document id="395934710117199872" url="https://twitter.com/monsalvenrique/status/395934710117199872"/>
		<document id="395990135780950016" url="https://twitter.com/monsalvenrique/status/395990135780950016"/>
		<document id="397720049538301952" url="https://twitter.com/monsalvenrique/status/397720049538301952"/>
		<document id="398181356129107968" url="https://twitter.com/monsalvenrique/status/398181356129107968"/>
		<document id="398849766312136705" url="https://twitter.com/monsalvenrique/status/398849766312136705"/>
		<document id="398860010186604544" url="https://twitter.com/monsalvenrique/status/398860010186604544"/>
		<document id="399205221169364992" url="https://twitter.com/monsalvenrique/status/399205221169364992"/>
		<document id="399303989436899329" url="https://twitter.com/monsalvenrique/status/399303989436899329"/>
		<document id="399513939819913216" url="https://twitter.com/monsalvenrique/status/399513939819913216"/>
		<document id="400334664591998976" url="https://twitter.com/monsalvenrique/status/400334664591998976"/>
		<document id="400674218788270080" url="https://twitter.com/monsalvenrique/status/400674218788270080"/>
		<document id="400683016735162368" url="https://twitter.com/monsalvenrique/status/400683016735162368"/>
		<document id="403657974235004928" url="https://twitter.com/monsalvenrique/status/403657974235004928"/>
		<document id="403844247558033408" url="https://twitter.com/monsalvenrique/status/403844247558033408"/>
		<document id="404703528947830784" url="https://twitter.com/monsalvenrique/status/404703528947830784"/>
		<document id="404741319647854592" url="https://twitter.com/monsalvenrique/status/404741319647854592"/>
		<document id="405245510174646272" url="https://twitter.com/monsalvenrique/status/405245510174646272"/>
		<document id="405245864987602944" url="https://twitter.com/monsalvenrique/status/405245864987602944"/>
		<document id="407430464706969600" url="https://twitter.com/monsalvenrique/status/407430464706969600"/>
		<document id="412931979785809920" url="https://twitter.com/monsalvenrique/status/412931979785809920"/>
		<document id="415222145359171584" url="https://twitter.com/monsalvenrique/status/415222145359171584"/>
		<document id="415978262373076992" url="https://twitter.com/monsalvenrique/status/415978262373076992"/>
		<document id="416332786858205184" url="https://twitter.com/monsalvenrique/status/416332786858205184"/>
		<document id="419871896239218689" url="https://twitter.com/monsalvenrique/status/419871896239218689"/>
	</documents>
</author>