<?xml version="1.0" encoding="UTF-8" standalone="no"?><author age_group="xx" gender="xx" lang="EN" type="twitter" url="https://twitter.com/misellebergonia">
	<documents count="758">
		<document id="10702653504" url="https://twitter.com/misellebergonia/status/10702653504"/>
		<document id="111240565680648192" url="https://twitter.com/misellebergonia/status/111240565680648192"/>
		<document id="11183445332" url="https://twitter.com/misellebergonia/status/11183445332"/>
		<document id="11345637743" url="https://twitter.com/misellebergonia/status/11345637743"/>
		<document id="11410294956" url="https://twitter.com/misellebergonia/status/11410294956"/>
		<document id="117032409156947968" url="https://twitter.com/misellebergonia/status/117032409156947968"/>
		<document id="117032452131794944" url="https://twitter.com/misellebergonia/status/117032452131794944"/>
		<document id="117033226341597184" url="https://twitter.com/misellebergonia/status/117033226341597184"/>
		<document id="117033694694350848" url="https://twitter.com/misellebergonia/status/117033694694350848"/>
		<document id="117034274376515585" url="https://twitter.com/misellebergonia/status/117034274376515585"/>
		<document id="117034797695643648" url="https://twitter.com/misellebergonia/status/117034797695643648"/>
		<document id="117035668525424640" url="https://twitter.com/misellebergonia/status/117035668525424640"/>
		<document id="117036155404423169" url="https://twitter.com/misellebergonia/status/117036155404423169"/>
		<document id="117036595198164992" url="https://twitter.com/misellebergonia/status/117036595198164992"/>
		<document id="117037116839571456" url="https://twitter.com/misellebergonia/status/117037116839571456"/>
		<document id="117038356860387328" url="https://twitter.com/misellebergonia/status/117038356860387328"/>
		<document id="117039462667653120" url="https://twitter.com/misellebergonia/status/117039462667653120"/>
		<document id="117040629116190720" url="https://twitter.com/misellebergonia/status/117040629116190720"/>
		<document id="117041164925931522" url="https://twitter.com/misellebergonia/status/117041164925931522"/>
		<document id="117045697450213377" url="https://twitter.com/misellebergonia/status/117045697450213377"/>
		<document id="117557689999044608" url="https://twitter.com/misellebergonia/status/117557689999044608"/>
		<document id="117787818226483200" url="https://twitter.com/misellebergonia/status/117787818226483200"/>
		<document id="118112599400382467" url="https://twitter.com/misellebergonia/status/118112599400382467"/>
		<document id="118567911660068864" url="https://twitter.com/misellebergonia/status/118567911660068864"/>
		<document id="12757107198" url="https://twitter.com/misellebergonia/status/12757107198"/>
		<document id="12984183409" url="https://twitter.com/misellebergonia/status/12984183409"/>
		<document id="13105476716" url="https://twitter.com/misellebergonia/status/13105476716"/>
		<document id="13114797619" url="https://twitter.com/misellebergonia/status/13114797619"/>
		<document id="13181861950" url="https://twitter.com/misellebergonia/status/13181861950"/>
		<document id="13341085544" url="https://twitter.com/misellebergonia/status/13341085544"/>
		<document id="13345111354" url="https://twitter.com/misellebergonia/status/13345111354"/>
		<document id="13367527121" url="https://twitter.com/misellebergonia/status/13367527121"/>
		<document id="13411704867" url="https://twitter.com/misellebergonia/status/13411704867"/>
		<document id="13607063721" url="https://twitter.com/misellebergonia/status/13607063721"/>
		<document id="13718771267" url="https://twitter.com/misellebergonia/status/13718771267"/>
		<document id="13924948386" url="https://twitter.com/misellebergonia/status/13924948386"/>
		<document id="13961326258" url="https://twitter.com/misellebergonia/status/13961326258"/>
		<document id="14068162045" url="https://twitter.com/misellebergonia/status/14068162045"/>
		<document id="142135483856723968" url="https://twitter.com/misellebergonia/status/142135483856723968"/>
		<document id="14266620285" url="https://twitter.com/misellebergonia/status/14266620285"/>
		<document id="14321663454" url="https://twitter.com/misellebergonia/status/14321663454"/>
		<document id="144296353604968449" url="https://twitter.com/misellebergonia/status/144296353604968449"/>
		<document id="145017511077883904" url="https://twitter.com/misellebergonia/status/145017511077883904"/>
		<document id="145258843629289473" url="https://twitter.com/misellebergonia/status/145258843629289473"/>
		<document id="145279091019481089" url="https://twitter.com/misellebergonia/status/145279091019481089"/>
		<document id="1486918617399296" url="https://twitter.com/misellebergonia/status/1486918617399296"/>
		<document id="15077351278" url="https://twitter.com/misellebergonia/status/15077351278"/>
		<document id="1513519689" url="https://twitter.com/misellebergonia/status/1513519689"/>
		<document id="1513523999" url="https://twitter.com/misellebergonia/status/1513523999"/>
		<document id="1513866671" url="https://twitter.com/misellebergonia/status/1513866671"/>
		<document id="15239713134" url="https://twitter.com/misellebergonia/status/15239713134"/>
		<document id="15280929506" url="https://twitter.com/misellebergonia/status/15280929506"/>
		<document id="153737752473640961" url="https://twitter.com/misellebergonia/status/153737752473640961"/>
		<document id="1539443387" url="https://twitter.com/misellebergonia/status/1539443387"/>
		<document id="1539444961" url="https://twitter.com/misellebergonia/status/1539444961"/>
		<document id="15458627993" url="https://twitter.com/misellebergonia/status/15458627993"/>
		<document id="15669890465" url="https://twitter.com/misellebergonia/status/15669890465"/>
		<document id="15770003645" url="https://twitter.com/misellebergonia/status/15770003645"/>
		<document id="15845336567" url="https://twitter.com/misellebergonia/status/15845336567"/>
		<document id="15896341877" url="https://twitter.com/misellebergonia/status/15896341877"/>
		<document id="1601891587" url="https://twitter.com/misellebergonia/status/1601891587"/>
		<document id="1601893003" url="https://twitter.com/misellebergonia/status/1601893003"/>
		<document id="1609546324" url="https://twitter.com/misellebergonia/status/1609546324"/>
		<document id="16202371418" url="https://twitter.com/misellebergonia/status/16202371418"/>
		<document id="16202403916" url="https://twitter.com/misellebergonia/status/16202403916"/>
		<document id="1627746617" url="https://twitter.com/misellebergonia/status/1627746617"/>
		<document id="164565633248403457" url="https://twitter.com/misellebergonia/status/164565633248403457"/>
		<document id="165361520518234112" url="https://twitter.com/misellebergonia/status/165361520518234112"/>
		<document id="166888514099740673" url="https://twitter.com/misellebergonia/status/166888514099740673"/>
		<document id="1702334620" url="https://twitter.com/misellebergonia/status/1702334620"/>
		<document id="1704165416" url="https://twitter.com/misellebergonia/status/1704165416"/>
		<document id="1705929001" url="https://twitter.com/misellebergonia/status/1705929001"/>
		<document id="1713692903" url="https://twitter.com/misellebergonia/status/1713692903"/>
		<document id="172124183956959232" url="https://twitter.com/misellebergonia/status/172124183956959232"/>
		<document id="172130122567127040" url="https://twitter.com/misellebergonia/status/172130122567127040"/>
		<document id="17214825327" url="https://twitter.com/misellebergonia/status/17214825327"/>
		<document id="17405284711" url="https://twitter.com/misellebergonia/status/17405284711"/>
		<document id="1761316860" url="https://twitter.com/misellebergonia/status/1761316860"/>
		<document id="179816435869171712" url="https://twitter.com/misellebergonia/status/179816435869171712"/>
		<document id="179816853626028032" url="https://twitter.com/misellebergonia/status/179816853626028032"/>
		<document id="1833210481" url="https://twitter.com/misellebergonia/status/1833210481"/>
		<document id="184813342995648512" url="https://twitter.com/misellebergonia/status/184813342995648512"/>
		<document id="18653384241" url="https://twitter.com/misellebergonia/status/18653384241"/>
		<document id="18752873771" url="https://twitter.com/misellebergonia/status/18752873771"/>
		<document id="1879681698" url="https://twitter.com/misellebergonia/status/1879681698"/>
		<document id="1919587427" url="https://twitter.com/misellebergonia/status/1919587427"/>
		<document id="1932487698" url="https://twitter.com/misellebergonia/status/1932487698"/>
		<document id="195129516623020033" url="https://twitter.com/misellebergonia/status/195129516623020033"/>
		<document id="195129615939944448" url="https://twitter.com/misellebergonia/status/195129615939944448"/>
		<document id="19616819471" url="https://twitter.com/misellebergonia/status/19616819471"/>
		<document id="19637730363" url="https://twitter.com/misellebergonia/status/19637730363"/>
		<document id="19698076790" url="https://twitter.com/misellebergonia/status/19698076790"/>
		<document id="1971183381" url="https://twitter.com/misellebergonia/status/1971183381"/>
		<document id="19786630593" url="https://twitter.com/misellebergonia/status/19786630593"/>
		<document id="19805177425" url="https://twitter.com/misellebergonia/status/19805177425"/>
		<document id="2026396868" url="https://twitter.com/misellebergonia/status/2026396868"/>
		<document id="2041382117" url="https://twitter.com/misellebergonia/status/2041382117"/>
		<document id="207376384279052289" url="https://twitter.com/misellebergonia/status/207376384279052289"/>
		<document id="2172433072" url="https://twitter.com/misellebergonia/status/2172433072"/>
		<document id="21966524896" url="https://twitter.com/misellebergonia/status/21966524896"/>
		<document id="2202737051" url="https://twitter.com/misellebergonia/status/2202737051"/>
		<document id="22332890592" url="https://twitter.com/misellebergonia/status/22332890592"/>
		<document id="22336511462" url="https://twitter.com/misellebergonia/status/22336511462"/>
		<document id="228108589640851458" url="https://twitter.com/misellebergonia/status/228108589640851458"/>
		<document id="228459190060990464" url="https://twitter.com/misellebergonia/status/228459190060990464"/>
		<document id="228459736767557632" url="https://twitter.com/misellebergonia/status/228459736767557632"/>
		<document id="22858154052" url="https://twitter.com/misellebergonia/status/22858154052"/>
		<document id="2290503927" url="https://twitter.com/misellebergonia/status/2290503927"/>
		<document id="229508834761269248" url="https://twitter.com/misellebergonia/status/229508834761269248"/>
		<document id="23124608630" url="https://twitter.com/misellebergonia/status/23124608630"/>
		<document id="233198478740815872" url="https://twitter.com/misellebergonia/status/233198478740815872"/>
		<document id="233199649115209728" url="https://twitter.com/misellebergonia/status/233199649115209728"/>
		<document id="233246746753499136" url="https://twitter.com/misellebergonia/status/233246746753499136"/>
		<document id="2340435188" url="https://twitter.com/misellebergonia/status/2340435188"/>
		<document id="235937830898126848" url="https://twitter.com/misellebergonia/status/235937830898126848"/>
		<document id="240307708048334848" url="https://twitter.com/misellebergonia/status/240307708048334848"/>
		<document id="241541628865703936" url="https://twitter.com/misellebergonia/status/241541628865703936"/>
		<document id="241911475923451904" url="https://twitter.com/misellebergonia/status/241911475923451904"/>
		<document id="243312050946863104" url="https://twitter.com/misellebergonia/status/243312050946863104"/>
		<document id="245781782685970436" url="https://twitter.com/misellebergonia/status/245781782685970436"/>
		<document id="245782454156271616" url="https://twitter.com/misellebergonia/status/245782454156271616"/>
		<document id="245787168587530240" url="https://twitter.com/misellebergonia/status/245787168587530240"/>
		<document id="246188864849473536" url="https://twitter.com/misellebergonia/status/246188864849473536"/>
		<document id="246193082176000000" url="https://twitter.com/misellebergonia/status/246193082176000000"/>
		<document id="247678957099560960" url="https://twitter.com/misellebergonia/status/247678957099560960"/>
		<document id="247679172305117185" url="https://twitter.com/misellebergonia/status/247679172305117185"/>
		<document id="247952836602757120" url="https://twitter.com/misellebergonia/status/247952836602757120"/>
		<document id="248602879189991425" url="https://twitter.com/misellebergonia/status/248602879189991425"/>
		<document id="248603002095677440" url="https://twitter.com/misellebergonia/status/248603002095677440"/>
		<document id="248603542045224961" url="https://twitter.com/misellebergonia/status/248603542045224961"/>
		<document id="248605717471309824" url="https://twitter.com/misellebergonia/status/248605717471309824"/>
		<document id="248605758009253890" url="https://twitter.com/misellebergonia/status/248605758009253890"/>
		<document id="248606090156179456" url="https://twitter.com/misellebergonia/status/248606090156179456"/>
		<document id="248606145835565056" url="https://twitter.com/misellebergonia/status/248606145835565056"/>
		<document id="248606238336770051" url="https://twitter.com/misellebergonia/status/248606238336770051"/>
		<document id="248606325855100928" url="https://twitter.com/misellebergonia/status/248606325855100928"/>
		<document id="249808694097870848" url="https://twitter.com/misellebergonia/status/249808694097870848"/>
		<document id="250036709234974720" url="https://twitter.com/misellebergonia/status/250036709234974720"/>
		<document id="250840805625962496" url="https://twitter.com/misellebergonia/status/250840805625962496"/>
		<document id="250840852811894784" url="https://twitter.com/misellebergonia/status/250840852811894784"/>
		<document id="251477597895159808" url="https://twitter.com/misellebergonia/status/251477597895159808"/>
		<document id="253703602047160321" url="https://twitter.com/misellebergonia/status/253703602047160321"/>
		<document id="254561360879423489" url="https://twitter.com/misellebergonia/status/254561360879423489"/>
		<document id="255143954406838272" url="https://twitter.com/misellebergonia/status/255143954406838272"/>
		<document id="255298987714813954" url="https://twitter.com/misellebergonia/status/255298987714813954"/>
		<document id="256084003554226176" url="https://twitter.com/misellebergonia/status/256084003554226176"/>
		<document id="257673354939604992" url="https://twitter.com/misellebergonia/status/257673354939604992"/>
		<document id="25882229962" url="https://twitter.com/misellebergonia/status/25882229962"/>
		<document id="259145569560322049" url="https://twitter.com/misellebergonia/status/259145569560322049"/>
		<document id="264887464110460928" url="https://twitter.com/misellebergonia/status/264887464110460928"/>
		<document id="2667303344" url="https://twitter.com/misellebergonia/status/2667303344"/>
		<document id="267790420090691585" url="https://twitter.com/misellebergonia/status/267790420090691585"/>
		<document id="267969066134827008" url="https://twitter.com/misellebergonia/status/267969066134827008"/>
		<document id="267969101014634496" url="https://twitter.com/misellebergonia/status/267969101014634496"/>
		<document id="267969198544789505" url="https://twitter.com/misellebergonia/status/267969198544789505"/>
		<document id="26847965171683328" url="https://twitter.com/misellebergonia/status/26847965171683328"/>
		<document id="268662929753251840" url="https://twitter.com/misellebergonia/status/268662929753251840"/>
		<document id="270139796565934080" url="https://twitter.com/misellebergonia/status/270139796565934080"/>
		<document id="27036870750" url="https://twitter.com/misellebergonia/status/27036870750"/>
		<document id="275796099711778816" url="https://twitter.com/misellebergonia/status/275796099711778816"/>
		<document id="277636375619182592" url="https://twitter.com/misellebergonia/status/277636375619182592"/>
		<document id="28014628929" url="https://twitter.com/misellebergonia/status/28014628929"/>
		<document id="280205306137542656" url="https://twitter.com/misellebergonia/status/280205306137542656"/>
		<document id="28074194959" url="https://twitter.com/misellebergonia/status/28074194959"/>
		<document id="281591141105815552" url="https://twitter.com/misellebergonia/status/281591141105815552"/>
		<document id="28459663411" url="https://twitter.com/misellebergonia/status/28459663411"/>
		<document id="2946714476" url="https://twitter.com/misellebergonia/status/2946714476"/>
		<document id="29633901314" url="https://twitter.com/misellebergonia/status/29633901314"/>
		<document id="297285582168674304" url="https://twitter.com/misellebergonia/status/297285582168674304"/>
		<document id="298673707629551616" url="https://twitter.com/misellebergonia/status/298673707629551616"/>
		<document id="299430400281952257" url="https://twitter.com/misellebergonia/status/299430400281952257"/>
		<document id="304122384129085440" url="https://twitter.com/misellebergonia/status/304122384129085440"/>
		<document id="307817509187375104" url="https://twitter.com/misellebergonia/status/307817509187375104"/>
		<document id="307844987800928256" url="https://twitter.com/misellebergonia/status/307844987800928256"/>
		<document id="309449677454053376" url="https://twitter.com/misellebergonia/status/309449677454053376"/>
		<document id="3100361309" url="https://twitter.com/misellebergonia/status/3100361309"/>
		<document id="3104125449" url="https://twitter.com/misellebergonia/status/3104125449"/>
		<document id="313644901793427457" url="https://twitter.com/misellebergonia/status/313644901793427457"/>
		<document id="313881314195550208" url="https://twitter.com/misellebergonia/status/313881314195550208"/>
		<document id="313881522216243200" url="https://twitter.com/misellebergonia/status/313881522216243200"/>
		<document id="313885055133028352" url="https://twitter.com/misellebergonia/status/313885055133028352"/>
		<document id="314647726207950848" url="https://twitter.com/misellebergonia/status/314647726207950848"/>
		<document id="314660652356612096" url="https://twitter.com/misellebergonia/status/314660652356612096"/>
		<document id="318367968562126849" url="https://twitter.com/misellebergonia/status/318367968562126849"/>
		<document id="318556462299353089" url="https://twitter.com/misellebergonia/status/318556462299353089"/>
		<document id="318556885991170048" url="https://twitter.com/misellebergonia/status/318556885991170048"/>
		<document id="321400281189453824" url="https://twitter.com/misellebergonia/status/321400281189453824"/>
		<document id="322579371372191744" url="https://twitter.com/misellebergonia/status/322579371372191744"/>
		<document id="324100361872879616" url="https://twitter.com/misellebergonia/status/324100361872879616"/>
		<document id="324423006149566465" url="https://twitter.com/misellebergonia/status/324423006149566465"/>
		<document id="324423904246497280" url="https://twitter.com/misellebergonia/status/324423904246497280"/>
		<document id="324424004708487168" url="https://twitter.com/misellebergonia/status/324424004708487168"/>
		<document id="326677028759822337" url="https://twitter.com/misellebergonia/status/326677028759822337"/>
		<document id="328504976643092483" url="https://twitter.com/misellebergonia/status/328504976643092483"/>
		<document id="329433674120572928" url="https://twitter.com/misellebergonia/status/329433674120572928"/>
		<document id="329434530345783297" url="https://twitter.com/misellebergonia/status/329434530345783297"/>
		<document id="329435183977746432" url="https://twitter.com/misellebergonia/status/329435183977746432"/>
		<document id="329436323649835008" url="https://twitter.com/misellebergonia/status/329436323649835008"/>
		<document id="329957226326417410" url="https://twitter.com/misellebergonia/status/329957226326417410"/>
		<document id="329961135229001728" url="https://twitter.com/misellebergonia/status/329961135229001728"/>
		<document id="330259428064505856" url="https://twitter.com/misellebergonia/status/330259428064505856"/>
		<document id="335385758804344832" url="https://twitter.com/misellebergonia/status/335385758804344832"/>
		<document id="335386166889168896" url="https://twitter.com/misellebergonia/status/335386166889168896"/>
		<document id="3356947302" url="https://twitter.com/misellebergonia/status/3356947302"/>
		<document id="336749730413547520" url="https://twitter.com/misellebergonia/status/336749730413547520"/>
		<document id="336749960026550272" url="https://twitter.com/misellebergonia/status/336749960026550272"/>
		<document id="336750120114741248" url="https://twitter.com/misellebergonia/status/336750120114741248"/>
		<document id="337850492040409089" url="https://twitter.com/misellebergonia/status/337850492040409089"/>
		<document id="338767993930653696" url="https://twitter.com/misellebergonia/status/338767993930653696"/>
		<document id="339319918384275456" url="https://twitter.com/misellebergonia/status/339319918384275456"/>
		<document id="339594400235671554" url="https://twitter.com/misellebergonia/status/339594400235671554"/>
		<document id="3401974934" url="https://twitter.com/misellebergonia/status/3401974934"/>
		<document id="340661878118293505" url="https://twitter.com/misellebergonia/status/340661878118293505"/>
		<document id="341480634658746368" url="https://twitter.com/misellebergonia/status/341480634658746368"/>
		<document id="341706031233118209" url="https://twitter.com/misellebergonia/status/341706031233118209"/>
		<document id="341706165798977536" url="https://twitter.com/misellebergonia/status/341706165798977536"/>
		<document id="342415542205943808" url="https://twitter.com/misellebergonia/status/342415542205943808"/>
		<document id="342476854730571776" url="https://twitter.com/misellebergonia/status/342476854730571776"/>
		<document id="342717530252652544" url="https://twitter.com/misellebergonia/status/342717530252652544"/>
		<document id="343170516405870593" url="https://twitter.com/misellebergonia/status/343170516405870593"/>
		<document id="344078147458846721" url="https://twitter.com/misellebergonia/status/344078147458846721"/>
		<document id="344290535864954881" url="https://twitter.com/misellebergonia/status/344290535864954881"/>
		<document id="346603920073830400" url="https://twitter.com/misellebergonia/status/346603920073830400"/>
		<document id="346622594025398273" url="https://twitter.com/misellebergonia/status/346622594025398273"/>
		<document id="347347077975642112" url="https://twitter.com/misellebergonia/status/347347077975642112"/>
		<document id="347651856845111296" url="https://twitter.com/misellebergonia/status/347651856845111296"/>
		<document id="347652028375371777" url="https://twitter.com/misellebergonia/status/347652028375371777"/>
		<document id="3482159603" url="https://twitter.com/misellebergonia/status/3482159603"/>
		<document id="3487385530" url="https://twitter.com/misellebergonia/status/3487385530"/>
		<document id="348959948442574849" url="https://twitter.com/misellebergonia/status/348959948442574849"/>
		<document id="349486164127911937" url="https://twitter.com/misellebergonia/status/349486164127911937"/>
		<document id="349486372425441280" url="https://twitter.com/misellebergonia/status/349486372425441280"/>
		<document id="350205603899121666" url="https://twitter.com/misellebergonia/status/350205603899121666"/>
		<document id="350532675364335616" url="https://twitter.com/misellebergonia/status/350532675364335616"/>
		<document id="350569426736783361" url="https://twitter.com/misellebergonia/status/350569426736783361"/>
		<document id="352680885327364097" url="https://twitter.com/misellebergonia/status/352680885327364097"/>
		<document id="352681516314267648" url="https://twitter.com/misellebergonia/status/352681516314267648"/>
		<document id="352745309094412288" url="https://twitter.com/misellebergonia/status/352745309094412288"/>
		<document id="352745400303751168" url="https://twitter.com/misellebergonia/status/352745400303751168"/>
		<document id="352768069556371458" url="https://twitter.com/misellebergonia/status/352768069556371458"/>
		<document id="353538893951401984" url="https://twitter.com/misellebergonia/status/353538893951401984"/>
		<document id="354905902530310145" url="https://twitter.com/misellebergonia/status/354905902530310145"/>
		<document id="355232172459831296" url="https://twitter.com/misellebergonia/status/355232172459831296"/>
		<document id="355708913972281345" url="https://twitter.com/misellebergonia/status/355708913972281345"/>
		<document id="357477217271427074" url="https://twitter.com/misellebergonia/status/357477217271427074"/>
		<document id="358386457393643520" url="https://twitter.com/misellebergonia/status/358386457393643520"/>
		<document id="359144983678300160" url="https://twitter.com/misellebergonia/status/359144983678300160"/>
		<document id="359857984186236932" url="https://twitter.com/misellebergonia/status/359857984186236932"/>
		<document id="359858211475554305" url="https://twitter.com/misellebergonia/status/359858211475554305"/>
		<document id="361759666423869441" url="https://twitter.com/misellebergonia/status/361759666423869441"/>
		<document id="36246841926361088" url="https://twitter.com/misellebergonia/status/36246841926361088"/>
		<document id="364655180228210688" url="https://twitter.com/misellebergonia/status/364655180228210688"/>
		<document id="364655792068104193" url="https://twitter.com/misellebergonia/status/364655792068104193"/>
		<document id="364884789737684995" url="https://twitter.com/misellebergonia/status/364884789737684995"/>
		<document id="366488995653369856" url="https://twitter.com/misellebergonia/status/366488995653369856"/>
		<document id="369650817139093504" url="https://twitter.com/misellebergonia/status/369650817139093504"/>
		<document id="371979250233925632" url="https://twitter.com/misellebergonia/status/371979250233925632"/>
		<document id="372287578914816000" url="https://twitter.com/misellebergonia/status/372287578914816000"/>
		<document id="372324290240458752" url="https://twitter.com/misellebergonia/status/372324290240458752"/>
		<document id="372348803761704960" url="https://twitter.com/misellebergonia/status/372348803761704960"/>
		<document id="373065999873892352" url="https://twitter.com/misellebergonia/status/373065999873892352"/>
		<document id="3734068109" url="https://twitter.com/misellebergonia/status/3734068109"/>
		<document id="373794349072400384" url="https://twitter.com/misellebergonia/status/373794349072400384"/>
		<document id="374385550918447105" url="https://twitter.com/misellebergonia/status/374385550918447105"/>
		<document id="374387049098674176" url="https://twitter.com/misellebergonia/status/374387049098674176"/>
		<document id="374749953929007104" url="https://twitter.com/misellebergonia/status/374749953929007104"/>
		<document id="374815058859393024" url="https://twitter.com/misellebergonia/status/374815058859393024"/>
		<document id="377008893471494144" url="https://twitter.com/misellebergonia/status/377008893471494144"/>
		<document id="377008894201319424" url="https://twitter.com/misellebergonia/status/377008894201319424"/>
		<document id="377008895912579072" url="https://twitter.com/misellebergonia/status/377008895912579072"/>
		<document id="377567648865075200" url="https://twitter.com/misellebergonia/status/377567648865075200"/>
		<document id="377796583649447937" url="https://twitter.com/misellebergonia/status/377796583649447937"/>
		<document id="377796985446998016" url="https://twitter.com/misellebergonia/status/377796985446998016"/>
		<document id="378353336313217024" url="https://twitter.com/misellebergonia/status/378353336313217024"/>
		<document id="378353932395110400" url="https://twitter.com/misellebergonia/status/378353932395110400"/>
		<document id="378364428250775552" url="https://twitter.com/misellebergonia/status/378364428250775552"/>
		<document id="379154989634965505" url="https://twitter.com/misellebergonia/status/379154989634965505"/>
		<document id="3792643866" url="https://twitter.com/misellebergonia/status/3792643866"/>
		<document id="379850063297904640" url="https://twitter.com/misellebergonia/status/379850063297904640"/>
		<document id="379850326997622784" url="https://twitter.com/misellebergonia/status/379850326997622784"/>
		<document id="379852808243392512" url="https://twitter.com/misellebergonia/status/379852808243392512"/>
		<document id="379853056038682624" url="https://twitter.com/misellebergonia/status/379853056038682624"/>
		<document id="382373427497431040" url="https://twitter.com/misellebergonia/status/382373427497431040"/>
		<document id="382373480219430912" url="https://twitter.com/misellebergonia/status/382373480219430912"/>
		<document id="383092991050928128" url="https://twitter.com/misellebergonia/status/383092991050928128"/>
		<document id="383584288467210240" url="https://twitter.com/misellebergonia/status/383584288467210240"/>
		<document id="383843458789961728" url="https://twitter.com/misellebergonia/status/383843458789961728"/>
		<document id="384668480928096256" url="https://twitter.com/misellebergonia/status/384668480928096256"/>
		<document id="3883215396" url="https://twitter.com/misellebergonia/status/3883215396"/>
		<document id="3885501754" url="https://twitter.com/misellebergonia/status/3885501754"/>
		<document id="3886480372" url="https://twitter.com/misellebergonia/status/3886480372"/>
		<document id="390114009086574593" url="https://twitter.com/misellebergonia/status/390114009086574593"/>
		<document id="390114395382362112" url="https://twitter.com/misellebergonia/status/390114395382362112"/>
		<document id="390114396242206720" url="https://twitter.com/misellebergonia/status/390114396242206720"/>
		<document id="390114396451905536" url="https://twitter.com/misellebergonia/status/390114396451905536"/>
		<document id="3907096987" url="https://twitter.com/misellebergonia/status/3907096987"/>
		<document id="393992613843722240" url="https://twitter.com/misellebergonia/status/393992613843722240"/>
		<document id="395015011661131776" url="https://twitter.com/misellebergonia/status/395015011661131776"/>
		<document id="395853630986665984" url="https://twitter.com/misellebergonia/status/395853630986665984"/>
		<document id="395853976517636096" url="https://twitter.com/misellebergonia/status/395853976517636096"/>
		<document id="402310072216211456" url="https://twitter.com/misellebergonia/status/402310072216211456"/>
		<document id="403317616996929536" url="https://twitter.com/misellebergonia/status/403317616996929536"/>
		<document id="404918188850548736" url="https://twitter.com/misellebergonia/status/404918188850548736"/>
		<document id="408737041027837952" url="https://twitter.com/misellebergonia/status/408737041027837952"/>
		<document id="4099740276" url="https://twitter.com/misellebergonia/status/4099740276"/>
		<document id="411488603286409217" url="https://twitter.com/misellebergonia/status/411488603286409217"/>
		<document id="4117024659" url="https://twitter.com/misellebergonia/status/4117024659"/>
		<document id="415832293979074561" url="https://twitter.com/misellebergonia/status/415832293979074561"/>
		<document id="4163885151" url="https://twitter.com/misellebergonia/status/4163885151"/>
		<document id="4164149092" url="https://twitter.com/misellebergonia/status/4164149092"/>
		<document id="416433825917333504" url="https://twitter.com/misellebergonia/status/416433825917333504"/>
		<document id="4170357398" url="https://twitter.com/misellebergonia/status/4170357398"/>
		<document id="417638560729018370" url="https://twitter.com/misellebergonia/status/417638560729018370"/>
		<document id="42430368829280257" url="https://twitter.com/misellebergonia/status/42430368829280257"/>
		<document id="4333023844" url="https://twitter.com/misellebergonia/status/4333023844"/>
		<document id="4358846559" url="https://twitter.com/misellebergonia/status/4358846559"/>
		<document id="4385044654" url="https://twitter.com/misellebergonia/status/4385044654"/>
		<document id="4386452928" url="https://twitter.com/misellebergonia/status/4386452928"/>
		<document id="4391486951" url="https://twitter.com/misellebergonia/status/4391486951"/>
		<document id="4391817399" url="https://twitter.com/misellebergonia/status/4391817399"/>
		<document id="4404177533" url="https://twitter.com/misellebergonia/status/4404177533"/>
		<document id="4405899669" url="https://twitter.com/misellebergonia/status/4405899669"/>
		<document id="4432505493" url="https://twitter.com/misellebergonia/status/4432505493"/>
		<document id="4468167302" url="https://twitter.com/misellebergonia/status/4468167302"/>
		<document id="4571114064" url="https://twitter.com/misellebergonia/status/4571114064"/>
		<document id="4602110525" url="https://twitter.com/misellebergonia/status/4602110525"/>
		<document id="4618354157" url="https://twitter.com/misellebergonia/status/4618354157"/>
		<document id="4648648721" url="https://twitter.com/misellebergonia/status/4648648721"/>
		<document id="4676494427" url="https://twitter.com/misellebergonia/status/4676494427"/>
		<document id="4938606627" url="https://twitter.com/misellebergonia/status/4938606627"/>
		<document id="4983818072" url="https://twitter.com/misellebergonia/status/4983818072"/>
		<document id="5014809387" url="https://twitter.com/misellebergonia/status/5014809387"/>
		<document id="5252431627" url="https://twitter.com/misellebergonia/status/5252431627"/>
		<document id="5285000838" url="https://twitter.com/misellebergonia/status/5285000838"/>
		<document id="5312372944" url="https://twitter.com/misellebergonia/status/5312372944"/>
		<document id="5353110735" url="https://twitter.com/misellebergonia/status/5353110735"/>
		<document id="5437802274" url="https://twitter.com/misellebergonia/status/5437802274"/>
		<document id="5527863657" url="https://twitter.com/misellebergonia/status/5527863657"/>
		<document id="5530133925" url="https://twitter.com/misellebergonia/status/5530133925"/>
		<document id="5666552975" url="https://twitter.com/misellebergonia/status/5666552975"/>
		<document id="5723362474" url="https://twitter.com/misellebergonia/status/5723362474"/>
		<document id="5757965728" url="https://twitter.com/misellebergonia/status/5757965728"/>
		<document id="5908197183" url="https://twitter.com/misellebergonia/status/5908197183"/>
		<document id="6006855055" url="https://twitter.com/misellebergonia/status/6006855055"/>
		<document id="6048118718" url="https://twitter.com/misellebergonia/status/6048118718"/>
		<document id="6049251452" url="https://twitter.com/misellebergonia/status/6049251452"/>
		<document id="6157339897" url="https://twitter.com/misellebergonia/status/6157339897"/>
		<document id="6233303841" url="https://twitter.com/misellebergonia/status/6233303841"/>
		<document id="6263203685" url="https://twitter.com/misellebergonia/status/6263203685"/>
		<document id="63911579103666176" url="https://twitter.com/misellebergonia/status/63911579103666176"/>
		<document id="6420282800" url="https://twitter.com/misellebergonia/status/6420282800"/>
		<document id="6687469022" url="https://twitter.com/misellebergonia/status/6687469022"/>
		<document id="6688190728" url="https://twitter.com/misellebergonia/status/6688190728"/>
		<document id="6688774264" url="https://twitter.com/misellebergonia/status/6688774264"/>
		<document id="6754759031" url="https://twitter.com/misellebergonia/status/6754759031"/>
		<document id="7110554728" url="https://twitter.com/misellebergonia/status/7110554728"/>
		<document id="7235885181" url="https://twitter.com/misellebergonia/status/7235885181"/>
		<document id="73572319100014592" url="https://twitter.com/misellebergonia/status/73572319100014592"/>
		<document id="7359434409" url="https://twitter.com/misellebergonia/status/7359434409"/>
		<document id="7359478895" url="https://twitter.com/misellebergonia/status/7359478895"/>
		<document id="73641210274779136" url="https://twitter.com/misellebergonia/status/73641210274779136"/>
		<document id="7439942090" url="https://twitter.com/misellebergonia/status/7439942090"/>
		<document id="7544880479" url="https://twitter.com/misellebergonia/status/7544880479"/>
		<document id="7740451937" url="https://twitter.com/misellebergonia/status/7740451937"/>
		<document id="7819182918" url="https://twitter.com/misellebergonia/status/7819182918"/>
		<document id="7859133915" url="https://twitter.com/misellebergonia/status/7859133915"/>
		<document id="8018621516" url="https://twitter.com/misellebergonia/status/8018621516"/>
		<document id="81178404933730304" url="https://twitter.com/misellebergonia/status/81178404933730304"/>
		<document id="83043361233186817" url="https://twitter.com/misellebergonia/status/83043361233186817"/>
		<document id="8304556355" url="https://twitter.com/misellebergonia/status/8304556355"/>
		<document id="8403025251" url="https://twitter.com/misellebergonia/status/8403025251"/>
		<document id="8412605884" url="https://twitter.com/misellebergonia/status/8412605884"/>
		<document id="8535588384" url="https://twitter.com/misellebergonia/status/8535588384"/>
		<document id="85513144293793792" url="https://twitter.com/misellebergonia/status/85513144293793792"/>
		<document id="8622825697" url="https://twitter.com/misellebergonia/status/8622825697"/>
		<document id="86253064792719361" url="https://twitter.com/misellebergonia/status/86253064792719361"/>
		<document id="86699342810988544" url="https://twitter.com/misellebergonia/status/86699342810988544"/>
		<document id="9214668357" url="https://twitter.com/misellebergonia/status/9214668357"/>
		<document id="10702653504" url="https://twitter.com/misellebergonia/status/10702653504"/>
		<document id="111240565680648192" url="https://twitter.com/misellebergonia/status/111240565680648192"/>
		<document id="11183445332" url="https://twitter.com/misellebergonia/status/11183445332"/>
		<document id="11345637743" url="https://twitter.com/misellebergonia/status/11345637743"/>
		<document id="11410294956" url="https://twitter.com/misellebergonia/status/11410294956"/>
		<document id="117032409156947968" url="https://twitter.com/misellebergonia/status/117032409156947968"/>
		<document id="117032452131794944" url="https://twitter.com/misellebergonia/status/117032452131794944"/>
		<document id="117033226341597184" url="https://twitter.com/misellebergonia/status/117033226341597184"/>
		<document id="117033694694350848" url="https://twitter.com/misellebergonia/status/117033694694350848"/>
		<document id="117034274376515585" url="https://twitter.com/misellebergonia/status/117034274376515585"/>
		<document id="117034797695643648" url="https://twitter.com/misellebergonia/status/117034797695643648"/>
		<document id="117035668525424640" url="https://twitter.com/misellebergonia/status/117035668525424640"/>
		<document id="117036155404423169" url="https://twitter.com/misellebergonia/status/117036155404423169"/>
		<document id="117036595198164992" url="https://twitter.com/misellebergonia/status/117036595198164992"/>
		<document id="117037116839571456" url="https://twitter.com/misellebergonia/status/117037116839571456"/>
		<document id="117038356860387328" url="https://twitter.com/misellebergonia/status/117038356860387328"/>
		<document id="117039462667653120" url="https://twitter.com/misellebergonia/status/117039462667653120"/>
		<document id="117040629116190720" url="https://twitter.com/misellebergonia/status/117040629116190720"/>
		<document id="117041164925931522" url="https://twitter.com/misellebergonia/status/117041164925931522"/>
		<document id="117045697450213377" url="https://twitter.com/misellebergonia/status/117045697450213377"/>
		<document id="117557689999044608" url="https://twitter.com/misellebergonia/status/117557689999044608"/>
		<document id="117787818226483200" url="https://twitter.com/misellebergonia/status/117787818226483200"/>
		<document id="118112599400382467" url="https://twitter.com/misellebergonia/status/118112599400382467"/>
		<document id="118567911660068864" url="https://twitter.com/misellebergonia/status/118567911660068864"/>
		<document id="12757107198" url="https://twitter.com/misellebergonia/status/12757107198"/>
		<document id="12984183409" url="https://twitter.com/misellebergonia/status/12984183409"/>
		<document id="13105476716" url="https://twitter.com/misellebergonia/status/13105476716"/>
		<document id="13114797619" url="https://twitter.com/misellebergonia/status/13114797619"/>
		<document id="13181861950" url="https://twitter.com/misellebergonia/status/13181861950"/>
		<document id="13341085544" url="https://twitter.com/misellebergonia/status/13341085544"/>
		<document id="13345111354" url="https://twitter.com/misellebergonia/status/13345111354"/>
		<document id="13367527121" url="https://twitter.com/misellebergonia/status/13367527121"/>
		<document id="13411704867" url="https://twitter.com/misellebergonia/status/13411704867"/>
		<document id="13607063721" url="https://twitter.com/misellebergonia/status/13607063721"/>
		<document id="13718771267" url="https://twitter.com/misellebergonia/status/13718771267"/>
		<document id="13924948386" url="https://twitter.com/misellebergonia/status/13924948386"/>
		<document id="13961326258" url="https://twitter.com/misellebergonia/status/13961326258"/>
		<document id="14068162045" url="https://twitter.com/misellebergonia/status/14068162045"/>
		<document id="142135483856723968" url="https://twitter.com/misellebergonia/status/142135483856723968"/>
		<document id="14266620285" url="https://twitter.com/misellebergonia/status/14266620285"/>
		<document id="14321663454" url="https://twitter.com/misellebergonia/status/14321663454"/>
		<document id="144296353604968449" url="https://twitter.com/misellebergonia/status/144296353604968449"/>
		<document id="145017511077883904" url="https://twitter.com/misellebergonia/status/145017511077883904"/>
		<document id="145258843629289473" url="https://twitter.com/misellebergonia/status/145258843629289473"/>
		<document id="145279091019481089" url="https://twitter.com/misellebergonia/status/145279091019481089"/>
		<document id="1486918617399296" url="https://twitter.com/misellebergonia/status/1486918617399296"/>
		<document id="15077351278" url="https://twitter.com/misellebergonia/status/15077351278"/>
		<document id="1513519689" url="https://twitter.com/misellebergonia/status/1513519689"/>
		<document id="1513523999" url="https://twitter.com/misellebergonia/status/1513523999"/>
		<document id="1513866671" url="https://twitter.com/misellebergonia/status/1513866671"/>
		<document id="15239713134" url="https://twitter.com/misellebergonia/status/15239713134"/>
		<document id="15280929506" url="https://twitter.com/misellebergonia/status/15280929506"/>
		<document id="153737752473640961" url="https://twitter.com/misellebergonia/status/153737752473640961"/>
		<document id="1539443387" url="https://twitter.com/misellebergonia/status/1539443387"/>
		<document id="1539444961" url="https://twitter.com/misellebergonia/status/1539444961"/>
		<document id="15458627993" url="https://twitter.com/misellebergonia/status/15458627993"/>
		<document id="15669890465" url="https://twitter.com/misellebergonia/status/15669890465"/>
		<document id="15770003645" url="https://twitter.com/misellebergonia/status/15770003645"/>
		<document id="15845336567" url="https://twitter.com/misellebergonia/status/15845336567"/>
		<document id="15896341877" url="https://twitter.com/misellebergonia/status/15896341877"/>
		<document id="1601891587" url="https://twitter.com/misellebergonia/status/1601891587"/>
		<document id="1601893003" url="https://twitter.com/misellebergonia/status/1601893003"/>
		<document id="1609546324" url="https://twitter.com/misellebergonia/status/1609546324"/>
		<document id="16202371418" url="https://twitter.com/misellebergonia/status/16202371418"/>
		<document id="16202403916" url="https://twitter.com/misellebergonia/status/16202403916"/>
		<document id="1627746617" url="https://twitter.com/misellebergonia/status/1627746617"/>
		<document id="164565633248403457" url="https://twitter.com/misellebergonia/status/164565633248403457"/>
		<document id="165361520518234112" url="https://twitter.com/misellebergonia/status/165361520518234112"/>
		<document id="166888514099740673" url="https://twitter.com/misellebergonia/status/166888514099740673"/>
		<document id="1702334620" url="https://twitter.com/misellebergonia/status/1702334620"/>
		<document id="1704165416" url="https://twitter.com/misellebergonia/status/1704165416"/>
		<document id="1705929001" url="https://twitter.com/misellebergonia/status/1705929001"/>
		<document id="1713692903" url="https://twitter.com/misellebergonia/status/1713692903"/>
		<document id="172124183956959232" url="https://twitter.com/misellebergonia/status/172124183956959232"/>
		<document id="172130122567127040" url="https://twitter.com/misellebergonia/status/172130122567127040"/>
		<document id="17214825327" url="https://twitter.com/misellebergonia/status/17214825327"/>
		<document id="17405284711" url="https://twitter.com/misellebergonia/status/17405284711"/>
		<document id="1761316860" url="https://twitter.com/misellebergonia/status/1761316860"/>
		<document id="179816435869171712" url="https://twitter.com/misellebergonia/status/179816435869171712"/>
		<document id="179816853626028032" url="https://twitter.com/misellebergonia/status/179816853626028032"/>
		<document id="1833210481" url="https://twitter.com/misellebergonia/status/1833210481"/>
		<document id="184813342995648512" url="https://twitter.com/misellebergonia/status/184813342995648512"/>
		<document id="18653384241" url="https://twitter.com/misellebergonia/status/18653384241"/>
		<document id="18752873771" url="https://twitter.com/misellebergonia/status/18752873771"/>
		<document id="1879681698" url="https://twitter.com/misellebergonia/status/1879681698"/>
		<document id="1919587427" url="https://twitter.com/misellebergonia/status/1919587427"/>
		<document id="1932487698" url="https://twitter.com/misellebergonia/status/1932487698"/>
		<document id="195129516623020033" url="https://twitter.com/misellebergonia/status/195129516623020033"/>
		<document id="195129615939944448" url="https://twitter.com/misellebergonia/status/195129615939944448"/>
		<document id="19616819471" url="https://twitter.com/misellebergonia/status/19616819471"/>
		<document id="19637730363" url="https://twitter.com/misellebergonia/status/19637730363"/>
		<document id="19698076790" url="https://twitter.com/misellebergonia/status/19698076790"/>
		<document id="1971183381" url="https://twitter.com/misellebergonia/status/1971183381"/>
		<document id="19786630593" url="https://twitter.com/misellebergonia/status/19786630593"/>
		<document id="19805177425" url="https://twitter.com/misellebergonia/status/19805177425"/>
		<document id="2026396868" url="https://twitter.com/misellebergonia/status/2026396868"/>
		<document id="2041382117" url="https://twitter.com/misellebergonia/status/2041382117"/>
		<document id="207376384279052289" url="https://twitter.com/misellebergonia/status/207376384279052289"/>
		<document id="2172433072" url="https://twitter.com/misellebergonia/status/2172433072"/>
		<document id="21966524896" url="https://twitter.com/misellebergonia/status/21966524896"/>
		<document id="2202737051" url="https://twitter.com/misellebergonia/status/2202737051"/>
		<document id="22332890592" url="https://twitter.com/misellebergonia/status/22332890592"/>
		<document id="22336511462" url="https://twitter.com/misellebergonia/status/22336511462"/>
		<document id="228108589640851458" url="https://twitter.com/misellebergonia/status/228108589640851458"/>
		<document id="228459190060990464" url="https://twitter.com/misellebergonia/status/228459190060990464"/>
		<document id="228459736767557632" url="https://twitter.com/misellebergonia/status/228459736767557632"/>
		<document id="22858154052" url="https://twitter.com/misellebergonia/status/22858154052"/>
		<document id="2290503927" url="https://twitter.com/misellebergonia/status/2290503927"/>
		<document id="229508834761269248" url="https://twitter.com/misellebergonia/status/229508834761269248"/>
		<document id="23124608630" url="https://twitter.com/misellebergonia/status/23124608630"/>
		<document id="233198478740815872" url="https://twitter.com/misellebergonia/status/233198478740815872"/>
		<document id="233199649115209728" url="https://twitter.com/misellebergonia/status/233199649115209728"/>
		<document id="233246746753499136" url="https://twitter.com/misellebergonia/status/233246746753499136"/>
		<document id="2340435188" url="https://twitter.com/misellebergonia/status/2340435188"/>
		<document id="235937830898126848" url="https://twitter.com/misellebergonia/status/235937830898126848"/>
		<document id="240307708048334848" url="https://twitter.com/misellebergonia/status/240307708048334848"/>
		<document id="241541628865703936" url="https://twitter.com/misellebergonia/status/241541628865703936"/>
		<document id="241911475923451904" url="https://twitter.com/misellebergonia/status/241911475923451904"/>
		<document id="243312050946863104" url="https://twitter.com/misellebergonia/status/243312050946863104"/>
		<document id="245781782685970436" url="https://twitter.com/misellebergonia/status/245781782685970436"/>
		<document id="245782454156271616" url="https://twitter.com/misellebergonia/status/245782454156271616"/>
		<document id="245787168587530240" url="https://twitter.com/misellebergonia/status/245787168587530240"/>
		<document id="246188864849473536" url="https://twitter.com/misellebergonia/status/246188864849473536"/>
		<document id="246193082176000000" url="https://twitter.com/misellebergonia/status/246193082176000000"/>
		<document id="247678957099560960" url="https://twitter.com/misellebergonia/status/247678957099560960"/>
		<document id="247679172305117185" url="https://twitter.com/misellebergonia/status/247679172305117185"/>
		<document id="247952836602757120" url="https://twitter.com/misellebergonia/status/247952836602757120"/>
		<document id="248602879189991425" url="https://twitter.com/misellebergonia/status/248602879189991425"/>
		<document id="248603002095677440" url="https://twitter.com/misellebergonia/status/248603002095677440"/>
		<document id="248603542045224961" url="https://twitter.com/misellebergonia/status/248603542045224961"/>
		<document id="248605717471309824" url="https://twitter.com/misellebergonia/status/248605717471309824"/>
		<document id="248605758009253890" url="https://twitter.com/misellebergonia/status/248605758009253890"/>
		<document id="248606090156179456" url="https://twitter.com/misellebergonia/status/248606090156179456"/>
		<document id="248606145835565056" url="https://twitter.com/misellebergonia/status/248606145835565056"/>
		<document id="248606238336770051" url="https://twitter.com/misellebergonia/status/248606238336770051"/>
		<document id="248606325855100928" url="https://twitter.com/misellebergonia/status/248606325855100928"/>
		<document id="249808694097870848" url="https://twitter.com/misellebergonia/status/249808694097870848"/>
		<document id="250036709234974720" url="https://twitter.com/misellebergonia/status/250036709234974720"/>
		<document id="250840805625962496" url="https://twitter.com/misellebergonia/status/250840805625962496"/>
		<document id="250840852811894784" url="https://twitter.com/misellebergonia/status/250840852811894784"/>
		<document id="251477597895159808" url="https://twitter.com/misellebergonia/status/251477597895159808"/>
		<document id="253703602047160321" url="https://twitter.com/misellebergonia/status/253703602047160321"/>
		<document id="254561360879423489" url="https://twitter.com/misellebergonia/status/254561360879423489"/>
		<document id="255143954406838272" url="https://twitter.com/misellebergonia/status/255143954406838272"/>
		<document id="255298987714813954" url="https://twitter.com/misellebergonia/status/255298987714813954"/>
		<document id="256084003554226176" url="https://twitter.com/misellebergonia/status/256084003554226176"/>
		<document id="257673354939604992" url="https://twitter.com/misellebergonia/status/257673354939604992"/>
		<document id="25882229962" url="https://twitter.com/misellebergonia/status/25882229962"/>
		<document id="259145569560322049" url="https://twitter.com/misellebergonia/status/259145569560322049"/>
		<document id="264887464110460928" url="https://twitter.com/misellebergonia/status/264887464110460928"/>
		<document id="2667303344" url="https://twitter.com/misellebergonia/status/2667303344"/>
		<document id="267790420090691585" url="https://twitter.com/misellebergonia/status/267790420090691585"/>
		<document id="267969066134827008" url="https://twitter.com/misellebergonia/status/267969066134827008"/>
		<document id="267969101014634496" url="https://twitter.com/misellebergonia/status/267969101014634496"/>
		<document id="267969198544789505" url="https://twitter.com/misellebergonia/status/267969198544789505"/>
		<document id="26847965171683328" url="https://twitter.com/misellebergonia/status/26847965171683328"/>
		<document id="268662929753251840" url="https://twitter.com/misellebergonia/status/268662929753251840"/>
		<document id="270139796565934080" url="https://twitter.com/misellebergonia/status/270139796565934080"/>
		<document id="27036870750" url="https://twitter.com/misellebergonia/status/27036870750"/>
		<document id="275796099711778816" url="https://twitter.com/misellebergonia/status/275796099711778816"/>
		<document id="277636375619182592" url="https://twitter.com/misellebergonia/status/277636375619182592"/>
		<document id="28014628929" url="https://twitter.com/misellebergonia/status/28014628929"/>
		<document id="280205306137542656" url="https://twitter.com/misellebergonia/status/280205306137542656"/>
		<document id="28074194959" url="https://twitter.com/misellebergonia/status/28074194959"/>
		<document id="281591141105815552" url="https://twitter.com/misellebergonia/status/281591141105815552"/>
		<document id="28459663411" url="https://twitter.com/misellebergonia/status/28459663411"/>
		<document id="2946714476" url="https://twitter.com/misellebergonia/status/2946714476"/>
		<document id="29633901314" url="https://twitter.com/misellebergonia/status/29633901314"/>
		<document id="297285582168674304" url="https://twitter.com/misellebergonia/status/297285582168674304"/>
		<document id="298673707629551616" url="https://twitter.com/misellebergonia/status/298673707629551616"/>
		<document id="299430400281952257" url="https://twitter.com/misellebergonia/status/299430400281952257"/>
		<document id="304122384129085440" url="https://twitter.com/misellebergonia/status/304122384129085440"/>
		<document id="307817509187375104" url="https://twitter.com/misellebergonia/status/307817509187375104"/>
		<document id="307844987800928256" url="https://twitter.com/misellebergonia/status/307844987800928256"/>
		<document id="309449677454053376" url="https://twitter.com/misellebergonia/status/309449677454053376"/>
		<document id="3100361309" url="https://twitter.com/misellebergonia/status/3100361309"/>
		<document id="3104125449" url="https://twitter.com/misellebergonia/status/3104125449"/>
		<document id="313644901793427457" url="https://twitter.com/misellebergonia/status/313644901793427457"/>
		<document id="313881314195550208" url="https://twitter.com/misellebergonia/status/313881314195550208"/>
		<document id="313881522216243200" url="https://twitter.com/misellebergonia/status/313881522216243200"/>
		<document id="313885055133028352" url="https://twitter.com/misellebergonia/status/313885055133028352"/>
		<document id="314647726207950848" url="https://twitter.com/misellebergonia/status/314647726207950848"/>
		<document id="314660652356612096" url="https://twitter.com/misellebergonia/status/314660652356612096"/>
		<document id="318367968562126849" url="https://twitter.com/misellebergonia/status/318367968562126849"/>
		<document id="318556462299353089" url="https://twitter.com/misellebergonia/status/318556462299353089"/>
		<document id="318556885991170048" url="https://twitter.com/misellebergonia/status/318556885991170048"/>
		<document id="321400281189453824" url="https://twitter.com/misellebergonia/status/321400281189453824"/>
		<document id="322579371372191744" url="https://twitter.com/misellebergonia/status/322579371372191744"/>
		<document id="324100361872879616" url="https://twitter.com/misellebergonia/status/324100361872879616"/>
		<document id="324423006149566465" url="https://twitter.com/misellebergonia/status/324423006149566465"/>
		<document id="324423904246497280" url="https://twitter.com/misellebergonia/status/324423904246497280"/>
		<document id="324424004708487168" url="https://twitter.com/misellebergonia/status/324424004708487168"/>
		<document id="326677028759822337" url="https://twitter.com/misellebergonia/status/326677028759822337"/>
		<document id="328504976643092483" url="https://twitter.com/misellebergonia/status/328504976643092483"/>
		<document id="329433674120572928" url="https://twitter.com/misellebergonia/status/329433674120572928"/>
		<document id="329434530345783297" url="https://twitter.com/misellebergonia/status/329434530345783297"/>
		<document id="329435183977746432" url="https://twitter.com/misellebergonia/status/329435183977746432"/>
		<document id="329436323649835008" url="https://twitter.com/misellebergonia/status/329436323649835008"/>
		<document id="329957226326417410" url="https://twitter.com/misellebergonia/status/329957226326417410"/>
		<document id="329961135229001728" url="https://twitter.com/misellebergonia/status/329961135229001728"/>
		<document id="330259428064505856" url="https://twitter.com/misellebergonia/status/330259428064505856"/>
		<document id="335385758804344832" url="https://twitter.com/misellebergonia/status/335385758804344832"/>
		<document id="335386166889168896" url="https://twitter.com/misellebergonia/status/335386166889168896"/>
		<document id="3356947302" url="https://twitter.com/misellebergonia/status/3356947302"/>
		<document id="336749730413547520" url="https://twitter.com/misellebergonia/status/336749730413547520"/>
		<document id="336749960026550272" url="https://twitter.com/misellebergonia/status/336749960026550272"/>
		<document id="336750120114741248" url="https://twitter.com/misellebergonia/status/336750120114741248"/>
		<document id="337850492040409089" url="https://twitter.com/misellebergonia/status/337850492040409089"/>
		<document id="338767993930653696" url="https://twitter.com/misellebergonia/status/338767993930653696"/>
		<document id="339319918384275456" url="https://twitter.com/misellebergonia/status/339319918384275456"/>
		<document id="339594400235671554" url="https://twitter.com/misellebergonia/status/339594400235671554"/>
		<document id="3401974934" url="https://twitter.com/misellebergonia/status/3401974934"/>
		<document id="340661878118293505" url="https://twitter.com/misellebergonia/status/340661878118293505"/>
		<document id="341480634658746368" url="https://twitter.com/misellebergonia/status/341480634658746368"/>
		<document id="341706031233118209" url="https://twitter.com/misellebergonia/status/341706031233118209"/>
		<document id="341706165798977536" url="https://twitter.com/misellebergonia/status/341706165798977536"/>
		<document id="342415542205943808" url="https://twitter.com/misellebergonia/status/342415542205943808"/>
		<document id="342476854730571776" url="https://twitter.com/misellebergonia/status/342476854730571776"/>
		<document id="342717530252652544" url="https://twitter.com/misellebergonia/status/342717530252652544"/>
		<document id="343170516405870593" url="https://twitter.com/misellebergonia/status/343170516405870593"/>
		<document id="344078147458846721" url="https://twitter.com/misellebergonia/status/344078147458846721"/>
		<document id="344290535864954881" url="https://twitter.com/misellebergonia/status/344290535864954881"/>
		<document id="346603920073830400" url="https://twitter.com/misellebergonia/status/346603920073830400"/>
		<document id="346622594025398273" url="https://twitter.com/misellebergonia/status/346622594025398273"/>
		<document id="347347077975642112" url="https://twitter.com/misellebergonia/status/347347077975642112"/>
		<document id="347651856845111296" url="https://twitter.com/misellebergonia/status/347651856845111296"/>
		<document id="347652028375371777" url="https://twitter.com/misellebergonia/status/347652028375371777"/>
		<document id="3482159603" url="https://twitter.com/misellebergonia/status/3482159603"/>
		<document id="3487385530" url="https://twitter.com/misellebergonia/status/3487385530"/>
		<document id="348959948442574849" url="https://twitter.com/misellebergonia/status/348959948442574849"/>
		<document id="349486164127911937" url="https://twitter.com/misellebergonia/status/349486164127911937"/>
		<document id="349486372425441280" url="https://twitter.com/misellebergonia/status/349486372425441280"/>
		<document id="350205603899121666" url="https://twitter.com/misellebergonia/status/350205603899121666"/>
		<document id="350532675364335616" url="https://twitter.com/misellebergonia/status/350532675364335616"/>
		<document id="350569426736783361" url="https://twitter.com/misellebergonia/status/350569426736783361"/>
		<document id="352680885327364097" url="https://twitter.com/misellebergonia/status/352680885327364097"/>
		<document id="352681516314267648" url="https://twitter.com/misellebergonia/status/352681516314267648"/>
		<document id="352745309094412288" url="https://twitter.com/misellebergonia/status/352745309094412288"/>
		<document id="352745400303751168" url="https://twitter.com/misellebergonia/status/352745400303751168"/>
		<document id="352768069556371458" url="https://twitter.com/misellebergonia/status/352768069556371458"/>
		<document id="353538893951401984" url="https://twitter.com/misellebergonia/status/353538893951401984"/>
		<document id="354905902530310145" url="https://twitter.com/misellebergonia/status/354905902530310145"/>
		<document id="355232172459831296" url="https://twitter.com/misellebergonia/status/355232172459831296"/>
		<document id="355708913972281345" url="https://twitter.com/misellebergonia/status/355708913972281345"/>
		<document id="357477217271427074" url="https://twitter.com/misellebergonia/status/357477217271427074"/>
		<document id="358386457393643520" url="https://twitter.com/misellebergonia/status/358386457393643520"/>
		<document id="359144983678300160" url="https://twitter.com/misellebergonia/status/359144983678300160"/>
		<document id="359857984186236932" url="https://twitter.com/misellebergonia/status/359857984186236932"/>
		<document id="359858211475554305" url="https://twitter.com/misellebergonia/status/359858211475554305"/>
		<document id="361759666423869441" url="https://twitter.com/misellebergonia/status/361759666423869441"/>
		<document id="36246841926361088" url="https://twitter.com/misellebergonia/status/36246841926361088"/>
		<document id="364655180228210688" url="https://twitter.com/misellebergonia/status/364655180228210688"/>
		<document id="364655792068104193" url="https://twitter.com/misellebergonia/status/364655792068104193"/>
		<document id="364884789737684995" url="https://twitter.com/misellebergonia/status/364884789737684995"/>
		<document id="366488995653369856" url="https://twitter.com/misellebergonia/status/366488995653369856"/>
		<document id="369650817139093504" url="https://twitter.com/misellebergonia/status/369650817139093504"/>
		<document id="371979250233925632" url="https://twitter.com/misellebergonia/status/371979250233925632"/>
		<document id="372287578914816000" url="https://twitter.com/misellebergonia/status/372287578914816000"/>
		<document id="372324290240458752" url="https://twitter.com/misellebergonia/status/372324290240458752"/>
		<document id="372348803761704960" url="https://twitter.com/misellebergonia/status/372348803761704960"/>
		<document id="373065999873892352" url="https://twitter.com/misellebergonia/status/373065999873892352"/>
		<document id="3734068109" url="https://twitter.com/misellebergonia/status/3734068109"/>
		<document id="373794349072400384" url="https://twitter.com/misellebergonia/status/373794349072400384"/>
		<document id="374385550918447105" url="https://twitter.com/misellebergonia/status/374385550918447105"/>
		<document id="374387049098674176" url="https://twitter.com/misellebergonia/status/374387049098674176"/>
		<document id="374749953929007104" url="https://twitter.com/misellebergonia/status/374749953929007104"/>
		<document id="374815058859393024" url="https://twitter.com/misellebergonia/status/374815058859393024"/>
		<document id="377008893471494144" url="https://twitter.com/misellebergonia/status/377008893471494144"/>
		<document id="377008894201319424" url="https://twitter.com/misellebergonia/status/377008894201319424"/>
		<document id="377008895912579072" url="https://twitter.com/misellebergonia/status/377008895912579072"/>
		<document id="377567648865075200" url="https://twitter.com/misellebergonia/status/377567648865075200"/>
		<document id="377796583649447937" url="https://twitter.com/misellebergonia/status/377796583649447937"/>
		<document id="377796985446998016" url="https://twitter.com/misellebergonia/status/377796985446998016"/>
		<document id="378353336313217024" url="https://twitter.com/misellebergonia/status/378353336313217024"/>
		<document id="378353932395110400" url="https://twitter.com/misellebergonia/status/378353932395110400"/>
		<document id="378364428250775552" url="https://twitter.com/misellebergonia/status/378364428250775552"/>
		<document id="379154989634965505" url="https://twitter.com/misellebergonia/status/379154989634965505"/>
		<document id="3792643866" url="https://twitter.com/misellebergonia/status/3792643866"/>
		<document id="379850063297904640" url="https://twitter.com/misellebergonia/status/379850063297904640"/>
		<document id="379850326997622784" url="https://twitter.com/misellebergonia/status/379850326997622784"/>
		<document id="379852808243392512" url="https://twitter.com/misellebergonia/status/379852808243392512"/>
		<document id="379853056038682624" url="https://twitter.com/misellebergonia/status/379853056038682624"/>
		<document id="382373427497431040" url="https://twitter.com/misellebergonia/status/382373427497431040"/>
		<document id="382373480219430912" url="https://twitter.com/misellebergonia/status/382373480219430912"/>
		<document id="383092991050928128" url="https://twitter.com/misellebergonia/status/383092991050928128"/>
		<document id="383584288467210240" url="https://twitter.com/misellebergonia/status/383584288467210240"/>
		<document id="383843458789961728" url="https://twitter.com/misellebergonia/status/383843458789961728"/>
		<document id="384668480928096256" url="https://twitter.com/misellebergonia/status/384668480928096256"/>
		<document id="3883215396" url="https://twitter.com/misellebergonia/status/3883215396"/>
		<document id="3885501754" url="https://twitter.com/misellebergonia/status/3885501754"/>
		<document id="3886480372" url="https://twitter.com/misellebergonia/status/3886480372"/>
		<document id="390114009086574593" url="https://twitter.com/misellebergonia/status/390114009086574593"/>
		<document id="390114395382362112" url="https://twitter.com/misellebergonia/status/390114395382362112"/>
		<document id="390114396242206720" url="https://twitter.com/misellebergonia/status/390114396242206720"/>
		<document id="390114396451905536" url="https://twitter.com/misellebergonia/status/390114396451905536"/>
		<document id="3907096987" url="https://twitter.com/misellebergonia/status/3907096987"/>
		<document id="393992613843722240" url="https://twitter.com/misellebergonia/status/393992613843722240"/>
		<document id="395015011661131776" url="https://twitter.com/misellebergonia/status/395015011661131776"/>
		<document id="395853630986665984" url="https://twitter.com/misellebergonia/status/395853630986665984"/>
		<document id="395853976517636096" url="https://twitter.com/misellebergonia/status/395853976517636096"/>
		<document id="402310072216211456" url="https://twitter.com/misellebergonia/status/402310072216211456"/>
		<document id="403317616996929536" url="https://twitter.com/misellebergonia/status/403317616996929536"/>
		<document id="404918188850548736" url="https://twitter.com/misellebergonia/status/404918188850548736"/>
		<document id="408737041027837952" url="https://twitter.com/misellebergonia/status/408737041027837952"/>
		<document id="4099740276" url="https://twitter.com/misellebergonia/status/4099740276"/>
		<document id="411488603286409217" url="https://twitter.com/misellebergonia/status/411488603286409217"/>
		<document id="4117024659" url="https://twitter.com/misellebergonia/status/4117024659"/>
		<document id="415832293979074561" url="https://twitter.com/misellebergonia/status/415832293979074561"/>
		<document id="4163885151" url="https://twitter.com/misellebergonia/status/4163885151"/>
		<document id="4164149092" url="https://twitter.com/misellebergonia/status/4164149092"/>
		<document id="416433825917333504" url="https://twitter.com/misellebergonia/status/416433825917333504"/>
		<document id="4170357398" url="https://twitter.com/misellebergonia/status/4170357398"/>
		<document id="417638560729018370" url="https://twitter.com/misellebergonia/status/417638560729018370"/>
		<document id="42430368829280257" url="https://twitter.com/misellebergonia/status/42430368829280257"/>
		<document id="4333023844" url="https://twitter.com/misellebergonia/status/4333023844"/>
		<document id="4358846559" url="https://twitter.com/misellebergonia/status/4358846559"/>
		<document id="4385044654" url="https://twitter.com/misellebergonia/status/4385044654"/>
		<document id="4386452928" url="https://twitter.com/misellebergonia/status/4386452928"/>
		<document id="4391486951" url="https://twitter.com/misellebergonia/status/4391486951"/>
		<document id="4391817399" url="https://twitter.com/misellebergonia/status/4391817399"/>
		<document id="4404177533" url="https://twitter.com/misellebergonia/status/4404177533"/>
		<document id="4405899669" url="https://twitter.com/misellebergonia/status/4405899669"/>
		<document id="4432505493" url="https://twitter.com/misellebergonia/status/4432505493"/>
		<document id="4468167302" url="https://twitter.com/misellebergonia/status/4468167302"/>
		<document id="4571114064" url="https://twitter.com/misellebergonia/status/4571114064"/>
		<document id="4602110525" url="https://twitter.com/misellebergonia/status/4602110525"/>
		<document id="4618354157" url="https://twitter.com/misellebergonia/status/4618354157"/>
		<document id="4648648721" url="https://twitter.com/misellebergonia/status/4648648721"/>
		<document id="4676494427" url="https://twitter.com/misellebergonia/status/4676494427"/>
		<document id="4938606627" url="https://twitter.com/misellebergonia/status/4938606627"/>
		<document id="4983818072" url="https://twitter.com/misellebergonia/status/4983818072"/>
		<document id="5014809387" url="https://twitter.com/misellebergonia/status/5014809387"/>
		<document id="5252431627" url="https://twitter.com/misellebergonia/status/5252431627"/>
		<document id="5285000838" url="https://twitter.com/misellebergonia/status/5285000838"/>
		<document id="5312372944" url="https://twitter.com/misellebergonia/status/5312372944"/>
		<document id="5353110735" url="https://twitter.com/misellebergonia/status/5353110735"/>
		<document id="5437802274" url="https://twitter.com/misellebergonia/status/5437802274"/>
		<document id="5527863657" url="https://twitter.com/misellebergonia/status/5527863657"/>
		<document id="5530133925" url="https://twitter.com/misellebergonia/status/5530133925"/>
		<document id="5666552975" url="https://twitter.com/misellebergonia/status/5666552975"/>
		<document id="5723362474" url="https://twitter.com/misellebergonia/status/5723362474"/>
		<document id="5757965728" url="https://twitter.com/misellebergonia/status/5757965728"/>
		<document id="5908197183" url="https://twitter.com/misellebergonia/status/5908197183"/>
		<document id="6006855055" url="https://twitter.com/misellebergonia/status/6006855055"/>
		<document id="6048118718" url="https://twitter.com/misellebergonia/status/6048118718"/>
		<document id="6049251452" url="https://twitter.com/misellebergonia/status/6049251452"/>
		<document id="6157339897" url="https://twitter.com/misellebergonia/status/6157339897"/>
		<document id="6233303841" url="https://twitter.com/misellebergonia/status/6233303841"/>
		<document id="6263203685" url="https://twitter.com/misellebergonia/status/6263203685"/>
		<document id="63911579103666176" url="https://twitter.com/misellebergonia/status/63911579103666176"/>
		<document id="6420282800" url="https://twitter.com/misellebergonia/status/6420282800"/>
		<document id="6687469022" url="https://twitter.com/misellebergonia/status/6687469022"/>
		<document id="6688190728" url="https://twitter.com/misellebergonia/status/6688190728"/>
		<document id="6688774264" url="https://twitter.com/misellebergonia/status/6688774264"/>
		<document id="6754759031" url="https://twitter.com/misellebergonia/status/6754759031"/>
		<document id="7110554728" url="https://twitter.com/misellebergonia/status/7110554728"/>
		<document id="7235885181" url="https://twitter.com/misellebergonia/status/7235885181"/>
		<document id="73572319100014592" url="https://twitter.com/misellebergonia/status/73572319100014592"/>
		<document id="7359434409" url="https://twitter.com/misellebergonia/status/7359434409"/>
		<document id="7359478895" url="https://twitter.com/misellebergonia/status/7359478895"/>
		<document id="73641210274779136" url="https://twitter.com/misellebergonia/status/73641210274779136"/>
		<document id="7439942090" url="https://twitter.com/misellebergonia/status/7439942090"/>
		<document id="7544880479" url="https://twitter.com/misellebergonia/status/7544880479"/>
		<document id="7740451937" url="https://twitter.com/misellebergonia/status/7740451937"/>
		<document id="7819182918" url="https://twitter.com/misellebergonia/status/7819182918"/>
		<document id="7859133915" url="https://twitter.com/misellebergonia/status/7859133915"/>
		<document id="8018621516" url="https://twitter.com/misellebergonia/status/8018621516"/>
		<document id="81178404933730304" url="https://twitter.com/misellebergonia/status/81178404933730304"/>
		<document id="83043361233186817" url="https://twitter.com/misellebergonia/status/83043361233186817"/>
		<document id="8304556355" url="https://twitter.com/misellebergonia/status/8304556355"/>
		<document id="8403025251" url="https://twitter.com/misellebergonia/status/8403025251"/>
		<document id="8412605884" url="https://twitter.com/misellebergonia/status/8412605884"/>
		<document id="8535588384" url="https://twitter.com/misellebergonia/status/8535588384"/>
		<document id="85513144293793792" url="https://twitter.com/misellebergonia/status/85513144293793792"/>
		<document id="8622825697" url="https://twitter.com/misellebergonia/status/8622825697"/>
		<document id="86253064792719361" url="https://twitter.com/misellebergonia/status/86253064792719361"/>
		<document id="86699342810988544" url="https://twitter.com/misellebergonia/status/86699342810988544"/>
		<document id="9214668357" url="https://twitter.com/misellebergonia/status/9214668357"/>
	</documents>
</author>