<?xml version="1.0" encoding="UTF-8" standalone="no"?><author age_group="xx" gender="xx" lang="EN" type="twitter" url="https://twitter.com/RealQueenPink">
	<documents count="870">
		<document id="354911315527090176" url="https://twitter.com/RealQueenPink/status/354911315527090176"/>
		<document id="354917332889501696" url="https://twitter.com/RealQueenPink/status/354917332889501696"/>
		<document id="355255080141864960" url="https://twitter.com/RealQueenPink/status/355255080141864960"/>
		<document id="355706857177874435" url="https://twitter.com/RealQueenPink/status/355706857177874435"/>
		<document id="355780653763145728" url="https://twitter.com/RealQueenPink/status/355780653763145728"/>
		<document id="356873623388160001" url="https://twitter.com/RealQueenPink/status/356873623388160001"/>
		<document id="357547124931559424" url="https://twitter.com/RealQueenPink/status/357547124931559424"/>
		<document id="358713777388126208" url="https://twitter.com/RealQueenPink/status/358713777388126208"/>
		<document id="359414309438234624" url="https://twitter.com/RealQueenPink/status/359414309438234624"/>
		<document id="359689543353503744" url="https://twitter.com/RealQueenPink/status/359689543353503744"/>
		<document id="360095431495131136" url="https://twitter.com/RealQueenPink/status/360095431495131136"/>
		<document id="360785847328571392" url="https://twitter.com/RealQueenPink/status/360785847328571392"/>
		<document id="360789716142010369" url="https://twitter.com/RealQueenPink/status/360789716142010369"/>
		<document id="360791568761896960" url="https://twitter.com/RealQueenPink/status/360791568761896960"/>
		<document id="361029522864357379" url="https://twitter.com/RealQueenPink/status/361029522864357379"/>
		<document id="361533157377449986" url="https://twitter.com/RealQueenPink/status/361533157377449986"/>
		<document id="361871945165324288" url="https://twitter.com/RealQueenPink/status/361871945165324288"/>
		<document id="361937416254275585" url="https://twitter.com/RealQueenPink/status/361937416254275585"/>
		<document id="362106446185381888" url="https://twitter.com/RealQueenPink/status/362106446185381888"/>
		<document id="362107321570168832" url="https://twitter.com/RealQueenPink/status/362107321570168832"/>
		<document id="362219645366845441" url="https://twitter.com/RealQueenPink/status/362219645366845441"/>
		<document id="362521506447765504" url="https://twitter.com/RealQueenPink/status/362521506447765504"/>
		<document id="362522431832862720" url="https://twitter.com/RealQueenPink/status/362522431832862720"/>
		<document id="362899317159231488" url="https://twitter.com/RealQueenPink/status/362899317159231488"/>
		<document id="363603940132130816" url="https://twitter.com/RealQueenPink/status/363603940132130816"/>
		<document id="363605123693428736" url="https://twitter.com/RealQueenPink/status/363605123693428736"/>
		<document id="363607993910177793" url="https://twitter.com/RealQueenPink/status/363607993910177793"/>
		<document id="364101862623944704" url="https://twitter.com/RealQueenPink/status/364101862623944704"/>
		<document id="364106016251584512" url="https://twitter.com/RealQueenPink/status/364106016251584512"/>
		<document id="364674023835185153" url="https://twitter.com/RealQueenPink/status/364674023835185153"/>
		<document id="364696672955150336" url="https://twitter.com/RealQueenPink/status/364696672955150336"/>
		<document id="364699888753197058" url="https://twitter.com/RealQueenPink/status/364699888753197058"/>
		<document id="364797723024687105" url="https://twitter.com/RealQueenPink/status/364797723024687105"/>
		<document id="365051127420567553" url="https://twitter.com/RealQueenPink/status/365051127420567553"/>
		<document id="365053447675985920" url="https://twitter.com/RealQueenPink/status/365053447675985920"/>
		<document id="365199178671980544" url="https://twitter.com/RealQueenPink/status/365199178671980544"/>
		<document id="365395845862002688" url="https://twitter.com/RealQueenPink/status/365395845862002688"/>
		<document id="365400614093602816" url="https://twitter.com/RealQueenPink/status/365400614093602816"/>
		<document id="365819983059619840" url="https://twitter.com/RealQueenPink/status/365819983059619840"/>
		<document id="365884903939780610" url="https://twitter.com/RealQueenPink/status/365884903939780610"/>
		<document id="366129783198842881" url="https://twitter.com/RealQueenPink/status/366129783198842881"/>
		<document id="366276035592978432" url="https://twitter.com/RealQueenPink/status/366276035592978432"/>
		<document id="366278255084453888" url="https://twitter.com/RealQueenPink/status/366278255084453888"/>
		<document id="366279897242533888" url="https://twitter.com/RealQueenPink/status/366279897242533888"/>
		<document id="366464031772524546" url="https://twitter.com/RealQueenPink/status/366464031772524546"/>
		<document id="366637959451123713" url="https://twitter.com/RealQueenPink/status/366637959451123713"/>
		<document id="366647811070115843" url="https://twitter.com/RealQueenPink/status/366647811070115843"/>
		<document id="366649261695320064" url="https://twitter.com/RealQueenPink/status/366649261695320064"/>
		<document id="366968424095682561" url="https://twitter.com/RealQueenPink/status/366968424095682561"/>
		<document id="367009009548525568" url="https://twitter.com/RealQueenPink/status/367009009548525568"/>
		<document id="367011621094178817" url="https://twitter.com/RealQueenPink/status/367011621094178817"/>
		<document id="367014614078210048" url="https://twitter.com/RealQueenPink/status/367014614078210048"/>
		<document id="367179796872433664" url="https://twitter.com/RealQueenPink/status/367179796872433664"/>
		<document id="367278293047062529" url="https://twitter.com/RealQueenPink/status/367278293047062529"/>
		<document id="367894229642907648" url="https://twitter.com/RealQueenPink/status/367894229642907648"/>
		<document id="367897497907527680" url="https://twitter.com/RealQueenPink/status/367897497907527680"/>
		<document id="367899651577753600" url="https://twitter.com/RealQueenPink/status/367899651577753600"/>
		<document id="367952850875211776" url="https://twitter.com/RealQueenPink/status/367952850875211776"/>
		<document id="368361122359164928" url="https://twitter.com/RealQueenPink/status/368361122359164928"/>
		<document id="368450760558006272" url="https://twitter.com/RealQueenPink/status/368450760558006272"/>
		<document id="370233918362222592" url="https://twitter.com/RealQueenPink/status/370233918362222592"/>
		<document id="370239048251883520" url="https://twitter.com/RealQueenPink/status/370239048251883520"/>
		<document id="370243747478790144" url="https://twitter.com/RealQueenPink/status/370243747478790144"/>
		<document id="370250371077517312" url="https://twitter.com/RealQueenPink/status/370250371077517312"/>
		<document id="370265048146403328" url="https://twitter.com/RealQueenPink/status/370265048146403328"/>
		<document id="370961055172009984" url="https://twitter.com/RealQueenPink/status/370961055172009984"/>
		<document id="370962854230245376" url="https://twitter.com/RealQueenPink/status/370962854230245376"/>
		<document id="370964244323241984" url="https://twitter.com/RealQueenPink/status/370964244323241984"/>
		<document id="370964643063164928" url="https://twitter.com/RealQueenPink/status/370964643063164928"/>
		<document id="370969061036785664" url="https://twitter.com/RealQueenPink/status/370969061036785664"/>
		<document id="370970364060266496" url="https://twitter.com/RealQueenPink/status/370970364060266496"/>
		<document id="370982731985215488" url="https://twitter.com/RealQueenPink/status/370982731985215488"/>
		<document id="371318635760869376" url="https://twitter.com/RealQueenPink/status/371318635760869376"/>
		<document id="372010201424986113" url="https://twitter.com/RealQueenPink/status/372010201424986113"/>
		<document id="372016070392963072" url="https://twitter.com/RealQueenPink/status/372016070392963072"/>
		<document id="372020464278720512" url="https://twitter.com/RealQueenPink/status/372020464278720512"/>
		<document id="372641413554384897" url="https://twitter.com/RealQueenPink/status/372641413554384897"/>
		<document id="372713501699362816" url="https://twitter.com/RealQueenPink/status/372713501699362816"/>
		<document id="372827584540991488" url="https://twitter.com/RealQueenPink/status/372827584540991488"/>
		<document id="373026748989837313" url="https://twitter.com/RealQueenPink/status/373026748989837313"/>
		<document id="373352090921598976" url="https://twitter.com/RealQueenPink/status/373352090921598976"/>
		<document id="373480891265196033" url="https://twitter.com/RealQueenPink/status/373480891265196033"/>
		<document id="374089680662589440" url="https://twitter.com/RealQueenPink/status/374089680662589440"/>
		<document id="374092650561142784" url="https://twitter.com/RealQueenPink/status/374092650561142784"/>
		<document id="374115131409854464" url="https://twitter.com/RealQueenPink/status/374115131409854464"/>
		<document id="374645457680490496" url="https://twitter.com/RealQueenPink/status/374645457680490496"/>
		<document id="374965583319539712" url="https://twitter.com/RealQueenPink/status/374965583319539712"/>
		<document id="374990062314070016" url="https://twitter.com/RealQueenPink/status/374990062314070016"/>
		<document id="375011793980379136" url="https://twitter.com/RealQueenPink/status/375011793980379136"/>
		<document id="375288953223790592" url="https://twitter.com/RealQueenPink/status/375288953223790592"/>
		<document id="375622772401385472" url="https://twitter.com/RealQueenPink/status/375622772401385472"/>
		<document id="375697936673275904" url="https://twitter.com/RealQueenPink/status/375697936673275904"/>
		<document id="375698451578630144" url="https://twitter.com/RealQueenPink/status/375698451578630144"/>
		<document id="375699201243369472" url="https://twitter.com/RealQueenPink/status/375699201243369472"/>
		<document id="376706584283709440" url="https://twitter.com/RealQueenPink/status/376706584283709440"/>
		<document id="377873296340942848" url="https://twitter.com/RealQueenPink/status/377873296340942848"/>
		<document id="377874817195593728" url="https://twitter.com/RealQueenPink/status/377874817195593728"/>
		<document id="378215060960972800" url="https://twitter.com/RealQueenPink/status/378215060960972800"/>
		<document id="378215476398399489" url="https://twitter.com/RealQueenPink/status/378215476398399489"/>
		<document id="378215718686572544" url="https://twitter.com/RealQueenPink/status/378215718686572544"/>
		<document id="378221792902799360" url="https://twitter.com/RealQueenPink/status/378221792902799360"/>
		<document id="378223405260353536" url="https://twitter.com/RealQueenPink/status/378223405260353536"/>
		<document id="378232039247740928" url="https://twitter.com/RealQueenPink/status/378232039247740928"/>
		<document id="378234311730003968" url="https://twitter.com/RealQueenPink/status/378234311730003968"/>
		<document id="378240936750628864" url="https://twitter.com/RealQueenPink/status/378240936750628864"/>
		<document id="378498605197561856" url="https://twitter.com/RealQueenPink/status/378498605197561856"/>
		<document id="378533640369893376" url="https://twitter.com/RealQueenPink/status/378533640369893376"/>
		<document id="378596167036452864" url="https://twitter.com/RealQueenPink/status/378596167036452864"/>
		<document id="378596651642159104" url="https://twitter.com/RealQueenPink/status/378596651642159104"/>
		<document id="378601293688078336" url="https://twitter.com/RealQueenPink/status/378601293688078336"/>
		<document id="378610126816837632" url="https://twitter.com/RealQueenPink/status/378610126816837632"/>
		<document id="378935592564031488" url="https://twitter.com/RealQueenPink/status/378935592564031488"/>
		<document id="379001821458874368" url="https://twitter.com/RealQueenPink/status/379001821458874368"/>
		<document id="379300971412602880" url="https://twitter.com/RealQueenPink/status/379300971412602880"/>
		<document id="379332244579823616" url="https://twitter.com/RealQueenPink/status/379332244579823616"/>
		<document id="379335611658031104" url="https://twitter.com/RealQueenPink/status/379335611658031104"/>
		<document id="379338837866340352" url="https://twitter.com/RealQueenPink/status/379338837866340352"/>
		<document id="379557210629492738" url="https://twitter.com/RealQueenPink/status/379557210629492738"/>
		<document id="379668491097214976" url="https://twitter.com/RealQueenPink/status/379668491097214976"/>
		<document id="379669414104150017" url="https://twitter.com/RealQueenPink/status/379669414104150017"/>
		<document id="379673905486512129" url="https://twitter.com/RealQueenPink/status/379673905486512129"/>
		<document id="379678818652274688" url="https://twitter.com/RealQueenPink/status/379678818652274688"/>
		<document id="379683189758775296" url="https://twitter.com/RealQueenPink/status/379683189758775296"/>
		<document id="379688534153523200" url="https://twitter.com/RealQueenPink/status/379688534153523200"/>
		<document id="379716819579576320" url="https://twitter.com/RealQueenPink/status/379716819579576320"/>
		<document id="379905821695430657" url="https://twitter.com/RealQueenPink/status/379905821695430657"/>
		<document id="379913154878124033" url="https://twitter.com/RealQueenPink/status/379913154878124033"/>
		<document id="380625256664158209" url="https://twitter.com/RealQueenPink/status/380625256664158209"/>
		<document id="380628807519965184" url="https://twitter.com/RealQueenPink/status/380628807519965184"/>
		<document id="381819218007560192" url="https://twitter.com/RealQueenPink/status/381819218007560192"/>
		<document id="381828725886562305" url="https://twitter.com/RealQueenPink/status/381828725886562305"/>
		<document id="381835287917518848" url="https://twitter.com/RealQueenPink/status/381835287917518848"/>
		<document id="381863557454774273" url="https://twitter.com/RealQueenPink/status/381863557454774273"/>
		<document id="382203692403154944" url="https://twitter.com/RealQueenPink/status/382203692403154944"/>
		<document id="382427621729898496" url="https://twitter.com/RealQueenPink/status/382427621729898496"/>
		<document id="382440517763489792" url="https://twitter.com/RealQueenPink/status/382440517763489792"/>
		<document id="385331691898023937" url="https://twitter.com/RealQueenPink/status/385331691898023937"/>
		<document id="387193797916241920" url="https://twitter.com/RealQueenPink/status/387193797916241920"/>
		<document id="393341372956037120" url="https://twitter.com/RealQueenPink/status/393341372956037120"/>
		<document id="393341594247495680" url="https://twitter.com/RealQueenPink/status/393341594247495680"/>
		<document id="393343537757970432" url="https://twitter.com/RealQueenPink/status/393343537757970432"/>
		<document id="393347340209123328" url="https://twitter.com/RealQueenPink/status/393347340209123328"/>
		<document id="393793775702519809" url="https://twitter.com/RealQueenPink/status/393793775702519809"/>
		<document id="393801491804217344" url="https://twitter.com/RealQueenPink/status/393801491804217344"/>
		<document id="393802737327943681" url="https://twitter.com/RealQueenPink/status/393802737327943681"/>
		<document id="395478923741368320" url="https://twitter.com/RealQueenPink/status/395478923741368320"/>
		<document id="396968879693365249" url="https://twitter.com/RealQueenPink/status/396968879693365249"/>
		<document id="397797124177264640" url="https://twitter.com/RealQueenPink/status/397797124177264640"/>
		<document id="397802618929426432" url="https://twitter.com/RealQueenPink/status/397802618929426432"/>
		<document id="398148243936145408" url="https://twitter.com/RealQueenPink/status/398148243936145408"/>
		<document id="402093126191685633" url="https://twitter.com/RealQueenPink/status/402093126191685633"/>
		<document id="404972054673244160" url="https://twitter.com/RealQueenPink/status/404972054673244160"/>
		<document id="404977696155131904" url="https://twitter.com/RealQueenPink/status/404977696155131904"/>
		<document id="404999977124261888" url="https://twitter.com/RealQueenPink/status/404999977124261888"/>
		<document id="406433369460060160" url="https://twitter.com/RealQueenPink/status/406433369460060160"/>
		<document id="407572200355422208" url="https://twitter.com/RealQueenPink/status/407572200355422208"/>
		<document id="408337380928917504" url="https://twitter.com/RealQueenPink/status/408337380928917504"/>
		<document id="408661942711357440" url="https://twitter.com/RealQueenPink/status/408661942711357440"/>
		<document id="409820197529608192" url="https://twitter.com/RealQueenPink/status/409820197529608192"/>
		<document id="409954963641892864" url="https://twitter.com/RealQueenPink/status/409954963641892864"/>
		<document id="409998223466852352" url="https://twitter.com/RealQueenPink/status/409998223466852352"/>
		<document id="410737003773566976" url="https://twitter.com/RealQueenPink/status/410737003773566976"/>
		<document id="410883294457528321" url="https://twitter.com/RealQueenPink/status/410883294457528321"/>
		<document id="411169299064422400" url="https://twitter.com/RealQueenPink/status/411169299064422400"/>
		<document id="411524017112489985" url="https://twitter.com/RealQueenPink/status/411524017112489985"/>
		<document id="411784649497931776" url="https://twitter.com/RealQueenPink/status/411784649497931776"/>
		<document id="412641528389984256" url="https://twitter.com/RealQueenPink/status/412641528389984256"/>
		<document id="412642300938842112" url="https://twitter.com/RealQueenPink/status/412642300938842112"/>
		<document id="412699689595990016" url="https://twitter.com/RealQueenPink/status/412699689595990016"/>
		<document id="412984598814265344" url="https://twitter.com/RealQueenPink/status/412984598814265344"/>
		<document id="412987893389733888" url="https://twitter.com/RealQueenPink/status/412987893389733888"/>
		<document id="413722479715434496" url="https://twitter.com/RealQueenPink/status/413722479715434496"/>
		<document id="415076585830899712" url="https://twitter.com/RealQueenPink/status/415076585830899712"/>
		<document id="415904760391536641" url="https://twitter.com/RealQueenPink/status/415904760391536641"/>
		<document id="416512952679018496" url="https://twitter.com/RealQueenPink/status/416512952679018496"/>
		<document id="419003990278299649" url="https://twitter.com/RealQueenPink/status/419003990278299649"/>
		<document id="419014366709972992" url="https://twitter.com/RealQueenPink/status/419014366709972992"/>
		<document id="419017724883664896" url="https://twitter.com/RealQueenPink/status/419017724883664896"/>
		<document id="419422648419221504" url="https://twitter.com/RealQueenPink/status/419422648419221504"/>
		<document id="420307754730139648" url="https://twitter.com/RealQueenPink/status/420307754730139648"/>
		<document id="420320060851621888" url="https://twitter.com/RealQueenPink/status/420320060851621888"/>
		<document id="420321330933030912" url="https://twitter.com/RealQueenPink/status/420321330933030912"/>
		<document id="420323832717901825" url="https://twitter.com/RealQueenPink/status/420323832717901825"/>
		<document id="420484122818396160" url="https://twitter.com/RealQueenPink/status/420484122818396160"/>
		<document id="420499142520369152" url="https://twitter.com/RealQueenPink/status/420499142520369152"/>
		<document id="420508071379890176" url="https://twitter.com/RealQueenPink/status/420508071379890176"/>
		<document id="420650250718945280" url="https://twitter.com/RealQueenPink/status/420650250718945280"/>
		<document id="420835614058369024" url="https://twitter.com/RealQueenPink/status/420835614058369024"/>
		<document id="420842269093421056" url="https://twitter.com/RealQueenPink/status/420842269093421056"/>
		<document id="420875160573739008" url="https://twitter.com/RealQueenPink/status/420875160573739008"/>
		<document id="420968120715866112" url="https://twitter.com/RealQueenPink/status/420968120715866112"/>
		<document id="420968675999768576" url="https://twitter.com/RealQueenPink/status/420968675999768576"/>
		<document id="420972217598758912" url="https://twitter.com/RealQueenPink/status/420972217598758912"/>
		<document id="421000086660079616" url="https://twitter.com/RealQueenPink/status/421000086660079616"/>
		<document id="421036083900854272" url="https://twitter.com/RealQueenPink/status/421036083900854272"/>
		<document id="421208392418754560" url="https://twitter.com/RealQueenPink/status/421208392418754560"/>
		<document id="421249152518217728" url="https://twitter.com/RealQueenPink/status/421249152518217728"/>
		<document id="421253245974355970" url="https://twitter.com/RealQueenPink/status/421253245974355970"/>
		<document id="421269051156234240" url="https://twitter.com/RealQueenPink/status/421269051156234240"/>
		<document id="421271243338547200" url="https://twitter.com/RealQueenPink/status/421271243338547200"/>
		<document id="421273678534688768" url="https://twitter.com/RealQueenPink/status/421273678534688768"/>
		<document id="421274201950281728" url="https://twitter.com/RealQueenPink/status/421274201950281728"/>
		<document id="421288438307246080" url="https://twitter.com/RealQueenPink/status/421288438307246080"/>
		<document id="421538352270024705" url="https://twitter.com/RealQueenPink/status/421538352270024705"/>
		<document id="421574871983095808" url="https://twitter.com/RealQueenPink/status/421574871983095808"/>
		<document id="421654315825381376" url="https://twitter.com/RealQueenPink/status/421654315825381376"/>
		<document id="422765379199324160" url="https://twitter.com/RealQueenPink/status/422765379199324160"/>
		<document id="422779490725416960" url="https://twitter.com/RealQueenPink/status/422779490725416960"/>
		<document id="422781964186177536" url="https://twitter.com/RealQueenPink/status/422781964186177536"/>
		<document id="423068584840286208" url="https://twitter.com/RealQueenPink/status/423068584840286208"/>
		<document id="423147583926984704" url="https://twitter.com/RealQueenPink/status/423147583926984704"/>
		<document id="424862344104390656" url="https://twitter.com/RealQueenPink/status/424862344104390656"/>
		<document id="424951118532075521" url="https://twitter.com/RealQueenPink/status/424951118532075521"/>
		<document id="424953384710316033" url="https://twitter.com/RealQueenPink/status/424953384710316033"/>
		<document id="425122926313349120" url="https://twitter.com/RealQueenPink/status/425122926313349120"/>
		<document id="425152736707878912" url="https://twitter.com/RealQueenPink/status/425152736707878912"/>
		<document id="425249989477298176" url="https://twitter.com/RealQueenPink/status/425249989477298176"/>
		<document id="425870865247793152" url="https://twitter.com/RealQueenPink/status/425870865247793152"/>
		<document id="425937806528380928" url="https://twitter.com/RealQueenPink/status/425937806528380928"/>
		<document id="425947284007051264" url="https://twitter.com/RealQueenPink/status/425947284007051264"/>
		<document id="426288578784948224" url="https://twitter.com/RealQueenPink/status/426288578784948224"/>
		<document id="426298256336105472" url="https://twitter.com/RealQueenPink/status/426298256336105472"/>
		<document id="426310926669987840" url="https://twitter.com/RealQueenPink/status/426310926669987840"/>
		<document id="426325072971055104" url="https://twitter.com/RealQueenPink/status/426325072971055104"/>
		<document id="426325699247734784" url="https://twitter.com/RealQueenPink/status/426325699247734784"/>
		<document id="426328051035955200" url="https://twitter.com/RealQueenPink/status/426328051035955200"/>
		<document id="426353942260637696" url="https://twitter.com/RealQueenPink/status/426353942260637696"/>
		<document id="426358896958386177" url="https://twitter.com/RealQueenPink/status/426358896958386177"/>
		<document id="354911315527090176" url="https://twitter.com/RealQueenPink/status/354911315527090176"/>
		<document id="354917332889501696" url="https://twitter.com/RealQueenPink/status/354917332889501696"/>
		<document id="355255080141864960" url="https://twitter.com/RealQueenPink/status/355255080141864960"/>
		<document id="355706857177874435" url="https://twitter.com/RealQueenPink/status/355706857177874435"/>
		<document id="355780653763145728" url="https://twitter.com/RealQueenPink/status/355780653763145728"/>
		<document id="356873623388160001" url="https://twitter.com/RealQueenPink/status/356873623388160001"/>
		<document id="357547124931559424" url="https://twitter.com/RealQueenPink/status/357547124931559424"/>
		<document id="358713777388126208" url="https://twitter.com/RealQueenPink/status/358713777388126208"/>
		<document id="359414309438234624" url="https://twitter.com/RealQueenPink/status/359414309438234624"/>
		<document id="359689543353503744" url="https://twitter.com/RealQueenPink/status/359689543353503744"/>
		<document id="360095431495131136" url="https://twitter.com/RealQueenPink/status/360095431495131136"/>
		<document id="360785847328571392" url="https://twitter.com/RealQueenPink/status/360785847328571392"/>
		<document id="360789716142010369" url="https://twitter.com/RealQueenPink/status/360789716142010369"/>
		<document id="360791568761896960" url="https://twitter.com/RealQueenPink/status/360791568761896960"/>
		<document id="361029522864357379" url="https://twitter.com/RealQueenPink/status/361029522864357379"/>
		<document id="361533157377449986" url="https://twitter.com/RealQueenPink/status/361533157377449986"/>
		<document id="361871945165324288" url="https://twitter.com/RealQueenPink/status/361871945165324288"/>
		<document id="361937416254275585" url="https://twitter.com/RealQueenPink/status/361937416254275585"/>
		<document id="362106446185381888" url="https://twitter.com/RealQueenPink/status/362106446185381888"/>
		<document id="362107321570168832" url="https://twitter.com/RealQueenPink/status/362107321570168832"/>
		<document id="362219645366845441" url="https://twitter.com/RealQueenPink/status/362219645366845441"/>
		<document id="362521506447765504" url="https://twitter.com/RealQueenPink/status/362521506447765504"/>
		<document id="362522431832862720" url="https://twitter.com/RealQueenPink/status/362522431832862720"/>
		<document id="362899317159231488" url="https://twitter.com/RealQueenPink/status/362899317159231488"/>
		<document id="363603940132130816" url="https://twitter.com/RealQueenPink/status/363603940132130816"/>
		<document id="363605123693428736" url="https://twitter.com/RealQueenPink/status/363605123693428736"/>
		<document id="363607993910177793" url="https://twitter.com/RealQueenPink/status/363607993910177793"/>
		<document id="364101862623944704" url="https://twitter.com/RealQueenPink/status/364101862623944704"/>
		<document id="364106016251584512" url="https://twitter.com/RealQueenPink/status/364106016251584512"/>
		<document id="364674023835185153" url="https://twitter.com/RealQueenPink/status/364674023835185153"/>
		<document id="364696672955150336" url="https://twitter.com/RealQueenPink/status/364696672955150336"/>
		<document id="364699888753197058" url="https://twitter.com/RealQueenPink/status/364699888753197058"/>
		<document id="364797723024687105" url="https://twitter.com/RealQueenPink/status/364797723024687105"/>
		<document id="365051127420567553" url="https://twitter.com/RealQueenPink/status/365051127420567553"/>
		<document id="365053447675985920" url="https://twitter.com/RealQueenPink/status/365053447675985920"/>
		<document id="365199178671980544" url="https://twitter.com/RealQueenPink/status/365199178671980544"/>
		<document id="365395845862002688" url="https://twitter.com/RealQueenPink/status/365395845862002688"/>
		<document id="365400614093602816" url="https://twitter.com/RealQueenPink/status/365400614093602816"/>
		<document id="365819983059619840" url="https://twitter.com/RealQueenPink/status/365819983059619840"/>
		<document id="365884903939780610" url="https://twitter.com/RealQueenPink/status/365884903939780610"/>
		<document id="366129783198842881" url="https://twitter.com/RealQueenPink/status/366129783198842881"/>
		<document id="366276035592978432" url="https://twitter.com/RealQueenPink/status/366276035592978432"/>
		<document id="366278255084453888" url="https://twitter.com/RealQueenPink/status/366278255084453888"/>
		<document id="366279897242533888" url="https://twitter.com/RealQueenPink/status/366279897242533888"/>
		<document id="366464031772524546" url="https://twitter.com/RealQueenPink/status/366464031772524546"/>
		<document id="366637959451123713" url="https://twitter.com/RealQueenPink/status/366637959451123713"/>
		<document id="366647811070115843" url="https://twitter.com/RealQueenPink/status/366647811070115843"/>
		<document id="366649261695320064" url="https://twitter.com/RealQueenPink/status/366649261695320064"/>
		<document id="366968424095682561" url="https://twitter.com/RealQueenPink/status/366968424095682561"/>
		<document id="367009009548525568" url="https://twitter.com/RealQueenPink/status/367009009548525568"/>
		<document id="367011621094178817" url="https://twitter.com/RealQueenPink/status/367011621094178817"/>
		<document id="367014614078210048" url="https://twitter.com/RealQueenPink/status/367014614078210048"/>
		<document id="367179796872433664" url="https://twitter.com/RealQueenPink/status/367179796872433664"/>
		<document id="367278293047062529" url="https://twitter.com/RealQueenPink/status/367278293047062529"/>
		<document id="367894229642907648" url="https://twitter.com/RealQueenPink/status/367894229642907648"/>
		<document id="367897497907527680" url="https://twitter.com/RealQueenPink/status/367897497907527680"/>
		<document id="367899651577753600" url="https://twitter.com/RealQueenPink/status/367899651577753600"/>
		<document id="367952850875211776" url="https://twitter.com/RealQueenPink/status/367952850875211776"/>
		<document id="368361122359164928" url="https://twitter.com/RealQueenPink/status/368361122359164928"/>
		<document id="368450760558006272" url="https://twitter.com/RealQueenPink/status/368450760558006272"/>
		<document id="370233918362222592" url="https://twitter.com/RealQueenPink/status/370233918362222592"/>
		<document id="370239048251883520" url="https://twitter.com/RealQueenPink/status/370239048251883520"/>
		<document id="370243747478790144" url="https://twitter.com/RealQueenPink/status/370243747478790144"/>
		<document id="370250371077517312" url="https://twitter.com/RealQueenPink/status/370250371077517312"/>
		<document id="370265048146403328" url="https://twitter.com/RealQueenPink/status/370265048146403328"/>
		<document id="370961055172009984" url="https://twitter.com/RealQueenPink/status/370961055172009984"/>
		<document id="370962854230245376" url="https://twitter.com/RealQueenPink/status/370962854230245376"/>
		<document id="370964244323241984" url="https://twitter.com/RealQueenPink/status/370964244323241984"/>
		<document id="370964643063164928" url="https://twitter.com/RealQueenPink/status/370964643063164928"/>
		<document id="370969061036785664" url="https://twitter.com/RealQueenPink/status/370969061036785664"/>
		<document id="370970364060266496" url="https://twitter.com/RealQueenPink/status/370970364060266496"/>
		<document id="370982731985215488" url="https://twitter.com/RealQueenPink/status/370982731985215488"/>
		<document id="371318635760869376" url="https://twitter.com/RealQueenPink/status/371318635760869376"/>
		<document id="372010201424986113" url="https://twitter.com/RealQueenPink/status/372010201424986113"/>
		<document id="372016070392963072" url="https://twitter.com/RealQueenPink/status/372016070392963072"/>
		<document id="372020464278720512" url="https://twitter.com/RealQueenPink/status/372020464278720512"/>
		<document id="372641413554384897" url="https://twitter.com/RealQueenPink/status/372641413554384897"/>
		<document id="372713501699362816" url="https://twitter.com/RealQueenPink/status/372713501699362816"/>
		<document id="372827584540991488" url="https://twitter.com/RealQueenPink/status/372827584540991488"/>
		<document id="373026748989837313" url="https://twitter.com/RealQueenPink/status/373026748989837313"/>
		<document id="373352090921598976" url="https://twitter.com/RealQueenPink/status/373352090921598976"/>
		<document id="373480891265196033" url="https://twitter.com/RealQueenPink/status/373480891265196033"/>
		<document id="374089680662589440" url="https://twitter.com/RealQueenPink/status/374089680662589440"/>
		<document id="374092650561142784" url="https://twitter.com/RealQueenPink/status/374092650561142784"/>
		<document id="374115131409854464" url="https://twitter.com/RealQueenPink/status/374115131409854464"/>
		<document id="374645457680490496" url="https://twitter.com/RealQueenPink/status/374645457680490496"/>
		<document id="374965583319539712" url="https://twitter.com/RealQueenPink/status/374965583319539712"/>
		<document id="374990062314070016" url="https://twitter.com/RealQueenPink/status/374990062314070016"/>
		<document id="375011793980379136" url="https://twitter.com/RealQueenPink/status/375011793980379136"/>
		<document id="375288953223790592" url="https://twitter.com/RealQueenPink/status/375288953223790592"/>
		<document id="375622772401385472" url="https://twitter.com/RealQueenPink/status/375622772401385472"/>
		<document id="375697936673275904" url="https://twitter.com/RealQueenPink/status/375697936673275904"/>
		<document id="375698451578630144" url="https://twitter.com/RealQueenPink/status/375698451578630144"/>
		<document id="375699201243369472" url="https://twitter.com/RealQueenPink/status/375699201243369472"/>
		<document id="376706584283709440" url="https://twitter.com/RealQueenPink/status/376706584283709440"/>
		<document id="377873296340942848" url="https://twitter.com/RealQueenPink/status/377873296340942848"/>
		<document id="377874817195593728" url="https://twitter.com/RealQueenPink/status/377874817195593728"/>
		<document id="378215060960972800" url="https://twitter.com/RealQueenPink/status/378215060960972800"/>
		<document id="378215476398399489" url="https://twitter.com/RealQueenPink/status/378215476398399489"/>
		<document id="378215718686572544" url="https://twitter.com/RealQueenPink/status/378215718686572544"/>
		<document id="378221792902799360" url="https://twitter.com/RealQueenPink/status/378221792902799360"/>
		<document id="378223405260353536" url="https://twitter.com/RealQueenPink/status/378223405260353536"/>
		<document id="378232039247740928" url="https://twitter.com/RealQueenPink/status/378232039247740928"/>
		<document id="378234311730003968" url="https://twitter.com/RealQueenPink/status/378234311730003968"/>
		<document id="378240936750628864" url="https://twitter.com/RealQueenPink/status/378240936750628864"/>
		<document id="378498605197561856" url="https://twitter.com/RealQueenPink/status/378498605197561856"/>
		<document id="378533640369893376" url="https://twitter.com/RealQueenPink/status/378533640369893376"/>
		<document id="378596167036452864" url="https://twitter.com/RealQueenPink/status/378596167036452864"/>
		<document id="378596651642159104" url="https://twitter.com/RealQueenPink/status/378596651642159104"/>
		<document id="378601293688078336" url="https://twitter.com/RealQueenPink/status/378601293688078336"/>
		<document id="378610126816837632" url="https://twitter.com/RealQueenPink/status/378610126816837632"/>
		<document id="378935592564031488" url="https://twitter.com/RealQueenPink/status/378935592564031488"/>
		<document id="379001821458874368" url="https://twitter.com/RealQueenPink/status/379001821458874368"/>
		<document id="379300971412602880" url="https://twitter.com/RealQueenPink/status/379300971412602880"/>
		<document id="379332244579823616" url="https://twitter.com/RealQueenPink/status/379332244579823616"/>
		<document id="379335611658031104" url="https://twitter.com/RealQueenPink/status/379335611658031104"/>
		<document id="379338837866340352" url="https://twitter.com/RealQueenPink/status/379338837866340352"/>
		<document id="379557210629492738" url="https://twitter.com/RealQueenPink/status/379557210629492738"/>
		<document id="379668491097214976" url="https://twitter.com/RealQueenPink/status/379668491097214976"/>
		<document id="379669414104150017" url="https://twitter.com/RealQueenPink/status/379669414104150017"/>
		<document id="379673905486512129" url="https://twitter.com/RealQueenPink/status/379673905486512129"/>
		<document id="379678818652274688" url="https://twitter.com/RealQueenPink/status/379678818652274688"/>
		<document id="379683189758775296" url="https://twitter.com/RealQueenPink/status/379683189758775296"/>
		<document id="379688534153523200" url="https://twitter.com/RealQueenPink/status/379688534153523200"/>
		<document id="379716819579576320" url="https://twitter.com/RealQueenPink/status/379716819579576320"/>
		<document id="379905821695430657" url="https://twitter.com/RealQueenPink/status/379905821695430657"/>
		<document id="379913154878124033" url="https://twitter.com/RealQueenPink/status/379913154878124033"/>
		<document id="380625256664158209" url="https://twitter.com/RealQueenPink/status/380625256664158209"/>
		<document id="380628807519965184" url="https://twitter.com/RealQueenPink/status/380628807519965184"/>
		<document id="381819218007560192" url="https://twitter.com/RealQueenPink/status/381819218007560192"/>
		<document id="381828725886562305" url="https://twitter.com/RealQueenPink/status/381828725886562305"/>
		<document id="381835287917518848" url="https://twitter.com/RealQueenPink/status/381835287917518848"/>
		<document id="381863557454774273" url="https://twitter.com/RealQueenPink/status/381863557454774273"/>
		<document id="382203692403154944" url="https://twitter.com/RealQueenPink/status/382203692403154944"/>
		<document id="382427621729898496" url="https://twitter.com/RealQueenPink/status/382427621729898496"/>
		<document id="382440517763489792" url="https://twitter.com/RealQueenPink/status/382440517763489792"/>
		<document id="385331691898023937" url="https://twitter.com/RealQueenPink/status/385331691898023937"/>
		<document id="387193797916241920" url="https://twitter.com/RealQueenPink/status/387193797916241920"/>
		<document id="393341372956037120" url="https://twitter.com/RealQueenPink/status/393341372956037120"/>
		<document id="393341594247495680" url="https://twitter.com/RealQueenPink/status/393341594247495680"/>
		<document id="393343537757970432" url="https://twitter.com/RealQueenPink/status/393343537757970432"/>
		<document id="393347340209123328" url="https://twitter.com/RealQueenPink/status/393347340209123328"/>
		<document id="393793775702519809" url="https://twitter.com/RealQueenPink/status/393793775702519809"/>
		<document id="393801491804217344" url="https://twitter.com/RealQueenPink/status/393801491804217344"/>
		<document id="393802737327943681" url="https://twitter.com/RealQueenPink/status/393802737327943681"/>
		<document id="395478923741368320" url="https://twitter.com/RealQueenPink/status/395478923741368320"/>
		<document id="396968879693365249" url="https://twitter.com/RealQueenPink/status/396968879693365249"/>
		<document id="397797124177264640" url="https://twitter.com/RealQueenPink/status/397797124177264640"/>
		<document id="397802618929426432" url="https://twitter.com/RealQueenPink/status/397802618929426432"/>
		<document id="398148243936145408" url="https://twitter.com/RealQueenPink/status/398148243936145408"/>
		<document id="402093126191685633" url="https://twitter.com/RealQueenPink/status/402093126191685633"/>
		<document id="404972054673244160" url="https://twitter.com/RealQueenPink/status/404972054673244160"/>
		<document id="404977696155131904" url="https://twitter.com/RealQueenPink/status/404977696155131904"/>
		<document id="404999977124261888" url="https://twitter.com/RealQueenPink/status/404999977124261888"/>
		<document id="406433369460060160" url="https://twitter.com/RealQueenPink/status/406433369460060160"/>
		<document id="407572200355422208" url="https://twitter.com/RealQueenPink/status/407572200355422208"/>
		<document id="408337380928917504" url="https://twitter.com/RealQueenPink/status/408337380928917504"/>
		<document id="408661942711357440" url="https://twitter.com/RealQueenPink/status/408661942711357440"/>
		<document id="409820197529608192" url="https://twitter.com/RealQueenPink/status/409820197529608192"/>
		<document id="409954963641892864" url="https://twitter.com/RealQueenPink/status/409954963641892864"/>
		<document id="409998223466852352" url="https://twitter.com/RealQueenPink/status/409998223466852352"/>
		<document id="410737003773566976" url="https://twitter.com/RealQueenPink/status/410737003773566976"/>
		<document id="410883294457528321" url="https://twitter.com/RealQueenPink/status/410883294457528321"/>
		<document id="411169299064422400" url="https://twitter.com/RealQueenPink/status/411169299064422400"/>
		<document id="411524017112489985" url="https://twitter.com/RealQueenPink/status/411524017112489985"/>
		<document id="411784649497931776" url="https://twitter.com/RealQueenPink/status/411784649497931776"/>
		<document id="412641528389984256" url="https://twitter.com/RealQueenPink/status/412641528389984256"/>
		<document id="412642300938842112" url="https://twitter.com/RealQueenPink/status/412642300938842112"/>
		<document id="412699689595990016" url="https://twitter.com/RealQueenPink/status/412699689595990016"/>
		<document id="412984598814265344" url="https://twitter.com/RealQueenPink/status/412984598814265344"/>
		<document id="412987893389733888" url="https://twitter.com/RealQueenPink/status/412987893389733888"/>
		<document id="413722479715434496" url="https://twitter.com/RealQueenPink/status/413722479715434496"/>
		<document id="415076585830899712" url="https://twitter.com/RealQueenPink/status/415076585830899712"/>
		<document id="415904760391536641" url="https://twitter.com/RealQueenPink/status/415904760391536641"/>
		<document id="416512952679018496" url="https://twitter.com/RealQueenPink/status/416512952679018496"/>
		<document id="419003990278299649" url="https://twitter.com/RealQueenPink/status/419003990278299649"/>
		<document id="419014366709972992" url="https://twitter.com/RealQueenPink/status/419014366709972992"/>
		<document id="419017724883664896" url="https://twitter.com/RealQueenPink/status/419017724883664896"/>
		<document id="419422648419221504" url="https://twitter.com/RealQueenPink/status/419422648419221504"/>
		<document id="420307754730139648" url="https://twitter.com/RealQueenPink/status/420307754730139648"/>
		<document id="420320060851621888" url="https://twitter.com/RealQueenPink/status/420320060851621888"/>
		<document id="420321330933030912" url="https://twitter.com/RealQueenPink/status/420321330933030912"/>
		<document id="420323832717901825" url="https://twitter.com/RealQueenPink/status/420323832717901825"/>
		<document id="420484122818396160" url="https://twitter.com/RealQueenPink/status/420484122818396160"/>
		<document id="420499142520369152" url="https://twitter.com/RealQueenPink/status/420499142520369152"/>
		<document id="420508071379890176" url="https://twitter.com/RealQueenPink/status/420508071379890176"/>
		<document id="420650250718945280" url="https://twitter.com/RealQueenPink/status/420650250718945280"/>
		<document id="420835614058369024" url="https://twitter.com/RealQueenPink/status/420835614058369024"/>
		<document id="420842269093421056" url="https://twitter.com/RealQueenPink/status/420842269093421056"/>
		<document id="420875160573739008" url="https://twitter.com/RealQueenPink/status/420875160573739008"/>
		<document id="420968120715866112" url="https://twitter.com/RealQueenPink/status/420968120715866112"/>
		<document id="420968675999768576" url="https://twitter.com/RealQueenPink/status/420968675999768576"/>
		<document id="420972217598758912" url="https://twitter.com/RealQueenPink/status/420972217598758912"/>
		<document id="421000086660079616" url="https://twitter.com/RealQueenPink/status/421000086660079616"/>
		<document id="421036083900854272" url="https://twitter.com/RealQueenPink/status/421036083900854272"/>
		<document id="421208392418754560" url="https://twitter.com/RealQueenPink/status/421208392418754560"/>
		<document id="421249152518217728" url="https://twitter.com/RealQueenPink/status/421249152518217728"/>
		<document id="421253245974355970" url="https://twitter.com/RealQueenPink/status/421253245974355970"/>
		<document id="421269051156234240" url="https://twitter.com/RealQueenPink/status/421269051156234240"/>
		<document id="421271243338547200" url="https://twitter.com/RealQueenPink/status/421271243338547200"/>
		<document id="421273678534688768" url="https://twitter.com/RealQueenPink/status/421273678534688768"/>
		<document id="421274201950281728" url="https://twitter.com/RealQueenPink/status/421274201950281728"/>
		<document id="421288438307246080" url="https://twitter.com/RealQueenPink/status/421288438307246080"/>
		<document id="421538352270024705" url="https://twitter.com/RealQueenPink/status/421538352270024705"/>
		<document id="421574871983095808" url="https://twitter.com/RealQueenPink/status/421574871983095808"/>
		<document id="421654315825381376" url="https://twitter.com/RealQueenPink/status/421654315825381376"/>
		<document id="422765379199324160" url="https://twitter.com/RealQueenPink/status/422765379199324160"/>
		<document id="422779490725416960" url="https://twitter.com/RealQueenPink/status/422779490725416960"/>
		<document id="422781964186177536" url="https://twitter.com/RealQueenPink/status/422781964186177536"/>
		<document id="423068584840286208" url="https://twitter.com/RealQueenPink/status/423068584840286208"/>
		<document id="423147583926984704" url="https://twitter.com/RealQueenPink/status/423147583926984704"/>
		<document id="424862344104390656" url="https://twitter.com/RealQueenPink/status/424862344104390656"/>
		<document id="424951118532075521" url="https://twitter.com/RealQueenPink/status/424951118532075521"/>
		<document id="424953384710316033" url="https://twitter.com/RealQueenPink/status/424953384710316033"/>
		<document id="425122926313349120" url="https://twitter.com/RealQueenPink/status/425122926313349120"/>
		<document id="425152736707878912" url="https://twitter.com/RealQueenPink/status/425152736707878912"/>
		<document id="425249989477298176" url="https://twitter.com/RealQueenPink/status/425249989477298176"/>
		<document id="425870865247793152" url="https://twitter.com/RealQueenPink/status/425870865247793152"/>
		<document id="425937806528380928" url="https://twitter.com/RealQueenPink/status/425937806528380928"/>
		<document id="425947284007051264" url="https://twitter.com/RealQueenPink/status/425947284007051264"/>
		<document id="426288578784948224" url="https://twitter.com/RealQueenPink/status/426288578784948224"/>
		<document id="426298256336105472" url="https://twitter.com/RealQueenPink/status/426298256336105472"/>
		<document id="426310926669987840" url="https://twitter.com/RealQueenPink/status/426310926669987840"/>
		<document id="426325072971055104" url="https://twitter.com/RealQueenPink/status/426325072971055104"/>
		<document id="426325699247734784" url="https://twitter.com/RealQueenPink/status/426325699247734784"/>
		<document id="426328051035955200" url="https://twitter.com/RealQueenPink/status/426328051035955200"/>
		<document id="426353942260637696" url="https://twitter.com/RealQueenPink/status/426353942260637696"/>
		<document id="426358896958386177" url="https://twitter.com/RealQueenPink/status/426358896958386177"/>
	</documents>
</author>