<?xml version="1.0" encoding="UTF-8" standalone="no"?><author age_group="xx" gender="xx" lang="EN" type="twitter" url="https://twitter.com/ash_nicholson">
	<documents count="951">
		<document id="240092828410212352" url="https://twitter.com/ash_nicholson/status/240092828410212352"/>
		<document id="240133825101955072" url="https://twitter.com/ash_nicholson/status/240133825101955072"/>
		<document id="240200533858738177" url="https://twitter.com/ash_nicholson/status/240200533858738177"/>
		<document id="240228819380891649" url="https://twitter.com/ash_nicholson/status/240228819380891649"/>
		<document id="240459407891247104" url="https://twitter.com/ash_nicholson/status/240459407891247104"/>
		<document id="240463451087073280" url="https://twitter.com/ash_nicholson/status/240463451087073280"/>
		<document id="240484807593820160" url="https://twitter.com/ash_nicholson/status/240484807593820160"/>
		<document id="240505778497261568" url="https://twitter.com/ash_nicholson/status/240505778497261568"/>
		<document id="240510241140260864" url="https://twitter.com/ash_nicholson/status/240510241140260864"/>
		<document id="240578377457754113" url="https://twitter.com/ash_nicholson/status/240578377457754113"/>
		<document id="240580450127577088" url="https://twitter.com/ash_nicholson/status/240580450127577088"/>
		<document id="240630934502780928" url="https://twitter.com/ash_nicholson/status/240630934502780928"/>
		<document id="240933150480560128" url="https://twitter.com/ash_nicholson/status/240933150480560128"/>
		<document id="241000091824046080" url="https://twitter.com/ash_nicholson/status/241000091824046080"/>
		<document id="241000266365812736" url="https://twitter.com/ash_nicholson/status/241000266365812736"/>
		<document id="241196714084679680" url="https://twitter.com/ash_nicholson/status/241196714084679680"/>
		<document id="241205925539635200" url="https://twitter.com/ash_nicholson/status/241205925539635200"/>
		<document id="241342234526642179" url="https://twitter.com/ash_nicholson/status/241342234526642179"/>
		<document id="241367975351943168" url="https://twitter.com/ash_nicholson/status/241367975351943168"/>
		<document id="241638684837965824" url="https://twitter.com/ash_nicholson/status/241638684837965824"/>
		<document id="241678468843175937" url="https://twitter.com/ash_nicholson/status/241678468843175937"/>
		<document id="241678566310412288" url="https://twitter.com/ash_nicholson/status/241678566310412288"/>
		<document id="241698814950522881" url="https://twitter.com/ash_nicholson/status/241698814950522881"/>
		<document id="241705260492664834" url="https://twitter.com/ash_nicholson/status/241705260492664834"/>
		<document id="241722991736659968" url="https://twitter.com/ash_nicholson/status/241722991736659968"/>
		<document id="241748904335523840" url="https://twitter.com/ash_nicholson/status/241748904335523840"/>
		<document id="241764721160761344" url="https://twitter.com/ash_nicholson/status/241764721160761344"/>
		<document id="243044898809458688" url="https://twitter.com/ash_nicholson/status/243044898809458688"/>
		<document id="243074886371770368" url="https://twitter.com/ash_nicholson/status/243074886371770368"/>
		<document id="243080460446625792" url="https://twitter.com/ash_nicholson/status/243080460446625792"/>
		<document id="243186667727491073" url="https://twitter.com/ash_nicholson/status/243186667727491073"/>
		<document id="243186829598277632" url="https://twitter.com/ash_nicholson/status/243186829598277632"/>
		<document id="243187120250953728" url="https://twitter.com/ash_nicholson/status/243187120250953728"/>
		<document id="243356318075846656" url="https://twitter.com/ash_nicholson/status/243356318075846656"/>
		<document id="243365758464307203" url="https://twitter.com/ash_nicholson/status/243365758464307203"/>
		<document id="243366492404596736" url="https://twitter.com/ash_nicholson/status/243366492404596736"/>
		<document id="243497391427317760" url="https://twitter.com/ash_nicholson/status/243497391427317760"/>
		<document id="243531610711027712" url="https://twitter.com/ash_nicholson/status/243531610711027712"/>
		<document id="243853914452156416" url="https://twitter.com/ash_nicholson/status/243853914452156416"/>
		<document id="243867356554731522" url="https://twitter.com/ash_nicholson/status/243867356554731522"/>
		<document id="243943041759576065" url="https://twitter.com/ash_nicholson/status/243943041759576065"/>
		<document id="243948707249262592" url="https://twitter.com/ash_nicholson/status/243948707249262592"/>
		<document id="243948808613011456" url="https://twitter.com/ash_nicholson/status/243948808613011456"/>
		<document id="243949098967908352" url="https://twitter.com/ash_nicholson/status/243949098967908352"/>
		<document id="244047509427732480" url="https://twitter.com/ash_nicholson/status/244047509427732480"/>
		<document id="244208556423917568" url="https://twitter.com/ash_nicholson/status/244208556423917568"/>
		<document id="244209584787570690" url="https://twitter.com/ash_nicholson/status/244209584787570690"/>
		<document id="244286776494157825" url="https://twitter.com/ash_nicholson/status/244286776494157825"/>
		<document id="244289564972310529" url="https://twitter.com/ash_nicholson/status/244289564972310529"/>
		<document id="244289767162920961" url="https://twitter.com/ash_nicholson/status/244289767162920961"/>
		<document id="244302327891251201" url="https://twitter.com/ash_nicholson/status/244302327891251201"/>
		<document id="244302955535298560" url="https://twitter.com/ash_nicholson/status/244302955535298560"/>
		<document id="244313843810050049" url="https://twitter.com/ash_nicholson/status/244313843810050049"/>
		<document id="244588124360028161" url="https://twitter.com/ash_nicholson/status/244588124360028161"/>
		<document id="244588974864220162" url="https://twitter.com/ash_nicholson/status/244588974864220162"/>
		<document id="244589899246874624" url="https://twitter.com/ash_nicholson/status/244589899246874624"/>
		<document id="244596879034314754" url="https://twitter.com/ash_nicholson/status/244596879034314754"/>
		<document id="244619604914225153" url="https://twitter.com/ash_nicholson/status/244619604914225153"/>
		<document id="244930197760114688" url="https://twitter.com/ash_nicholson/status/244930197760114688"/>
		<document id="244949247282270208" url="https://twitter.com/ash_nicholson/status/244949247282270208"/>
		<document id="244949247559086080" url="https://twitter.com/ash_nicholson/status/244949247559086080"/>
		<document id="245003056037625857" url="https://twitter.com/ash_nicholson/status/245003056037625857"/>
		<document id="245230529081905152" url="https://twitter.com/ash_nicholson/status/245230529081905152"/>
		<document id="245230820523114498" url="https://twitter.com/ash_nicholson/status/245230820523114498"/>
		<document id="245371271486005248" url="https://twitter.com/ash_nicholson/status/245371271486005248"/>
		<document id="245371383088025600" url="https://twitter.com/ash_nicholson/status/245371383088025600"/>
		<document id="245378340133957632" url="https://twitter.com/ash_nicholson/status/245378340133957632"/>
		<document id="245395279573037056" url="https://twitter.com/ash_nicholson/status/245395279573037056"/>
		<document id="245507198229311488" url="https://twitter.com/ash_nicholson/status/245507198229311488"/>
		<document id="245507529604489220" url="https://twitter.com/ash_nicholson/status/245507529604489220"/>
		<document id="245533361161003008" url="https://twitter.com/ash_nicholson/status/245533361161003008"/>
		<document id="245538632264466432" url="https://twitter.com/ash_nicholson/status/245538632264466432"/>
		<document id="245539167541534720" url="https://twitter.com/ash_nicholson/status/245539167541534720"/>
		<document id="245544800525365251" url="https://twitter.com/ash_nicholson/status/245544800525365251"/>
		<document id="245546835131912192" url="https://twitter.com/ash_nicholson/status/245546835131912192"/>
		<document id="245550869515485184" url="https://twitter.com/ash_nicholson/status/245550869515485184"/>
		<document id="245569795209191424" url="https://twitter.com/ash_nicholson/status/245569795209191424"/>
		<document id="245574528686780416" url="https://twitter.com/ash_nicholson/status/245574528686780416"/>
		<document id="245645571971485697" url="https://twitter.com/ash_nicholson/status/245645571971485697"/>
		<document id="245661367883948032" url="https://twitter.com/ash_nicholson/status/245661367883948032"/>
		<document id="245663630429913089" url="https://twitter.com/ash_nicholson/status/245663630429913089"/>
		<document id="245750201153908736" url="https://twitter.com/ash_nicholson/status/245750201153908736"/>
		<document id="245752471069290496" url="https://twitter.com/ash_nicholson/status/245752471069290496"/>
		<document id="245944384766504960" url="https://twitter.com/ash_nicholson/status/245944384766504960"/>
		<document id="245947429512437760" url="https://twitter.com/ash_nicholson/status/245947429512437760"/>
		<document id="245947780642791428" url="https://twitter.com/ash_nicholson/status/245947780642791428"/>
		<document id="245978019351638016" url="https://twitter.com/ash_nicholson/status/245978019351638016"/>
		<document id="245986115788619776" url="https://twitter.com/ash_nicholson/status/245986115788619776"/>
		<document id="246016324957007872" url="https://twitter.com/ash_nicholson/status/246016324957007872"/>
		<document id="246019418059067394" url="https://twitter.com/ash_nicholson/status/246019418059067394"/>
		<document id="246022478403608577" url="https://twitter.com/ash_nicholson/status/246022478403608577"/>
		<document id="246023955973017601" url="https://twitter.com/ash_nicholson/status/246023955973017601"/>
		<document id="246044320979902464" url="https://twitter.com/ash_nicholson/status/246044320979902464"/>
		<document id="246047026733805569" url="https://twitter.com/ash_nicholson/status/246047026733805569"/>
		<document id="246049689017917440" url="https://twitter.com/ash_nicholson/status/246049689017917440"/>
		<document id="246056262687678465" url="https://twitter.com/ash_nicholson/status/246056262687678465"/>
		<document id="246082530703466496" url="https://twitter.com/ash_nicholson/status/246082530703466496"/>
		<document id="246271202862182400" url="https://twitter.com/ash_nicholson/status/246271202862182400"/>
		<document id="246279593294708736" url="https://twitter.com/ash_nicholson/status/246279593294708736"/>
		<document id="246285624905187329" url="https://twitter.com/ash_nicholson/status/246285624905187329"/>
		<document id="246297648406081536" url="https://twitter.com/ash_nicholson/status/246297648406081536"/>
		<document id="246298056570585088" url="https://twitter.com/ash_nicholson/status/246298056570585088"/>
		<document id="246300548763099136" url="https://twitter.com/ash_nicholson/status/246300548763099136"/>
		<document id="246389492670423042" url="https://twitter.com/ash_nicholson/status/246389492670423042"/>
		<document id="246416185099436033" url="https://twitter.com/ash_nicholson/status/246416185099436033"/>
		<document id="246436391117000704" url="https://twitter.com/ash_nicholson/status/246436391117000704"/>
		<document id="246437926723018753" url="https://twitter.com/ash_nicholson/status/246437926723018753"/>
		<document id="246438335692820482" url="https://twitter.com/ash_nicholson/status/246438335692820482"/>
		<document id="246438824996110336" url="https://twitter.com/ash_nicholson/status/246438824996110336"/>
		<document id="246439716470259712" url="https://twitter.com/ash_nicholson/status/246439716470259712"/>
		<document id="246439899580993536" url="https://twitter.com/ash_nicholson/status/246439899580993536"/>
		<document id="246649625782665216" url="https://twitter.com/ash_nicholson/status/246649625782665216"/>
		<document id="246649625946230785" url="https://twitter.com/ash_nicholson/status/246649625946230785"/>
		<document id="246659350989504512" url="https://twitter.com/ash_nicholson/status/246659350989504512"/>
		<document id="246661282386829312" url="https://twitter.com/ash_nicholson/status/246661282386829312"/>
		<document id="246667966928797697" url="https://twitter.com/ash_nicholson/status/246667966928797697"/>
		<document id="246669654280531968" url="https://twitter.com/ash_nicholson/status/246669654280531968"/>
		<document id="246769260532219904" url="https://twitter.com/ash_nicholson/status/246769260532219904"/>
		<document id="246769459216412672" url="https://twitter.com/ash_nicholson/status/246769459216412672"/>
		<document id="246771736555708416" url="https://twitter.com/ash_nicholson/status/246771736555708416"/>
		<document id="246817846070497280" url="https://twitter.com/ash_nicholson/status/246817846070497280"/>
		<document id="247001583341142016" url="https://twitter.com/ash_nicholson/status/247001583341142016"/>
		<document id="247010912517623808" url="https://twitter.com/ash_nicholson/status/247010912517623808"/>
		<document id="247010913549447168" url="https://twitter.com/ash_nicholson/status/247010913549447168"/>
		<document id="247046385545916416" url="https://twitter.com/ash_nicholson/status/247046385545916416"/>
		<document id="247047006672003073" url="https://twitter.com/ash_nicholson/status/247047006672003073"/>
		<document id="247978987467444224" url="https://twitter.com/ash_nicholson/status/247978987467444224"/>
		<document id="248221783847731201" url="https://twitter.com/ash_nicholson/status/248221783847731201"/>
		<document id="248222663171010560" url="https://twitter.com/ash_nicholson/status/248222663171010560"/>
		<document id="248223440463605760" url="https://twitter.com/ash_nicholson/status/248223440463605760"/>
		<document id="248225031023382529" url="https://twitter.com/ash_nicholson/status/248225031023382529"/>
		<document id="248232149264789504" url="https://twitter.com/ash_nicholson/status/248232149264789504"/>
		<document id="248232764095221762" url="https://twitter.com/ash_nicholson/status/248232764095221762"/>
		<document id="248233333169991680" url="https://twitter.com/ash_nicholson/status/248233333169991680"/>
		<document id="248240203918082048" url="https://twitter.com/ash_nicholson/status/248240203918082048"/>
		<document id="248250159568404480" url="https://twitter.com/ash_nicholson/status/248250159568404480"/>
		<document id="248250925242789888" url="https://twitter.com/ash_nicholson/status/248250925242789888"/>
		<document id="248269942313611264" url="https://twitter.com/ash_nicholson/status/248269942313611264"/>
		<document id="248416787853611009" url="https://twitter.com/ash_nicholson/status/248416787853611009"/>
		<document id="248443599388278784" url="https://twitter.com/ash_nicholson/status/248443599388278784"/>
		<document id="248458278714105858" url="https://twitter.com/ash_nicholson/status/248458278714105858"/>
		<document id="248458479138926592" url="https://twitter.com/ash_nicholson/status/248458479138926592"/>
		<document id="248467372929851392" url="https://twitter.com/ash_nicholson/status/248467372929851392"/>
		<document id="248487316090392577" url="https://twitter.com/ash_nicholson/status/248487316090392577"/>
		<document id="248604640999006208" url="https://twitter.com/ash_nicholson/status/248604640999006208"/>
		<document id="248605836979630081" url="https://twitter.com/ash_nicholson/status/248605836979630081"/>
		<document id="248640823586070529" url="https://twitter.com/ash_nicholson/status/248640823586070529"/>
		<document id="248790990494769153" url="https://twitter.com/ash_nicholson/status/248790990494769153"/>
		<document id="248833541314580480" url="https://twitter.com/ash_nicholson/status/248833541314580480"/>
		<document id="248833722084909058" url="https://twitter.com/ash_nicholson/status/248833722084909058"/>
		<document id="248837459457241088" url="https://twitter.com/ash_nicholson/status/248837459457241088"/>
		<document id="248842024290222081" url="https://twitter.com/ash_nicholson/status/248842024290222081"/>
		<document id="248845267464491009" url="https://twitter.com/ash_nicholson/status/248845267464491009"/>
		<document id="248956396492705792" url="https://twitter.com/ash_nicholson/status/248956396492705792"/>
		<document id="248993526136848384" url="https://twitter.com/ash_nicholson/status/248993526136848384"/>
		<document id="248994035820277760" url="https://twitter.com/ash_nicholson/status/248994035820277760"/>
		<document id="249181375922589696" url="https://twitter.com/ash_nicholson/status/249181375922589696"/>
		<document id="249194871318011904" url="https://twitter.com/ash_nicholson/status/249194871318011904"/>
		<document id="249194931887931392" url="https://twitter.com/ash_nicholson/status/249194931887931392"/>
		<document id="249212857537925120" url="https://twitter.com/ash_nicholson/status/249212857537925120"/>
		<document id="249344720302649344" url="https://twitter.com/ash_nicholson/status/249344720302649344"/>
		<document id="249518123592605696" url="https://twitter.com/ash_nicholson/status/249518123592605696"/>
		<document id="249612711409905664" url="https://twitter.com/ash_nicholson/status/249612711409905664"/>
		<document id="249686794289950720" url="https://twitter.com/ash_nicholson/status/249686794289950720"/>
		<document id="249904400204701696" url="https://twitter.com/ash_nicholson/status/249904400204701696"/>
		<document id="249907550437384192" url="https://twitter.com/ash_nicholson/status/249907550437384192"/>
		<document id="250057973756473345" url="https://twitter.com/ash_nicholson/status/250057973756473345"/>
		<document id="250612360182632448" url="https://twitter.com/ash_nicholson/status/250612360182632448"/>
		<document id="250636095690256384" url="https://twitter.com/ash_nicholson/status/250636095690256384"/>
		<document id="250636134743429122" url="https://twitter.com/ash_nicholson/status/250636134743429122"/>
		<document id="250738839088422913" url="https://twitter.com/ash_nicholson/status/250738839088422913"/>
		<document id="250772938591195138" url="https://twitter.com/ash_nicholson/status/250772938591195138"/>
		<document id="250818144267034624" url="https://twitter.com/ash_nicholson/status/250818144267034624"/>
		<document id="251336933425438720" url="https://twitter.com/ash_nicholson/status/251336933425438720"/>
		<document id="251367421573734401" url="https://twitter.com/ash_nicholson/status/251367421573734401"/>
		<document id="251368860807217152" url="https://twitter.com/ash_nicholson/status/251368860807217152"/>
		<document id="251369799878340608" url="https://twitter.com/ash_nicholson/status/251369799878340608"/>
		<document id="251370632196022273" url="https://twitter.com/ash_nicholson/status/251370632196022273"/>
		<document id="251372278825226241" url="https://twitter.com/ash_nicholson/status/251372278825226241"/>
		<document id="251373094923563008" url="https://twitter.com/ash_nicholson/status/251373094923563008"/>
		<document id="251472153109753856" url="https://twitter.com/ash_nicholson/status/251472153109753856"/>
		<document id="251712180322435072" url="https://twitter.com/ash_nicholson/status/251712180322435072"/>
		<document id="251728901347364864" url="https://twitter.com/ash_nicholson/status/251728901347364864"/>
		<document id="251795138936979457" url="https://twitter.com/ash_nicholson/status/251795138936979457"/>
		<document id="252089714826412032" url="https://twitter.com/ash_nicholson/status/252089714826412032"/>
		<document id="252090660935585792" url="https://twitter.com/ash_nicholson/status/252090660935585792"/>
		<document id="252095842511618050" url="https://twitter.com/ash_nicholson/status/252095842511618050"/>
		<document id="252124055682023425" url="https://twitter.com/ash_nicholson/status/252124055682023425"/>
		<document id="252124083486085121" url="https://twitter.com/ash_nicholson/status/252124083486085121"/>
		<document id="252124083859369984" url="https://twitter.com/ash_nicholson/status/252124083859369984"/>
		<document id="252144027095425024" url="https://twitter.com/ash_nicholson/status/252144027095425024"/>
		<document id="252208096116633600" url="https://twitter.com/ash_nicholson/status/252208096116633600"/>
		<document id="252249601699106816" url="https://twitter.com/ash_nicholson/status/252249601699106816"/>
		<document id="252308544437760001" url="https://twitter.com/ash_nicholson/status/252308544437760001"/>
		<document id="253152150660726786" url="https://twitter.com/ash_nicholson/status/253152150660726786"/>
		<document id="253194672665669632" url="https://twitter.com/ash_nicholson/status/253194672665669632"/>
		<document id="253268467447386112" url="https://twitter.com/ash_nicholson/status/253268467447386112"/>
		<document id="253359439611064321" url="https://twitter.com/ash_nicholson/status/253359439611064321"/>
		<document id="253362431500361729" url="https://twitter.com/ash_nicholson/status/253362431500361729"/>
		<document id="253543485607653376" url="https://twitter.com/ash_nicholson/status/253543485607653376"/>
		<document id="253543485637017600" url="https://twitter.com/ash_nicholson/status/253543485637017600"/>
		<document id="253556940242829314" url="https://twitter.com/ash_nicholson/status/253556940242829314"/>
		<document id="253559682768203777" url="https://twitter.com/ash_nicholson/status/253559682768203777"/>
		<document id="253695121990762497" url="https://twitter.com/ash_nicholson/status/253695121990762497"/>
		<document id="253881655352254464" url="https://twitter.com/ash_nicholson/status/253881655352254464"/>
		<document id="253881681222725632" url="https://twitter.com/ash_nicholson/status/253881681222725632"/>
		<document id="253885431341543424" url="https://twitter.com/ash_nicholson/status/253885431341543424"/>
		<document id="253903592757542913" url="https://twitter.com/ash_nicholson/status/253903592757542913"/>
		<document id="254073457929768961" url="https://twitter.com/ash_nicholson/status/254073457929768961"/>
		<document id="254075863346327552" url="https://twitter.com/ash_nicholson/status/254075863346327552"/>
		<document id="254077156186017792" url="https://twitter.com/ash_nicholson/status/254077156186017792"/>
		<document id="254246721373233152" url="https://twitter.com/ash_nicholson/status/254246721373233152"/>
		<document id="254704258736349184" url="https://twitter.com/ash_nicholson/status/254704258736349184"/>
		<document id="254821010614935553" url="https://twitter.com/ash_nicholson/status/254821010614935553"/>
		<document id="254848950174117888" url="https://twitter.com/ash_nicholson/status/254848950174117888"/>
		<document id="254998554584698880" url="https://twitter.com/ash_nicholson/status/254998554584698880"/>
		<document id="255797132727050241" url="https://twitter.com/ash_nicholson/status/255797132727050241"/>
		<document id="255797223697301504" url="https://twitter.com/ash_nicholson/status/255797223697301504"/>
		<document id="255797483563786240" url="https://twitter.com/ash_nicholson/status/255797483563786240"/>
		<document id="255810447251496960" url="https://twitter.com/ash_nicholson/status/255810447251496960"/>
		<document id="255810558421516288" url="https://twitter.com/ash_nicholson/status/255810558421516288"/>
		<document id="255813717579665408" url="https://twitter.com/ash_nicholson/status/255813717579665408"/>
		<document id="255813728421961728" url="https://twitter.com/ash_nicholson/status/255813728421961728"/>
		<document id="256044169338945538" url="https://twitter.com/ash_nicholson/status/256044169338945538"/>
		<document id="256068777089826816" url="https://twitter.com/ash_nicholson/status/256068777089826816"/>
		<document id="256068955410669570" url="https://twitter.com/ash_nicholson/status/256068955410669570"/>
		<document id="256080828256358400" url="https://twitter.com/ash_nicholson/status/256080828256358400"/>
		<document id="256128442469322752" url="https://twitter.com/ash_nicholson/status/256128442469322752"/>
		<document id="256134973071970304" url="https://twitter.com/ash_nicholson/status/256134973071970304"/>
		<document id="256207136416223232" url="https://twitter.com/ash_nicholson/status/256207136416223232"/>
		<document id="256773800270651392" url="https://twitter.com/ash_nicholson/status/256773800270651392"/>
		<document id="256799109514678274" url="https://twitter.com/ash_nicholson/status/256799109514678274"/>
		<document id="256801890669576193" url="https://twitter.com/ash_nicholson/status/256801890669576193"/>
		<document id="256983101530599424" url="https://twitter.com/ash_nicholson/status/256983101530599424"/>
		<document id="256983202391011328" url="https://twitter.com/ash_nicholson/status/256983202391011328"/>
		<document id="256983734279094272" url="https://twitter.com/ash_nicholson/status/256983734279094272"/>
		<document id="257183383866728448" url="https://twitter.com/ash_nicholson/status/257183383866728448"/>
		<document id="257209656353632256" url="https://twitter.com/ash_nicholson/status/257209656353632256"/>
		<document id="257220115295268864" url="https://twitter.com/ash_nicholson/status/257220115295268864"/>
		<document id="257241318554734593" url="https://twitter.com/ash_nicholson/status/257241318554734593"/>
		<document id="257310723376545792" url="https://twitter.com/ash_nicholson/status/257310723376545792"/>
		<document id="257344835881668608" url="https://twitter.com/ash_nicholson/status/257344835881668608"/>
		<document id="257529246493331456" url="https://twitter.com/ash_nicholson/status/257529246493331456"/>
		<document id="257530452775141376" url="https://twitter.com/ash_nicholson/status/257530452775141376"/>
		<document id="257538999881695233" url="https://twitter.com/ash_nicholson/status/257538999881695233"/>
		<document id="257539726112849920" url="https://twitter.com/ash_nicholson/status/257539726112849920"/>
		<document id="257540716836814849" url="https://twitter.com/ash_nicholson/status/257540716836814849"/>
		<document id="257899316906172416" url="https://twitter.com/ash_nicholson/status/257899316906172416"/>
		<document id="257899524301922304" url="https://twitter.com/ash_nicholson/status/257899524301922304"/>
		<document id="257906089666936832" url="https://twitter.com/ash_nicholson/status/257906089666936832"/>
		<document id="257906089935372288" url="https://twitter.com/ash_nicholson/status/257906089935372288"/>
		<document id="259317583667408896" url="https://twitter.com/ash_nicholson/status/259317583667408896"/>
		<document id="259344208891101184" url="https://twitter.com/ash_nicholson/status/259344208891101184"/>
		<document id="259406966009524224" url="https://twitter.com/ash_nicholson/status/259406966009524224"/>
		<document id="259436266456760322" url="https://twitter.com/ash_nicholson/status/259436266456760322"/>
		<document id="259450880951209984" url="https://twitter.com/ash_nicholson/status/259450880951209984"/>
		<document id="259478224621416448" url="https://twitter.com/ash_nicholson/status/259478224621416448"/>
		<document id="259479961063288833" url="https://twitter.com/ash_nicholson/status/259479961063288833"/>
		<document id="259531118569730048" url="https://twitter.com/ash_nicholson/status/259531118569730048"/>
		<document id="259574534385070080" url="https://twitter.com/ash_nicholson/status/259574534385070080"/>
		<document id="259746269189251072" url="https://twitter.com/ash_nicholson/status/259746269189251072"/>
		<document id="260074719569657858" url="https://twitter.com/ash_nicholson/status/260074719569657858"/>
		<document id="260091045822468096" url="https://twitter.com/ash_nicholson/status/260091045822468096"/>
		<document id="260485299224842242" url="https://twitter.com/ash_nicholson/status/260485299224842242"/>
		<document id="260773006178140162" url="https://twitter.com/ash_nicholson/status/260773006178140162"/>
		<document id="260782124804763648" url="https://twitter.com/ash_nicholson/status/260782124804763648"/>
		<document id="260808743816687617" url="https://twitter.com/ash_nicholson/status/260808743816687617"/>
		<document id="260809033546596352" url="https://twitter.com/ash_nicholson/status/260809033546596352"/>
		<document id="260810730008346626" url="https://twitter.com/ash_nicholson/status/260810730008346626"/>
		<document id="260827372897579008" url="https://twitter.com/ash_nicholson/status/260827372897579008"/>
		<document id="260863735936217088" url="https://twitter.com/ash_nicholson/status/260863735936217088"/>
		<document id="260863776142802944" url="https://twitter.com/ash_nicholson/status/260863776142802944"/>
		<document id="260864477837283328" url="https://twitter.com/ash_nicholson/status/260864477837283328"/>
		<document id="260864571319918592" url="https://twitter.com/ash_nicholson/status/260864571319918592"/>
		<document id="260864981627719680" url="https://twitter.com/ash_nicholson/status/260864981627719680"/>
		<document id="260865013659611138" url="https://twitter.com/ash_nicholson/status/260865013659611138"/>
		<document id="260866032787406848" url="https://twitter.com/ash_nicholson/status/260866032787406848"/>
		<document id="260866085321068544" url="https://twitter.com/ash_nicholson/status/260866085321068544"/>
		<document id="260868078819225601" url="https://twitter.com/ash_nicholson/status/260868078819225601"/>
		<document id="260868079330934784" url="https://twitter.com/ash_nicholson/status/260868079330934784"/>
		<document id="260871547005308928" url="https://twitter.com/ash_nicholson/status/260871547005308928"/>
		<document id="260871575866318848" url="https://twitter.com/ash_nicholson/status/260871575866318848"/>
		<document id="260871586750550016" url="https://twitter.com/ash_nicholson/status/260871586750550016"/>
		<document id="260872140264439811" url="https://twitter.com/ash_nicholson/status/260872140264439811"/>
		<document id="260872177925103617" url="https://twitter.com/ash_nicholson/status/260872177925103617"/>
		<document id="260872588539092992" url="https://twitter.com/ash_nicholson/status/260872588539092992"/>
		<document id="260872626837278720" url="https://twitter.com/ash_nicholson/status/260872626837278720"/>
		<document id="260872638640058368" url="https://twitter.com/ash_nicholson/status/260872638640058368"/>
		<document id="260872981633462272" url="https://twitter.com/ash_nicholson/status/260872981633462272"/>
		<document id="260873011547209728" url="https://twitter.com/ash_nicholson/status/260873011547209728"/>
		<document id="260873022108475392" url="https://twitter.com/ash_nicholson/status/260873022108475392"/>
		<document id="260875949174816768" url="https://twitter.com/ash_nicholson/status/260875949174816768"/>
		<document id="260890055277694976" url="https://twitter.com/ash_nicholson/status/260890055277694976"/>
		<document id="260891216894373888" url="https://twitter.com/ash_nicholson/status/260891216894373888"/>
		<document id="260891898456203265" url="https://twitter.com/ash_nicholson/status/260891898456203265"/>
		<document id="260892671478996992" url="https://twitter.com/ash_nicholson/status/260892671478996992"/>
		<document id="260893847142420480" url="https://twitter.com/ash_nicholson/status/260893847142420480"/>
		<document id="260894550523002880" url="https://twitter.com/ash_nicholson/status/260894550523002880"/>
		<document id="260894960730116096" url="https://twitter.com/ash_nicholson/status/260894960730116096"/>
		<document id="260895356609503232" url="https://twitter.com/ash_nicholson/status/260895356609503232"/>
		<document id="260895776136364032" url="https://twitter.com/ash_nicholson/status/260895776136364032"/>
		<document id="260896363989061632" url="https://twitter.com/ash_nicholson/status/260896363989061632"/>
		<document id="260896888390311936" url="https://twitter.com/ash_nicholson/status/260896888390311936"/>
		<document id="260897280788418561" url="https://twitter.com/ash_nicholson/status/260897280788418561"/>
		<document id="260897836588212224" url="https://twitter.com/ash_nicholson/status/260897836588212224"/>
		<document id="260898349367054337" url="https://twitter.com/ash_nicholson/status/260898349367054337"/>
		<document id="260898628548325376" url="https://twitter.com/ash_nicholson/status/260898628548325376"/>
		<document id="260899224722481153" url="https://twitter.com/ash_nicholson/status/260899224722481153"/>
		<document id="260899931101995009" url="https://twitter.com/ash_nicholson/status/260899931101995009"/>
		<document id="260900500403277824" url="https://twitter.com/ash_nicholson/status/260900500403277824"/>
		<document id="260901123093827584" url="https://twitter.com/ash_nicholson/status/260901123093827584"/>
		<document id="260902600369643521" url="https://twitter.com/ash_nicholson/status/260902600369643521"/>
		<document id="260904422639538176" url="https://twitter.com/ash_nicholson/status/260904422639538176"/>
		<document id="260905517931712512" url="https://twitter.com/ash_nicholson/status/260905517931712512"/>
		<document id="260906090378694656" url="https://twitter.com/ash_nicholson/status/260906090378694656"/>
		<document id="260907990427770880" url="https://twitter.com/ash_nicholson/status/260907990427770880"/>
		<document id="260912376608595968" url="https://twitter.com/ash_nicholson/status/260912376608595968"/>
		<document id="260912995272622081" url="https://twitter.com/ash_nicholson/status/260912995272622081"/>
		<document id="260920528079048704" url="https://twitter.com/ash_nicholson/status/260920528079048704"/>
		<document id="260923518764605441" url="https://twitter.com/ash_nicholson/status/260923518764605441"/>
		<document id="260923708137410560" url="https://twitter.com/ash_nicholson/status/260923708137410560"/>
		<document id="260924538391515138" url="https://twitter.com/ash_nicholson/status/260924538391515138"/>
		<document id="260925320708898816" url="https://twitter.com/ash_nicholson/status/260925320708898816"/>
		<document id="260925804555423744" url="https://twitter.com/ash_nicholson/status/260925804555423744"/>
		<document id="260926491326545920" url="https://twitter.com/ash_nicholson/status/260926491326545920"/>
		<document id="260928237943799812" url="https://twitter.com/ash_nicholson/status/260928237943799812"/>
		<document id="260928817269456896" url="https://twitter.com/ash_nicholson/status/260928817269456896"/>
		<document id="260929816352669697" url="https://twitter.com/ash_nicholson/status/260929816352669697"/>
		<document id="260936994547441664" url="https://twitter.com/ash_nicholson/status/260936994547441664"/>
		<document id="260941197881774080" url="https://twitter.com/ash_nicholson/status/260941197881774080"/>
		<document id="260949985451991040" url="https://twitter.com/ash_nicholson/status/260949985451991040"/>
		<document id="260950017051877377" url="https://twitter.com/ash_nicholson/status/260950017051877377"/>
		<document id="260950465385230336" url="https://twitter.com/ash_nicholson/status/260950465385230336"/>
		<document id="260951938944868352" url="https://twitter.com/ash_nicholson/status/260951938944868352"/>
		<document id="260952632959565824" url="https://twitter.com/ash_nicholson/status/260952632959565824"/>
		<document id="260954110696775680" url="https://twitter.com/ash_nicholson/status/260954110696775680"/>
		<document id="260954492256780288" url="https://twitter.com/ash_nicholson/status/260954492256780288"/>
		<document id="260963633067081728" url="https://twitter.com/ash_nicholson/status/260963633067081728"/>
		<document id="260980761094676481" url="https://twitter.com/ash_nicholson/status/260980761094676481"/>
		<document id="260988063164022784" url="https://twitter.com/ash_nicholson/status/260988063164022784"/>
		<document id="261224015627186176" url="https://twitter.com/ash_nicholson/status/261224015627186176"/>
		<document id="261264826603556864" url="https://twitter.com/ash_nicholson/status/261264826603556864"/>
		<document id="261277458114945024" url="https://twitter.com/ash_nicholson/status/261277458114945024"/>
		<document id="261549858668806144" url="https://twitter.com/ash_nicholson/status/261549858668806144"/>
		<document id="261593956826095616" url="https://twitter.com/ash_nicholson/status/261593956826095616"/>
		<document id="261607593678610433" url="https://twitter.com/ash_nicholson/status/261607593678610433"/>
		<document id="261609981235830785" url="https://twitter.com/ash_nicholson/status/261609981235830785"/>
		<document id="261613414508531715" url="https://twitter.com/ash_nicholson/status/261613414508531715"/>
		<document id="261613771749990400" url="https://twitter.com/ash_nicholson/status/261613771749990400"/>
		<document id="261641653109018625" url="https://twitter.com/ash_nicholson/status/261641653109018625"/>
		<document id="261677172836687872" url="https://twitter.com/ash_nicholson/status/261677172836687872"/>
		<document id="261689604225245184" url="https://twitter.com/ash_nicholson/status/261689604225245184"/>
		<document id="261807778614611968" url="https://twitter.com/ash_nicholson/status/261807778614611968"/>
		<document id="261827307654758400" url="https://twitter.com/ash_nicholson/status/261827307654758400"/>
		<document id="261879949965815809" url="https://twitter.com/ash_nicholson/status/261879949965815809"/>
		<document id="261979107728969730" url="https://twitter.com/ash_nicholson/status/261979107728969730"/>
		<document id="261980443728048128" url="https://twitter.com/ash_nicholson/status/261980443728048128"/>
		<document id="261982018093580288" url="https://twitter.com/ash_nicholson/status/261982018093580288"/>
		<document id="262004967907414016" url="https://twitter.com/ash_nicholson/status/262004967907414016"/>
		<document id="262005052691075072" url="https://twitter.com/ash_nicholson/status/262005052691075072"/>
		<document id="262005095787552769" url="https://twitter.com/ash_nicholson/status/262005095787552769"/>
		<document id="262005170366476290" url="https://twitter.com/ash_nicholson/status/262005170366476290"/>
		<document id="262328302272933889" url="https://twitter.com/ash_nicholson/status/262328302272933889"/>
		<document id="262328862040543233" url="https://twitter.com/ash_nicholson/status/262328862040543233"/>
		<document id="262328862292209664" url="https://twitter.com/ash_nicholson/status/262328862292209664"/>
		<document id="262328862459981824" url="https://twitter.com/ash_nicholson/status/262328862459981824"/>
		<document id="262328890888949760" url="https://twitter.com/ash_nicholson/status/262328890888949760"/>
		<document id="262329803322052608" url="https://twitter.com/ash_nicholson/status/262329803322052608"/>
		<document id="262331165078327296" url="https://twitter.com/ash_nicholson/status/262331165078327296"/>
		<document id="262334556529647617" url="https://twitter.com/ash_nicholson/status/262334556529647617"/>
		<document id="262401821459509248" url="https://twitter.com/ash_nicholson/status/262401821459509248"/>
		<document id="262464067309027328" url="https://twitter.com/ash_nicholson/status/262464067309027328"/>
		<document id="262464491554492416" url="https://twitter.com/ash_nicholson/status/262464491554492416"/>
		<document id="262464942458945536" url="https://twitter.com/ash_nicholson/status/262464942458945536"/>
		<document id="262465247753953280" url="https://twitter.com/ash_nicholson/status/262465247753953280"/>
		<document id="263015270954713090" url="https://twitter.com/ash_nicholson/status/263015270954713090"/>
		<document id="263038205564157952" url="https://twitter.com/ash_nicholson/status/263038205564157952"/>
		<document id="263038344978636800" url="https://twitter.com/ash_nicholson/status/263038344978636800"/>
		<document id="263054244091924481" url="https://twitter.com/ash_nicholson/status/263054244091924481"/>
		<document id="263322528209051649" url="https://twitter.com/ash_nicholson/status/263322528209051649"/>
		<document id="263451843034763264" url="https://twitter.com/ash_nicholson/status/263451843034763264"/>
		<document id="263455756764987393" url="https://twitter.com/ash_nicholson/status/263455756764987393"/>
		<document id="264140178338222080" url="https://twitter.com/ash_nicholson/status/264140178338222080"/>
		<document id="264383329145593856" url="https://twitter.com/ash_nicholson/status/264383329145593856"/>
		<document id="264423462431494144" url="https://twitter.com/ash_nicholson/status/264423462431494144"/>
		<document id="264478700224008192" url="https://twitter.com/ash_nicholson/status/264478700224008192"/>
		<document id="264481791379914752" url="https://twitter.com/ash_nicholson/status/264481791379914752"/>
		<document id="264513864446660608" url="https://twitter.com/ash_nicholson/status/264513864446660608"/>
		<document id="264536365352497152" url="https://twitter.com/ash_nicholson/status/264536365352497152"/>
		<document id="264536631187501056" url="https://twitter.com/ash_nicholson/status/264536631187501056"/>
		<document id="264536631254609920" url="https://twitter.com/ash_nicholson/status/264536631254609920"/>
		<document id="264899194072989696" url="https://twitter.com/ash_nicholson/status/264899194072989696"/>
		<document id="264930385916465152" url="https://twitter.com/ash_nicholson/status/264930385916465152"/>
		<document id="265134320845479937" url="https://twitter.com/ash_nicholson/status/265134320845479937"/>
		<document id="265134558658306048" url="https://twitter.com/ash_nicholson/status/265134558658306048"/>
		<document id="265221699484667905" url="https://twitter.com/ash_nicholson/status/265221699484667905"/>
		<document id="265224856256274432" url="https://twitter.com/ash_nicholson/status/265224856256274432"/>
		<document id="265967393271078912" url="https://twitter.com/ash_nicholson/status/265967393271078912"/>
		<document id="266032961730781185" url="https://twitter.com/ash_nicholson/status/266032961730781185"/>
		<document id="266248163436949504" url="https://twitter.com/ash_nicholson/status/266248163436949504"/>
		<document id="266259493166407680" url="https://twitter.com/ash_nicholson/status/266259493166407680"/>
		<document id="266760680022097920" url="https://twitter.com/ash_nicholson/status/266760680022097920"/>
		<document id="267070316336009217" url="https://twitter.com/ash_nicholson/status/267070316336009217"/>
		<document id="267123912603729921" url="https://twitter.com/ash_nicholson/status/267123912603729921"/>
		<document id="267450664966311937" url="https://twitter.com/ash_nicholson/status/267450664966311937"/>
		<document id="267455387454803969" url="https://twitter.com/ash_nicholson/status/267455387454803969"/>
		<document id="267455387593220096" url="https://twitter.com/ash_nicholson/status/267455387593220096"/>
		<document id="267505539641114625" url="https://twitter.com/ash_nicholson/status/267505539641114625"/>
		<document id="268095920812482561" url="https://twitter.com/ash_nicholson/status/268095920812482561"/>
		<document id="268143229902409728" url="https://twitter.com/ash_nicholson/status/268143229902409728"/>
		<document id="268413735067062273" url="https://twitter.com/ash_nicholson/status/268413735067062273"/>
		<document id="268474200434544640" url="https://twitter.com/ash_nicholson/status/268474200434544640"/>
		<document id="268494741702848512" url="https://twitter.com/ash_nicholson/status/268494741702848512"/>
		<document id="268505066590314497" url="https://twitter.com/ash_nicholson/status/268505066590314497"/>
		<document id="268952711268007936" url="https://twitter.com/ash_nicholson/status/268952711268007936"/>
		<document id="269230184044036096" url="https://twitter.com/ash_nicholson/status/269230184044036096"/>
		<document id="269672980609650688" url="https://twitter.com/ash_nicholson/status/269672980609650688"/>
		<document id="270000786233237504" url="https://twitter.com/ash_nicholson/status/270000786233237504"/>
		<document id="270000786904322048" url="https://twitter.com/ash_nicholson/status/270000786904322048"/>
		<document id="270377354562514944" url="https://twitter.com/ash_nicholson/status/270377354562514944"/>
		<document id="270772299307827201" url="https://twitter.com/ash_nicholson/status/270772299307827201"/>
		<document id="270774291199569920" url="https://twitter.com/ash_nicholson/status/270774291199569920"/>
		<document id="270900119614939136" url="https://twitter.com/ash_nicholson/status/270900119614939136"/>
		<document id="271040984505257984" url="https://twitter.com/ash_nicholson/status/271040984505257984"/>
		<document id="271319683494469632" url="https://twitter.com/ash_nicholson/status/271319683494469632"/>
		<document id="271416524819030016" url="https://twitter.com/ash_nicholson/status/271416524819030016"/>
		<document id="271718224469557248" url="https://twitter.com/ash_nicholson/status/271718224469557248"/>
		<document id="271724780531634176" url="https://twitter.com/ash_nicholson/status/271724780531634176"/>
		<document id="271725216638595072" url="https://twitter.com/ash_nicholson/status/271725216638595072"/>
		<document id="271725897462194176" url="https://twitter.com/ash_nicholson/status/271725897462194176"/>
		<document id="271753118021206017" url="https://twitter.com/ash_nicholson/status/271753118021206017"/>
		<document id="272001360365510656" url="https://twitter.com/ash_nicholson/status/272001360365510656"/>
		<document id="272001361095294977" url="https://twitter.com/ash_nicholson/status/272001361095294977"/>
		<document id="272017123591741441" url="https://twitter.com/ash_nicholson/status/272017123591741441"/>
		<document id="272017558218104832" url="https://twitter.com/ash_nicholson/status/272017558218104832"/>
		<document id="272017994601885696" url="https://twitter.com/ash_nicholson/status/272017994601885696"/>
		<document id="272018517098893312" url="https://twitter.com/ash_nicholson/status/272018517098893312"/>
		<document id="272018875162447872" url="https://twitter.com/ash_nicholson/status/272018875162447872"/>
		<document id="272019332337389571" url="https://twitter.com/ash_nicholson/status/272019332337389571"/>
		<document id="272019785250914305" url="https://twitter.com/ash_nicholson/status/272019785250914305"/>
		<document id="272020495019421696" url="https://twitter.com/ash_nicholson/status/272020495019421696"/>
		<document id="272020920137314304" url="https://twitter.com/ash_nicholson/status/272020920137314304"/>
		<document id="272021273780027392" url="https://twitter.com/ash_nicholson/status/272021273780027392"/>
		<document id="272021507289530368" url="https://twitter.com/ash_nicholson/status/272021507289530368"/>
		<document id="272021801842913280" url="https://twitter.com/ash_nicholson/status/272021801842913280"/>
		<document id="272022206039588866" url="https://twitter.com/ash_nicholson/status/272022206039588866"/>
		<document id="272022579886309376" url="https://twitter.com/ash_nicholson/status/272022579886309376"/>
		<document id="272025822611767296" url="https://twitter.com/ash_nicholson/status/272025822611767296"/>
		<document id="272025996692189186" url="https://twitter.com/ash_nicholson/status/272025996692189186"/>
		<document id="272027129682739200" url="https://twitter.com/ash_nicholson/status/272027129682739200"/>
		<document id="272032622299975681" url="https://twitter.com/ash_nicholson/status/272032622299975681"/>
		<document id="272036780423933952" url="https://twitter.com/ash_nicholson/status/272036780423933952"/>
		<document id="272037838210605056" url="https://twitter.com/ash_nicholson/status/272037838210605056"/>
		<document id="272142023656632321" url="https://twitter.com/ash_nicholson/status/272142023656632321"/>
		<document id="272461720973369344" url="https://twitter.com/ash_nicholson/status/272461720973369344"/>
		<document id="273163811601645568" url="https://twitter.com/ash_nicholson/status/273163811601645568"/>
		<document id="273188242457755649" url="https://twitter.com/ash_nicholson/status/273188242457755649"/>
		<document id="273211000474447872" url="https://twitter.com/ash_nicholson/status/273211000474447872"/>
		<document id="273216987537227777" url="https://twitter.com/ash_nicholson/status/273216987537227777"/>
		<document id="273221497445810178" url="https://twitter.com/ash_nicholson/status/273221497445810178"/>
		<document id="273292359603736576" url="https://twitter.com/ash_nicholson/status/273292359603736576"/>
		<document id="273352987479515136" url="https://twitter.com/ash_nicholson/status/273352987479515136"/>
		<document id="273476348683624448" url="https://twitter.com/ash_nicholson/status/273476348683624448"/>
		<document id="273480172743827457" url="https://twitter.com/ash_nicholson/status/273480172743827457"/>
		<document id="273482475752271872" url="https://twitter.com/ash_nicholson/status/273482475752271872"/>
		<document id="273678730994528256" url="https://twitter.com/ash_nicholson/status/273678730994528256"/>
		<document id="273827677465632768" url="https://twitter.com/ash_nicholson/status/273827677465632768"/>
		<document id="273967405456314368" url="https://twitter.com/ash_nicholson/status/273967405456314368"/>
		<document id="273995637123596288" url="https://twitter.com/ash_nicholson/status/273995637123596288"/>
		<document id="274028488133062657" url="https://twitter.com/ash_nicholson/status/274028488133062657"/>
		<document id="274264722545733632" url="https://twitter.com/ash_nicholson/status/274264722545733632"/>
		<document id="274718983528271874" url="https://twitter.com/ash_nicholson/status/274718983528271874"/>
		<document id="274736122268102656" url="https://twitter.com/ash_nicholson/status/274736122268102656"/>
		<document id="274889732054470657" url="https://twitter.com/ash_nicholson/status/274889732054470657"/>
		<document id="275036725196242945" url="https://twitter.com/ash_nicholson/status/275036725196242945"/>
		<document id="276042160074272768" url="https://twitter.com/ash_nicholson/status/276042160074272768"/>
		<document id="276059970364133376" url="https://twitter.com/ash_nicholson/status/276059970364133376"/>
		<document id="276220055765782528" url="https://twitter.com/ash_nicholson/status/276220055765782528"/>
		<document id="276355888925798401" url="https://twitter.com/ash_nicholson/status/276355888925798401"/>
		<document id="276369673950486528" url="https://twitter.com/ash_nicholson/status/276369673950486528"/>
		<document id="276369948853542914" url="https://twitter.com/ash_nicholson/status/276369948853542914"/>
		<document id="276406054412222466" url="https://twitter.com/ash_nicholson/status/276406054412222466"/>
		<document id="276406118031441923" url="https://twitter.com/ash_nicholson/status/276406118031441923"/>
		<document id="276526469449146368" url="https://twitter.com/ash_nicholson/status/276526469449146368"/>
		<document id="276526630728527872" url="https://twitter.com/ash_nicholson/status/276526630728527872"/>
		<document id="277105708988760067" url="https://twitter.com/ash_nicholson/status/277105708988760067"/>
		<document id="277114728986316801" url="https://twitter.com/ash_nicholson/status/277114728986316801"/>
		<document id="277622148376428544" url="https://twitter.com/ash_nicholson/status/277622148376428544"/>
		<document id="277632654218768384" url="https://twitter.com/ash_nicholson/status/277632654218768384"/>
		<document id="278225529734316033" url="https://twitter.com/ash_nicholson/status/278225529734316033"/>
		<document id="278257347007246337" url="https://twitter.com/ash_nicholson/status/278257347007246337"/>
		<document id="278281500917637120" url="https://twitter.com/ash_nicholson/status/278281500917637120"/>
		<document id="278299900951793664" url="https://twitter.com/ash_nicholson/status/278299900951793664"/>
		<document id="278302582185816064" url="https://twitter.com/ash_nicholson/status/278302582185816064"/>
		<document id="278531850543185920" url="https://twitter.com/ash_nicholson/status/278531850543185920"/>
		<document id="278532942752514048" url="https://twitter.com/ash_nicholson/status/278532942752514048"/>
		<document id="278575850968973312" url="https://twitter.com/ash_nicholson/status/278575850968973312"/>
		<document id="278577503919038464" url="https://twitter.com/ash_nicholson/status/278577503919038464"/>
		<document id="278671970919383040" url="https://twitter.com/ash_nicholson/status/278671970919383040"/>
		<document id="278684188809506816" url="https://twitter.com/ash_nicholson/status/278684188809506816"/>
		<document id="278698785725632512" url="https://twitter.com/ash_nicholson/status/278698785725632512"/>
		<document id="278732146229772288" url="https://twitter.com/ash_nicholson/status/278732146229772288"/>
		<document id="279252793066389505" url="https://twitter.com/ash_nicholson/status/279252793066389505"/>
		<document id="279375565616709632" url="https://twitter.com/ash_nicholson/status/279375565616709632"/>
		<document id="279382107216834561" url="https://twitter.com/ash_nicholson/status/279382107216834561"/>
		<document id="279409419115180034" url="https://twitter.com/ash_nicholson/status/279409419115180034"/>
		<document id="279435598647939073" url="https://twitter.com/ash_nicholson/status/279435598647939073"/>
		<document id="279438403848777729" url="https://twitter.com/ash_nicholson/status/279438403848777729"/>
		<document id="279691205892243456" url="https://twitter.com/ash_nicholson/status/279691205892243456"/>
		<document id="279693714056699904" url="https://twitter.com/ash_nicholson/status/279693714056699904"/>
		<document id="279693803110154240" url="https://twitter.com/ash_nicholson/status/279693803110154240"/>
		<document id="279695441476583425" url="https://twitter.com/ash_nicholson/status/279695441476583425"/>
		<document id="279701520088457216" url="https://twitter.com/ash_nicholson/status/279701520088457216"/>
		<document id="279703161613209602" url="https://twitter.com/ash_nicholson/status/279703161613209602"/>
		<document id="279707139411423233" url="https://twitter.com/ash_nicholson/status/279707139411423233"/>
		<document id="279707446073761793" url="https://twitter.com/ash_nicholson/status/279707446073761793"/>
		<document id="279708493248876544" url="https://twitter.com/ash_nicholson/status/279708493248876544"/>
		<document id="279811477274255360" url="https://twitter.com/ash_nicholson/status/279811477274255360"/>
		<document id="280063159014940672" url="https://twitter.com/ash_nicholson/status/280063159014940672"/>
		<document id="280191997392855040" url="https://twitter.com/ash_nicholson/status/280191997392855040"/>
		<document id="280412473012658176" url="https://twitter.com/ash_nicholson/status/280412473012658176"/>
		<document id="280412927134167040" url="https://twitter.com/ash_nicholson/status/280412927134167040"/>
		<document id="280413312536166402" url="https://twitter.com/ash_nicholson/status/280413312536166402"/>
		<document id="280414654948339712" url="https://twitter.com/ash_nicholson/status/280414654948339712"/>
		<document id="280451308014690304" url="https://twitter.com/ash_nicholson/status/280451308014690304"/>
		<document id="280782169696268291" url="https://twitter.com/ash_nicholson/status/280782169696268291"/>
		<document id="280782278605553665" url="https://twitter.com/ash_nicholson/status/280782278605553665"/>
		<document id="280880707738415104" url="https://twitter.com/ash_nicholson/status/280880707738415104"/>
		<document id="281077768719052802" url="https://twitter.com/ash_nicholson/status/281077768719052802"/>
		<document id="281203822364356609" url="https://twitter.com/ash_nicholson/status/281203822364356609"/>
		<document id="281204504593051648" url="https://twitter.com/ash_nicholson/status/281204504593051648"/>
		<document id="281204567339835393" url="https://twitter.com/ash_nicholson/status/281204567339835393"/>
		<document id="281577821032296448" url="https://twitter.com/ash_nicholson/status/281577821032296448"/>
		<document id="281918383891574784" url="https://twitter.com/ash_nicholson/status/281918383891574784"/>
		<document id="281919073124745216" url="https://twitter.com/ash_nicholson/status/281919073124745216"/>
		<document id="282233456879075328" url="https://twitter.com/ash_nicholson/status/282233456879075328"/>
		<document id="282234401931284480" url="https://twitter.com/ash_nicholson/status/282234401931284480"/>
		<document id="282235719001452544" url="https://twitter.com/ash_nicholson/status/282235719001452544"/>
		<document id="282236177388544000" url="https://twitter.com/ash_nicholson/status/282236177388544000"/>
		<document id="282245263266025472" url="https://twitter.com/ash_nicholson/status/282245263266025472"/>
		<document id="282254437773357056" url="https://twitter.com/ash_nicholson/status/282254437773357056"/>
		<document id="282290067492446208" url="https://twitter.com/ash_nicholson/status/282290067492446208"/>
		<document id="282329916580691969" url="https://twitter.com/ash_nicholson/status/282329916580691969"/>
		<document id="282687551481974784" url="https://twitter.com/ash_nicholson/status/282687551481974784"/>
		<document id="283043491024609280" url="https://twitter.com/ash_nicholson/status/283043491024609280"/>
		<document id="283357158752534528" url="https://twitter.com/ash_nicholson/status/283357158752534528"/>
		<document id="283453830497202176" url="https://twitter.com/ash_nicholson/status/283453830497202176"/>
		<document id="283455406523682816" url="https://twitter.com/ash_nicholson/status/283455406523682816"/>
		<document id="283457477398388737" url="https://twitter.com/ash_nicholson/status/283457477398388737"/>
		<document id="283458898411782145" url="https://twitter.com/ash_nicholson/status/283458898411782145"/>
		<document id="283642178964705280" url="https://twitter.com/ash_nicholson/status/283642178964705280"/>
		<document id="283667744434565122" url="https://twitter.com/ash_nicholson/status/283667744434565122"/>
		<document id="283674069495345152" url="https://twitter.com/ash_nicholson/status/283674069495345152"/>
		<document id="283680114464657409" url="https://twitter.com/ash_nicholson/status/283680114464657409"/>
		<document id="283680271931416576" url="https://twitter.com/ash_nicholson/status/283680271931416576"/>
		<document id="283747645808332800" url="https://twitter.com/ash_nicholson/status/283747645808332800"/>
		<document id="283749879908544512" url="https://twitter.com/ash_nicholson/status/283749879908544512"/>
		<document id="283996404182040576" url="https://twitter.com/ash_nicholson/status/283996404182040576"/>
		<document id="283996942751637504" url="https://twitter.com/ash_nicholson/status/283996942751637504"/>
		<document id="284450300788609025" url="https://twitter.com/ash_nicholson/status/284450300788609025"/>
		<document id="284857556055240706" url="https://twitter.com/ash_nicholson/status/284857556055240706"/>
		<document id="284887444640395264" url="https://twitter.com/ash_nicholson/status/284887444640395264"/>
		<document id="284887626664800256" url="https://twitter.com/ash_nicholson/status/284887626664800256"/>
		<document id="284898579280191489" url="https://twitter.com/ash_nicholson/status/284898579280191489"/>
		<document id="284906125504151552" url="https://twitter.com/ash_nicholson/status/284906125504151552"/>
		<document id="285114964052684800" url="https://twitter.com/ash_nicholson/status/285114964052684800"/>
		<document id="285124113494847488" url="https://twitter.com/ash_nicholson/status/285124113494847488"/>
		<document id="285156822371926016" url="https://twitter.com/ash_nicholson/status/285156822371926016"/>
		<document id="285481603810091008" url="https://twitter.com/ash_nicholson/status/285481603810091008"/>
		<document id="285501239310041089" url="https://twitter.com/ash_nicholson/status/285501239310041089"/>
		<document id="285511976342392833" url="https://twitter.com/ash_nicholson/status/285511976342392833"/>
		<document id="285591335048736768" url="https://twitter.com/ash_nicholson/status/285591335048736768"/>
		<document id="285949568867250178" url="https://twitter.com/ash_nicholson/status/285949568867250178"/>
		<document id="286691681758244864" url="https://twitter.com/ash_nicholson/status/286691681758244864"/>
		<document id="286978143158431744" url="https://twitter.com/ash_nicholson/status/286978143158431744"/>
		<document id="287045873970601984" url="https://twitter.com/ash_nicholson/status/287045873970601984"/>
		<document id="287331390192750592" url="https://twitter.com/ash_nicholson/status/287331390192750592"/>
		<document id="287419844398305280" url="https://twitter.com/ash_nicholson/status/287419844398305280"/>
		<document id="287754272320409600" url="https://twitter.com/ash_nicholson/status/287754272320409600"/>
		<document id="287771547031179264" url="https://twitter.com/ash_nicholson/status/287771547031179264"/>
		<document id="287988223840489473" url="https://twitter.com/ash_nicholson/status/287988223840489473"/>
		<document id="288069739157262336" url="https://twitter.com/ash_nicholson/status/288069739157262336"/>
		<document id="288419492646760449" url="https://twitter.com/ash_nicholson/status/288419492646760449"/>
		<document id="288468781100060672" url="https://twitter.com/ash_nicholson/status/288468781100060672"/>
		<document id="288670526874976256" url="https://twitter.com/ash_nicholson/status/288670526874976256"/>
		<document id="288718983933341696" url="https://twitter.com/ash_nicholson/status/288718983933341696"/>
		<document id="288817910279970816" url="https://twitter.com/ash_nicholson/status/288817910279970816"/>
		<document id="288835624474136578" url="https://twitter.com/ash_nicholson/status/288835624474136578"/>
		<document id="289104089558683648" url="https://twitter.com/ash_nicholson/status/289104089558683648"/>
		<document id="289149642623561729" url="https://twitter.com/ash_nicholson/status/289149642623561729"/>
		<document id="289444891161919489" url="https://twitter.com/ash_nicholson/status/289444891161919489"/>
		<document id="289445274890416128" url="https://twitter.com/ash_nicholson/status/289445274890416128"/>
		<document id="289533220540805120" url="https://twitter.com/ash_nicholson/status/289533220540805120"/>
		<document id="289632963661025280" url="https://twitter.com/ash_nicholson/status/289632963661025280"/>
		<document id="289843168751542272" url="https://twitter.com/ash_nicholson/status/289843168751542272"/>
		<document id="289867231259680768" url="https://twitter.com/ash_nicholson/status/289867231259680768"/>
		<document id="289871854770978816" url="https://twitter.com/ash_nicholson/status/289871854770978816"/>
		<document id="289962982606258177" url="https://twitter.com/ash_nicholson/status/289962982606258177"/>
		<document id="290289487857217536" url="https://twitter.com/ash_nicholson/status/290289487857217536"/>
		<document id="290597488874889216" url="https://twitter.com/ash_nicholson/status/290597488874889216"/>
		<document id="290634395956686849" url="https://twitter.com/ash_nicholson/status/290634395956686849"/>
		<document id="291017680025182208" url="https://twitter.com/ash_nicholson/status/291017680025182208"/>
		<document id="291048515638026240" url="https://twitter.com/ash_nicholson/status/291048515638026240"/>
		<document id="291342392513163264" url="https://twitter.com/ash_nicholson/status/291342392513163264"/>
		<document id="291431003334012928" url="https://twitter.com/ash_nicholson/status/291431003334012928"/>
		<document id="291769996214951936" url="https://twitter.com/ash_nicholson/status/291769996214951936"/>
		<document id="292026737607458816" url="https://twitter.com/ash_nicholson/status/292026737607458816"/>
		<document id="292077095985770496" url="https://twitter.com/ash_nicholson/status/292077095985770496"/>
		<document id="292093929858420736" url="https://twitter.com/ash_nicholson/status/292093929858420736"/>
		<document id="292107830801100800" url="https://twitter.com/ash_nicholson/status/292107830801100800"/>
		<document id="292358476745814016" url="https://twitter.com/ash_nicholson/status/292358476745814016"/>
		<document id="292361709644025856" url="https://twitter.com/ash_nicholson/status/292361709644025856"/>
		<document id="293140947812880385" url="https://twitter.com/ash_nicholson/status/293140947812880385"/>
		<document id="293880128721809408" url="https://twitter.com/ash_nicholson/status/293880128721809408"/>
		<document id="294272947928039424" url="https://twitter.com/ash_nicholson/status/294272947928039424"/>
		<document id="294535288611565569" url="https://twitter.com/ash_nicholson/status/294535288611565569"/>
		<document id="294589801582190592" url="https://twitter.com/ash_nicholson/status/294589801582190592"/>
		<document id="294910853856256002" url="https://twitter.com/ash_nicholson/status/294910853856256002"/>
		<document id="295073177820872704" url="https://twitter.com/ash_nicholson/status/295073177820872704"/>
		<document id="296003239382495233" url="https://twitter.com/ash_nicholson/status/296003239382495233"/>
		<document id="296114029045370880" url="https://twitter.com/ash_nicholson/status/296114029045370880"/>
		<document id="296386594003353600" url="https://twitter.com/ash_nicholson/status/296386594003353600"/>
		<document id="297069468616642560" url="https://twitter.com/ash_nicholson/status/297069468616642560"/>
		<document id="297099584293990401" url="https://twitter.com/ash_nicholson/status/297099584293990401"/>
		<document id="297606595062398976" url="https://twitter.com/ash_nicholson/status/297606595062398976"/>
		<document id="297898158531432448" url="https://twitter.com/ash_nicholson/status/297898158531432448"/>
		<document id="297899061007233024" url="https://twitter.com/ash_nicholson/status/297899061007233024"/>
		<document id="298245153863372800" url="https://twitter.com/ash_nicholson/status/298245153863372800"/>
		<document id="299520024287252482" url="https://twitter.com/ash_nicholson/status/299520024287252482"/>
		<document id="300790491698573312" url="https://twitter.com/ash_nicholson/status/300790491698573312"/>
		<document id="300824075889147904" url="https://twitter.com/ash_nicholson/status/300824075889147904"/>
		<document id="300825699013492737" url="https://twitter.com/ash_nicholson/status/300825699013492737"/>
		<document id="302131869883965440" url="https://twitter.com/ash_nicholson/status/302131869883965440"/>
		<document id="302269344845529088" url="https://twitter.com/ash_nicholson/status/302269344845529088"/>
		<document id="302277355555151873" url="https://twitter.com/ash_nicholson/status/302277355555151873"/>
		<document id="303293766368915456" url="https://twitter.com/ash_nicholson/status/303293766368915456"/>
		<document id="304022917707100161" url="https://twitter.com/ash_nicholson/status/304022917707100161"/>
		<document id="304325505849638913" url="https://twitter.com/ash_nicholson/status/304325505849638913"/>
		<document id="304326879479992322" url="https://twitter.com/ash_nicholson/status/304326879479992322"/>
		<document id="304373109660729346" url="https://twitter.com/ash_nicholson/status/304373109660729346"/>
		<document id="304381222870716416" url="https://twitter.com/ash_nicholson/status/304381222870716416"/>
		<document id="304407189412515841" url="https://twitter.com/ash_nicholson/status/304407189412515841"/>
		<document id="304731404015648769" url="https://twitter.com/ash_nicholson/status/304731404015648769"/>
		<document id="304737311227273216" url="https://twitter.com/ash_nicholson/status/304737311227273216"/>
		<document id="304737595668176896" url="https://twitter.com/ash_nicholson/status/304737595668176896"/>
		<document id="304772113208860672" url="https://twitter.com/ash_nicholson/status/304772113208860672"/>
		<document id="304775306739339264" url="https://twitter.com/ash_nicholson/status/304775306739339264"/>
		<document id="305497886219706368" url="https://twitter.com/ash_nicholson/status/305497886219706368"/>
		<document id="308286676696965121" url="https://twitter.com/ash_nicholson/status/308286676696965121"/>
		<document id="309071226960240640" url="https://twitter.com/ash_nicholson/status/309071226960240640"/>
		<document id="309093383748603904" url="https://twitter.com/ash_nicholson/status/309093383748603904"/>
		<document id="309889666197377025" url="https://twitter.com/ash_nicholson/status/309889666197377025"/>
		<document id="311242132876836864" url="https://twitter.com/ash_nicholson/status/311242132876836864"/>
		<document id="311926216372396032" url="https://twitter.com/ash_nicholson/status/311926216372396032"/>
		<document id="312632798504689665" url="https://twitter.com/ash_nicholson/status/312632798504689665"/>
		<document id="314062409461534720" url="https://twitter.com/ash_nicholson/status/314062409461534720"/>
		<document id="314225178475393024" url="https://twitter.com/ash_nicholson/status/314225178475393024"/>
		<document id="314596109307748352" url="https://twitter.com/ash_nicholson/status/314596109307748352"/>
		<document id="315268591995981825" url="https://twitter.com/ash_nicholson/status/315268591995981825"/>
		<document id="315268615677022209" url="https://twitter.com/ash_nicholson/status/315268615677022209"/>
		<document id="315503295559000064" url="https://twitter.com/ash_nicholson/status/315503295559000064"/>
		<document id="315594359980584961" url="https://twitter.com/ash_nicholson/status/315594359980584961"/>
		<document id="315614169078562816" url="https://twitter.com/ash_nicholson/status/315614169078562816"/>
		<document id="315856696436199424" url="https://twitter.com/ash_nicholson/status/315856696436199424"/>
		<document id="316333693742497793" url="https://twitter.com/ash_nicholson/status/316333693742497793"/>
		<document id="316394021410979840" url="https://twitter.com/ash_nicholson/status/316394021410979840"/>
		<document id="317090031519027200" url="https://twitter.com/ash_nicholson/status/317090031519027200"/>
		<document id="317798088217595905" url="https://twitter.com/ash_nicholson/status/317798088217595905"/>
		<document id="318027217835794432" url="https://twitter.com/ash_nicholson/status/318027217835794432"/>
		<document id="318499366090448897" url="https://twitter.com/ash_nicholson/status/318499366090448897"/>
		<document id="318758932237656064" url="https://twitter.com/ash_nicholson/status/318758932237656064"/>
		<document id="319215120238669824" url="https://twitter.com/ash_nicholson/status/319215120238669824"/>
		<document id="319450735563649025" url="https://twitter.com/ash_nicholson/status/319450735563649025"/>
		<document id="319452732538896384" url="https://twitter.com/ash_nicholson/status/319452732538896384"/>
		<document id="319454128671686656" url="https://twitter.com/ash_nicholson/status/319454128671686656"/>
		<document id="319457363302174720" url="https://twitter.com/ash_nicholson/status/319457363302174720"/>
		<document id="321455358528851968" url="https://twitter.com/ash_nicholson/status/321455358528851968"/>
		<document id="321463827277426689" url="https://twitter.com/ash_nicholson/status/321463827277426689"/>
		<document id="321478014254870528" url="https://twitter.com/ash_nicholson/status/321478014254870528"/>
		<document id="321478339246313472" url="https://twitter.com/ash_nicholson/status/321478339246313472"/>
		<document id="321478618486284288" url="https://twitter.com/ash_nicholson/status/321478618486284288"/>
		<document id="323845846493954048" url="https://twitter.com/ash_nicholson/status/323845846493954048"/>
		<document id="323928281424461824" url="https://twitter.com/ash_nicholson/status/323928281424461824"/>
		<document id="324197009189920769" url="https://twitter.com/ash_nicholson/status/324197009189920769"/>
		<document id="324198479318638594" url="https://twitter.com/ash_nicholson/status/324198479318638594"/>
		<document id="324200335897923584" url="https://twitter.com/ash_nicholson/status/324200335897923584"/>
		<document id="324201074779107330" url="https://twitter.com/ash_nicholson/status/324201074779107330"/>
		<document id="324203920685682688" url="https://twitter.com/ash_nicholson/status/324203920685682688"/>
		<document id="324203972363706368" url="https://twitter.com/ash_nicholson/status/324203972363706368"/>
		<document id="324205292776722432" url="https://twitter.com/ash_nicholson/status/324205292776722432"/>
		<document id="324205343158718465" url="https://twitter.com/ash_nicholson/status/324205343158718465"/>
		<document id="324346199727542274" url="https://twitter.com/ash_nicholson/status/324346199727542274"/>
		<document id="324346327037247489" url="https://twitter.com/ash_nicholson/status/324346327037247489"/>
		<document id="324642116934455297" url="https://twitter.com/ash_nicholson/status/324642116934455297"/>
		<document id="324644071232651264" url="https://twitter.com/ash_nicholson/status/324644071232651264"/>
		<document id="324654864674197505" url="https://twitter.com/ash_nicholson/status/324654864674197505"/>
		<document id="324669081313738752" url="https://twitter.com/ash_nicholson/status/324669081313738752"/>
		<document id="324696012566454272" url="https://twitter.com/ash_nicholson/status/324696012566454272"/>
		<document id="324964295479808003" url="https://twitter.com/ash_nicholson/status/324964295479808003"/>
		<document id="325083360894529536" url="https://twitter.com/ash_nicholson/status/325083360894529536"/>
		<document id="325128969932402688" url="https://twitter.com/ash_nicholson/status/325128969932402688"/>
		<document id="326461187225182208" url="https://twitter.com/ash_nicholson/status/326461187225182208"/>
		<document id="326729104189689856" url="https://twitter.com/ash_nicholson/status/326729104189689856"/>
		<document id="326733474323111936" url="https://twitter.com/ash_nicholson/status/326733474323111936"/>
		<document id="326733877525745664" url="https://twitter.com/ash_nicholson/status/326733877525745664"/>
		<document id="326740739591639040" url="https://twitter.com/ash_nicholson/status/326740739591639040"/>
		<document id="326742735946137601" url="https://twitter.com/ash_nicholson/status/326742735946137601"/>
		<document id="326766547794280450" url="https://twitter.com/ash_nicholson/status/326766547794280450"/>
		<document id="326772259077378048" url="https://twitter.com/ash_nicholson/status/326772259077378048"/>
		<document id="326772311065772033" url="https://twitter.com/ash_nicholson/status/326772311065772033"/>
		<document id="326776834043834368" url="https://twitter.com/ash_nicholson/status/326776834043834368"/>
		<document id="326778277010239489" url="https://twitter.com/ash_nicholson/status/326778277010239489"/>
		<document id="326778812333449216" url="https://twitter.com/ash_nicholson/status/326778812333449216"/>
		<document id="326786715475918851" url="https://twitter.com/ash_nicholson/status/326786715475918851"/>
		<document id="326788550559412224" url="https://twitter.com/ash_nicholson/status/326788550559412224"/>
		<document id="326789017498697728" url="https://twitter.com/ash_nicholson/status/326789017498697728"/>
		<document id="326790575082856448" url="https://twitter.com/ash_nicholson/status/326790575082856448"/>
		<document id="326793157394194433" url="https://twitter.com/ash_nicholson/status/326793157394194433"/>
		<document id="326811092372312064" url="https://twitter.com/ash_nicholson/status/326811092372312064"/>
		<document id="327027953995235328" url="https://twitter.com/ash_nicholson/status/327027953995235328"/>
		<document id="327208267250008065" url="https://twitter.com/ash_nicholson/status/327208267250008065"/>
		<document id="329393175049408512" url="https://twitter.com/ash_nicholson/status/329393175049408512"/>
		<document id="329398820221882369" url="https://twitter.com/ash_nicholson/status/329398820221882369"/>
		<document id="332100350020558849" url="https://twitter.com/ash_nicholson/status/332100350020558849"/>
		<document id="332100533689143297" url="https://twitter.com/ash_nicholson/status/332100533689143297"/>
		<document id="332294460849405953" url="https://twitter.com/ash_nicholson/status/332294460849405953"/>
		<document id="332294951822032896" url="https://twitter.com/ash_nicholson/status/332294951822032896"/>
		<document id="332312243834335232" url="https://twitter.com/ash_nicholson/status/332312243834335232"/>
		<document id="332686064651235328" url="https://twitter.com/ash_nicholson/status/332686064651235328"/>
		<document id="332711876389662722" url="https://twitter.com/ash_nicholson/status/332711876389662722"/>
		<document id="332712086608150528" url="https://twitter.com/ash_nicholson/status/332712086608150528"/>
		<document id="332716616938831873" url="https://twitter.com/ash_nicholson/status/332716616938831873"/>
		<document id="332725584151080960" url="https://twitter.com/ash_nicholson/status/332725584151080960"/>
		<document id="333212689096658945" url="https://twitter.com/ash_nicholson/status/333212689096658945"/>
		<document id="333272296716378112" url="https://twitter.com/ash_nicholson/status/333272296716378112"/>
		<document id="333279290684755968" url="https://twitter.com/ash_nicholson/status/333279290684755968"/>
		<document id="333289438765522944" url="https://twitter.com/ash_nicholson/status/333289438765522944"/>
		<document id="333290144952107008" url="https://twitter.com/ash_nicholson/status/333290144952107008"/>
		<document id="333580196789772288" url="https://twitter.com/ash_nicholson/status/333580196789772288"/>
		<document id="333674597662732288" url="https://twitter.com/ash_nicholson/status/333674597662732288"/>
		<document id="333685136686194689" url="https://twitter.com/ash_nicholson/status/333685136686194689"/>
		<document id="333685776011366400" url="https://twitter.com/ash_nicholson/status/333685776011366400"/>
		<document id="333730774622818305" url="https://twitter.com/ash_nicholson/status/333730774622818305"/>
		<document id="333731001551433729" url="https://twitter.com/ash_nicholson/status/333731001551433729"/>
		<document id="333787035645140992" url="https://twitter.com/ash_nicholson/status/333787035645140992"/>
		<document id="334446885693706240" url="https://twitter.com/ash_nicholson/status/334446885693706240"/>
		<document id="334482613773406209" url="https://twitter.com/ash_nicholson/status/334482613773406209"/>
		<document id="334764534193606656" url="https://twitter.com/ash_nicholson/status/334764534193606656"/>
		<document id="334781955075895296" url="https://twitter.com/ash_nicholson/status/334781955075895296"/>
		<document id="334782673472090112" url="https://twitter.com/ash_nicholson/status/334782673472090112"/>
		<document id="334783153057193984" url="https://twitter.com/ash_nicholson/status/334783153057193984"/>
		<document id="334783793376411649" url="https://twitter.com/ash_nicholson/status/334783793376411649"/>
		<document id="334785004112605184" url="https://twitter.com/ash_nicholson/status/334785004112605184"/>
		<document id="334849766049595393" url="https://twitter.com/ash_nicholson/status/334849766049595393"/>
		<document id="335062645268942848" url="https://twitter.com/ash_nicholson/status/335062645268942848"/>
		<document id="335080889530855425" url="https://twitter.com/ash_nicholson/status/335080889530855425"/>
		<document id="335225205494525952" url="https://twitter.com/ash_nicholson/status/335225205494525952"/>
		<document id="335243077319008256" url="https://twitter.com/ash_nicholson/status/335243077319008256"/>
		<document id="335454417979600896" url="https://twitter.com/ash_nicholson/status/335454417979600896"/>
		<document id="335487794732486656" url="https://twitter.com/ash_nicholson/status/335487794732486656"/>
		<document id="335776463561318400" url="https://twitter.com/ash_nicholson/status/335776463561318400"/>
		<document id="335840043392434176" url="https://twitter.com/ash_nicholson/status/335840043392434176"/>
		<document id="336165913072119809" url="https://twitter.com/ash_nicholson/status/336165913072119809"/>
		<document id="336907014372478976" url="https://twitter.com/ash_nicholson/status/336907014372478976"/>
		<document id="337798936700018688" url="https://twitter.com/ash_nicholson/status/337798936700018688"/>
		<document id="337799155672051714" url="https://twitter.com/ash_nicholson/status/337799155672051714"/>
		<document id="338394798568386561" url="https://twitter.com/ash_nicholson/status/338394798568386561"/>
		<document id="338418630486265856" url="https://twitter.com/ash_nicholson/status/338418630486265856"/>
		<document id="338440483393118209" url="https://twitter.com/ash_nicholson/status/338440483393118209"/>
		<document id="338804913154949120" url="https://twitter.com/ash_nicholson/status/338804913154949120"/>
		<document id="338805125827145728" url="https://twitter.com/ash_nicholson/status/338805125827145728"/>
		<document id="339344228649930752" url="https://twitter.com/ash_nicholson/status/339344228649930752"/>
		<document id="339348352925843456" url="https://twitter.com/ash_nicholson/status/339348352925843456"/>
		<document id="339551783225532417" url="https://twitter.com/ash_nicholson/status/339551783225532417"/>
		<document id="339672578450915328" url="https://twitter.com/ash_nicholson/status/339672578450915328"/>
		<document id="339685003610955776" url="https://twitter.com/ash_nicholson/status/339685003610955776"/>
		<document id="339734684323946496" url="https://twitter.com/ash_nicholson/status/339734684323946496"/>
		<document id="339736629860261888" url="https://twitter.com/ash_nicholson/status/339736629860261888"/>
		<document id="339736944688906240" url="https://twitter.com/ash_nicholson/status/339736944688906240"/>
		<document id="340497144823836672" url="https://twitter.com/ash_nicholson/status/340497144823836672"/>
		<document id="340497247047393280" url="https://twitter.com/ash_nicholson/status/340497247047393280"/>
		<document id="340892063551860736" url="https://twitter.com/ash_nicholson/status/340892063551860736"/>
		<document id="340892620123422720" url="https://twitter.com/ash_nicholson/status/340892620123422720"/>
		<document id="341018816668639233" url="https://twitter.com/ash_nicholson/status/341018816668639233"/>
		<document id="341076820512350208" url="https://twitter.com/ash_nicholson/status/341076820512350208"/>
		<document id="341340651100721152" url="https://twitter.com/ash_nicholson/status/341340651100721152"/>
		<document id="341376631467814913" url="https://twitter.com/ash_nicholson/status/341376631467814913"/>
		<document id="343190774189531136" url="https://twitter.com/ash_nicholson/status/343190774189531136"/>
		<document id="344183897225039873" url="https://twitter.com/ash_nicholson/status/344183897225039873"/>
		<document id="344184665130823680" url="https://twitter.com/ash_nicholson/status/344184665130823680"/>
		<document id="344185153146474496" url="https://twitter.com/ash_nicholson/status/344185153146474496"/>
		<document id="344289296645246976" url="https://twitter.com/ash_nicholson/status/344289296645246976"/>
		<document id="344290050797879297" url="https://twitter.com/ash_nicholson/status/344290050797879297"/>
		<document id="344291062724063232" url="https://twitter.com/ash_nicholson/status/344291062724063232"/>
		<document id="344292894535991296" url="https://twitter.com/ash_nicholson/status/344292894535991296"/>
		<document id="344294018961797120" url="https://twitter.com/ash_nicholson/status/344294018961797120"/>
		<document id="344295109476626433" url="https://twitter.com/ash_nicholson/status/344295109476626433"/>
		<document id="344493954487685120" url="https://twitter.com/ash_nicholson/status/344493954487685120"/>
		<document id="344512938826162176" url="https://twitter.com/ash_nicholson/status/344512938826162176"/>
		<document id="345940632109453312" url="https://twitter.com/ash_nicholson/status/345940632109453312"/>
		<document id="345941104824287232" url="https://twitter.com/ash_nicholson/status/345941104824287232"/>
		<document id="345955672493535232" url="https://twitter.com/ash_nicholson/status/345955672493535232"/>
		<document id="345956109540007939" url="https://twitter.com/ash_nicholson/status/345956109540007939"/>
		<document id="345956641776222209" url="https://twitter.com/ash_nicholson/status/345956641776222209"/>
		<document id="346069091964039168" url="https://twitter.com/ash_nicholson/status/346069091964039168"/>
		<document id="346094574546083840" url="https://twitter.com/ash_nicholson/status/346094574546083840"/>
		<document id="346377103442313218" url="https://twitter.com/ash_nicholson/status/346377103442313218"/>
		<document id="346380966580875264" url="https://twitter.com/ash_nicholson/status/346380966580875264"/>
		<document id="346406771272843264" url="https://twitter.com/ash_nicholson/status/346406771272843264"/>
		<document id="346407131043483648" url="https://twitter.com/ash_nicholson/status/346407131043483648"/>
		<document id="346407988044627970" url="https://twitter.com/ash_nicholson/status/346407988044627970"/>
		<document id="346411663651647488" url="https://twitter.com/ash_nicholson/status/346411663651647488"/>
		<document id="350082551207038976" url="https://twitter.com/ash_nicholson/status/350082551207038976"/>
		<document id="351516478601826304" url="https://twitter.com/ash_nicholson/status/351516478601826304"/>
		<document id="352422234389876736" url="https://twitter.com/ash_nicholson/status/352422234389876736"/>
		<document id="352423242276937728" url="https://twitter.com/ash_nicholson/status/352423242276937728"/>
		<document id="352435493616640000" url="https://twitter.com/ash_nicholson/status/352435493616640000"/>
		<document id="352435975575728128" url="https://twitter.com/ash_nicholson/status/352435975575728128"/>
		<document id="352470271820718080" url="https://twitter.com/ash_nicholson/status/352470271820718080"/>
		<document id="352478753336741888" url="https://twitter.com/ash_nicholson/status/352478753336741888"/>
		<document id="353206808690708480" url="https://twitter.com/ash_nicholson/status/353206808690708480"/>
		<document id="353290058045980672" url="https://twitter.com/ash_nicholson/status/353290058045980672"/>
		<document id="353565297199943680" url="https://twitter.com/ash_nicholson/status/353565297199943680"/>
		<document id="353565919609499649" url="https://twitter.com/ash_nicholson/status/353565919609499649"/>
		<document id="353590114364043264" url="https://twitter.com/ash_nicholson/status/353590114364043264"/>
		<document id="353591444818239488" url="https://twitter.com/ash_nicholson/status/353591444818239488"/>
		<document id="353592105672798208" url="https://twitter.com/ash_nicholson/status/353592105672798208"/>
		<document id="353874497574678528" url="https://twitter.com/ash_nicholson/status/353874497574678528"/>
		<document id="353875344043941889" url="https://twitter.com/ash_nicholson/status/353875344043941889"/>
		<document id="354572487004139520" url="https://twitter.com/ash_nicholson/status/354572487004139520"/>
		<document id="354588184514007042" url="https://twitter.com/ash_nicholson/status/354588184514007042"/>
		<document id="355772185626939393" url="https://twitter.com/ash_nicholson/status/355772185626939393"/>
		<document id="355836955407286272" url="https://twitter.com/ash_nicholson/status/355836955407286272"/>
		<document id="356072479455842304" url="https://twitter.com/ash_nicholson/status/356072479455842304"/>
		<document id="356943507660886016" url="https://twitter.com/ash_nicholson/status/356943507660886016"/>
		<document id="357559188244799489" url="https://twitter.com/ash_nicholson/status/357559188244799489"/>
		<document id="357645958508584960" url="https://twitter.com/ash_nicholson/status/357645958508584960"/>
		<document id="357651901552140288" url="https://twitter.com/ash_nicholson/status/357651901552140288"/>
		<document id="357662106755145728" url="https://twitter.com/ash_nicholson/status/357662106755145728"/>
		<document id="357662674441605120" url="https://twitter.com/ash_nicholson/status/357662674441605120"/>
		<document id="358378702192664576" url="https://twitter.com/ash_nicholson/status/358378702192664576"/>
		<document id="360496760776433664" url="https://twitter.com/ash_nicholson/status/360496760776433664"/>
		<document id="360802731855839233" url="https://twitter.com/ash_nicholson/status/360802731855839233"/>
		<document id="361333985412005889" url="https://twitter.com/ash_nicholson/status/361333985412005889"/>
		<document id="361360054659735552" url="https://twitter.com/ash_nicholson/status/361360054659735552"/>
		<document id="361542156126666752" url="https://twitter.com/ash_nicholson/status/361542156126666752"/>
		<document id="361599799440572417" url="https://twitter.com/ash_nicholson/status/361599799440572417"/>
		<document id="361600225200185344" url="https://twitter.com/ash_nicholson/status/361600225200185344"/>
		<document id="361600403814629377" url="https://twitter.com/ash_nicholson/status/361600403814629377"/>
		<document id="361619055611871233" url="https://twitter.com/ash_nicholson/status/361619055611871233"/>
		<document id="361670170801999873" url="https://twitter.com/ash_nicholson/status/361670170801999873"/>
		<document id="362733426035523584" url="https://twitter.com/ash_nicholson/status/362733426035523584"/>
		<document id="363486891410460672" url="https://twitter.com/ash_nicholson/status/363486891410460672"/>
		<document id="363488053102669824" url="https://twitter.com/ash_nicholson/status/363488053102669824"/>
		<document id="363509980948725760" url="https://twitter.com/ash_nicholson/status/363509980948725760"/>
		<document id="363510558437294080" url="https://twitter.com/ash_nicholson/status/363510558437294080"/>
		<document id="364164262190526464" url="https://twitter.com/ash_nicholson/status/364164262190526464"/>
		<document id="364497667680112640" url="https://twitter.com/ash_nicholson/status/364497667680112640"/>
		<document id="365272457898242049" url="https://twitter.com/ash_nicholson/status/365272457898242049"/>
		<document id="365945521107509250" url="https://twitter.com/ash_nicholson/status/365945521107509250"/>
		<document id="366701878744059904" url="https://twitter.com/ash_nicholson/status/366701878744059904"/>
		<document id="366735341622792192" url="https://twitter.com/ash_nicholson/status/366735341622792192"/>
		<document id="366736621128781826" url="https://twitter.com/ash_nicholson/status/366736621128781826"/>
		<document id="366737706480447489" url="https://twitter.com/ash_nicholson/status/366737706480447489"/>
		<document id="366738102057840640" url="https://twitter.com/ash_nicholson/status/366738102057840640"/>
		<document id="366738536071835650" url="https://twitter.com/ash_nicholson/status/366738536071835650"/>
		<document id="366739012393775104" url="https://twitter.com/ash_nicholson/status/366739012393775104"/>
		<document id="367448589154668544" url="https://twitter.com/ash_nicholson/status/367448589154668544"/>
		<document id="367775639895834624" url="https://twitter.com/ash_nicholson/status/367775639895834624"/>
		<document id="368183740457308161" url="https://twitter.com/ash_nicholson/status/368183740457308161"/>
		<document id="368216109725810689" url="https://twitter.com/ash_nicholson/status/368216109725810689"/>
		<document id="368230650438221824" url="https://twitter.com/ash_nicholson/status/368230650438221824"/>
		<document id="368236519792074752" url="https://twitter.com/ash_nicholson/status/368236519792074752"/>
		<document id="368248197002854400" url="https://twitter.com/ash_nicholson/status/368248197002854400"/>
		<document id="368426947057291264" url="https://twitter.com/ash_nicholson/status/368426947057291264"/>
		<document id="368445878132293632" url="https://twitter.com/ash_nicholson/status/368445878132293632"/>
		<document id="368446884865900544" url="https://twitter.com/ash_nicholson/status/368446884865900544"/>
		<document id="368472133842006016" url="https://twitter.com/ash_nicholson/status/368472133842006016"/>
		<document id="369616403932119040" url="https://twitter.com/ash_nicholson/status/369616403932119040"/>
		<document id="369620118466486273" url="https://twitter.com/ash_nicholson/status/369620118466486273"/>
		<document id="369960167989055489" url="https://twitter.com/ash_nicholson/status/369960167989055489"/>
		<document id="369978133870837760" url="https://twitter.com/ash_nicholson/status/369978133870837760"/>
		<document id="370711819457138689" url="https://twitter.com/ash_nicholson/status/370711819457138689"/>
		<document id="371274509258878977" url="https://twitter.com/ash_nicholson/status/371274509258878977"/>
		<document id="373853805156114432" url="https://twitter.com/ash_nicholson/status/373853805156114432"/>
		<document id="373885673117212672" url="https://twitter.com/ash_nicholson/status/373885673117212672"/>
		<document id="373910191802433536" url="https://twitter.com/ash_nicholson/status/373910191802433536"/>
		<document id="373975343075708928" url="https://twitter.com/ash_nicholson/status/373975343075708928"/>
		<document id="374264100769243136" url="https://twitter.com/ash_nicholson/status/374264100769243136"/>
		<document id="375658177468964864" url="https://twitter.com/ash_nicholson/status/375658177468964864"/>
		<document id="376496461435125760" url="https://twitter.com/ash_nicholson/status/376496461435125760"/>
		<document id="378702235158712320" url="https://twitter.com/ash_nicholson/status/378702235158712320"/>
		<document id="378991149866049536" url="https://twitter.com/ash_nicholson/status/378991149866049536"/>
		<document id="378994245430177792" url="https://twitter.com/ash_nicholson/status/378994245430177792"/>
		<document id="378994647315804160" url="https://twitter.com/ash_nicholson/status/378994647315804160"/>
		<document id="379010907327979520" url="https://twitter.com/ash_nicholson/status/379010907327979520"/>
		<document id="379284786210025472" url="https://twitter.com/ash_nicholson/status/379284786210025472"/>
		<document id="379428307823255552" url="https://twitter.com/ash_nicholson/status/379428307823255552"/>
		<document id="380462652944035840" url="https://twitter.com/ash_nicholson/status/380462652944035840"/>
		<document id="380507845147770880" url="https://twitter.com/ash_nicholson/status/380507845147770880"/>
		<document id="381054924601446400" url="https://twitter.com/ash_nicholson/status/381054924601446400"/>
		<document id="381055905464610816" url="https://twitter.com/ash_nicholson/status/381055905464610816"/>
		<document id="381056519649099776" url="https://twitter.com/ash_nicholson/status/381056519649099776"/>
		<document id="381057865504792576" url="https://twitter.com/ash_nicholson/status/381057865504792576"/>
		<document id="381058319634665472" url="https://twitter.com/ash_nicholson/status/381058319634665472"/>
		<document id="381059019374612480" url="https://twitter.com/ash_nicholson/status/381059019374612480"/>
		<document id="381060181498798080" url="https://twitter.com/ash_nicholson/status/381060181498798080"/>
		<document id="381423167925141504" url="https://twitter.com/ash_nicholson/status/381423167925141504"/>
		<document id="383002647260704768" url="https://twitter.com/ash_nicholson/status/383002647260704768"/>
		<document id="384099863686045696" url="https://twitter.com/ash_nicholson/status/384099863686045696"/>
		<document id="384122869716099072" url="https://twitter.com/ash_nicholson/status/384122869716099072"/>
		<document id="384123857579556864" url="https://twitter.com/ash_nicholson/status/384123857579556864"/>
		<document id="384170409626959872" url="https://twitter.com/ash_nicholson/status/384170409626959872"/>
		<document id="384170509203931137" url="https://twitter.com/ash_nicholson/status/384170509203931137"/>
		<document id="384410553219031040" url="https://twitter.com/ash_nicholson/status/384410553219031040"/>
		<document id="386687346915414017" url="https://twitter.com/ash_nicholson/status/386687346915414017"/>
		<document id="386688634931675136" url="https://twitter.com/ash_nicholson/status/386688634931675136"/>
		<document id="389158381812215808" url="https://twitter.com/ash_nicholson/status/389158381812215808"/>
		<document id="390827173776719872" url="https://twitter.com/ash_nicholson/status/390827173776719872"/>
		<document id="391211731395309568" url="https://twitter.com/ash_nicholson/status/391211731395309568"/>
		<document id="391248377427804161" url="https://twitter.com/ash_nicholson/status/391248377427804161"/>
		<document id="391662291135254528" url="https://twitter.com/ash_nicholson/status/391662291135254528"/>
		<document id="391670673703460864" url="https://twitter.com/ash_nicholson/status/391670673703460864"/>
		<document id="393518350384775168" url="https://twitter.com/ash_nicholson/status/393518350384775168"/>
		<document id="393529096640405504" url="https://twitter.com/ash_nicholson/status/393529096640405504"/>
		<document id="393902752621133824" url="https://twitter.com/ash_nicholson/status/393902752621133824"/>
		<document id="395380537894137856" url="https://twitter.com/ash_nicholson/status/395380537894137856"/>
		<document id="396498819862773760" url="https://twitter.com/ash_nicholson/status/396498819862773760"/>
		<document id="397438070091681792" url="https://twitter.com/ash_nicholson/status/397438070091681792"/>
		<document id="398664041801220096" url="https://twitter.com/ash_nicholson/status/398664041801220096"/>
		<document id="398872804214325248" url="https://twitter.com/ash_nicholson/status/398872804214325248"/>
		<document id="402672417547747328" url="https://twitter.com/ash_nicholson/status/402672417547747328"/>
		<document id="402881352582062081" url="https://twitter.com/ash_nicholson/status/402881352582062081"/>
		<document id="402924345204670464" url="https://twitter.com/ash_nicholson/status/402924345204670464"/>
		<document id="402934172563812352" url="https://twitter.com/ash_nicholson/status/402934172563812352"/>
		<document id="402935516846649345" url="https://twitter.com/ash_nicholson/status/402935516846649345"/>
		<document id="402945929029775361" url="https://twitter.com/ash_nicholson/status/402945929029775361"/>
		<document id="403005320865120257" url="https://twitter.com/ash_nicholson/status/403005320865120257"/>
		<document id="403275743452733440" url="https://twitter.com/ash_nicholson/status/403275743452733440"/>
		<document id="403342298739519490" url="https://twitter.com/ash_nicholson/status/403342298739519490"/>
		<document id="404390804946694144" url="https://twitter.com/ash_nicholson/status/404390804946694144"/>
		<document id="404433521122754560" url="https://twitter.com/ash_nicholson/status/404433521122754560"/>
		<document id="410919593952436224" url="https://twitter.com/ash_nicholson/status/410919593952436224"/>
		<document id="411314551972716544" url="https://twitter.com/ash_nicholson/status/411314551972716544"/>
		<document id="411315584086052864" url="https://twitter.com/ash_nicholson/status/411315584086052864"/>
		<document id="411339711308111872" url="https://twitter.com/ash_nicholson/status/411339711308111872"/>
		<document id="411340758835539968" url="https://twitter.com/ash_nicholson/status/411340758835539968"/>
		<document id="414590061737705472" url="https://twitter.com/ash_nicholson/status/414590061737705472"/>
		<document id="414820852371562496" url="https://twitter.com/ash_nicholson/status/414820852371562496"/>
		<document id="415324677850951680" url="https://twitter.com/ash_nicholson/status/415324677850951680"/>
		<document id="418586703151259648" url="https://twitter.com/ash_nicholson/status/418586703151259648"/>
	</documents>
</author>