<?xml version="1.0" encoding="UTF-8" standalone="no"?><author age_group="xx" gender="xx" lang="EN" type="twitter" url="https://twitter.com/prodigy_man">
	<documents count="464">
		<document id="329372591095705600" url="https://twitter.com/prodigy_man/status/329372591095705600"/>
		<document id="329372802551517184" url="https://twitter.com/prodigy_man/status/329372802551517184"/>
		<document id="329372864107139073" url="https://twitter.com/prodigy_man/status/329372864107139073"/>
		<document id="330063478381494272" url="https://twitter.com/prodigy_man/status/330063478381494272"/>
		<document id="330063645906194433" url="https://twitter.com/prodigy_man/status/330063645906194433"/>
		<document id="330063778056134658" url="https://twitter.com/prodigy_man/status/330063778056134658"/>
		<document id="330063900647247872" url="https://twitter.com/prodigy_man/status/330063900647247872"/>
		<document id="330064064740990976" url="https://twitter.com/prodigy_man/status/330064064740990976"/>
		<document id="330359489725349888" url="https://twitter.com/prodigy_man/status/330359489725349888"/>
		<document id="331425390071517184" url="https://twitter.com/prodigy_man/status/331425390071517184"/>
		<document id="331425416982183938" url="https://twitter.com/prodigy_man/status/331425416982183938"/>
		<document id="331793700734775299" url="https://twitter.com/prodigy_man/status/331793700734775299"/>
		<document id="331793799871344642" url="https://twitter.com/prodigy_man/status/331793799871344642"/>
		<document id="331793900912144384" url="https://twitter.com/prodigy_man/status/331793900912144384"/>
		<document id="332243837219110912" url="https://twitter.com/prodigy_man/status/332243837219110912"/>
		<document id="333965215857266688" url="https://twitter.com/prodigy_man/status/333965215857266688"/>
		<document id="333965367368110080" url="https://twitter.com/prodigy_man/status/333965367368110080"/>
		<document id="333966000821252097" url="https://twitter.com/prodigy_man/status/333966000821252097"/>
		<document id="334442779889500160" url="https://twitter.com/prodigy_man/status/334442779889500160"/>
		<document id="334745068600713216" url="https://twitter.com/prodigy_man/status/334745068600713216"/>
		<document id="334745189660909569" url="https://twitter.com/prodigy_man/status/334745189660909569"/>
		<document id="334745244484640771" url="https://twitter.com/prodigy_man/status/334745244484640771"/>
		<document id="335169794150129664" url="https://twitter.com/prodigy_man/status/335169794150129664"/>
		<document id="335170481030299649" url="https://twitter.com/prodigy_man/status/335170481030299649"/>
		<document id="336491903098957827" url="https://twitter.com/prodigy_man/status/336491903098957827"/>
		<document id="336492589857509376" url="https://twitter.com/prodigy_man/status/336492589857509376"/>
		<document id="336955618592174081" url="https://twitter.com/prodigy_man/status/336955618592174081"/>
		<document id="336955895252676608" url="https://twitter.com/prodigy_man/status/336955895252676608"/>
		<document id="337642567338438657" url="https://twitter.com/prodigy_man/status/337642567338438657"/>
		<document id="337642738688344064" url="https://twitter.com/prodigy_man/status/337642738688344064"/>
		<document id="337642769818480640" url="https://twitter.com/prodigy_man/status/337642769818480640"/>
		<document id="339009846059859969" url="https://twitter.com/prodigy_man/status/339009846059859969"/>
		<document id="340246284789223426" url="https://twitter.com/prodigy_man/status/340246284789223426"/>
		<document id="340246568873652224" url="https://twitter.com/prodigy_man/status/340246568873652224"/>
		<document id="340246644773773312" url="https://twitter.com/prodigy_man/status/340246644773773312"/>
		<document id="340246847312502785" url="https://twitter.com/prodigy_man/status/340246847312502785"/>
		<document id="341937276948996097" url="https://twitter.com/prodigy_man/status/341937276948996097"/>
		<document id="341937317323350017" url="https://twitter.com/prodigy_man/status/341937317323350017"/>
		<document id="341937375716466688" url="https://twitter.com/prodigy_man/status/341937375716466688"/>
		<document id="342397290834690048" url="https://twitter.com/prodigy_man/status/342397290834690048"/>
		<document id="342397587657203712" url="https://twitter.com/prodigy_man/status/342397587657203712"/>
		<document id="342397657303638017" url="https://twitter.com/prodigy_man/status/342397657303638017"/>
		<document id="342765704744931328" url="https://twitter.com/prodigy_man/status/342765704744931328"/>
		<document id="342765744058155009" url="https://twitter.com/prodigy_man/status/342765744058155009"/>
		<document id="342765831618441217" url="https://twitter.com/prodigy_man/status/342765831618441217"/>
		<document id="342765890254815232" url="https://twitter.com/prodigy_man/status/342765890254815232"/>
		<document id="342765924283207682" url="https://twitter.com/prodigy_man/status/342765924283207682"/>
		<document id="344165812443168770" url="https://twitter.com/prodigy_man/status/344165812443168770"/>
		<document id="344165837541888000" url="https://twitter.com/prodigy_man/status/344165837541888000"/>
		<document id="344166024750436353" url="https://twitter.com/prodigy_man/status/344166024750436353"/>
		<document id="344592582514450434" url="https://twitter.com/prodigy_man/status/344592582514450434"/>
		<document id="345316492113489920" url="https://twitter.com/prodigy_man/status/345316492113489920"/>
		<document id="345316523159736321" url="https://twitter.com/prodigy_man/status/345316523159736321"/>
		<document id="346344936058269699" url="https://twitter.com/prodigy_man/status/346344936058269699"/>
		<document id="346344966940942336" url="https://twitter.com/prodigy_man/status/346344966940942336"/>
		<document id="346344992232599553" url="https://twitter.com/prodigy_man/status/346344992232599553"/>
		<document id="346345019499745281" url="https://twitter.com/prodigy_man/status/346345019499745281"/>
		<document id="346345092371595264" url="https://twitter.com/prodigy_man/status/346345092371595264"/>
		<document id="346742065478135808" url="https://twitter.com/prodigy_man/status/346742065478135808"/>
		<document id="346742335104745472" url="https://twitter.com/prodigy_man/status/346742335104745472"/>
		<document id="346742364255186945" url="https://twitter.com/prodigy_man/status/346742364255186945"/>
		<document id="346742626696978432" url="https://twitter.com/prodigy_man/status/346742626696978432"/>
		<document id="347372553154748416" url="https://twitter.com/prodigy_man/status/347372553154748416"/>
		<document id="347372780716703744" url="https://twitter.com/prodigy_man/status/347372780716703744"/>
		<document id="347828519927164929" url="https://twitter.com/prodigy_man/status/347828519927164929"/>
		<document id="347828858021634048" url="https://twitter.com/prodigy_man/status/347828858021634048"/>
		<document id="347829046928875523" url="https://twitter.com/prodigy_man/status/347829046928875523"/>
		<document id="349604772464181249" url="https://twitter.com/prodigy_man/status/349604772464181249"/>
		<document id="349604859382730753" url="https://twitter.com/prodigy_man/status/349604859382730753"/>
		<document id="349604901946540032" url="https://twitter.com/prodigy_man/status/349604901946540032"/>
		<document id="350379145290719233" url="https://twitter.com/prodigy_man/status/350379145290719233"/>
		<document id="350379188768874497" url="https://twitter.com/prodigy_man/status/350379188768874497"/>
		<document id="350379574447702016" url="https://twitter.com/prodigy_man/status/350379574447702016"/>
		<document id="350379657771749378" url="https://twitter.com/prodigy_man/status/350379657771749378"/>
		<document id="351840273342537728" url="https://twitter.com/prodigy_man/status/351840273342537728"/>
		<document id="354029916322414592" url="https://twitter.com/prodigy_man/status/354029916322414592"/>
		<document id="355578823254876160" url="https://twitter.com/prodigy_man/status/355578823254876160"/>
		<document id="355578862379343873" url="https://twitter.com/prodigy_man/status/355578862379343873"/>
		<document id="355765471271854080" url="https://twitter.com/prodigy_man/status/355765471271854080"/>
		<document id="356683441804296194" url="https://twitter.com/prodigy_man/status/356683441804296194"/>
		<document id="357517111716876290" url="https://twitter.com/prodigy_man/status/357517111716876290"/>
		<document id="357517144214343682" url="https://twitter.com/prodigy_man/status/357517144214343682"/>
		<document id="357517205426024448" url="https://twitter.com/prodigy_man/status/357517205426024448"/>
		<document id="357517238909145088" url="https://twitter.com/prodigy_man/status/357517238909145088"/>
		<document id="357517282106281984" url="https://twitter.com/prodigy_man/status/357517282106281984"/>
		<document id="357998391394971648" url="https://twitter.com/prodigy_man/status/357998391394971648"/>
		<document id="357998419991740418" url="https://twitter.com/prodigy_man/status/357998419991740418"/>
		<document id="357998530276769792" url="https://twitter.com/prodigy_man/status/357998530276769792"/>
		<document id="357998560068898816" url="https://twitter.com/prodigy_man/status/357998560068898816"/>
		<document id="357998629480439808" url="https://twitter.com/prodigy_man/status/357998629480439808"/>
		<document id="359256466206625792" url="https://twitter.com/prodigy_man/status/359256466206625792"/>
		<document id="359256492353925120" url="https://twitter.com/prodigy_man/status/359256492353925120"/>
		<document id="359256637602676736" url="https://twitter.com/prodigy_man/status/359256637602676736"/>
		<document id="359811080379310080" url="https://twitter.com/prodigy_man/status/359811080379310080"/>
		<document id="359811359803842561" url="https://twitter.com/prodigy_man/status/359811359803842561"/>
		<document id="361787634005192705" url="https://twitter.com/prodigy_man/status/361787634005192705"/>
		<document id="361787951878897664" url="https://twitter.com/prodigy_man/status/361787951878897664"/>
		<document id="362580069551579137" url="https://twitter.com/prodigy_man/status/362580069551579137"/>
		<document id="362584490436079616" url="https://twitter.com/prodigy_man/status/362584490436079616"/>
		<document id="362936636725669888" url="https://twitter.com/prodigy_man/status/362936636725669888"/>
		<document id="362936816908771329" url="https://twitter.com/prodigy_man/status/362936816908771329"/>
		<document id="362936870709100544" url="https://twitter.com/prodigy_man/status/362936870709100544"/>
		<document id="362936905366642689" url="https://twitter.com/prodigy_man/status/362936905366642689"/>
		<document id="362936968335732736" url="https://twitter.com/prodigy_man/status/362936968335732736"/>
		<document id="362937019472683008" url="https://twitter.com/prodigy_man/status/362937019472683008"/>
		<document id="364505093963382785" url="https://twitter.com/prodigy_man/status/364505093963382785"/>
		<document id="364505185181118464" url="https://twitter.com/prodigy_man/status/364505185181118464"/>
		<document id="364505244559872001" url="https://twitter.com/prodigy_man/status/364505244559872001"/>
		<document id="364505336423514112" url="https://twitter.com/prodigy_man/status/364505336423514112"/>
		<document id="364505469726896128" url="https://twitter.com/prodigy_man/status/364505469726896128"/>
		<document id="364505531794210817" url="https://twitter.com/prodigy_man/status/364505531794210817"/>
		<document id="365109158221066241" url="https://twitter.com/prodigy_man/status/365109158221066241"/>
		<document id="365109305801846786" url="https://twitter.com/prodigy_man/status/365109305801846786"/>
		<document id="365396327674290176" url="https://twitter.com/prodigy_man/status/365396327674290176"/>
		<document id="365396378685407233" url="https://twitter.com/prodigy_man/status/365396378685407233"/>
		<document id="365396407269593088" url="https://twitter.com/prodigy_man/status/365396407269593088"/>
		<document id="367027545759154177" url="https://twitter.com/prodigy_man/status/367027545759154177"/>
		<document id="367027769881800705" url="https://twitter.com/prodigy_man/status/367027769881800705"/>
		<document id="367035272497606656" url="https://twitter.com/prodigy_man/status/367035272497606656"/>
		<document id="368390982342946816" url="https://twitter.com/prodigy_man/status/368390982342946816"/>
		<document id="368391046821978112" url="https://twitter.com/prodigy_man/status/368391046821978112"/>
		<document id="369595790206840832" url="https://twitter.com/prodigy_man/status/369595790206840832"/>
		<document id="369595818388381696" url="https://twitter.com/prodigy_man/status/369595818388381696"/>
		<document id="369895020184104960" url="https://twitter.com/prodigy_man/status/369895020184104960"/>
		<document id="369898514211274752" url="https://twitter.com/prodigy_man/status/369898514211274752"/>
		<document id="370261741906563072" url="https://twitter.com/prodigy_man/status/370261741906563072"/>
		<document id="370261774806683648" url="https://twitter.com/prodigy_man/status/370261774806683648"/>
		<document id="370927613373452290" url="https://twitter.com/prodigy_man/status/370927613373452290"/>
		<document id="370927943872032768" url="https://twitter.com/prodigy_man/status/370927943872032768"/>
		<document id="370931256931794944" url="https://twitter.com/prodigy_man/status/370931256931794944"/>
		<document id="372021497805541377" url="https://twitter.com/prodigy_man/status/372021497805541377"/>
		<document id="372021744699068416" url="https://twitter.com/prodigy_man/status/372021744699068416"/>
		<document id="372021852861759488" url="https://twitter.com/prodigy_man/status/372021852861759488"/>
		<document id="372022057204068352" url="https://twitter.com/prodigy_man/status/372022057204068352"/>
		<document id="372475377563607041" url="https://twitter.com/prodigy_man/status/372475377563607041"/>
		<document id="372475420026753024" url="https://twitter.com/prodigy_man/status/372475420026753024"/>
		<document id="372475469431443456" url="https://twitter.com/prodigy_man/status/372475469431443456"/>
		<document id="372475523282128896" url="https://twitter.com/prodigy_man/status/372475523282128896"/>
		<document id="372475678832082944" url="https://twitter.com/prodigy_man/status/372475678832082944"/>
		<document id="373158218781835264" url="https://twitter.com/prodigy_man/status/373158218781835264"/>
		<document id="374549721664061441" url="https://twitter.com/prodigy_man/status/374549721664061441"/>
		<document id="375730499911569408" url="https://twitter.com/prodigy_man/status/375730499911569408"/>
		<document id="375730530223812608" url="https://twitter.com/prodigy_man/status/375730530223812608"/>
		<document id="377326726302294016" url="https://twitter.com/prodigy_man/status/377326726302294016"/>
		<document id="378083215564484608" url="https://twitter.com/prodigy_man/status/378083215564484608"/>
		<document id="378083252944125952" url="https://twitter.com/prodigy_man/status/378083252944125952"/>
		<document id="378083509182550016" url="https://twitter.com/prodigy_man/status/378083509182550016"/>
		<document id="378465928221954048" url="https://twitter.com/prodigy_man/status/378465928221954048"/>
		<document id="379728207148105728" url="https://twitter.com/prodigy_man/status/379728207148105728"/>
		<document id="379728250622074881" url="https://twitter.com/prodigy_man/status/379728250622074881"/>
		<document id="379904433141723136" url="https://twitter.com/prodigy_man/status/379904433141723136"/>
		<document id="380458438972555264" url="https://twitter.com/prodigy_man/status/380458438972555264"/>
		<document id="381127746920796160" url="https://twitter.com/prodigy_man/status/381127746920796160"/>
		<document id="381915836312604672" url="https://twitter.com/prodigy_man/status/381915836312604672"/>
		<document id="381915946375315456" url="https://twitter.com/prodigy_man/status/381915946375315456"/>
		<document id="382415206145470464" url="https://twitter.com/prodigy_man/status/382415206145470464"/>
		<document id="382415234889043968" url="https://twitter.com/prodigy_man/status/382415234889043968"/>
		<document id="382415290132213760" url="https://twitter.com/prodigy_man/status/382415290132213760"/>
		<document id="382415323338526720" url="https://twitter.com/prodigy_man/status/382415323338526720"/>
		<document id="382415352283406336" url="https://twitter.com/prodigy_man/status/382415352283406336"/>
		<document id="382415379873533952" url="https://twitter.com/prodigy_man/status/382415379873533952"/>
		<document id="382644581616979968" url="https://twitter.com/prodigy_man/status/382644581616979968"/>
		<document id="383225088629174273" url="https://twitter.com/prodigy_man/status/383225088629174273"/>
		<document id="383225121952907264" url="https://twitter.com/prodigy_man/status/383225121952907264"/>
		<document id="383225202319953920" url="https://twitter.com/prodigy_man/status/383225202319953920"/>
		<document id="385162061409304576" url="https://twitter.com/prodigy_man/status/385162061409304576"/>
		<document id="385162137473015809" url="https://twitter.com/prodigy_man/status/385162137473015809"/>
		<document id="385162345640517632" url="https://twitter.com/prodigy_man/status/385162345640517632"/>
		<document id="385877919840493568" url="https://twitter.com/prodigy_man/status/385877919840493568"/>
		<document id="385877948466614272" url="https://twitter.com/prodigy_man/status/385877948466614272"/>
		<document id="385878060903317504" url="https://twitter.com/prodigy_man/status/385878060903317504"/>
		<document id="385878082491412480" url="https://twitter.com/prodigy_man/status/385878082491412480"/>
		<document id="388687878789677056" url="https://twitter.com/prodigy_man/status/388687878789677056"/>
		<document id="389505038189481984" url="https://twitter.com/prodigy_man/status/389505038189481984"/>
		<document id="389505147832770561" url="https://twitter.com/prodigy_man/status/389505147832770561"/>
		<document id="389505289394724864" url="https://twitter.com/prodigy_man/status/389505289394724864"/>
		<document id="389874498368847872" url="https://twitter.com/prodigy_man/status/389874498368847872"/>
		<document id="389874600487550977" url="https://twitter.com/prodigy_man/status/389874600487550977"/>
		<document id="389874882156044288" url="https://twitter.com/prodigy_man/status/389874882156044288"/>
		<document id="390239871043772416" url="https://twitter.com/prodigy_man/status/390239871043772416"/>
		<document id="390961258960154624" url="https://twitter.com/prodigy_man/status/390961258960154624"/>
		<document id="392382807848148992" url="https://twitter.com/prodigy_man/status/392382807848148992"/>
		<document id="392382839506747392" url="https://twitter.com/prodigy_man/status/392382839506747392"/>
		<document id="392382877611982848" url="https://twitter.com/prodigy_man/status/392382877611982848"/>
		<document id="392770384690311168" url="https://twitter.com/prodigy_man/status/392770384690311168"/>
		<document id="393134805530836992" url="https://twitter.com/prodigy_man/status/393134805530836992"/>
		<document id="393501590323089408" url="https://twitter.com/prodigy_man/status/393501590323089408"/>
		<document id="394968415539982336" url="https://twitter.com/prodigy_man/status/394968415539982336"/>
		<document id="395310103835836418" url="https://twitter.com/prodigy_man/status/395310103835836418"/>
		<document id="395310130125737984" url="https://twitter.com/prodigy_man/status/395310130125737984"/>
		<document id="395310184978862080" url="https://twitter.com/prodigy_man/status/395310184978862080"/>
		<document id="395310253199216640" url="https://twitter.com/prodigy_man/status/395310253199216640"/>
		<document id="395310338792366080" url="https://twitter.com/prodigy_man/status/395310338792366080"/>
		<document id="395310512965050368" url="https://twitter.com/prodigy_man/status/395310512965050368"/>
		<document id="395310651301564416" url="https://twitter.com/prodigy_man/status/395310651301564416"/>
		<document id="395310786072965120" url="https://twitter.com/prodigy_man/status/395310786072965120"/>
		<document id="397485429114429440" url="https://twitter.com/prodigy_man/status/397485429114429440"/>
		<document id="398213958630260737" url="https://twitter.com/prodigy_man/status/398213958630260737"/>
		<document id="398214017589579777" url="https://twitter.com/prodigy_man/status/398214017589579777"/>
		<document id="398214127383883776" url="https://twitter.com/prodigy_man/status/398214127383883776"/>
		<document id="398214669363470336" url="https://twitter.com/prodigy_man/status/398214669363470336"/>
		<document id="398543438125096960" url="https://twitter.com/prodigy_man/status/398543438125096960"/>
		<document id="399983728153210880" url="https://twitter.com/prodigy_man/status/399983728153210880"/>
		<document id="400352245956362240" url="https://twitter.com/prodigy_man/status/400352245956362240"/>
		<document id="400352271717761024" url="https://twitter.com/prodigy_man/status/400352271717761024"/>
		<document id="400773973144641537" url="https://twitter.com/prodigy_man/status/400773973144641537"/>
		<document id="400774059383734272" url="https://twitter.com/prodigy_man/status/400774059383734272"/>
		<document id="400774087015796736" url="https://twitter.com/prodigy_man/status/400774087015796736"/>
		<document id="401132196112510978" url="https://twitter.com/prodigy_man/status/401132196112510978"/>
		<document id="401132225984331776" url="https://twitter.com/prodigy_man/status/401132225984331776"/>
		<document id="401132258033012736" url="https://twitter.com/prodigy_man/status/401132258033012736"/>
		<document id="402558543913431040" url="https://twitter.com/prodigy_man/status/402558543913431040"/>
		<document id="402558705746468864" url="https://twitter.com/prodigy_man/status/402558705746468864"/>
		<document id="402945309073883137" url="https://twitter.com/prodigy_man/status/402945309073883137"/>
		<document id="405481404504371200" url="https://twitter.com/prodigy_man/status/405481404504371200"/>
		<document id="408375941472059393" url="https://twitter.com/prodigy_man/status/408375941472059393"/>
		<document id="410908424742768640" url="https://twitter.com/prodigy_man/status/410908424742768640"/>
		<document id="410909068123832320" url="https://twitter.com/prodigy_man/status/410909068123832320"/>
		<document id="411264810395770880" url="https://twitter.com/prodigy_man/status/411264810395770880"/>
		<document id="413083164458766337" url="https://twitter.com/prodigy_man/status/413083164458766337"/>
		<document id="416512720989474816" url="https://twitter.com/prodigy_man/status/416512720989474816"/>
		<document id="416512909347258369" url="https://twitter.com/prodigy_man/status/416512909347258369"/>
		<document id="417951232980832256" url="https://twitter.com/prodigy_man/status/417951232980832256"/>
		<document id="417951301331206144" url="https://twitter.com/prodigy_man/status/417951301331206144"/>
		<document id="417952122697564160" url="https://twitter.com/prodigy_man/status/417952122697564160"/>
		<document id="417952413119565824" url="https://twitter.com/prodigy_man/status/417952413119565824"/>
		<document id="417952515036958721" url="https://twitter.com/prodigy_man/status/417952515036958721"/>
		<document id="417952686856613888" url="https://twitter.com/prodigy_man/status/417952686856613888"/>
		<document id="417952984014651392" url="https://twitter.com/prodigy_man/status/417952984014651392"/>
		<document id="417953501403021312" url="https://twitter.com/prodigy_man/status/417953501403021312"/>
		<document id="417954379442814976" url="https://twitter.com/prodigy_man/status/417954379442814976"/>
		<document id="418766680177668096" url="https://twitter.com/prodigy_man/status/418766680177668096"/>
		<document id="329372591095705600" url="https://twitter.com/prodigy_man/status/329372591095705600"/>
		<document id="329372802551517184" url="https://twitter.com/prodigy_man/status/329372802551517184"/>
		<document id="329372864107139073" url="https://twitter.com/prodigy_man/status/329372864107139073"/>
		<document id="330063478381494272" url="https://twitter.com/prodigy_man/status/330063478381494272"/>
		<document id="330063645906194433" url="https://twitter.com/prodigy_man/status/330063645906194433"/>
		<document id="330063778056134658" url="https://twitter.com/prodigy_man/status/330063778056134658"/>
		<document id="330063900647247872" url="https://twitter.com/prodigy_man/status/330063900647247872"/>
		<document id="330064064740990976" url="https://twitter.com/prodigy_man/status/330064064740990976"/>
		<document id="330359489725349888" url="https://twitter.com/prodigy_man/status/330359489725349888"/>
		<document id="331425390071517184" url="https://twitter.com/prodigy_man/status/331425390071517184"/>
		<document id="331425416982183938" url="https://twitter.com/prodigy_man/status/331425416982183938"/>
		<document id="331793700734775299" url="https://twitter.com/prodigy_man/status/331793700734775299"/>
		<document id="331793799871344642" url="https://twitter.com/prodigy_man/status/331793799871344642"/>
		<document id="331793900912144384" url="https://twitter.com/prodigy_man/status/331793900912144384"/>
		<document id="332243837219110912" url="https://twitter.com/prodigy_man/status/332243837219110912"/>
		<document id="333965215857266688" url="https://twitter.com/prodigy_man/status/333965215857266688"/>
		<document id="333965367368110080" url="https://twitter.com/prodigy_man/status/333965367368110080"/>
		<document id="333966000821252097" url="https://twitter.com/prodigy_man/status/333966000821252097"/>
		<document id="334442779889500160" url="https://twitter.com/prodigy_man/status/334442779889500160"/>
		<document id="334745068600713216" url="https://twitter.com/prodigy_man/status/334745068600713216"/>
		<document id="334745189660909569" url="https://twitter.com/prodigy_man/status/334745189660909569"/>
		<document id="334745244484640771" url="https://twitter.com/prodigy_man/status/334745244484640771"/>
		<document id="335169794150129664" url="https://twitter.com/prodigy_man/status/335169794150129664"/>
		<document id="335170481030299649" url="https://twitter.com/prodigy_man/status/335170481030299649"/>
		<document id="336491903098957827" url="https://twitter.com/prodigy_man/status/336491903098957827"/>
		<document id="336492589857509376" url="https://twitter.com/prodigy_man/status/336492589857509376"/>
		<document id="336955618592174081" url="https://twitter.com/prodigy_man/status/336955618592174081"/>
		<document id="336955895252676608" url="https://twitter.com/prodigy_man/status/336955895252676608"/>
		<document id="337642567338438657" url="https://twitter.com/prodigy_man/status/337642567338438657"/>
		<document id="337642738688344064" url="https://twitter.com/prodigy_man/status/337642738688344064"/>
		<document id="337642769818480640" url="https://twitter.com/prodigy_man/status/337642769818480640"/>
		<document id="339009846059859969" url="https://twitter.com/prodigy_man/status/339009846059859969"/>
		<document id="340246284789223426" url="https://twitter.com/prodigy_man/status/340246284789223426"/>
		<document id="340246568873652224" url="https://twitter.com/prodigy_man/status/340246568873652224"/>
		<document id="340246644773773312" url="https://twitter.com/prodigy_man/status/340246644773773312"/>
		<document id="340246847312502785" url="https://twitter.com/prodigy_man/status/340246847312502785"/>
		<document id="341937276948996097" url="https://twitter.com/prodigy_man/status/341937276948996097"/>
		<document id="341937317323350017" url="https://twitter.com/prodigy_man/status/341937317323350017"/>
		<document id="341937375716466688" url="https://twitter.com/prodigy_man/status/341937375716466688"/>
		<document id="342397290834690048" url="https://twitter.com/prodigy_man/status/342397290834690048"/>
		<document id="342397587657203712" url="https://twitter.com/prodigy_man/status/342397587657203712"/>
		<document id="342397657303638017" url="https://twitter.com/prodigy_man/status/342397657303638017"/>
		<document id="342765704744931328" url="https://twitter.com/prodigy_man/status/342765704744931328"/>
		<document id="342765744058155009" url="https://twitter.com/prodigy_man/status/342765744058155009"/>
		<document id="342765831618441217" url="https://twitter.com/prodigy_man/status/342765831618441217"/>
		<document id="342765890254815232" url="https://twitter.com/prodigy_man/status/342765890254815232"/>
		<document id="342765924283207682" url="https://twitter.com/prodigy_man/status/342765924283207682"/>
		<document id="344165812443168770" url="https://twitter.com/prodigy_man/status/344165812443168770"/>
		<document id="344165837541888000" url="https://twitter.com/prodigy_man/status/344165837541888000"/>
		<document id="344166024750436353" url="https://twitter.com/prodigy_man/status/344166024750436353"/>
		<document id="344592582514450434" url="https://twitter.com/prodigy_man/status/344592582514450434"/>
		<document id="345316492113489920" url="https://twitter.com/prodigy_man/status/345316492113489920"/>
		<document id="345316523159736321" url="https://twitter.com/prodigy_man/status/345316523159736321"/>
		<document id="346344936058269699" url="https://twitter.com/prodigy_man/status/346344936058269699"/>
		<document id="346344966940942336" url="https://twitter.com/prodigy_man/status/346344966940942336"/>
		<document id="346344992232599553" url="https://twitter.com/prodigy_man/status/346344992232599553"/>
		<document id="346345019499745281" url="https://twitter.com/prodigy_man/status/346345019499745281"/>
		<document id="346345092371595264" url="https://twitter.com/prodigy_man/status/346345092371595264"/>
		<document id="346742065478135808" url="https://twitter.com/prodigy_man/status/346742065478135808"/>
		<document id="346742335104745472" url="https://twitter.com/prodigy_man/status/346742335104745472"/>
		<document id="346742364255186945" url="https://twitter.com/prodigy_man/status/346742364255186945"/>
		<document id="346742626696978432" url="https://twitter.com/prodigy_man/status/346742626696978432"/>
		<document id="347372553154748416" url="https://twitter.com/prodigy_man/status/347372553154748416"/>
		<document id="347372780716703744" url="https://twitter.com/prodigy_man/status/347372780716703744"/>
		<document id="347828519927164929" url="https://twitter.com/prodigy_man/status/347828519927164929"/>
		<document id="347828858021634048" url="https://twitter.com/prodigy_man/status/347828858021634048"/>
		<document id="347829046928875523" url="https://twitter.com/prodigy_man/status/347829046928875523"/>
		<document id="349604772464181249" url="https://twitter.com/prodigy_man/status/349604772464181249"/>
		<document id="349604859382730753" url="https://twitter.com/prodigy_man/status/349604859382730753"/>
		<document id="349604901946540032" url="https://twitter.com/prodigy_man/status/349604901946540032"/>
		<document id="350379145290719233" url="https://twitter.com/prodigy_man/status/350379145290719233"/>
		<document id="350379188768874497" url="https://twitter.com/prodigy_man/status/350379188768874497"/>
		<document id="350379574447702016" url="https://twitter.com/prodigy_man/status/350379574447702016"/>
		<document id="350379657771749378" url="https://twitter.com/prodigy_man/status/350379657771749378"/>
		<document id="351840273342537728" url="https://twitter.com/prodigy_man/status/351840273342537728"/>
		<document id="354029916322414592" url="https://twitter.com/prodigy_man/status/354029916322414592"/>
		<document id="355578823254876160" url="https://twitter.com/prodigy_man/status/355578823254876160"/>
		<document id="355578862379343873" url="https://twitter.com/prodigy_man/status/355578862379343873"/>
		<document id="355765471271854080" url="https://twitter.com/prodigy_man/status/355765471271854080"/>
		<document id="356683441804296194" url="https://twitter.com/prodigy_man/status/356683441804296194"/>
		<document id="357517111716876290" url="https://twitter.com/prodigy_man/status/357517111716876290"/>
		<document id="357517144214343682" url="https://twitter.com/prodigy_man/status/357517144214343682"/>
		<document id="357517205426024448" url="https://twitter.com/prodigy_man/status/357517205426024448"/>
		<document id="357517238909145088" url="https://twitter.com/prodigy_man/status/357517238909145088"/>
		<document id="357517282106281984" url="https://twitter.com/prodigy_man/status/357517282106281984"/>
		<document id="357998391394971648" url="https://twitter.com/prodigy_man/status/357998391394971648"/>
		<document id="357998419991740418" url="https://twitter.com/prodigy_man/status/357998419991740418"/>
		<document id="357998530276769792" url="https://twitter.com/prodigy_man/status/357998530276769792"/>
		<document id="357998560068898816" url="https://twitter.com/prodigy_man/status/357998560068898816"/>
		<document id="357998629480439808" url="https://twitter.com/prodigy_man/status/357998629480439808"/>
		<document id="359256466206625792" url="https://twitter.com/prodigy_man/status/359256466206625792"/>
		<document id="359256492353925120" url="https://twitter.com/prodigy_man/status/359256492353925120"/>
		<document id="359256637602676736" url="https://twitter.com/prodigy_man/status/359256637602676736"/>
		<document id="359811080379310080" url="https://twitter.com/prodigy_man/status/359811080379310080"/>
		<document id="359811359803842561" url="https://twitter.com/prodigy_man/status/359811359803842561"/>
		<document id="361787634005192705" url="https://twitter.com/prodigy_man/status/361787634005192705"/>
		<document id="361787951878897664" url="https://twitter.com/prodigy_man/status/361787951878897664"/>
		<document id="362580069551579137" url="https://twitter.com/prodigy_man/status/362580069551579137"/>
		<document id="362584490436079616" url="https://twitter.com/prodigy_man/status/362584490436079616"/>
		<document id="362936636725669888" url="https://twitter.com/prodigy_man/status/362936636725669888"/>
		<document id="362936816908771329" url="https://twitter.com/prodigy_man/status/362936816908771329"/>
		<document id="362936870709100544" url="https://twitter.com/prodigy_man/status/362936870709100544"/>
		<document id="362936905366642689" url="https://twitter.com/prodigy_man/status/362936905366642689"/>
		<document id="362936968335732736" url="https://twitter.com/prodigy_man/status/362936968335732736"/>
		<document id="362937019472683008" url="https://twitter.com/prodigy_man/status/362937019472683008"/>
		<document id="364505093963382785" url="https://twitter.com/prodigy_man/status/364505093963382785"/>
		<document id="364505185181118464" url="https://twitter.com/prodigy_man/status/364505185181118464"/>
		<document id="364505244559872001" url="https://twitter.com/prodigy_man/status/364505244559872001"/>
		<document id="364505336423514112" url="https://twitter.com/prodigy_man/status/364505336423514112"/>
		<document id="364505469726896128" url="https://twitter.com/prodigy_man/status/364505469726896128"/>
		<document id="364505531794210817" url="https://twitter.com/prodigy_man/status/364505531794210817"/>
		<document id="365109158221066241" url="https://twitter.com/prodigy_man/status/365109158221066241"/>
		<document id="365109305801846786" url="https://twitter.com/prodigy_man/status/365109305801846786"/>
		<document id="365396327674290176" url="https://twitter.com/prodigy_man/status/365396327674290176"/>
		<document id="365396378685407233" url="https://twitter.com/prodigy_man/status/365396378685407233"/>
		<document id="365396407269593088" url="https://twitter.com/prodigy_man/status/365396407269593088"/>
		<document id="367027545759154177" url="https://twitter.com/prodigy_man/status/367027545759154177"/>
		<document id="367027769881800705" url="https://twitter.com/prodigy_man/status/367027769881800705"/>
		<document id="367035272497606656" url="https://twitter.com/prodigy_man/status/367035272497606656"/>
		<document id="368390982342946816" url="https://twitter.com/prodigy_man/status/368390982342946816"/>
		<document id="368391046821978112" url="https://twitter.com/prodigy_man/status/368391046821978112"/>
		<document id="369595790206840832" url="https://twitter.com/prodigy_man/status/369595790206840832"/>
		<document id="369595818388381696" url="https://twitter.com/prodigy_man/status/369595818388381696"/>
		<document id="369895020184104960" url="https://twitter.com/prodigy_man/status/369895020184104960"/>
		<document id="369898514211274752" url="https://twitter.com/prodigy_man/status/369898514211274752"/>
		<document id="370261741906563072" url="https://twitter.com/prodigy_man/status/370261741906563072"/>
		<document id="370261774806683648" url="https://twitter.com/prodigy_man/status/370261774806683648"/>
		<document id="370927613373452290" url="https://twitter.com/prodigy_man/status/370927613373452290"/>
		<document id="370927943872032768" url="https://twitter.com/prodigy_man/status/370927943872032768"/>
		<document id="370931256931794944" url="https://twitter.com/prodigy_man/status/370931256931794944"/>
		<document id="372021497805541377" url="https://twitter.com/prodigy_man/status/372021497805541377"/>
		<document id="372021744699068416" url="https://twitter.com/prodigy_man/status/372021744699068416"/>
		<document id="372021852861759488" url="https://twitter.com/prodigy_man/status/372021852861759488"/>
		<document id="372022057204068352" url="https://twitter.com/prodigy_man/status/372022057204068352"/>
		<document id="372475377563607041" url="https://twitter.com/prodigy_man/status/372475377563607041"/>
		<document id="372475420026753024" url="https://twitter.com/prodigy_man/status/372475420026753024"/>
		<document id="372475469431443456" url="https://twitter.com/prodigy_man/status/372475469431443456"/>
		<document id="372475523282128896" url="https://twitter.com/prodigy_man/status/372475523282128896"/>
		<document id="372475678832082944" url="https://twitter.com/prodigy_man/status/372475678832082944"/>
		<document id="373158218781835264" url="https://twitter.com/prodigy_man/status/373158218781835264"/>
		<document id="374549721664061441" url="https://twitter.com/prodigy_man/status/374549721664061441"/>
		<document id="375730499911569408" url="https://twitter.com/prodigy_man/status/375730499911569408"/>
		<document id="375730530223812608" url="https://twitter.com/prodigy_man/status/375730530223812608"/>
		<document id="377326726302294016" url="https://twitter.com/prodigy_man/status/377326726302294016"/>
		<document id="378083215564484608" url="https://twitter.com/prodigy_man/status/378083215564484608"/>
		<document id="378083252944125952" url="https://twitter.com/prodigy_man/status/378083252944125952"/>
		<document id="378083509182550016" url="https://twitter.com/prodigy_man/status/378083509182550016"/>
		<document id="378465928221954048" url="https://twitter.com/prodigy_man/status/378465928221954048"/>
		<document id="379728207148105728" url="https://twitter.com/prodigy_man/status/379728207148105728"/>
		<document id="379728250622074881" url="https://twitter.com/prodigy_man/status/379728250622074881"/>
		<document id="379904433141723136" url="https://twitter.com/prodigy_man/status/379904433141723136"/>
		<document id="380458438972555264" url="https://twitter.com/prodigy_man/status/380458438972555264"/>
		<document id="381127746920796160" url="https://twitter.com/prodigy_man/status/381127746920796160"/>
		<document id="381915836312604672" url="https://twitter.com/prodigy_man/status/381915836312604672"/>
		<document id="381915946375315456" url="https://twitter.com/prodigy_man/status/381915946375315456"/>
		<document id="382415206145470464" url="https://twitter.com/prodigy_man/status/382415206145470464"/>
		<document id="382415234889043968" url="https://twitter.com/prodigy_man/status/382415234889043968"/>
		<document id="382415290132213760" url="https://twitter.com/prodigy_man/status/382415290132213760"/>
		<document id="382415323338526720" url="https://twitter.com/prodigy_man/status/382415323338526720"/>
		<document id="382415352283406336" url="https://twitter.com/prodigy_man/status/382415352283406336"/>
		<document id="382415379873533952" url="https://twitter.com/prodigy_man/status/382415379873533952"/>
		<document id="382644581616979968" url="https://twitter.com/prodigy_man/status/382644581616979968"/>
		<document id="383225088629174273" url="https://twitter.com/prodigy_man/status/383225088629174273"/>
		<document id="383225121952907264" url="https://twitter.com/prodigy_man/status/383225121952907264"/>
		<document id="383225202319953920" url="https://twitter.com/prodigy_man/status/383225202319953920"/>
		<document id="385162061409304576" url="https://twitter.com/prodigy_man/status/385162061409304576"/>
		<document id="385162137473015809" url="https://twitter.com/prodigy_man/status/385162137473015809"/>
		<document id="385162345640517632" url="https://twitter.com/prodigy_man/status/385162345640517632"/>
		<document id="385877919840493568" url="https://twitter.com/prodigy_man/status/385877919840493568"/>
		<document id="385877948466614272" url="https://twitter.com/prodigy_man/status/385877948466614272"/>
		<document id="385878060903317504" url="https://twitter.com/prodigy_man/status/385878060903317504"/>
		<document id="385878082491412480" url="https://twitter.com/prodigy_man/status/385878082491412480"/>
		<document id="388687878789677056" url="https://twitter.com/prodigy_man/status/388687878789677056"/>
		<document id="389505038189481984" url="https://twitter.com/prodigy_man/status/389505038189481984"/>
		<document id="389505147832770561" url="https://twitter.com/prodigy_man/status/389505147832770561"/>
		<document id="389505289394724864" url="https://twitter.com/prodigy_man/status/389505289394724864"/>
		<document id="389874498368847872" url="https://twitter.com/prodigy_man/status/389874498368847872"/>
		<document id="389874600487550977" url="https://twitter.com/prodigy_man/status/389874600487550977"/>
		<document id="389874882156044288" url="https://twitter.com/prodigy_man/status/389874882156044288"/>
		<document id="390239871043772416" url="https://twitter.com/prodigy_man/status/390239871043772416"/>
		<document id="390961258960154624" url="https://twitter.com/prodigy_man/status/390961258960154624"/>
		<document id="392382807848148992" url="https://twitter.com/prodigy_man/status/392382807848148992"/>
		<document id="392382839506747392" url="https://twitter.com/prodigy_man/status/392382839506747392"/>
		<document id="392382877611982848" url="https://twitter.com/prodigy_man/status/392382877611982848"/>
		<document id="392770384690311168" url="https://twitter.com/prodigy_man/status/392770384690311168"/>
		<document id="393134805530836992" url="https://twitter.com/prodigy_man/status/393134805530836992"/>
		<document id="393501590323089408" url="https://twitter.com/prodigy_man/status/393501590323089408"/>
		<document id="394968415539982336" url="https://twitter.com/prodigy_man/status/394968415539982336"/>
		<document id="395310103835836418" url="https://twitter.com/prodigy_man/status/395310103835836418"/>
		<document id="395310130125737984" url="https://twitter.com/prodigy_man/status/395310130125737984"/>
		<document id="395310184978862080" url="https://twitter.com/prodigy_man/status/395310184978862080"/>
		<document id="395310253199216640" url="https://twitter.com/prodigy_man/status/395310253199216640"/>
		<document id="395310338792366080" url="https://twitter.com/prodigy_man/status/395310338792366080"/>
		<document id="395310512965050368" url="https://twitter.com/prodigy_man/status/395310512965050368"/>
		<document id="395310651301564416" url="https://twitter.com/prodigy_man/status/395310651301564416"/>
		<document id="395310786072965120" url="https://twitter.com/prodigy_man/status/395310786072965120"/>
		<document id="397485429114429440" url="https://twitter.com/prodigy_man/status/397485429114429440"/>
		<document id="398213958630260737" url="https://twitter.com/prodigy_man/status/398213958630260737"/>
		<document id="398214017589579777" url="https://twitter.com/prodigy_man/status/398214017589579777"/>
		<document id="398214127383883776" url="https://twitter.com/prodigy_man/status/398214127383883776"/>
		<document id="398214669363470336" url="https://twitter.com/prodigy_man/status/398214669363470336"/>
		<document id="398543438125096960" url="https://twitter.com/prodigy_man/status/398543438125096960"/>
		<document id="399983728153210880" url="https://twitter.com/prodigy_man/status/399983728153210880"/>
		<document id="400352245956362240" url="https://twitter.com/prodigy_man/status/400352245956362240"/>
		<document id="400352271717761024" url="https://twitter.com/prodigy_man/status/400352271717761024"/>
		<document id="400773973144641537" url="https://twitter.com/prodigy_man/status/400773973144641537"/>
		<document id="400774059383734272" url="https://twitter.com/prodigy_man/status/400774059383734272"/>
		<document id="400774087015796736" url="https://twitter.com/prodigy_man/status/400774087015796736"/>
		<document id="401132196112510978" url="https://twitter.com/prodigy_man/status/401132196112510978"/>
		<document id="401132225984331776" url="https://twitter.com/prodigy_man/status/401132225984331776"/>
		<document id="401132258033012736" url="https://twitter.com/prodigy_man/status/401132258033012736"/>
		<document id="402558543913431040" url="https://twitter.com/prodigy_man/status/402558543913431040"/>
		<document id="402558705746468864" url="https://twitter.com/prodigy_man/status/402558705746468864"/>
		<document id="402945309073883137" url="https://twitter.com/prodigy_man/status/402945309073883137"/>
		<document id="405481404504371200" url="https://twitter.com/prodigy_man/status/405481404504371200"/>
		<document id="408375941472059393" url="https://twitter.com/prodigy_man/status/408375941472059393"/>
		<document id="410908424742768640" url="https://twitter.com/prodigy_man/status/410908424742768640"/>
		<document id="410909068123832320" url="https://twitter.com/prodigy_man/status/410909068123832320"/>
		<document id="411264810395770880" url="https://twitter.com/prodigy_man/status/411264810395770880"/>
		<document id="413083164458766337" url="https://twitter.com/prodigy_man/status/413083164458766337"/>
		<document id="416512720989474816" url="https://twitter.com/prodigy_man/status/416512720989474816"/>
		<document id="416512909347258369" url="https://twitter.com/prodigy_man/status/416512909347258369"/>
		<document id="417951232980832256" url="https://twitter.com/prodigy_man/status/417951232980832256"/>
		<document id="417951301331206144" url="https://twitter.com/prodigy_man/status/417951301331206144"/>
		<document id="417952122697564160" url="https://twitter.com/prodigy_man/status/417952122697564160"/>
		<document id="417952413119565824" url="https://twitter.com/prodigy_man/status/417952413119565824"/>
		<document id="417952515036958721" url="https://twitter.com/prodigy_man/status/417952515036958721"/>
		<document id="417952686856613888" url="https://twitter.com/prodigy_man/status/417952686856613888"/>
		<document id="417952984014651392" url="https://twitter.com/prodigy_man/status/417952984014651392"/>
		<document id="417953501403021312" url="https://twitter.com/prodigy_man/status/417953501403021312"/>
		<document id="417954379442814976" url="https://twitter.com/prodigy_man/status/417954379442814976"/>
		<document id="418766680177668096" url="https://twitter.com/prodigy_man/status/418766680177668096"/>
	</documents>
</author>