<?xml version="1.0" encoding="UTF-8" standalone="no"?><author age_group="xx" gender="xx" lang="EN" type="twitter" url="https://twitter.com/crisalonsofran">
	<documents count="218">
		<document id="378388221744275456" url="https://twitter.com/crisalonsofran/status/378388221744275456"/>
		<document id="379459351930339328" url="https://twitter.com/crisalonsofran/status/379459351930339328"/>
		<document id="379461770932277248" url="https://twitter.com/crisalonsofran/status/379461770932277248"/>
		<document id="379819949209821185" url="https://twitter.com/crisalonsofran/status/379819949209821185"/>
		<document id="380912505796567040" url="https://twitter.com/crisalonsofran/status/380912505796567040"/>
		<document id="380917804968325120" url="https://twitter.com/crisalonsofran/status/380917804968325120"/>
		<document id="382007044875640832" url="https://twitter.com/crisalonsofran/status/382007044875640832"/>
		<document id="382360556373422080" url="https://twitter.com/crisalonsofran/status/382360556373422080"/>
		<document id="382361719940460544" url="https://twitter.com/crisalonsofran/status/382361719940460544"/>
		<document id="382724266090696704" url="https://twitter.com/crisalonsofran/status/382724266090696704"/>
		<document id="382726077920968704" url="https://twitter.com/crisalonsofran/status/382726077920968704"/>
		<document id="382952895001276416" url="https://twitter.com/crisalonsofran/status/382952895001276416"/>
		<document id="383082772165718016" url="https://twitter.com/crisalonsofran/status/383082772165718016"/>
		<document id="383446908347219968" url="https://twitter.com/crisalonsofran/status/383446908347219968"/>
		<document id="384534328744505344" url="https://twitter.com/crisalonsofran/status/384534328744505344"/>
		<document id="384901418634575872" url="https://twitter.com/crisalonsofran/status/384901418634575872"/>
		<document id="385262225591517185" url="https://twitter.com/crisalonsofran/status/385262225591517185"/>
		<document id="385984064068399104" url="https://twitter.com/crisalonsofran/status/385984064068399104"/>
		<document id="387069269839585280" url="https://twitter.com/crisalonsofran/status/387069269839585280"/>
		<document id="387426271602302976" url="https://twitter.com/crisalonsofran/status/387426271602302976"/>
		<document id="387794363750699008" url="https://twitter.com/crisalonsofran/status/387794363750699008"/>
		<document id="387800209494794240" url="https://twitter.com/crisalonsofran/status/387800209494794240"/>
		<document id="388157543744151552" url="https://twitter.com/crisalonsofran/status/388157543744151552"/>
		<document id="388158890061205504" url="https://twitter.com/crisalonsofran/status/388158890061205504"/>
		<document id="388523600023539713" url="https://twitter.com/crisalonsofran/status/388523600023539713"/>
		<document id="388531420215246849" url="https://twitter.com/crisalonsofran/status/388531420215246849"/>
		<document id="388558464156332032" url="https://twitter.com/crisalonsofran/status/388558464156332032"/>
		<document id="388696964444872704" url="https://twitter.com/crisalonsofran/status/388696964444872704"/>
		<document id="388697658681856000" url="https://twitter.com/crisalonsofran/status/388697658681856000"/>
		<document id="390158506357035008" url="https://twitter.com/crisalonsofran/status/390158506357035008"/>
		<document id="390336923375394816" url="https://twitter.com/crisalonsofran/status/390336923375394816"/>
		<document id="391058684626743296" url="https://twitter.com/crisalonsofran/status/391058684626743296"/>
		<document id="391058896946601985" url="https://twitter.com/crisalonsofran/status/391058896946601985"/>
		<document id="392144547121074176" url="https://twitter.com/crisalonsofran/status/392144547121074176"/>
		<document id="392503404372578304" url="https://twitter.com/crisalonsofran/status/392503404372578304"/>
		<document id="392867653997457408" url="https://twitter.com/crisalonsofran/status/392867653997457408"/>
		<document id="394699645500145664" url="https://twitter.com/crisalonsofran/status/394699645500145664"/>
		<document id="395263774430486528" url="https://twitter.com/crisalonsofran/status/395263774430486528"/>
		<document id="395411845676138496" url="https://twitter.com/crisalonsofran/status/395411845676138496"/>
		<document id="397230055362805760" url="https://twitter.com/crisalonsofran/status/397230055362805760"/>
		<document id="397956003318071296" url="https://twitter.com/crisalonsofran/status/397956003318071296"/>
		<document id="398324652985950208" url="https://twitter.com/crisalonsofran/status/398324652985950208"/>
		<document id="399766594064117761" url="https://twitter.com/crisalonsofran/status/399766594064117761"/>
		<document id="400146135685156864" url="https://twitter.com/crisalonsofran/status/400146135685156864"/>
		<document id="400149096746340353" url="https://twitter.com/crisalonsofran/status/400149096746340353"/>
		<document id="400230998543454208" url="https://twitter.com/crisalonsofran/status/400230998543454208"/>
		<document id="400495359215943680" url="https://twitter.com/crisalonsofran/status/400495359215943680"/>
		<document id="400866318913519616" url="https://twitter.com/crisalonsofran/status/400866318913519616"/>
		<document id="401213289683640320" url="https://twitter.com/crisalonsofran/status/401213289683640320"/>
		<document id="401224407961440256" url="https://twitter.com/crisalonsofran/status/401224407961440256"/>
		<document id="402311259518824448" url="https://twitter.com/crisalonsofran/status/402311259518824448"/>
		<document id="402312506309226496" url="https://twitter.com/crisalonsofran/status/402312506309226496"/>
		<document id="402690066327150594" url="https://twitter.com/crisalonsofran/status/402690066327150594"/>
		<document id="402690615697092608" url="https://twitter.com/crisalonsofran/status/402690615697092608"/>
		<document id="403394063035936768" url="https://twitter.com/crisalonsofran/status/403394063035936768"/>
		<document id="403781221617909760" url="https://twitter.com/crisalonsofran/status/403781221617909760"/>
		<document id="404844064920449024" url="https://twitter.com/crisalonsofran/status/404844064920449024"/>
		<document id="405570216672772096" url="https://twitter.com/crisalonsofran/status/405570216672772096"/>
		<document id="405575381169631232" url="https://twitter.com/crisalonsofran/status/405575381169631232"/>
		<document id="405945290772856832" url="https://twitter.com/crisalonsofran/status/405945290772856832"/>
		<document id="407433792853258241" url="https://twitter.com/crisalonsofran/status/407433792853258241"/>
		<document id="408467326976000000" url="https://twitter.com/crisalonsofran/status/408467326976000000"/>
		<document id="408478867695730688" url="https://twitter.com/crisalonsofran/status/408478867695730688"/>
		<document id="409934008647036928" url="https://twitter.com/crisalonsofran/status/409934008647036928"/>
		<document id="409980218380541952" url="https://twitter.com/crisalonsofran/status/409980218380541952"/>
		<document id="410275662302167040" url="https://twitter.com/crisalonsofran/status/410275662302167040"/>
		<document id="410276047372836864" url="https://twitter.com/crisalonsofran/status/410276047372836864"/>
		<document id="410327299397922816" url="https://twitter.com/crisalonsofran/status/410327299397922816"/>
		<document id="410637370589855744" url="https://twitter.com/crisalonsofran/status/410637370589855744"/>
		<document id="410639414004420608" url="https://twitter.com/crisalonsofran/status/410639414004420608"/>
		<document id="411364990214356992" url="https://twitter.com/crisalonsofran/status/411364990214356992"/>
		<document id="411367574190829568" url="https://twitter.com/crisalonsofran/status/411367574190829568"/>
		<document id="411434690180956160" url="https://twitter.com/crisalonsofran/status/411434690180956160"/>
		<document id="412452191790583808" url="https://twitter.com/crisalonsofran/status/412452191790583808"/>
		<document id="412466744301604866" url="https://twitter.com/crisalonsofran/status/412466744301604866"/>
		<document id="412823854587731968" url="https://twitter.com/crisalonsofran/status/412823854587731968"/>
		<document id="412827785904664578" url="https://twitter.com/crisalonsofran/status/412827785904664578"/>
		<document id="413175682563207169" url="https://twitter.com/crisalonsofran/status/413175682563207169"/>
		<document id="413175756026421248" url="https://twitter.com/crisalonsofran/status/413175756026421248"/>
		<document id="413543056634167296" url="https://twitter.com/crisalonsofran/status/413543056634167296"/>
		<document id="413543607845388288" url="https://twitter.com/crisalonsofran/status/413543607845388288"/>
		<document id="414989505230172160" url="https://twitter.com/crisalonsofran/status/414989505230172160"/>
		<document id="417013019244503040" url="https://twitter.com/crisalonsofran/status/417013019244503040"/>
		<document id="417014074476867584" url="https://twitter.com/crisalonsofran/status/417014074476867584"/>
		<document id="417544110862385153" url="https://twitter.com/crisalonsofran/status/417544110862385153"/>
		<document id="417909476834828288" url="https://twitter.com/crisalonsofran/status/417909476834828288"/>
		<document id="418632587507023873" url="https://twitter.com/crisalonsofran/status/418632587507023873"/>
		<document id="420421397345607680" url="https://twitter.com/crisalonsofran/status/420421397345607680"/>
		<document id="420429043062685696" url="https://twitter.com/crisalonsofran/status/420429043062685696"/>
		<document id="420788928770097152" url="https://twitter.com/crisalonsofran/status/420788928770097152"/>
		<document id="421159829286047744" url="https://twitter.com/crisalonsofran/status/421159829286047744"/>
		<document id="421512963992727552" url="https://twitter.com/crisalonsofran/status/421512963992727552"/>
		<document id="422644307728670720" url="https://twitter.com/crisalonsofran/status/422644307728670720"/>
		<document id="423332610513698816" url="https://twitter.com/crisalonsofran/status/423332610513698816"/>
		<document id="423684089703444480" url="https://twitter.com/crisalonsofran/status/423684089703444480"/>
		<document id="424051493851787264" url="https://twitter.com/crisalonsofran/status/424051493851787264"/>
		<document id="424054403394314240" url="https://twitter.com/crisalonsofran/status/424054403394314240"/>
		<document id="425250748700454912" url="https://twitter.com/crisalonsofran/status/425250748700454912"/>
		<document id="425507337260896256" url="https://twitter.com/crisalonsofran/status/425507337260896256"/>
		<document id="425859860580671488" url="https://twitter.com/crisalonsofran/status/425859860580671488"/>
		<document id="378388221744275456" url="https://twitter.com/crisalonsofran/status/378388221744275456"/>
		<document id="379459351930339328" url="https://twitter.com/crisalonsofran/status/379459351930339328"/>
		<document id="379461770932277248" url="https://twitter.com/crisalonsofran/status/379461770932277248"/>
		<document id="379819949209821185" url="https://twitter.com/crisalonsofran/status/379819949209821185"/>
		<document id="380912505796567040" url="https://twitter.com/crisalonsofran/status/380912505796567040"/>
		<document id="380917804968325120" url="https://twitter.com/crisalonsofran/status/380917804968325120"/>
		<document id="382007044875640832" url="https://twitter.com/crisalonsofran/status/382007044875640832"/>
		<document id="382360556373422080" url="https://twitter.com/crisalonsofran/status/382360556373422080"/>
		<document id="382361719940460544" url="https://twitter.com/crisalonsofran/status/382361719940460544"/>
		<document id="382724266090696704" url="https://twitter.com/crisalonsofran/status/382724266090696704"/>
		<document id="382726077920968704" url="https://twitter.com/crisalonsofran/status/382726077920968704"/>
		<document id="382952895001276416" url="https://twitter.com/crisalonsofran/status/382952895001276416"/>
		<document id="383082772165718016" url="https://twitter.com/crisalonsofran/status/383082772165718016"/>
		<document id="383446908347219968" url="https://twitter.com/crisalonsofran/status/383446908347219968"/>
		<document id="384534328744505344" url="https://twitter.com/crisalonsofran/status/384534328744505344"/>
		<document id="384901418634575872" url="https://twitter.com/crisalonsofran/status/384901418634575872"/>
		<document id="385262225591517185" url="https://twitter.com/crisalonsofran/status/385262225591517185"/>
		<document id="385984064068399104" url="https://twitter.com/crisalonsofran/status/385984064068399104"/>
		<document id="387069269839585280" url="https://twitter.com/crisalonsofran/status/387069269839585280"/>
		<document id="387426271602302976" url="https://twitter.com/crisalonsofran/status/387426271602302976"/>
		<document id="387794363750699008" url="https://twitter.com/crisalonsofran/status/387794363750699008"/>
		<document id="387800209494794240" url="https://twitter.com/crisalonsofran/status/387800209494794240"/>
		<document id="388157543744151552" url="https://twitter.com/crisalonsofran/status/388157543744151552"/>
		<document id="388158890061205504" url="https://twitter.com/crisalonsofran/status/388158890061205504"/>
		<document id="388523600023539713" url="https://twitter.com/crisalonsofran/status/388523600023539713"/>
		<document id="388531420215246849" url="https://twitter.com/crisalonsofran/status/388531420215246849"/>
		<document id="388558464156332032" url="https://twitter.com/crisalonsofran/status/388558464156332032"/>
		<document id="388696964444872704" url="https://twitter.com/crisalonsofran/status/388696964444872704"/>
		<document id="388697658681856000" url="https://twitter.com/crisalonsofran/status/388697658681856000"/>
		<document id="390158506357035008" url="https://twitter.com/crisalonsofran/status/390158506357035008"/>
		<document id="390336923375394816" url="https://twitter.com/crisalonsofran/status/390336923375394816"/>
		<document id="391058684626743296" url="https://twitter.com/crisalonsofran/status/391058684626743296"/>
		<document id="391058896946601985" url="https://twitter.com/crisalonsofran/status/391058896946601985"/>
		<document id="392144547121074176" url="https://twitter.com/crisalonsofran/status/392144547121074176"/>
		<document id="392503404372578304" url="https://twitter.com/crisalonsofran/status/392503404372578304"/>
		<document id="392867653997457408" url="https://twitter.com/crisalonsofran/status/392867653997457408"/>
		<document id="394699645500145664" url="https://twitter.com/crisalonsofran/status/394699645500145664"/>
		<document id="395263774430486528" url="https://twitter.com/crisalonsofran/status/395263774430486528"/>
		<document id="395411845676138496" url="https://twitter.com/crisalonsofran/status/395411845676138496"/>
		<document id="397230055362805760" url="https://twitter.com/crisalonsofran/status/397230055362805760"/>
		<document id="397956003318071296" url="https://twitter.com/crisalonsofran/status/397956003318071296"/>
		<document id="398324652985950208" url="https://twitter.com/crisalonsofran/status/398324652985950208"/>
		<document id="399766594064117761" url="https://twitter.com/crisalonsofran/status/399766594064117761"/>
		<document id="400146135685156864" url="https://twitter.com/crisalonsofran/status/400146135685156864"/>
		<document id="400149096746340353" url="https://twitter.com/crisalonsofran/status/400149096746340353"/>
		<document id="400230998543454208" url="https://twitter.com/crisalonsofran/status/400230998543454208"/>
		<document id="400495359215943680" url="https://twitter.com/crisalonsofran/status/400495359215943680"/>
		<document id="400866318913519616" url="https://twitter.com/crisalonsofran/status/400866318913519616"/>
		<document id="401213289683640320" url="https://twitter.com/crisalonsofran/status/401213289683640320"/>
		<document id="401224407961440256" url="https://twitter.com/crisalonsofran/status/401224407961440256"/>
		<document id="402311259518824448" url="https://twitter.com/crisalonsofran/status/402311259518824448"/>
		<document id="402312506309226496" url="https://twitter.com/crisalonsofran/status/402312506309226496"/>
		<document id="402690066327150594" url="https://twitter.com/crisalonsofran/status/402690066327150594"/>
		<document id="402690615697092608" url="https://twitter.com/crisalonsofran/status/402690615697092608"/>
		<document id="403394063035936768" url="https://twitter.com/crisalonsofran/status/403394063035936768"/>
		<document id="403781221617909760" url="https://twitter.com/crisalonsofran/status/403781221617909760"/>
		<document id="404844064920449024" url="https://twitter.com/crisalonsofran/status/404844064920449024"/>
		<document id="405570216672772096" url="https://twitter.com/crisalonsofran/status/405570216672772096"/>
		<document id="405575381169631232" url="https://twitter.com/crisalonsofran/status/405575381169631232"/>
		<document id="405945290772856832" url="https://twitter.com/crisalonsofran/status/405945290772856832"/>
		<document id="407433792853258241" url="https://twitter.com/crisalonsofran/status/407433792853258241"/>
		<document id="408467326976000000" url="https://twitter.com/crisalonsofran/status/408467326976000000"/>
		<document id="408478867695730688" url="https://twitter.com/crisalonsofran/status/408478867695730688"/>
		<document id="409934008647036928" url="https://twitter.com/crisalonsofran/status/409934008647036928"/>
		<document id="409980218380541952" url="https://twitter.com/crisalonsofran/status/409980218380541952"/>
		<document id="410275662302167040" url="https://twitter.com/crisalonsofran/status/410275662302167040"/>
		<document id="410276047372836864" url="https://twitter.com/crisalonsofran/status/410276047372836864"/>
		<document id="410327299397922816" url="https://twitter.com/crisalonsofran/status/410327299397922816"/>
		<document id="410637370589855744" url="https://twitter.com/crisalonsofran/status/410637370589855744"/>
		<document id="410639414004420608" url="https://twitter.com/crisalonsofran/status/410639414004420608"/>
		<document id="411364990214356992" url="https://twitter.com/crisalonsofran/status/411364990214356992"/>
		<document id="411367574190829568" url="https://twitter.com/crisalonsofran/status/411367574190829568"/>
		<document id="411434690180956160" url="https://twitter.com/crisalonsofran/status/411434690180956160"/>
		<document id="412452191790583808" url="https://twitter.com/crisalonsofran/status/412452191790583808"/>
		<document id="412466744301604866" url="https://twitter.com/crisalonsofran/status/412466744301604866"/>
		<document id="412823854587731968" url="https://twitter.com/crisalonsofran/status/412823854587731968"/>
		<document id="412827785904664578" url="https://twitter.com/crisalonsofran/status/412827785904664578"/>
		<document id="413175682563207169" url="https://twitter.com/crisalonsofran/status/413175682563207169"/>
		<document id="413175756026421248" url="https://twitter.com/crisalonsofran/status/413175756026421248"/>
		<document id="413543056634167296" url="https://twitter.com/crisalonsofran/status/413543056634167296"/>
		<document id="413543607845388288" url="https://twitter.com/crisalonsofran/status/413543607845388288"/>
		<document id="414989505230172160" url="https://twitter.com/crisalonsofran/status/414989505230172160"/>
		<document id="417013019244503040" url="https://twitter.com/crisalonsofran/status/417013019244503040"/>
		<document id="417014074476867584" url="https://twitter.com/crisalonsofran/status/417014074476867584"/>
		<document id="417544110862385153" url="https://twitter.com/crisalonsofran/status/417544110862385153"/>
		<document id="417909476834828288" url="https://twitter.com/crisalonsofran/status/417909476834828288"/>
		<document id="418632587507023873" url="https://twitter.com/crisalonsofran/status/418632587507023873"/>
		<document id="420421397345607680" url="https://twitter.com/crisalonsofran/status/420421397345607680"/>
		<document id="420429043062685696" url="https://twitter.com/crisalonsofran/status/420429043062685696"/>
		<document id="420788928770097152" url="https://twitter.com/crisalonsofran/status/420788928770097152"/>
		<document id="421159829286047744" url="https://twitter.com/crisalonsofran/status/421159829286047744"/>
		<document id="421512963992727552" url="https://twitter.com/crisalonsofran/status/421512963992727552"/>
		<document id="422644307728670720" url="https://twitter.com/crisalonsofran/status/422644307728670720"/>
		<document id="423332610513698816" url="https://twitter.com/crisalonsofran/status/423332610513698816"/>
		<document id="423684089703444480" url="https://twitter.com/crisalonsofran/status/423684089703444480"/>
		<document id="424051493851787264" url="https://twitter.com/crisalonsofran/status/424051493851787264"/>
		<document id="424054403394314240" url="https://twitter.com/crisalonsofran/status/424054403394314240"/>
		<document id="425250748700454912" url="https://twitter.com/crisalonsofran/status/425250748700454912"/>
		<document id="425507337260896256" url="https://twitter.com/crisalonsofran/status/425507337260896256"/>
		<document id="425859860580671488" url="https://twitter.com/crisalonsofran/status/425859860580671488"/>
	</documents>
</author>