<?xml version="1.0" encoding="UTF-8" standalone="no"?><author age_group="xx" gender="xx" lang="EN" type="twitter" url="https://twitter.com/rrebolledo">
	<documents count="160">
		<document id="102115198348951552" url="https://twitter.com/rrebolledo/status/102115198348951552"/>
		<document id="103506958660804608" url="https://twitter.com/rrebolledo/status/103506958660804608"/>
		<document id="106094497691213824" url="https://twitter.com/rrebolledo/status/106094497691213824"/>
		<document id="123969709233274881" url="https://twitter.com/rrebolledo/status/123969709233274881"/>
		<document id="1250197747" url="https://twitter.com/rrebolledo/status/1250197747"/>
		<document id="130658334113148928" url="https://twitter.com/rrebolledo/status/130658334113148928"/>
		<document id="136128359561302017" url="https://twitter.com/rrebolledo/status/136128359561302017"/>
		<document id="136204891419975681" url="https://twitter.com/rrebolledo/status/136204891419975681"/>
		<document id="136205074895609857" url="https://twitter.com/rrebolledo/status/136205074895609857"/>
		<document id="138992163072655360" url="https://twitter.com/rrebolledo/status/138992163072655360"/>
		<document id="1473863225" url="https://twitter.com/rrebolledo/status/1473863225"/>
		<document id="162269487721234432" url="https://twitter.com/rrebolledo/status/162269487721234432"/>
		<document id="162589644461047810" url="https://twitter.com/rrebolledo/status/162589644461047810"/>
		<document id="168874099366567938" url="https://twitter.com/rrebolledo/status/168874099366567938"/>
		<document id="171565789290315776" url="https://twitter.com/rrebolledo/status/171565789290315776"/>
		<document id="216270718197956608" url="https://twitter.com/rrebolledo/status/216270718197956608"/>
		<document id="217617440388022274" url="https://twitter.com/rrebolledo/status/217617440388022274"/>
		<document id="24567225604116480" url="https://twitter.com/rrebolledo/status/24567225604116480"/>
		<document id="265141013838962688" url="https://twitter.com/rrebolledo/status/265141013838962688"/>
		<document id="271095477104177153" url="https://twitter.com/rrebolledo/status/271095477104177153"/>
		<document id="278498597937508352" url="https://twitter.com/rrebolledo/status/278498597937508352"/>
		<document id="278499047994703873" url="https://twitter.com/rrebolledo/status/278499047994703873"/>
		<document id="278499457237127170" url="https://twitter.com/rrebolledo/status/278499457237127170"/>
		<document id="278500245753716736" url="https://twitter.com/rrebolledo/status/278500245753716736"/>
		<document id="278502044040585217" url="https://twitter.com/rrebolledo/status/278502044040585217"/>
		<document id="281211349139341312" url="https://twitter.com/rrebolledo/status/281211349139341312"/>
		<document id="287274734343823361" url="https://twitter.com/rrebolledo/status/287274734343823361"/>
		<document id="287379937571241984" url="https://twitter.com/rrebolledo/status/287379937571241984"/>
		<document id="311506808193826816" url="https://twitter.com/rrebolledo/status/311506808193826816"/>
		<document id="314161993009463297" url="https://twitter.com/rrebolledo/status/314161993009463297"/>
		<document id="314519975731802113" url="https://twitter.com/rrebolledo/status/314519975731802113"/>
		<document id="314723136526512129" url="https://twitter.com/rrebolledo/status/314723136526512129"/>
		<document id="314933138700775425" url="https://twitter.com/rrebolledo/status/314933138700775425"/>
		<document id="324619856790028288" url="https://twitter.com/rrebolledo/status/324619856790028288"/>
		<document id="343133098998898689" url="https://twitter.com/rrebolledo/status/343133098998898689"/>
		<document id="347875796301512704" url="https://twitter.com/rrebolledo/status/347875796301512704"/>
		<document id="347946803909505024" url="https://twitter.com/rrebolledo/status/347946803909505024"/>
		<document id="352541337574322176" url="https://twitter.com/rrebolledo/status/352541337574322176"/>
		<document id="353596193579876352" url="https://twitter.com/rrebolledo/status/353596193579876352"/>
		<document id="361132442284855298" url="https://twitter.com/rrebolledo/status/361132442284855298"/>
		<document id="361510717460971520" url="https://twitter.com/rrebolledo/status/361510717460971520"/>
		<document id="361561547090300929" url="https://twitter.com/rrebolledo/status/361561547090300929"/>
		<document id="361687502786011136" url="https://twitter.com/rrebolledo/status/361687502786011136"/>
		<document id="363782195237756928" url="https://twitter.com/rrebolledo/status/363782195237756928"/>
		<document id="364775412338925568" url="https://twitter.com/rrebolledo/status/364775412338925568"/>
		<document id="364782473084801024" url="https://twitter.com/rrebolledo/status/364782473084801024"/>
		<document id="364792637510791169" url="https://twitter.com/rrebolledo/status/364792637510791169"/>
		<document id="364794124458659843" url="https://twitter.com/rrebolledo/status/364794124458659843"/>
		<document id="364794560460763137" url="https://twitter.com/rrebolledo/status/364794560460763137"/>
		<document id="365076420491362305" url="https://twitter.com/rrebolledo/status/365076420491362305"/>
		<document id="370174384428027904" url="https://twitter.com/rrebolledo/status/370174384428027904"/>
		<document id="371830526673702912" url="https://twitter.com/rrebolledo/status/371830526673702912"/>
		<document id="372456908600258560" url="https://twitter.com/rrebolledo/status/372456908600258560"/>
		<document id="373641989679751168" url="https://twitter.com/rrebolledo/status/373641989679751168"/>
		<document id="375266906711683072" url="https://twitter.com/rrebolledo/status/375266906711683072"/>
		<document id="376472737306644481" url="https://twitter.com/rrebolledo/status/376472737306644481"/>
		<document id="376472851626618881" url="https://twitter.com/rrebolledo/status/376472851626618881"/>
		<document id="377985009702821888" url="https://twitter.com/rrebolledo/status/377985009702821888"/>
		<document id="379688892783292416" url="https://twitter.com/rrebolledo/status/379688892783292416"/>
		<document id="381870671380234240" url="https://twitter.com/rrebolledo/status/381870671380234240"/>
		<document id="382945196691836929" url="https://twitter.com/rrebolledo/status/382945196691836929"/>
		<document id="386218492757684224" url="https://twitter.com/rrebolledo/status/386218492757684224"/>
		<document id="388692140827897856" url="https://twitter.com/rrebolledo/status/388692140827897856"/>
		<document id="390155698077593600" url="https://twitter.com/rrebolledo/status/390155698077593600"/>
		<document id="394964721637793792" url="https://twitter.com/rrebolledo/status/394964721637793792"/>
		<document id="40253435198709760" url="https://twitter.com/rrebolledo/status/40253435198709760"/>
		<document id="405154765459304448" url="https://twitter.com/rrebolledo/status/405154765459304448"/>
		<document id="410197715348254720" url="https://twitter.com/rrebolledo/status/410197715348254720"/>
		<document id="410412714641854465" url="https://twitter.com/rrebolledo/status/410412714641854465"/>
		<document id="410589706896695298" url="https://twitter.com/rrebolledo/status/410589706896695298"/>
		<document id="74212195549982720" url="https://twitter.com/rrebolledo/status/74212195549982720"/>
		<document id="76779423499681792" url="https://twitter.com/rrebolledo/status/76779423499681792"/>
		<document id="76788606827642880" url="https://twitter.com/rrebolledo/status/76788606827642880"/>
		<document id="77410294091087872" url="https://twitter.com/rrebolledo/status/77410294091087872"/>
		<document id="79243536406548480" url="https://twitter.com/rrebolledo/status/79243536406548480"/>
		<document id="83195301455867905" url="https://twitter.com/rrebolledo/status/83195301455867905"/>
		<document id="85016191491514368" url="https://twitter.com/rrebolledo/status/85016191491514368"/>
		<document id="95663452567252992" url="https://twitter.com/rrebolledo/status/95663452567252992"/>
		<document id="102115198348951552" url="https://twitter.com/rrebolledo/status/102115198348951552"/>
		<document id="103506958660804608" url="https://twitter.com/rrebolledo/status/103506958660804608"/>
		<document id="106094497691213824" url="https://twitter.com/rrebolledo/status/106094497691213824"/>
		<document id="123969709233274881" url="https://twitter.com/rrebolledo/status/123969709233274881"/>
		<document id="1250197747" url="https://twitter.com/rrebolledo/status/1250197747"/>
		<document id="130658334113148928" url="https://twitter.com/rrebolledo/status/130658334113148928"/>
		<document id="136128359561302017" url="https://twitter.com/rrebolledo/status/136128359561302017"/>
		<document id="136204891419975681" url="https://twitter.com/rrebolledo/status/136204891419975681"/>
		<document id="136205074895609857" url="https://twitter.com/rrebolledo/status/136205074895609857"/>
		<document id="138992163072655360" url="https://twitter.com/rrebolledo/status/138992163072655360"/>
		<document id="1473863225" url="https://twitter.com/rrebolledo/status/1473863225"/>
		<document id="162269487721234432" url="https://twitter.com/rrebolledo/status/162269487721234432"/>
		<document id="162589644461047810" url="https://twitter.com/rrebolledo/status/162589644461047810"/>
		<document id="168874099366567938" url="https://twitter.com/rrebolledo/status/168874099366567938"/>
		<document id="171565789290315776" url="https://twitter.com/rrebolledo/status/171565789290315776"/>
		<document id="216270718197956608" url="https://twitter.com/rrebolledo/status/216270718197956608"/>
		<document id="217617440388022274" url="https://twitter.com/rrebolledo/status/217617440388022274"/>
		<document id="24567225604116480" url="https://twitter.com/rrebolledo/status/24567225604116480"/>
		<document id="265141013838962688" url="https://twitter.com/rrebolledo/status/265141013838962688"/>
		<document id="271095477104177153" url="https://twitter.com/rrebolledo/status/271095477104177153"/>
		<document id="278498597937508352" url="https://twitter.com/rrebolledo/status/278498597937508352"/>
		<document id="278499047994703873" url="https://twitter.com/rrebolledo/status/278499047994703873"/>
		<document id="278499457237127170" url="https://twitter.com/rrebolledo/status/278499457237127170"/>
		<document id="278500245753716736" url="https://twitter.com/rrebolledo/status/278500245753716736"/>
		<document id="278502044040585217" url="https://twitter.com/rrebolledo/status/278502044040585217"/>
		<document id="281211349139341312" url="https://twitter.com/rrebolledo/status/281211349139341312"/>
		<document id="287274734343823361" url="https://twitter.com/rrebolledo/status/287274734343823361"/>
		<document id="287379937571241984" url="https://twitter.com/rrebolledo/status/287379937571241984"/>
		<document id="311506808193826816" url="https://twitter.com/rrebolledo/status/311506808193826816"/>
		<document id="314161993009463297" url="https://twitter.com/rrebolledo/status/314161993009463297"/>
		<document id="314519975731802113" url="https://twitter.com/rrebolledo/status/314519975731802113"/>
		<document id="314723136526512129" url="https://twitter.com/rrebolledo/status/314723136526512129"/>
		<document id="314933138700775425" url="https://twitter.com/rrebolledo/status/314933138700775425"/>
		<document id="324619856790028288" url="https://twitter.com/rrebolledo/status/324619856790028288"/>
		<document id="343133098998898689" url="https://twitter.com/rrebolledo/status/343133098998898689"/>
		<document id="347875796301512704" url="https://twitter.com/rrebolledo/status/347875796301512704"/>
		<document id="347946803909505024" url="https://twitter.com/rrebolledo/status/347946803909505024"/>
		<document id="352541337574322176" url="https://twitter.com/rrebolledo/status/352541337574322176"/>
		<document id="353596193579876352" url="https://twitter.com/rrebolledo/status/353596193579876352"/>
		<document id="361132442284855298" url="https://twitter.com/rrebolledo/status/361132442284855298"/>
		<document id="361510717460971520" url="https://twitter.com/rrebolledo/status/361510717460971520"/>
		<document id="361561547090300929" url="https://twitter.com/rrebolledo/status/361561547090300929"/>
		<document id="361687502786011136" url="https://twitter.com/rrebolledo/status/361687502786011136"/>
		<document id="363782195237756928" url="https://twitter.com/rrebolledo/status/363782195237756928"/>
		<document id="364775412338925568" url="https://twitter.com/rrebolledo/status/364775412338925568"/>
		<document id="364782473084801024" url="https://twitter.com/rrebolledo/status/364782473084801024"/>
		<document id="364792637510791169" url="https://twitter.com/rrebolledo/status/364792637510791169"/>
		<document id="364794124458659843" url="https://twitter.com/rrebolledo/status/364794124458659843"/>
		<document id="364794560460763137" url="https://twitter.com/rrebolledo/status/364794560460763137"/>
		<document id="365076420491362305" url="https://twitter.com/rrebolledo/status/365076420491362305"/>
		<document id="370174384428027904" url="https://twitter.com/rrebolledo/status/370174384428027904"/>
		<document id="371830526673702912" url="https://twitter.com/rrebolledo/status/371830526673702912"/>
		<document id="372456908600258560" url="https://twitter.com/rrebolledo/status/372456908600258560"/>
		<document id="373641989679751168" url="https://twitter.com/rrebolledo/status/373641989679751168"/>
		<document id="375266906711683072" url="https://twitter.com/rrebolledo/status/375266906711683072"/>
		<document id="376472737306644481" url="https://twitter.com/rrebolledo/status/376472737306644481"/>
		<document id="376472851626618881" url="https://twitter.com/rrebolledo/status/376472851626618881"/>
		<document id="377985009702821888" url="https://twitter.com/rrebolledo/status/377985009702821888"/>
		<document id="379688892783292416" url="https://twitter.com/rrebolledo/status/379688892783292416"/>
		<document id="381870671380234240" url="https://twitter.com/rrebolledo/status/381870671380234240"/>
		<document id="382945196691836929" url="https://twitter.com/rrebolledo/status/382945196691836929"/>
		<document id="386218492757684224" url="https://twitter.com/rrebolledo/status/386218492757684224"/>
		<document id="388692140827897856" url="https://twitter.com/rrebolledo/status/388692140827897856"/>
		<document id="390155698077593600" url="https://twitter.com/rrebolledo/status/390155698077593600"/>
		<document id="394964721637793792" url="https://twitter.com/rrebolledo/status/394964721637793792"/>
		<document id="40253435198709760" url="https://twitter.com/rrebolledo/status/40253435198709760"/>
		<document id="405154765459304448" url="https://twitter.com/rrebolledo/status/405154765459304448"/>
		<document id="410197715348254720" url="https://twitter.com/rrebolledo/status/410197715348254720"/>
		<document id="410412714641854465" url="https://twitter.com/rrebolledo/status/410412714641854465"/>
		<document id="410589706896695298" url="https://twitter.com/rrebolledo/status/410589706896695298"/>
		<document id="74212195549982720" url="https://twitter.com/rrebolledo/status/74212195549982720"/>
		<document id="76779423499681792" url="https://twitter.com/rrebolledo/status/76779423499681792"/>
		<document id="76788606827642880" url="https://twitter.com/rrebolledo/status/76788606827642880"/>
		<document id="77410294091087872" url="https://twitter.com/rrebolledo/status/77410294091087872"/>
		<document id="79243536406548480" url="https://twitter.com/rrebolledo/status/79243536406548480"/>
		<document id="83195301455867905" url="https://twitter.com/rrebolledo/status/83195301455867905"/>
		<document id="85016191491514368" url="https://twitter.com/rrebolledo/status/85016191491514368"/>
		<document id="95663452567252992" url="https://twitter.com/rrebolledo/status/95663452567252992"/>
	</documents>
</author>