<?xml version="1.0" encoding="UTF-8" standalone="no"?><author age_group="xx" gender="xx" lang="EN" type="twitter" url="https://twitter.com/BoulderSuZ">
	<documents count="822">
		<document id="245523101629153281" url="https://twitter.com/BoulderSuZ/status/245523101629153281"/>
		<document id="245551813737209856" url="https://twitter.com/BoulderSuZ/status/245551813737209856"/>
		<document id="245619018994688000" url="https://twitter.com/BoulderSuZ/status/245619018994688000"/>
		<document id="245661093463199744" url="https://twitter.com/BoulderSuZ/status/245661093463199744"/>
		<document id="245767878282973184" url="https://twitter.com/BoulderSuZ/status/245767878282973184"/>
		<document id="245938311452045313" url="https://twitter.com/BoulderSuZ/status/245938311452045313"/>
		<document id="245992381005037568" url="https://twitter.com/BoulderSuZ/status/245992381005037568"/>
		<document id="246067665662255104" url="https://twitter.com/BoulderSuZ/status/246067665662255104"/>
		<document id="246118598744088577" url="https://twitter.com/BoulderSuZ/status/246118598744088577"/>
		<document id="246249479861334016" url="https://twitter.com/BoulderSuZ/status/246249479861334016"/>
		<document id="246302596988551168" url="https://twitter.com/BoulderSuZ/status/246302596988551168"/>
		<document id="246307641062748160" url="https://twitter.com/BoulderSuZ/status/246307641062748160"/>
		<document id="246386165542952963" url="https://twitter.com/BoulderSuZ/status/246386165542952963"/>
		<document id="247368760363712512" url="https://twitter.com/BoulderSuZ/status/247368760363712512"/>
		<document id="247415108710567937" url="https://twitter.com/BoulderSuZ/status/247415108710567937"/>
		<document id="247417044025372672" url="https://twitter.com/BoulderSuZ/status/247417044025372672"/>
		<document id="247454414728744960" url="https://twitter.com/BoulderSuZ/status/247454414728744960"/>
		<document id="247456506470092800" url="https://twitter.com/BoulderSuZ/status/247456506470092800"/>
		<document id="247459771903508480" url="https://twitter.com/BoulderSuZ/status/247459771903508480"/>
		<document id="247539266056511488" url="https://twitter.com/BoulderSuZ/status/247539266056511488"/>
		<document id="247764888687083520" url="https://twitter.com/BoulderSuZ/status/247764888687083520"/>
		<document id="247943015593803776" url="https://twitter.com/BoulderSuZ/status/247943015593803776"/>
		<document id="248052014477606913" url="https://twitter.com/BoulderSuZ/status/248052014477606913"/>
		<document id="248087308614660096" url="https://twitter.com/BoulderSuZ/status/248087308614660096"/>
		<document id="248433014764363776" url="https://twitter.com/BoulderSuZ/status/248433014764363776"/>
		<document id="248459498396717056" url="https://twitter.com/BoulderSuZ/status/248459498396717056"/>
		<document id="248528652541779969" url="https://twitter.com/BoulderSuZ/status/248528652541779969"/>
		<document id="248655809439997952" url="https://twitter.com/BoulderSuZ/status/248655809439997952"/>
		<document id="248656175611129856" url="https://twitter.com/BoulderSuZ/status/248656175611129856"/>
		<document id="248861409490919424" url="https://twitter.com/BoulderSuZ/status/248861409490919424"/>
		<document id="249262010934632448" url="https://twitter.com/BoulderSuZ/status/249262010934632448"/>
		<document id="249369015389143042" url="https://twitter.com/BoulderSuZ/status/249369015389143042"/>
		<document id="249374818057719808" url="https://twitter.com/BoulderSuZ/status/249374818057719808"/>
		<document id="249401432317501440" url="https://twitter.com/BoulderSuZ/status/249401432317501440"/>
		<document id="249545400887963648" url="https://twitter.com/BoulderSuZ/status/249545400887963648"/>
		<document id="249547694496968704" url="https://twitter.com/BoulderSuZ/status/249547694496968704"/>
		<document id="249725293626007552" url="https://twitter.com/BoulderSuZ/status/249725293626007552"/>
		<document id="249750113390571521" url="https://twitter.com/BoulderSuZ/status/249750113390571521"/>
		<document id="249995489439784960" url="https://twitter.com/BoulderSuZ/status/249995489439784960"/>
		<document id="250286801997135872" url="https://twitter.com/BoulderSuZ/status/250286801997135872"/>
		<document id="250741466735996928" url="https://twitter.com/BoulderSuZ/status/250741466735996928"/>
		<document id="250784580011970560" url="https://twitter.com/BoulderSuZ/status/250784580011970560"/>
		<document id="250819914649194497" url="https://twitter.com/BoulderSuZ/status/250819914649194497"/>
		<document id="251395211186540545" url="https://twitter.com/BoulderSuZ/status/251395211186540545"/>
		<document id="251880745516277760" url="https://twitter.com/BoulderSuZ/status/251880745516277760"/>
		<document id="252085911196684288" url="https://twitter.com/BoulderSuZ/status/252085911196684288"/>
		<document id="252086936259420161" url="https://twitter.com/BoulderSuZ/status/252086936259420161"/>
		<document id="252126510876606467" url="https://twitter.com/BoulderSuZ/status/252126510876606467"/>
		<document id="252870309244456961" url="https://twitter.com/BoulderSuZ/status/252870309244456961"/>
		<document id="253231331616641024" url="https://twitter.com/BoulderSuZ/status/253231331616641024"/>
		<document id="253331364777164801" url="https://twitter.com/BoulderSuZ/status/253331364777164801"/>
		<document id="254003916218449921" url="https://twitter.com/BoulderSuZ/status/254003916218449921"/>
		<document id="254342017117745152" url="https://twitter.com/BoulderSuZ/status/254342017117745152"/>
		<document id="254776083348606976" url="https://twitter.com/BoulderSuZ/status/254776083348606976"/>
		<document id="255392180036845568" url="https://twitter.com/BoulderSuZ/status/255392180036845568"/>
		<document id="255537524867469312" url="https://twitter.com/BoulderSuZ/status/255537524867469312"/>
		<document id="255677408064200704" url="https://twitter.com/BoulderSuZ/status/255677408064200704"/>
		<document id="255681328140386306" url="https://twitter.com/BoulderSuZ/status/255681328140386306"/>
		<document id="257348129358233600" url="https://twitter.com/BoulderSuZ/status/257348129358233600"/>
		<document id="258437296364326912" url="https://twitter.com/BoulderSuZ/status/258437296364326912"/>
		<document id="258437760627658752" url="https://twitter.com/BoulderSuZ/status/258437760627658752"/>
		<document id="258722842470907904" url="https://twitter.com/BoulderSuZ/status/258722842470907904"/>
		<document id="258736870358401024" url="https://twitter.com/BoulderSuZ/status/258736870358401024"/>
		<document id="258776234002112512" url="https://twitter.com/BoulderSuZ/status/258776234002112512"/>
		<document id="259050055519068160" url="https://twitter.com/BoulderSuZ/status/259050055519068160"/>
		<document id="259259892391632897" url="https://twitter.com/BoulderSuZ/status/259259892391632897"/>
		<document id="259674579948158978" url="https://twitter.com/BoulderSuZ/status/259674579948158978"/>
		<document id="259765174762893313" url="https://twitter.com/BoulderSuZ/status/259765174762893313"/>
		<document id="260037282084560896" url="https://twitter.com/BoulderSuZ/status/260037282084560896"/>
		<document id="260561975107522561" url="https://twitter.com/BoulderSuZ/status/260561975107522561"/>
		<document id="260722662349864961" url="https://twitter.com/BoulderSuZ/status/260722662349864961"/>
		<document id="260740964585451520" url="https://twitter.com/BoulderSuZ/status/260740964585451520"/>
		<document id="261155960553365504" url="https://twitter.com/BoulderSuZ/status/261155960553365504"/>
		<document id="261611105682616320" url="https://twitter.com/BoulderSuZ/status/261611105682616320"/>
		<document id="261662071832317954" url="https://twitter.com/BoulderSuZ/status/261662071832317954"/>
		<document id="261999215339790338" url="https://twitter.com/BoulderSuZ/status/261999215339790338"/>
		<document id="262066974283145217" url="https://twitter.com/BoulderSuZ/status/262066974283145217"/>
		<document id="262177170233901056" url="https://twitter.com/BoulderSuZ/status/262177170233901056"/>
		<document id="262405914852728832" url="https://twitter.com/BoulderSuZ/status/262405914852728832"/>
		<document id="262406654480490496" url="https://twitter.com/BoulderSuZ/status/262406654480490496"/>
		<document id="262645770266746882" url="https://twitter.com/BoulderSuZ/status/262645770266746882"/>
		<document id="263043311294619648" url="https://twitter.com/BoulderSuZ/status/263043311294619648"/>
		<document id="263289802818977793" url="https://twitter.com/BoulderSuZ/status/263289802818977793"/>
		<document id="263292023434539009" url="https://twitter.com/BoulderSuZ/status/263292023434539009"/>
		<document id="263370541728153600" url="https://twitter.com/BoulderSuZ/status/263370541728153600"/>
		<document id="263778604813533185" url="https://twitter.com/BoulderSuZ/status/263778604813533185"/>
		<document id="263817087137509376" url="https://twitter.com/BoulderSuZ/status/263817087137509376"/>
		<document id="264137252072992768" url="https://twitter.com/BoulderSuZ/status/264137252072992768"/>
		<document id="264579121164738560" url="https://twitter.com/BoulderSuZ/status/264579121164738560"/>
		<document id="264726213665370112" url="https://twitter.com/BoulderSuZ/status/264726213665370112"/>
		<document id="264821319047200768" url="https://twitter.com/BoulderSuZ/status/264821319047200768"/>
		<document id="264898974278877184" url="https://twitter.com/BoulderSuZ/status/264898974278877184"/>
		<document id="265675208420114432" url="https://twitter.com/BoulderSuZ/status/265675208420114432"/>
		<document id="265924174286053376" url="https://twitter.com/BoulderSuZ/status/265924174286053376"/>
		<document id="266000983421771776" url="https://twitter.com/BoulderSuZ/status/266000983421771776"/>
		<document id="266648380095205376" url="https://twitter.com/BoulderSuZ/status/266648380095205376"/>
		<document id="267010765343580160" url="https://twitter.com/BoulderSuZ/status/267010765343580160"/>
		<document id="267099497203650560" url="https://twitter.com/BoulderSuZ/status/267099497203650560"/>
		<document id="267158574709493760" url="https://twitter.com/BoulderSuZ/status/267158574709493760"/>
		<document id="267160819119316992" url="https://twitter.com/BoulderSuZ/status/267160819119316992"/>
		<document id="267342356171341824" url="https://twitter.com/BoulderSuZ/status/267342356171341824"/>
		<document id="267345608946368512" url="https://twitter.com/BoulderSuZ/status/267345608946368512"/>
		<document id="267420064712646657" url="https://twitter.com/BoulderSuZ/status/267420064712646657"/>
		<document id="267451842693300224" url="https://twitter.com/BoulderSuZ/status/267451842693300224"/>
		<document id="267669578849599488" url="https://twitter.com/BoulderSuZ/status/267669578849599488"/>
		<document id="267703813685792768" url="https://twitter.com/BoulderSuZ/status/267703813685792768"/>
		<document id="268097918026784768" url="https://twitter.com/BoulderSuZ/status/268097918026784768"/>
		<document id="268154489922523137" url="https://twitter.com/BoulderSuZ/status/268154489922523137"/>
		<document id="268343164660756480" url="https://twitter.com/BoulderSuZ/status/268343164660756480"/>
		<document id="268514697224007680" url="https://twitter.com/BoulderSuZ/status/268514697224007680"/>
		<document id="268822719989170176" url="https://twitter.com/BoulderSuZ/status/268822719989170176"/>
		<document id="268938592892633088" url="https://twitter.com/BoulderSuZ/status/268938592892633088"/>
		<document id="269095779573059585" url="https://twitter.com/BoulderSuZ/status/269095779573059585"/>
		<document id="269185083678797826" url="https://twitter.com/BoulderSuZ/status/269185083678797826"/>
		<document id="269218739575197696" url="https://twitter.com/BoulderSuZ/status/269218739575197696"/>
		<document id="269549939804213248" url="https://twitter.com/BoulderSuZ/status/269549939804213248"/>
		<document id="269887397943185410" url="https://twitter.com/BoulderSuZ/status/269887397943185410"/>
		<document id="270035089411432448" url="https://twitter.com/BoulderSuZ/status/270035089411432448"/>
		<document id="270245380409667584" url="https://twitter.com/BoulderSuZ/status/270245380409667584"/>
		<document id="270248325905776641" url="https://twitter.com/BoulderSuZ/status/270248325905776641"/>
		<document id="270272235988729858" url="https://twitter.com/BoulderSuZ/status/270272235988729858"/>
		<document id="270997026555166720" url="https://twitter.com/BoulderSuZ/status/270997026555166720"/>
		<document id="271067832245170176" url="https://twitter.com/BoulderSuZ/status/271067832245170176"/>
		<document id="271439082297622528" url="https://twitter.com/BoulderSuZ/status/271439082297622528"/>
		<document id="271995437068718080" url="https://twitter.com/BoulderSuZ/status/271995437068718080"/>
		<document id="272084233852436480" url="https://twitter.com/BoulderSuZ/status/272084233852436480"/>
		<document id="272422409578110976" url="https://twitter.com/BoulderSuZ/status/272422409578110976"/>
		<document id="272476611088101376" url="https://twitter.com/BoulderSuZ/status/272476611088101376"/>
		<document id="272750073459380225" url="https://twitter.com/BoulderSuZ/status/272750073459380225"/>
		<document id="272776608966930432" url="https://twitter.com/BoulderSuZ/status/272776608966930432"/>
		<document id="273432651199832064" url="https://twitter.com/BoulderSuZ/status/273432651199832064"/>
		<document id="273533767719718912" url="https://twitter.com/BoulderSuZ/status/273533767719718912"/>
		<document id="273652602414186496" url="https://twitter.com/BoulderSuZ/status/273652602414186496"/>
		<document id="273923945282015233" url="https://twitter.com/BoulderSuZ/status/273923945282015233"/>
		<document id="274390463027478528" url="https://twitter.com/BoulderSuZ/status/274390463027478528"/>
		<document id="275111787601489920" url="https://twitter.com/BoulderSuZ/status/275111787601489920"/>
		<document id="277218544045932544" url="https://twitter.com/BoulderSuZ/status/277218544045932544"/>
		<document id="277426714454413312" url="https://twitter.com/BoulderSuZ/status/277426714454413312"/>
		<document id="278238847446421505" url="https://twitter.com/BoulderSuZ/status/278238847446421505"/>
		<document id="278302651400212480" url="https://twitter.com/BoulderSuZ/status/278302651400212480"/>
		<document id="278661262609633280" url="https://twitter.com/BoulderSuZ/status/278661262609633280"/>
		<document id="279592587785019392" url="https://twitter.com/BoulderSuZ/status/279592587785019392"/>
		<document id="279681537073610753" url="https://twitter.com/BoulderSuZ/status/279681537073610753"/>
		<document id="280678118769971201" url="https://twitter.com/BoulderSuZ/status/280678118769971201"/>
		<document id="281062521887133696" url="https://twitter.com/BoulderSuZ/status/281062521887133696"/>
		<document id="281412396302626816" url="https://twitter.com/BoulderSuZ/status/281412396302626816"/>
		<document id="282023862097547264" url="https://twitter.com/BoulderSuZ/status/282023862097547264"/>
		<document id="283392437995585536" url="https://twitter.com/BoulderSuZ/status/283392437995585536"/>
		<document id="285879145509052416" url="https://twitter.com/BoulderSuZ/status/285879145509052416"/>
		<document id="286272415225499648" url="https://twitter.com/BoulderSuZ/status/286272415225499648"/>
		<document id="286645679902838785" url="https://twitter.com/BoulderSuZ/status/286645679902838785"/>
		<document id="287585529325813761" url="https://twitter.com/BoulderSuZ/status/287585529325813761"/>
		<document id="287595529351876608" url="https://twitter.com/BoulderSuZ/status/287595529351876608"/>
		<document id="288414172323123200" url="https://twitter.com/BoulderSuZ/status/288414172323123200"/>
		<document id="288425575125774336" url="https://twitter.com/BoulderSuZ/status/288425575125774336"/>
		<document id="288481559424684032" url="https://twitter.com/BoulderSuZ/status/288481559424684032"/>
		<document id="288889259652419584" url="https://twitter.com/BoulderSuZ/status/288889259652419584"/>
		<document id="289393438758146050" url="https://twitter.com/BoulderSuZ/status/289393438758146050"/>
		<document id="289506716486365184" url="https://twitter.com/BoulderSuZ/status/289506716486365184"/>
		<document id="289699520302940160" url="https://twitter.com/BoulderSuZ/status/289699520302940160"/>
		<document id="289907686475177985" url="https://twitter.com/BoulderSuZ/status/289907686475177985"/>
		<document id="290347249203019777" url="https://twitter.com/BoulderSuZ/status/290347249203019777"/>
		<document id="290613002313535488" url="https://twitter.com/BoulderSuZ/status/290613002313535488"/>
		<document id="290683946730156033" url="https://twitter.com/BoulderSuZ/status/290683946730156033"/>
		<document id="290685039275028481" url="https://twitter.com/BoulderSuZ/status/290685039275028481"/>
		<document id="291052975923810304" url="https://twitter.com/BoulderSuZ/status/291052975923810304"/>
		<document id="291403046880149505" url="https://twitter.com/BoulderSuZ/status/291403046880149505"/>
		<document id="291943866213466112" url="https://twitter.com/BoulderSuZ/status/291943866213466112"/>
		<document id="293215808207859712" url="https://twitter.com/BoulderSuZ/status/293215808207859712"/>
		<document id="293359080318328833" url="https://twitter.com/BoulderSuZ/status/293359080318328833"/>
		<document id="293820128678793217" url="https://twitter.com/BoulderSuZ/status/293820128678793217"/>
		<document id="295050741683482624" url="https://twitter.com/BoulderSuZ/status/295050741683482624"/>
		<document id="295252458278641665" url="https://twitter.com/BoulderSuZ/status/295252458278641665"/>
		<document id="295253845024583680" url="https://twitter.com/BoulderSuZ/status/295253845024583680"/>
		<document id="295254194682728449" url="https://twitter.com/BoulderSuZ/status/295254194682728449"/>
		<document id="296286341279383552" url="https://twitter.com/BoulderSuZ/status/296286341279383552"/>
		<document id="296749034411008000" url="https://twitter.com/BoulderSuZ/status/296749034411008000"/>
		<document id="297039525035798528" url="https://twitter.com/BoulderSuZ/status/297039525035798528"/>
		<document id="297040174515384320" url="https://twitter.com/BoulderSuZ/status/297040174515384320"/>
		<document id="297943419584671744" url="https://twitter.com/BoulderSuZ/status/297943419584671744"/>
		<document id="298162179927064576" url="https://twitter.com/BoulderSuZ/status/298162179927064576"/>
		<document id="298434859922255872" url="https://twitter.com/BoulderSuZ/status/298434859922255872"/>
		<document id="299740756422295553" url="https://twitter.com/BoulderSuZ/status/299740756422295553"/>
		<document id="299983366189633536" url="https://twitter.com/BoulderSuZ/status/299983366189633536"/>
		<document id="299985577397325824" url="https://twitter.com/BoulderSuZ/status/299985577397325824"/>
		<document id="299986532566171648" url="https://twitter.com/BoulderSuZ/status/299986532566171648"/>
		<document id="300321149588496385" url="https://twitter.com/BoulderSuZ/status/300321149588496385"/>
		<document id="300625107792060417" url="https://twitter.com/BoulderSuZ/status/300625107792060417"/>
		<document id="301194323960160258" url="https://twitter.com/BoulderSuZ/status/301194323960160258"/>
		<document id="302795422009798656" url="https://twitter.com/BoulderSuZ/status/302795422009798656"/>
		<document id="302796568791232512" url="https://twitter.com/BoulderSuZ/status/302796568791232512"/>
		<document id="302911188877066240" url="https://twitter.com/BoulderSuZ/status/302911188877066240"/>
		<document id="303299463542353921" url="https://twitter.com/BoulderSuZ/status/303299463542353921"/>
		<document id="303303973534826496" url="https://twitter.com/BoulderSuZ/status/303303973534826496"/>
		<document id="303749406514102272" url="https://twitter.com/BoulderSuZ/status/303749406514102272"/>
		<document id="304018110283931649" url="https://twitter.com/BoulderSuZ/status/304018110283931649"/>
		<document id="304423485915144192" url="https://twitter.com/BoulderSuZ/status/304423485915144192"/>
		<document id="304479944111689729" url="https://twitter.com/BoulderSuZ/status/304479944111689729"/>
		<document id="304723029580193794" url="https://twitter.com/BoulderSuZ/status/304723029580193794"/>
		<document id="305454724759556096" url="https://twitter.com/BoulderSuZ/status/305454724759556096"/>
		<document id="306053002979057665" url="https://twitter.com/BoulderSuZ/status/306053002979057665"/>
		<document id="306489770845036545" url="https://twitter.com/BoulderSuZ/status/306489770845036545"/>
		<document id="306503320745418753" url="https://twitter.com/BoulderSuZ/status/306503320745418753"/>
		<document id="306552199784325121" url="https://twitter.com/BoulderSuZ/status/306552199784325121"/>
		<document id="307272959305859072" url="https://twitter.com/BoulderSuZ/status/307272959305859072"/>
		<document id="307274254632755200" url="https://twitter.com/BoulderSuZ/status/307274254632755200"/>
		<document id="307986393139908609" url="https://twitter.com/BoulderSuZ/status/307986393139908609"/>
		<document id="308444926197248000" url="https://twitter.com/BoulderSuZ/status/308444926197248000"/>
		<document id="308780643892998145" url="https://twitter.com/BoulderSuZ/status/308780643892998145"/>
		<document id="309551054784172033" url="https://twitter.com/BoulderSuZ/status/309551054784172033"/>
		<document id="309685397464707072" url="https://twitter.com/BoulderSuZ/status/309685397464707072"/>
		<document id="309729041861210114" url="https://twitter.com/BoulderSuZ/status/309729041861210114"/>
		<document id="311035320030359552" url="https://twitter.com/BoulderSuZ/status/311035320030359552"/>
		<document id="311041990504615936" url="https://twitter.com/BoulderSuZ/status/311041990504615936"/>
		<document id="311043036236886016" url="https://twitter.com/BoulderSuZ/status/311043036236886016"/>
		<document id="311046368087138304" url="https://twitter.com/BoulderSuZ/status/311046368087138304"/>
		<document id="311585889144938496" url="https://twitter.com/BoulderSuZ/status/311585889144938496"/>
		<document id="311588617011228673" url="https://twitter.com/BoulderSuZ/status/311588617011228673"/>
		<document id="311834975832006657" url="https://twitter.com/BoulderSuZ/status/311834975832006657"/>
		<document id="311835235488780288" url="https://twitter.com/BoulderSuZ/status/311835235488780288"/>
		<document id="312567781264601088" url="https://twitter.com/BoulderSuZ/status/312567781264601088"/>
		<document id="312659865430540288" url="https://twitter.com/BoulderSuZ/status/312659865430540288"/>
		<document id="312660565573132289" url="https://twitter.com/BoulderSuZ/status/312660565573132289"/>
		<document id="312661240000430080" url="https://twitter.com/BoulderSuZ/status/312661240000430080"/>
		<document id="312677996802740225" url="https://twitter.com/BoulderSuZ/status/312677996802740225"/>
		<document id="312945713367629825" url="https://twitter.com/BoulderSuZ/status/312945713367629825"/>
		<document id="312956922141741057" url="https://twitter.com/BoulderSuZ/status/312956922141741057"/>
		<document id="312997448652046337" url="https://twitter.com/BoulderSuZ/status/312997448652046337"/>
		<document id="313007440247521281" url="https://twitter.com/BoulderSuZ/status/313007440247521281"/>
		<document id="313008008487641088" url="https://twitter.com/BoulderSuZ/status/313008008487641088"/>
		<document id="313008073386119168" url="https://twitter.com/BoulderSuZ/status/313008073386119168"/>
		<document id="313008151542767618" url="https://twitter.com/BoulderSuZ/status/313008151542767618"/>
		<document id="313008217846337536" url="https://twitter.com/BoulderSuZ/status/313008217846337536"/>
		<document id="313008279926235136" url="https://twitter.com/BoulderSuZ/status/313008279926235136"/>
		<document id="313008308476837888" url="https://twitter.com/BoulderSuZ/status/313008308476837888"/>
		<document id="313008808848932864" url="https://twitter.com/BoulderSuZ/status/313008808848932864"/>
		<document id="313054372827394048" url="https://twitter.com/BoulderSuZ/status/313054372827394048"/>
		<document id="313061965146779648" url="https://twitter.com/BoulderSuZ/status/313061965146779648"/>
		<document id="313347000907210752" url="https://twitter.com/BoulderSuZ/status/313347000907210752"/>
		<document id="313347190129049600" url="https://twitter.com/BoulderSuZ/status/313347190129049600"/>
		<document id="313420306087809024" url="https://twitter.com/BoulderSuZ/status/313420306087809024"/>
		<document id="313511950623580160" url="https://twitter.com/BoulderSuZ/status/313511950623580160"/>
		<document id="313837712799064067" url="https://twitter.com/BoulderSuZ/status/313837712799064067"/>
		<document id="313840259173597184" url="https://twitter.com/BoulderSuZ/status/313840259173597184"/>
		<document id="314081761120354306" url="https://twitter.com/BoulderSuZ/status/314081761120354306"/>
		<document id="314458010682548224" url="https://twitter.com/BoulderSuZ/status/314458010682548224"/>
		<document id="314507445420580865" url="https://twitter.com/BoulderSuZ/status/314507445420580865"/>
		<document id="314604580816166912" url="https://twitter.com/BoulderSuZ/status/314604580816166912"/>
		<document id="314747695216594945" url="https://twitter.com/BoulderSuZ/status/314747695216594945"/>
		<document id="314799884358279168" url="https://twitter.com/BoulderSuZ/status/314799884358279168"/>
		<document id="315197590947897344" url="https://twitter.com/BoulderSuZ/status/315197590947897344"/>
		<document id="315332206048464896" url="https://twitter.com/BoulderSuZ/status/315332206048464896"/>
		<document id="315547546225373184" url="https://twitter.com/BoulderSuZ/status/315547546225373184"/>
		<document id="315650074698989568" url="https://twitter.com/BoulderSuZ/status/315650074698989568"/>
		<document id="315872043570700289" url="https://twitter.com/BoulderSuZ/status/315872043570700289"/>
		<document id="316005696179167232" url="https://twitter.com/BoulderSuZ/status/316005696179167232"/>
		<document id="316202349360197632" url="https://twitter.com/BoulderSuZ/status/316202349360197632"/>
		<document id="316339804012961794" url="https://twitter.com/BoulderSuZ/status/316339804012961794"/>
		<document id="316554556337188865" url="https://twitter.com/BoulderSuZ/status/316554556337188865"/>
		<document id="316606838248452096" url="https://twitter.com/BoulderSuZ/status/316606838248452096"/>
		<document id="316768584405745664" url="https://twitter.com/BoulderSuZ/status/316768584405745664"/>
		<document id="316769630259654656" url="https://twitter.com/BoulderSuZ/status/316769630259654656"/>
		<document id="316920337751220226" url="https://twitter.com/BoulderSuZ/status/316920337751220226"/>
		<document id="316996854275514369" url="https://twitter.com/BoulderSuZ/status/316996854275514369"/>
		<document id="317083502090784769" url="https://twitter.com/BoulderSuZ/status/317083502090784769"/>
		<document id="317278303281086464" url="https://twitter.com/BoulderSuZ/status/317278303281086464"/>
		<document id="317283274135334913" url="https://twitter.com/BoulderSuZ/status/317283274135334913"/>
		<document id="317286691335454720" url="https://twitter.com/BoulderSuZ/status/317286691335454720"/>
		<document id="317634974696222720" url="https://twitter.com/BoulderSuZ/status/317634974696222720"/>
		<document id="318185032864915456" url="https://twitter.com/BoulderSuZ/status/318185032864915456"/>
		<document id="318411096040030208" url="https://twitter.com/BoulderSuZ/status/318411096040030208"/>
		<document id="318438701959098368" url="https://twitter.com/BoulderSuZ/status/318438701959098368"/>
		<document id="318443340326658048" url="https://twitter.com/BoulderSuZ/status/318443340326658048"/>
		<document id="318729686572208128" url="https://twitter.com/BoulderSuZ/status/318729686572208128"/>
		<document id="318763998810083328" url="https://twitter.com/BoulderSuZ/status/318763998810083328"/>
		<document id="319094771022958592" url="https://twitter.com/BoulderSuZ/status/319094771022958592"/>
		<document id="319192666690695168" url="https://twitter.com/BoulderSuZ/status/319192666690695168"/>
		<document id="319283418187841536" url="https://twitter.com/BoulderSuZ/status/319283418187841536"/>
		<document id="319309929888501760" url="https://twitter.com/BoulderSuZ/status/319309929888501760"/>
		<document id="319322584908959745" url="https://twitter.com/BoulderSuZ/status/319322584908959745"/>
		<document id="319324185811886080" url="https://twitter.com/BoulderSuZ/status/319324185811886080"/>
		<document id="319328539893706755" url="https://twitter.com/BoulderSuZ/status/319328539893706755"/>
		<document id="319331732606300160" url="https://twitter.com/BoulderSuZ/status/319331732606300160"/>
		<document id="319335621384601600" url="https://twitter.com/BoulderSuZ/status/319335621384601600"/>
		<document id="319336699194904577" url="https://twitter.com/BoulderSuZ/status/319336699194904577"/>
		<document id="319451867295916032" url="https://twitter.com/BoulderSuZ/status/319451867295916032"/>
		<document id="319454654612250624" url="https://twitter.com/BoulderSuZ/status/319454654612250624"/>
		<document id="319464074184372224" url="https://twitter.com/BoulderSuZ/status/319464074184372224"/>
		<document id="319468890612711425" url="https://twitter.com/BoulderSuZ/status/319468890612711425"/>
		<document id="319675226579431425" url="https://twitter.com/BoulderSuZ/status/319675226579431425"/>
		<document id="319680132921036800" url="https://twitter.com/BoulderSuZ/status/319680132921036800"/>
		<document id="319684474994569217" url="https://twitter.com/BoulderSuZ/status/319684474994569217"/>
		<document id="319685556072222720" url="https://twitter.com/BoulderSuZ/status/319685556072222720"/>
		<document id="319694121767944192" url="https://twitter.com/BoulderSuZ/status/319694121767944192"/>
		<document id="319828114018549761" url="https://twitter.com/BoulderSuZ/status/319828114018549761"/>
		<document id="319829767329296385" url="https://twitter.com/BoulderSuZ/status/319829767329296385"/>
		<document id="319831149281173505" url="https://twitter.com/BoulderSuZ/status/319831149281173505"/>
		<document id="319832654440714241" url="https://twitter.com/BoulderSuZ/status/319832654440714241"/>
		<document id="319904809358618625" url="https://twitter.com/BoulderSuZ/status/319904809358618625"/>
		<document id="319946773160419328" url="https://twitter.com/BoulderSuZ/status/319946773160419328"/>
		<document id="319987061320998913" url="https://twitter.com/BoulderSuZ/status/319987061320998913"/>
		<document id="320043471983484928" url="https://twitter.com/BoulderSuZ/status/320043471983484928"/>
		<document id="320184143520624640" url="https://twitter.com/BoulderSuZ/status/320184143520624640"/>
		<document id="320188735356542976" url="https://twitter.com/BoulderSuZ/status/320188735356542976"/>
		<document id="320207284888301568" url="https://twitter.com/BoulderSuZ/status/320207284888301568"/>
		<document id="320391025677975553" url="https://twitter.com/BoulderSuZ/status/320391025677975553"/>
		<document id="320437664396492800" url="https://twitter.com/BoulderSuZ/status/320437664396492800"/>
		<document id="320569238815387648" url="https://twitter.com/BoulderSuZ/status/320569238815387648"/>
		<document id="320594399639764993" url="https://twitter.com/BoulderSuZ/status/320594399639764993"/>
		<document id="320598583609008128" url="https://twitter.com/BoulderSuZ/status/320598583609008128"/>
		<document id="320601809217523714" url="https://twitter.com/BoulderSuZ/status/320601809217523714"/>
		<document id="320650874068287488" url="https://twitter.com/BoulderSuZ/status/320650874068287488"/>
		<document id="320709848817872896" url="https://twitter.com/BoulderSuZ/status/320709848817872896"/>
		<document id="321076289320652801" url="https://twitter.com/BoulderSuZ/status/321076289320652801"/>
		<document id="321076788337983490" url="https://twitter.com/BoulderSuZ/status/321076788337983490"/>
		<document id="321088899126525952" url="https://twitter.com/BoulderSuZ/status/321088899126525952"/>
		<document id="321247836563968000" url="https://twitter.com/BoulderSuZ/status/321247836563968000"/>
		<document id="321279657712439296" url="https://twitter.com/BoulderSuZ/status/321279657712439296"/>
		<document id="321369030151794689" url="https://twitter.com/BoulderSuZ/status/321369030151794689"/>
		<document id="321446670401417217" url="https://twitter.com/BoulderSuZ/status/321446670401417217"/>
		<document id="321453024025399297" url="https://twitter.com/BoulderSuZ/status/321453024025399297"/>
		<document id="321477824009621504" url="https://twitter.com/BoulderSuZ/status/321477824009621504"/>
		<document id="321698203844096001" url="https://twitter.com/BoulderSuZ/status/321698203844096001"/>
		<document id="321712582144692224" url="https://twitter.com/BoulderSuZ/status/321712582144692224"/>
		<document id="321777207074779136" url="https://twitter.com/BoulderSuZ/status/321777207074779136"/>
		<document id="322015294530916352" url="https://twitter.com/BoulderSuZ/status/322015294530916352"/>
		<document id="322168053901168640" url="https://twitter.com/BoulderSuZ/status/322168053901168640"/>
		<document id="322371953535094786" url="https://twitter.com/BoulderSuZ/status/322371953535094786"/>
		<document id="322383441515667456" url="https://twitter.com/BoulderSuZ/status/322383441515667456"/>
		<document id="322483048492982272" url="https://twitter.com/BoulderSuZ/status/322483048492982272"/>
		<document id="322604108718686208" url="https://twitter.com/BoulderSuZ/status/322604108718686208"/>
		<document id="322608449085112320" url="https://twitter.com/BoulderSuZ/status/322608449085112320"/>
		<document id="322726300861227009" url="https://twitter.com/BoulderSuZ/status/322726300861227009"/>
		<document id="322789324590546944" url="https://twitter.com/BoulderSuZ/status/322789324590546944"/>
		<document id="322792089706430466" url="https://twitter.com/BoulderSuZ/status/322792089706430466"/>
		<document id="322923893503426564" url="https://twitter.com/BoulderSuZ/status/322923893503426564"/>
		<document id="322927305099988992" url="https://twitter.com/BoulderSuZ/status/322927305099988992"/>
		<document id="322956360012664832" url="https://twitter.com/BoulderSuZ/status/322956360012664832"/>
		<document id="322957131684904962" url="https://twitter.com/BoulderSuZ/status/322957131684904962"/>
		<document id="323170722560233474" url="https://twitter.com/BoulderSuZ/status/323170722560233474"/>
		<document id="323247611224150016" url="https://twitter.com/BoulderSuZ/status/323247611224150016"/>
		<document id="323466988955516930" url="https://twitter.com/BoulderSuZ/status/323466988955516930"/>
		<document id="323468518999871488" url="https://twitter.com/BoulderSuZ/status/323468518999871488"/>
		<document id="323470761866194945" url="https://twitter.com/BoulderSuZ/status/323470761866194945"/>
		<document id="323473389325004800" url="https://twitter.com/BoulderSuZ/status/323473389325004800"/>
		<document id="323473709987930112" url="https://twitter.com/BoulderSuZ/status/323473709987930112"/>
		<document id="323658023329492992" url="https://twitter.com/BoulderSuZ/status/323658023329492992"/>
		<document id="323848240468471809" url="https://twitter.com/BoulderSuZ/status/323848240468471809"/>
		<document id="323927317808300032" url="https://twitter.com/BoulderSuZ/status/323927317808300032"/>
		<document id="323929974971179008" url="https://twitter.com/BoulderSuZ/status/323929974971179008"/>
		<document id="323930588551720960" url="https://twitter.com/BoulderSuZ/status/323930588551720960"/>
		<document id="323934129374773249" url="https://twitter.com/BoulderSuZ/status/323934129374773249"/>
		<document id="323935679316889600" url="https://twitter.com/BoulderSuZ/status/323935679316889600"/>
		<document id="323937829010939904" url="https://twitter.com/BoulderSuZ/status/323937829010939904"/>
		<document id="323941105546698754" url="https://twitter.com/BoulderSuZ/status/323941105546698754"/>
		<document id="323995581271924739" url="https://twitter.com/BoulderSuZ/status/323995581271924739"/>
		<document id="324188146575228928" url="https://twitter.com/BoulderSuZ/status/324188146575228928"/>
		<document id="324198338394214400" url="https://twitter.com/BoulderSuZ/status/324198338394214400"/>
		<document id="324216982817882112" url="https://twitter.com/BoulderSuZ/status/324216982817882112"/>
		<document id="324340435462004737" url="https://twitter.com/BoulderSuZ/status/324340435462004737"/>
		<document id="324352778426281984" url="https://twitter.com/BoulderSuZ/status/324352778426281984"/>
		<document id="324356885685866498" url="https://twitter.com/BoulderSuZ/status/324356885685866498"/>
		<document id="324533505524633600" url="https://twitter.com/BoulderSuZ/status/324533505524633600"/>
		<document id="324560433593847808" url="https://twitter.com/BoulderSuZ/status/324560433593847808"/>
		<document id="324653905105526784" url="https://twitter.com/BoulderSuZ/status/324653905105526784"/>
		<document id="324694744737382400" url="https://twitter.com/BoulderSuZ/status/324694744737382400"/>
		<document id="324704637649305601" url="https://twitter.com/BoulderSuZ/status/324704637649305601"/>
		<document id="324924184381771776" url="https://twitter.com/BoulderSuZ/status/324924184381771776"/>
		<document id="324926163984207872" url="https://twitter.com/BoulderSuZ/status/324926163984207872"/>
		<document id="324934590953316352" url="https://twitter.com/BoulderSuZ/status/324934590953316352"/>
		<document id="324992630448590848" url="https://twitter.com/BoulderSuZ/status/324992630448590848"/>
		<document id="325023315947311104" url="https://twitter.com/BoulderSuZ/status/325023315947311104"/>
		<document id="325032392609914880" url="https://twitter.com/BoulderSuZ/status/325032392609914880"/>
		<document id="325230520109780992" url="https://twitter.com/BoulderSuZ/status/325230520109780992"/>
		<document id="325232865115787265" url="https://twitter.com/BoulderSuZ/status/325232865115787265"/>
		<document id="325353025365479424" url="https://twitter.com/BoulderSuZ/status/325353025365479424"/>
		<document id="325619636152438785" url="https://twitter.com/BoulderSuZ/status/325619636152438785"/>
		<document id="325637486346911744" url="https://twitter.com/BoulderSuZ/status/325637486346911744"/>
		<document id="325667689228021760" url="https://twitter.com/BoulderSuZ/status/325667689228021760"/>
		<document id="325672399779553281" url="https://twitter.com/BoulderSuZ/status/325672399779553281"/>
		<document id="325675851985346560" url="https://twitter.com/BoulderSuZ/status/325675851985346560"/>
		<document id="325726557282918401" url="https://twitter.com/BoulderSuZ/status/325726557282918401"/>
		<document id="325730243723808768" url="https://twitter.com/BoulderSuZ/status/325730243723808768"/>
		<document id="325732414418722817" url="https://twitter.com/BoulderSuZ/status/325732414418722817"/>
		<document id="325732996718145537" url="https://twitter.com/BoulderSuZ/status/325732996718145537"/>
		<document id="326319973024792576" url="https://twitter.com/BoulderSuZ/status/326319973024792576"/>
		<document id="326359292099833856" url="https://twitter.com/BoulderSuZ/status/326359292099833856"/>
		<document id="326408181347672064" url="https://twitter.com/BoulderSuZ/status/326408181347672064"/>
		<document id="327077952867143680" url="https://twitter.com/BoulderSuZ/status/327077952867143680"/>
		<document id="327080667387142144" url="https://twitter.com/BoulderSuZ/status/327080667387142144"/>
		<document id="327199252734435328" url="https://twitter.com/BoulderSuZ/status/327199252734435328"/>
		<document id="327213345436491777" url="https://twitter.com/BoulderSuZ/status/327213345436491777"/>
		<document id="327242747641753600" url="https://twitter.com/BoulderSuZ/status/327242747641753600"/>
		<document id="327250201297428480" url="https://twitter.com/BoulderSuZ/status/327250201297428480"/>
		<document id="327629877769555968" url="https://twitter.com/BoulderSuZ/status/327629877769555968"/>
		<document id="327810583682502657" url="https://twitter.com/BoulderSuZ/status/327810583682502657"/>
		<document id="327998431119417344" url="https://twitter.com/BoulderSuZ/status/327998431119417344"/>
		<document id="328000953892626432" url="https://twitter.com/BoulderSuZ/status/328000953892626432"/>
		<document id="328325210946273280" url="https://twitter.com/BoulderSuZ/status/328325210946273280"/>
		<document id="328375842298269696" url="https://twitter.com/BoulderSuZ/status/328375842298269696"/>
		<document id="328889224759750656" url="https://twitter.com/BoulderSuZ/status/328889224759750656"/>
		<document id="328960180119281664" url="https://twitter.com/BoulderSuZ/status/328960180119281664"/>
		<document id="328961170998431745" url="https://twitter.com/BoulderSuZ/status/328961170998431745"/>
		<document id="329268867576762368" url="https://twitter.com/BoulderSuZ/status/329268867576762368"/>
		<document id="329281212201988097" url="https://twitter.com/BoulderSuZ/status/329281212201988097"/>
		<document id="329367237679017984" url="https://twitter.com/BoulderSuZ/status/329367237679017984"/>
		<document id="329652391840456705" url="https://twitter.com/BoulderSuZ/status/329652391840456705"/>
		<document id="329727312486608896" url="https://twitter.com/BoulderSuZ/status/329727312486608896"/>
		<document id="329729027411701761" url="https://twitter.com/BoulderSuZ/status/329729027411701761"/>
		<document id="329746891967451137" url="https://twitter.com/BoulderSuZ/status/329746891967451137"/>
		<document id="329749162272882689" url="https://twitter.com/BoulderSuZ/status/329749162272882689"/>
		<document id="329856317370019843" url="https://twitter.com/BoulderSuZ/status/329856317370019843"/>
		<document id="330080400875593728" url="https://twitter.com/BoulderSuZ/status/330080400875593728"/>
		<document id="330082380943597570" url="https://twitter.com/BoulderSuZ/status/330082380943597570"/>
		<document id="330342630191923200" url="https://twitter.com/BoulderSuZ/status/330342630191923200"/>
		<document id="330896160279642113" url="https://twitter.com/BoulderSuZ/status/330896160279642113"/>
		<document id="330936018058502144" url="https://twitter.com/BoulderSuZ/status/330936018058502144"/>
		<document id="330941129384157185" url="https://twitter.com/BoulderSuZ/status/330941129384157185"/>
		<document id="331104097828761600" url="https://twitter.com/BoulderSuZ/status/331104097828761600"/>
		<document id="331116453296234496" url="https://twitter.com/BoulderSuZ/status/331116453296234496"/>
		<document id="331494988514983936" url="https://twitter.com/BoulderSuZ/status/331494988514983936"/>
		<document id="331836890288373761" url="https://twitter.com/BoulderSuZ/status/331836890288373761"/>
		<document id="331839754880548864" url="https://twitter.com/BoulderSuZ/status/331839754880548864"/>
		<document id="332029752552603648" url="https://twitter.com/BoulderSuZ/status/332029752552603648"/>
		<document id="332034389993209856" url="https://twitter.com/BoulderSuZ/status/332034389993209856"/>
		<document id="332279989544300544" url="https://twitter.com/BoulderSuZ/status/332279989544300544"/>
		<document id="332508484841140225" url="https://twitter.com/BoulderSuZ/status/332508484841140225"/>
		<document id="332572448522391552" url="https://twitter.com/BoulderSuZ/status/332572448522391552"/>
		<document id="332646548141903874" url="https://twitter.com/BoulderSuZ/status/332646548141903874"/>
		<document id="332858071971946496" url="https://twitter.com/BoulderSuZ/status/332858071971946496"/>
		<document id="332863196341866498" url="https://twitter.com/BoulderSuZ/status/332863196341866498"/>
		<document id="332873946846339072" url="https://twitter.com/BoulderSuZ/status/332873946846339072"/>
		<document id="332880631367364610" url="https://twitter.com/BoulderSuZ/status/332880631367364610"/>
		<document id="332889811536977922" url="https://twitter.com/BoulderSuZ/status/332889811536977922"/>
		<document id="333058242274004994" url="https://twitter.com/BoulderSuZ/status/333058242274004994"/>
		<document id="333102347377078272" url="https://twitter.com/BoulderSuZ/status/333102347377078272"/>
		<document id="333221749606998018" url="https://twitter.com/BoulderSuZ/status/333221749606998018"/>
		<document id="333229550471364608" url="https://twitter.com/BoulderSuZ/status/333229550471364608"/>
		<document id="333315229788303360" url="https://twitter.com/BoulderSuZ/status/333315229788303360"/>
		<document id="333348056676311040" url="https://twitter.com/BoulderSuZ/status/333348056676311040"/>
		<document id="333353964110241792" url="https://twitter.com/BoulderSuZ/status/333353964110241792"/>
		<document id="333376345977520128" url="https://twitter.com/BoulderSuZ/status/333376345977520128"/>
		<document id="333443957323354112" url="https://twitter.com/BoulderSuZ/status/333443957323354112"/>
		<document id="333454772990525440" url="https://twitter.com/BoulderSuZ/status/333454772990525440"/>
		<document id="333619733960216576" url="https://twitter.com/BoulderSuZ/status/333619733960216576"/>
		<document id="333628250729373696" url="https://twitter.com/BoulderSuZ/status/333628250729373696"/>
		<document id="333691188454490113" url="https://twitter.com/BoulderSuZ/status/333691188454490113"/>
		<document id="333813418660356096" url="https://twitter.com/BoulderSuZ/status/333813418660356096"/>
		<document id="333814340157321216" url="https://twitter.com/BoulderSuZ/status/333814340157321216"/>
		<document id="333814732140199937" url="https://twitter.com/BoulderSuZ/status/333814732140199937"/>
		<document id="333990866056278017" url="https://twitter.com/BoulderSuZ/status/333990866056278017"/>
		<document id="334524225098502144" url="https://twitter.com/BoulderSuZ/status/334524225098502144"/>
		<document id="334664842323562496" url="https://twitter.com/BoulderSuZ/status/334664842323562496"/>
		<document id="334770557612601344" url="https://twitter.com/BoulderSuZ/status/334770557612601344"/>
		<document id="335059438253793280" url="https://twitter.com/BoulderSuZ/status/335059438253793280"/>
		<document id="335171484249096193" url="https://twitter.com/BoulderSuZ/status/335171484249096193"/>
		<document id="335404064617664512" url="https://twitter.com/BoulderSuZ/status/335404064617664512"/>
		<document id="335404602449088512" url="https://twitter.com/BoulderSuZ/status/335404602449088512"/>
		<document id="335439470734225408" url="https://twitter.com/BoulderSuZ/status/335439470734225408"/>
		<document id="335804767165100032" url="https://twitter.com/BoulderSuZ/status/335804767165100032"/>
		<document id="336112347322134531" url="https://twitter.com/BoulderSuZ/status/336112347322134531"/>
		<document id="336113066234241025" url="https://twitter.com/BoulderSuZ/status/336113066234241025"/>
		<document id="336118585997012992" url="https://twitter.com/BoulderSuZ/status/336118585997012992"/>
		<document id="336124001749454849" url="https://twitter.com/BoulderSuZ/status/336124001749454849"/>
		<document id="337084263562366976" url="https://twitter.com/BoulderSuZ/status/337084263562366976"/>
		<document id="337297721822158849" url="https://twitter.com/BoulderSuZ/status/337297721822158849"/>
		<document id="337593272648224768" url="https://twitter.com/BoulderSuZ/status/337593272648224768"/>
		<document id="337613948494938114" url="https://twitter.com/BoulderSuZ/status/337613948494938114"/>
		<document id="337708638611312640" url="https://twitter.com/BoulderSuZ/status/337708638611312640"/>
		<document id="337709659475562496" url="https://twitter.com/BoulderSuZ/status/337709659475562496"/>
		<document id="337745539682684928" url="https://twitter.com/BoulderSuZ/status/337745539682684928"/>
		<document id="337751120258678784" url="https://twitter.com/BoulderSuZ/status/337751120258678784"/>
		<document id="337752560037425152" url="https://twitter.com/BoulderSuZ/status/337752560037425152"/>
		<document id="337752797367898112" url="https://twitter.com/BoulderSuZ/status/337752797367898112"/>
		<document id="337758933936656385" url="https://twitter.com/BoulderSuZ/status/337758933936656385"/>
		<document id="337761030891507712" url="https://twitter.com/BoulderSuZ/status/337761030891507712"/>
		<document id="337763886474350592" url="https://twitter.com/BoulderSuZ/status/337763886474350592"/>
		<document id="337947865462751232" url="https://twitter.com/BoulderSuZ/status/337947865462751232"/>
		<document id="338085875038711808" url="https://twitter.com/BoulderSuZ/status/338085875038711808"/>
		<document id="338094981875118080" url="https://twitter.com/BoulderSuZ/status/338094981875118080"/>
		<document id="338145969180901376" url="https://twitter.com/BoulderSuZ/status/338145969180901376"/>
		<document id="338319584039936000" url="https://twitter.com/BoulderSuZ/status/338319584039936000"/>
		<document id="338324945367080961" url="https://twitter.com/BoulderSuZ/status/338324945367080961"/>
		<document id="338345616713347072" url="https://twitter.com/BoulderSuZ/status/338345616713347072"/>
		<document id="338351835104546817" url="https://twitter.com/BoulderSuZ/status/338351835104546817"/>
		<document id="338507392209788928" url="https://twitter.com/BoulderSuZ/status/338507392209788928"/>
		<document id="338643789881171968" url="https://twitter.com/BoulderSuZ/status/338643789881171968"/>
		<document id="338699373619838976" url="https://twitter.com/BoulderSuZ/status/338699373619838976"/>
		<document id="339003785911336961" url="https://twitter.com/BoulderSuZ/status/339003785911336961"/>
		<document id="339003827334299650" url="https://twitter.com/BoulderSuZ/status/339003827334299650"/>
		<document id="339149553691402240" url="https://twitter.com/BoulderSuZ/status/339149553691402240"/>
		<document id="339519722443927552" url="https://twitter.com/BoulderSuZ/status/339519722443927552"/>
		<document id="339547358830407681" url="https://twitter.com/BoulderSuZ/status/339547358830407681"/>
		<document id="339576073455030272" url="https://twitter.com/BoulderSuZ/status/339576073455030272"/>
		<document id="339729774278758400" url="https://twitter.com/BoulderSuZ/status/339729774278758400"/>
		<document id="339851469723426816" url="https://twitter.com/BoulderSuZ/status/339851469723426816"/>
		<document id="339885666555006978" url="https://twitter.com/BoulderSuZ/status/339885666555006978"/>
		<document id="339886789143711744" url="https://twitter.com/BoulderSuZ/status/339886789143711744"/>
		<document id="339890531704397824" url="https://twitter.com/BoulderSuZ/status/339890531704397824"/>
		<document id="339944775761403905" url="https://twitter.com/BoulderSuZ/status/339944775761403905"/>
		<document id="339945294240296961" url="https://twitter.com/BoulderSuZ/status/339945294240296961"/>
		<document id="339946100465213440" url="https://twitter.com/BoulderSuZ/status/339946100465213440"/>
		<document id="339947853508136960" url="https://twitter.com/BoulderSuZ/status/339947853508136960"/>
		<document id="339948010601598978" url="https://twitter.com/BoulderSuZ/status/339948010601598978"/>
		<document id="339948279095767041" url="https://twitter.com/BoulderSuZ/status/339948279095767041"/>
		<document id="339948508750696451" url="https://twitter.com/BoulderSuZ/status/339948508750696451"/>
		<document id="339979616766808065" url="https://twitter.com/BoulderSuZ/status/339979616766808065"/>
		<document id="340159616111489024" url="https://twitter.com/BoulderSuZ/status/340159616111489024"/>
		<document id="340160132883283968" url="https://twitter.com/BoulderSuZ/status/340160132883283968"/>
		<document id="340161514092761088" url="https://twitter.com/BoulderSuZ/status/340161514092761088"/>
		<document id="340177236625858561" url="https://twitter.com/BoulderSuZ/status/340177236625858561"/>
		<document id="340177820938534912" url="https://twitter.com/BoulderSuZ/status/340177820938534912"/>
		<document id="340178213647028224" url="https://twitter.com/BoulderSuZ/status/340178213647028224"/>
		<document id="340199568903901184" url="https://twitter.com/BoulderSuZ/status/340199568903901184"/>
		<document id="340200752758804480" url="https://twitter.com/BoulderSuZ/status/340200752758804480"/>
		<document id="340209626287075329" url="https://twitter.com/BoulderSuZ/status/340209626287075329"/>
		<document id="340213655650058241" url="https://twitter.com/BoulderSuZ/status/340213655650058241"/>
		<document id="340216969141841920" url="https://twitter.com/BoulderSuZ/status/340216969141841920"/>
		<document id="340218112945291264" url="https://twitter.com/BoulderSuZ/status/340218112945291264"/>
		<document id="340230848974553088" url="https://twitter.com/BoulderSuZ/status/340230848974553088"/>
		<document id="340237285469585409" url="https://twitter.com/BoulderSuZ/status/340237285469585409"/>
		<document id="340237816460087297" url="https://twitter.com/BoulderSuZ/status/340237816460087297"/>
		<document id="340489408304254980" url="https://twitter.com/BoulderSuZ/status/340489408304254980"/>
		<document id="340490703358550016" url="https://twitter.com/BoulderSuZ/status/340490703358550016"/>
		<document id="340492312620720128" url="https://twitter.com/BoulderSuZ/status/340492312620720128"/>
		<document id="340494568808140800" url="https://twitter.com/BoulderSuZ/status/340494568808140800"/>
		<document id="340504312398614528" url="https://twitter.com/BoulderSuZ/status/340504312398614528"/>
		<document id="340520206164180992" url="https://twitter.com/BoulderSuZ/status/340520206164180992"/>
		<document id="340522450683052032" url="https://twitter.com/BoulderSuZ/status/340522450683052032"/>
		<document id="340529058037243904" url="https://twitter.com/BoulderSuZ/status/340529058037243904"/>
		<document id="340547469618335744" url="https://twitter.com/BoulderSuZ/status/340547469618335744"/>
		<document id="340551586344484864" url="https://twitter.com/BoulderSuZ/status/340551586344484864"/>
		<document id="340588211350945792" url="https://twitter.com/BoulderSuZ/status/340588211350945792"/>
		<document id="340588325872226304" url="https://twitter.com/BoulderSuZ/status/340588325872226304"/>
		<document id="340588955990892545" url="https://twitter.com/BoulderSuZ/status/340588955990892545"/>
		<document id="340608341145448450" url="https://twitter.com/BoulderSuZ/status/340608341145448450"/>
		<document id="340612555460448257" url="https://twitter.com/BoulderSuZ/status/340612555460448257"/>
		<document id="340613877941293056" url="https://twitter.com/BoulderSuZ/status/340613877941293056"/>
		<document id="340657578533085184" url="https://twitter.com/BoulderSuZ/status/340657578533085184"/>
		<document id="340660582401335296" url="https://twitter.com/BoulderSuZ/status/340660582401335296"/>
		<document id="340691758688133120" url="https://twitter.com/BoulderSuZ/status/340691758688133120"/>
		<document id="340847863229730818" url="https://twitter.com/BoulderSuZ/status/340847863229730818"/>
		<document id="340883078379610114" url="https://twitter.com/BoulderSuZ/status/340883078379610114"/>
		<document id="340990017784647681" url="https://twitter.com/BoulderSuZ/status/340990017784647681"/>
		<document id="340991972271599616" url="https://twitter.com/BoulderSuZ/status/340991972271599616"/>
		<document id="341190340633559040" url="https://twitter.com/BoulderSuZ/status/341190340633559040"/>
		<document id="341291534265765888" url="https://twitter.com/BoulderSuZ/status/341291534265765888"/>
		<document id="341294945841328128" url="https://twitter.com/BoulderSuZ/status/341294945841328128"/>
		<document id="341297642824941568" url="https://twitter.com/BoulderSuZ/status/341297642824941568"/>
		<document id="341368245946826752" url="https://twitter.com/BoulderSuZ/status/341368245946826752"/>
		<document id="341390364403433473" url="https://twitter.com/BoulderSuZ/status/341390364403433473"/>
		<document id="341390624290910209" url="https://twitter.com/BoulderSuZ/status/341390624290910209"/>
		<document id="341390938058407937" url="https://twitter.com/BoulderSuZ/status/341390938058407937"/>
		<document id="341391234033668098" url="https://twitter.com/BoulderSuZ/status/341391234033668098"/>
		<document id="341391418859847681" url="https://twitter.com/BoulderSuZ/status/341391418859847681"/>
		<document id="341391583612125184" url="https://twitter.com/BoulderSuZ/status/341391583612125184"/>
		<document id="341391790500368384" url="https://twitter.com/BoulderSuZ/status/341391790500368384"/>
		<document id="341392018406244352" url="https://twitter.com/BoulderSuZ/status/341392018406244352"/>
		<document id="341392541603745792" url="https://twitter.com/BoulderSuZ/status/341392541603745792"/>
		<document id="341393972645752832" url="https://twitter.com/BoulderSuZ/status/341393972645752832"/>
		<document id="341409128171843584" url="https://twitter.com/BoulderSuZ/status/341409128171843584"/>
		<document id="341409210552156160" url="https://twitter.com/BoulderSuZ/status/341409210552156160"/>
		<document id="341447682553954304" url="https://twitter.com/BoulderSuZ/status/341447682553954304"/>
		<document id="341560749514170369" url="https://twitter.com/BoulderSuZ/status/341560749514170369"/>
		<document id="341571351733219328" url="https://twitter.com/BoulderSuZ/status/341571351733219328"/>
		<document id="341624012532764673" url="https://twitter.com/BoulderSuZ/status/341624012532764673"/>
		<document id="341625744444751872" url="https://twitter.com/BoulderSuZ/status/341625744444751872"/>
		<document id="341761404187066369" url="https://twitter.com/BoulderSuZ/status/341761404187066369"/>
		<document id="341774070557335553" url="https://twitter.com/BoulderSuZ/status/341774070557335553"/>
		<document id="341783132950888448" url="https://twitter.com/BoulderSuZ/status/341783132950888448"/>
		<document id="341783291298467840" url="https://twitter.com/BoulderSuZ/status/341783291298467840"/>
		<document id="341890897023205378" url="https://twitter.com/BoulderSuZ/status/341890897023205378"/>
		<document id="341895044980166657" url="https://twitter.com/BoulderSuZ/status/341895044980166657"/>
		<document id="341895707055226883" url="https://twitter.com/BoulderSuZ/status/341895707055226883"/>
		<document id="342020441667403777" url="https://twitter.com/BoulderSuZ/status/342020441667403777"/>
		<document id="342370506852413440" url="https://twitter.com/BoulderSuZ/status/342370506852413440"/>
		<document id="342395598353334273" url="https://twitter.com/BoulderSuZ/status/342395598353334273"/>
		<document id="342430638105849856" url="https://twitter.com/BoulderSuZ/status/342430638105849856"/>
		<document id="342449488360787968" url="https://twitter.com/BoulderSuZ/status/342449488360787968"/>
		<document id="342449628890935296" url="https://twitter.com/BoulderSuZ/status/342449628890935296"/>
		<document id="342450012778795008" url="https://twitter.com/BoulderSuZ/status/342450012778795008"/>
		<document id="342450150360367105" url="https://twitter.com/BoulderSuZ/status/342450150360367105"/>
		<document id="342450472512274433" url="https://twitter.com/BoulderSuZ/status/342450472512274433"/>
		<document id="342452461174390786" url="https://twitter.com/BoulderSuZ/status/342452461174390786"/>
		<document id="342452615059218432" url="https://twitter.com/BoulderSuZ/status/342452615059218432"/>
		<document id="342452698530066433" url="https://twitter.com/BoulderSuZ/status/342452698530066433"/>
		<document id="342452760505102337" url="https://twitter.com/BoulderSuZ/status/342452760505102337"/>
		<document id="342452834303885313" url="https://twitter.com/BoulderSuZ/status/342452834303885313"/>
		<document id="342455014641524737" url="https://twitter.com/BoulderSuZ/status/342455014641524737"/>
		<document id="342455306774777856" url="https://twitter.com/BoulderSuZ/status/342455306774777856"/>
		<document id="342457029899730944" url="https://twitter.com/BoulderSuZ/status/342457029899730944"/>
		<document id="342477260399472640" url="https://twitter.com/BoulderSuZ/status/342477260399472640"/>
		<document id="342519307873439744" url="https://twitter.com/BoulderSuZ/status/342519307873439744"/>
		<document id="342645992681775104" url="https://twitter.com/BoulderSuZ/status/342645992681775104"/>
		<document id="342646296118710272" url="https://twitter.com/BoulderSuZ/status/342646296118710272"/>
		<document id="342649462080024579" url="https://twitter.com/BoulderSuZ/status/342649462080024579"/>
		<document id="342651988451934208" url="https://twitter.com/BoulderSuZ/status/342651988451934208"/>
		<document id="342680412310618113" url="https://twitter.com/BoulderSuZ/status/342680412310618113"/>
		<document id="342687250758393856" url="https://twitter.com/BoulderSuZ/status/342687250758393856"/>
		<document id="342751964163084289" url="https://twitter.com/BoulderSuZ/status/342751964163084289"/>
		<document id="343001218332901378" url="https://twitter.com/BoulderSuZ/status/343001218332901378"/>
		<document id="343080580130430976" url="https://twitter.com/BoulderSuZ/status/343080580130430976"/>
		<document id="343081998375612416" url="https://twitter.com/BoulderSuZ/status/343081998375612416"/>
		<document id="343082267058515968" url="https://twitter.com/BoulderSuZ/status/343082267058515968"/>
		<document id="343113765618860032" url="https://twitter.com/BoulderSuZ/status/343113765618860032"/>
		<document id="343114637644025856" url="https://twitter.com/BoulderSuZ/status/343114637644025856"/>
		<document id="343131584326684673" url="https://twitter.com/BoulderSuZ/status/343131584326684673"/>
		<document id="343132210334924800" url="https://twitter.com/BoulderSuZ/status/343132210334924800"/>
		<document id="343134149160353793" url="https://twitter.com/BoulderSuZ/status/343134149160353793"/>
		<document id="343137103317716992" url="https://twitter.com/BoulderSuZ/status/343137103317716992"/>
		<document id="343158237497024512" url="https://twitter.com/BoulderSuZ/status/343158237497024512"/>
		<document id="343171144511262721" url="https://twitter.com/BoulderSuZ/status/343171144511262721"/>
		<document id="343232513512189952" url="https://twitter.com/BoulderSuZ/status/343232513512189952"/>
		<document id="343430288933801985" url="https://twitter.com/BoulderSuZ/status/343430288933801985"/>
		<document id="343533570503094272" url="https://twitter.com/BoulderSuZ/status/343533570503094272"/>
		<document id="343545710651768833" url="https://twitter.com/BoulderSuZ/status/343545710651768833"/>
		<document id="343929420475662338" url="https://twitter.com/BoulderSuZ/status/343929420475662338"/>
		<document id="344165254365859841" url="https://twitter.com/BoulderSuZ/status/344165254365859841"/>
		<document id="344448322532167680" url="https://twitter.com/BoulderSuZ/status/344448322532167680"/>
		<document id="344448747905880064" url="https://twitter.com/BoulderSuZ/status/344448747905880064"/>
		<document id="344449502788325376" url="https://twitter.com/BoulderSuZ/status/344449502788325376"/>
		<document id="344452326624489472" url="https://twitter.com/BoulderSuZ/status/344452326624489472"/>
		<document id="344577750675374080" url="https://twitter.com/BoulderSuZ/status/344577750675374080"/>
		<document id="344854182639042563" url="https://twitter.com/BoulderSuZ/status/344854182639042563"/>
		<document id="344998145257771011" url="https://twitter.com/BoulderSuZ/status/344998145257771011"/>
		<document id="345251259772702721" url="https://twitter.com/BoulderSuZ/status/345251259772702721"/>
		<document id="345537915704725504" url="https://twitter.com/BoulderSuZ/status/345537915704725504"/>
		<document id="345665615551410176" url="https://twitter.com/BoulderSuZ/status/345665615551410176"/>
		<document id="345667176738480129" url="https://twitter.com/BoulderSuZ/status/345667176738480129"/>
		<document id="345896683730792448" url="https://twitter.com/BoulderSuZ/status/345896683730792448"/>
		<document id="346627998356742144" url="https://twitter.com/BoulderSuZ/status/346627998356742144"/>
		<document id="346633759052943360" url="https://twitter.com/BoulderSuZ/status/346633759052943360"/>
		<document id="346693429922770944" url="https://twitter.com/BoulderSuZ/status/346693429922770944"/>
		<document id="347029377604808704" url="https://twitter.com/BoulderSuZ/status/347029377604808704"/>
		<document id="347127884030283779" url="https://twitter.com/BoulderSuZ/status/347127884030283779"/>
		<document id="347171721561903104" url="https://twitter.com/BoulderSuZ/status/347171721561903104"/>
		<document id="347368181712695297" url="https://twitter.com/BoulderSuZ/status/347368181712695297"/>
		<document id="347486593046704128" url="https://twitter.com/BoulderSuZ/status/347486593046704128"/>
		<document id="347710155992993792" url="https://twitter.com/BoulderSuZ/status/347710155992993792"/>
		<document id="347845717068480512" url="https://twitter.com/BoulderSuZ/status/347845717068480512"/>
		<document id="348086058849804288" url="https://twitter.com/BoulderSuZ/status/348086058849804288"/>
		<document id="348156786953551872" url="https://twitter.com/BoulderSuZ/status/348156786953551872"/>
		<document id="348222071265964032" url="https://twitter.com/BoulderSuZ/status/348222071265964032"/>
		<document id="348236149850009600" url="https://twitter.com/BoulderSuZ/status/348236149850009600"/>
		<document id="348452120200097792" url="https://twitter.com/BoulderSuZ/status/348452120200097792"/>
		<document id="348544036665180161" url="https://twitter.com/BoulderSuZ/status/348544036665180161"/>
		<document id="348799993248882688" url="https://twitter.com/BoulderSuZ/status/348799993248882688"/>
		<document id="348800791395577856" url="https://twitter.com/BoulderSuZ/status/348800791395577856"/>
		<document id="348846116462264320" url="https://twitter.com/BoulderSuZ/status/348846116462264320"/>
		<document id="348994743503568897" url="https://twitter.com/BoulderSuZ/status/348994743503568897"/>
		<document id="349215969618571266" url="https://twitter.com/BoulderSuZ/status/349215969618571266"/>
		<document id="349217100914622465" url="https://twitter.com/BoulderSuZ/status/349217100914622465"/>
		<document id="349219844387901442" url="https://twitter.com/BoulderSuZ/status/349219844387901442"/>
		<document id="349249540479651841" url="https://twitter.com/BoulderSuZ/status/349249540479651841"/>
		<document id="349249826313089024" url="https://twitter.com/BoulderSuZ/status/349249826313089024"/>
		<document id="349254877639225345" url="https://twitter.com/BoulderSuZ/status/349254877639225345"/>
		<document id="349406294148517888" url="https://twitter.com/BoulderSuZ/status/349406294148517888"/>
		<document id="349408076027273216" url="https://twitter.com/BoulderSuZ/status/349408076027273216"/>
		<document id="349576963398180866" url="https://twitter.com/BoulderSuZ/status/349576963398180866"/>
		<document id="349577701910261760" url="https://twitter.com/BoulderSuZ/status/349577701910261760"/>
		<document id="349586514788884480" url="https://twitter.com/BoulderSuZ/status/349586514788884480"/>
		<document id="349588994926968832" url="https://twitter.com/BoulderSuZ/status/349588994926968832"/>
		<document id="349589782814408704" url="https://twitter.com/BoulderSuZ/status/349589782814408704"/>
		<document id="349590425008484353" url="https://twitter.com/BoulderSuZ/status/349590425008484353"/>
		<document id="349838883011313666" url="https://twitter.com/BoulderSuZ/status/349838883011313666"/>
		<document id="349846425070346240" url="https://twitter.com/BoulderSuZ/status/349846425070346240"/>
		<document id="349925628167991297" url="https://twitter.com/BoulderSuZ/status/349925628167991297"/>
		<document id="349936278889955329" url="https://twitter.com/BoulderSuZ/status/349936278889955329"/>
		<document id="350047476616663040" url="https://twitter.com/BoulderSuZ/status/350047476616663040"/>
		<document id="350076634621149184" url="https://twitter.com/BoulderSuZ/status/350076634621149184"/>
		<document id="350097823028621314" url="https://twitter.com/BoulderSuZ/status/350097823028621314"/>
		<document id="350098137551077379" url="https://twitter.com/BoulderSuZ/status/350098137551077379"/>
		<document id="350256131026845699" url="https://twitter.com/BoulderSuZ/status/350256131026845699"/>
		<document id="350297182122946564" url="https://twitter.com/BoulderSuZ/status/350297182122946564"/>
		<document id="350349677813698561" url="https://twitter.com/BoulderSuZ/status/350349677813698561"/>
		<document id="350480423048065025" url="https://twitter.com/BoulderSuZ/status/350480423048065025"/>
		<document id="350600516520255489" url="https://twitter.com/BoulderSuZ/status/350600516520255489"/>
		<document id="350609876344516609" url="https://twitter.com/BoulderSuZ/status/350609876344516609"/>
		<document id="350621149446672386" url="https://twitter.com/BoulderSuZ/status/350621149446672386"/>
		<document id="350981951412383746" url="https://twitter.com/BoulderSuZ/status/350981951412383746"/>
		<document id="351086758655565825" url="https://twitter.com/BoulderSuZ/status/351086758655565825"/>
		<document id="351170040403464192" url="https://twitter.com/BoulderSuZ/status/351170040403464192"/>
		<document id="351706236670058497" url="https://twitter.com/BoulderSuZ/status/351706236670058497"/>
		<document id="351706975115026432" url="https://twitter.com/BoulderSuZ/status/351706975115026432"/>
		<document id="352059803956289536" url="https://twitter.com/BoulderSuZ/status/352059803956289536"/>
		<document id="352063040218349568" url="https://twitter.com/BoulderSuZ/status/352063040218349568"/>
		<document id="352071980633174016" url="https://twitter.com/BoulderSuZ/status/352071980633174016"/>
		<document id="352104888760672258" url="https://twitter.com/BoulderSuZ/status/352104888760672258"/>
		<document id="352146720425123840" url="https://twitter.com/BoulderSuZ/status/352146720425123840"/>
		<document id="352343106613555200" url="https://twitter.com/BoulderSuZ/status/352343106613555200"/>
		<document id="352348350076555265" url="https://twitter.com/BoulderSuZ/status/352348350076555265"/>
		<document id="352527811816333313" url="https://twitter.com/BoulderSuZ/status/352527811816333313"/>
		<document id="352615479501787138" url="https://twitter.com/BoulderSuZ/status/352615479501787138"/>
		<document id="352644545349038081" url="https://twitter.com/BoulderSuZ/status/352644545349038081"/>
		<document id="352897703157579778" url="https://twitter.com/BoulderSuZ/status/352897703157579778"/>
		<document id="352899380841422851" url="https://twitter.com/BoulderSuZ/status/352899380841422851"/>
		<document id="352925046169276417" url="https://twitter.com/BoulderSuZ/status/352925046169276417"/>
		<document id="353343560927551488" url="https://twitter.com/BoulderSuZ/status/353343560927551488"/>
		<document id="354312709560479744" url="https://twitter.com/BoulderSuZ/status/354312709560479744"/>
		<document id="354379212196544512" url="https://twitter.com/BoulderSuZ/status/354379212196544512"/>
		<document id="354462651709009920" url="https://twitter.com/BoulderSuZ/status/354462651709009920"/>
		<document id="354626549787541505" url="https://twitter.com/BoulderSuZ/status/354626549787541505"/>
		<document id="354691810360176641" url="https://twitter.com/BoulderSuZ/status/354691810360176641"/>
		<document id="354849009246023680" url="https://twitter.com/BoulderSuZ/status/354849009246023680"/>
		<document id="355052191221956609" url="https://twitter.com/BoulderSuZ/status/355052191221956609"/>
		<document id="355322049872404485" url="https://twitter.com/BoulderSuZ/status/355322049872404485"/>
		<document id="355425630499766272" url="https://twitter.com/BoulderSuZ/status/355425630499766272"/>
		<document id="355500395042308096" url="https://twitter.com/BoulderSuZ/status/355500395042308096"/>
		<document id="355769098900213760" url="https://twitter.com/BoulderSuZ/status/355769098900213760"/>
		<document id="355815648040984576" url="https://twitter.com/BoulderSuZ/status/355815648040984576"/>
		<document id="355818369586446336" url="https://twitter.com/BoulderSuZ/status/355818369586446336"/>
		<document id="355822571377270786" url="https://twitter.com/BoulderSuZ/status/355822571377270786"/>
		<document id="356164689429925888" url="https://twitter.com/BoulderSuZ/status/356164689429925888"/>
		<document id="356178939766513664" url="https://twitter.com/BoulderSuZ/status/356178939766513664"/>
		<document id="356305509978087424" url="https://twitter.com/BoulderSuZ/status/356305509978087424"/>
		<document id="356427662069207040" url="https://twitter.com/BoulderSuZ/status/356427662069207040"/>
		<document id="356779075840385024" url="https://twitter.com/BoulderSuZ/status/356779075840385024"/>
		<document id="356783383243792386" url="https://twitter.com/BoulderSuZ/status/356783383243792386"/>
		<document id="356863816480456705" url="https://twitter.com/BoulderSuZ/status/356863816480456705"/>
		<document id="357137079660056576" url="https://twitter.com/BoulderSuZ/status/357137079660056576"/>
		<document id="357516042957881344" url="https://twitter.com/BoulderSuZ/status/357516042957881344"/>
		<document id="357523795516469250" url="https://twitter.com/BoulderSuZ/status/357523795516469250"/>
		<document id="357606378577207297" url="https://twitter.com/BoulderSuZ/status/357606378577207297"/>
		<document id="357637959224274944" url="https://twitter.com/BoulderSuZ/status/357637959224274944"/>
		<document id="357672115555672064" url="https://twitter.com/BoulderSuZ/status/357672115555672064"/>
		<document id="357673387356729345" url="https://twitter.com/BoulderSuZ/status/357673387356729345"/>
		<document id="357720614896803842" url="https://twitter.com/BoulderSuZ/status/357720614896803842"/>
		<document id="357730978535448576" url="https://twitter.com/BoulderSuZ/status/357730978535448576"/>
		<document id="358233458977423362" url="https://twitter.com/BoulderSuZ/status/358233458977423362"/>
		<document id="358615157439602688" url="https://twitter.com/BoulderSuZ/status/358615157439602688"/>
		<document id="359054954322857984" url="https://twitter.com/BoulderSuZ/status/359054954322857984"/>
		<document id="359307236595605504" url="https://twitter.com/BoulderSuZ/status/359307236595605504"/>
		<document id="359547107511775233" url="https://twitter.com/BoulderSuZ/status/359547107511775233"/>
		<document id="359889643640061955" url="https://twitter.com/BoulderSuZ/status/359889643640061955"/>
		<document id="359918999393411072" url="https://twitter.com/BoulderSuZ/status/359918999393411072"/>
		<document id="360061809115410433" url="https://twitter.com/BoulderSuZ/status/360061809115410433"/>
		<document id="360094339168346112" url="https://twitter.com/BoulderSuZ/status/360094339168346112"/>
		<document id="360112883205554178" url="https://twitter.com/BoulderSuZ/status/360112883205554178"/>
		<document id="360418024920064000" url="https://twitter.com/BoulderSuZ/status/360418024920064000"/>
		<document id="360450012678860800" url="https://twitter.com/BoulderSuZ/status/360450012678860800"/>
		<document id="360534695865368576" url="https://twitter.com/BoulderSuZ/status/360534695865368576"/>
		<document id="360542074325565442" url="https://twitter.com/BoulderSuZ/status/360542074325565442"/>
		<document id="360848634440462337" url="https://twitter.com/BoulderSuZ/status/360848634440462337"/>
		<document id="360890735605719040" url="https://twitter.com/BoulderSuZ/status/360890735605719040"/>
		<document id="361656499195486208" url="https://twitter.com/BoulderSuZ/status/361656499195486208"/>
		<document id="361692514454994945" url="https://twitter.com/BoulderSuZ/status/361692514454994945"/>
		<document id="361875458398232576" url="https://twitter.com/BoulderSuZ/status/361875458398232576"/>
		<document id="361898767881994240" url="https://twitter.com/BoulderSuZ/status/361898767881994240"/>
		<document id="362253234838044673" url="https://twitter.com/BoulderSuZ/status/362253234838044673"/>
		<document id="362683857163665408" url="https://twitter.com/BoulderSuZ/status/362683857163665408"/>
		<document id="362685566858436608" url="https://twitter.com/BoulderSuZ/status/362685566858436608"/>
		<document id="362757021109456896" url="https://twitter.com/BoulderSuZ/status/362757021109456896"/>
		<document id="362950246621392896" url="https://twitter.com/BoulderSuZ/status/362950246621392896"/>
		<document id="362961609578135555" url="https://twitter.com/BoulderSuZ/status/362961609578135555"/>
		<document id="363395513225183232" url="https://twitter.com/BoulderSuZ/status/363395513225183232"/>
		<document id="363515344515633152" url="https://twitter.com/BoulderSuZ/status/363515344515633152"/>
		<document id="364053286669647872" url="https://twitter.com/BoulderSuZ/status/364053286669647872"/>
		<document id="364059529085845504" url="https://twitter.com/BoulderSuZ/status/364059529085845504"/>
		<document id="364147162092797952" url="https://twitter.com/BoulderSuZ/status/364147162092797952"/>
		<document id="364168366837088256" url="https://twitter.com/BoulderSuZ/status/364168366837088256"/>
		<document id="364187702666604544" url="https://twitter.com/BoulderSuZ/status/364187702666604544"/>
		<document id="364376100568178689" url="https://twitter.com/BoulderSuZ/status/364376100568178689"/>
		<document id="364598859885842432" url="https://twitter.com/BoulderSuZ/status/364598859885842432"/>
		<document id="364763034691969024" url="https://twitter.com/BoulderSuZ/status/364763034691969024"/>
		<document id="364764741870166018" url="https://twitter.com/BoulderSuZ/status/364764741870166018"/>
		<document id="364938681330577410" url="https://twitter.com/BoulderSuZ/status/364938681330577410"/>
		<document id="364941255534313472" url="https://twitter.com/BoulderSuZ/status/364941255534313472"/>
		<document id="364942344304345088" url="https://twitter.com/BoulderSuZ/status/364942344304345088"/>
		<document id="365195218217209856" url="https://twitter.com/BoulderSuZ/status/365195218217209856"/>
		<document id="365486429154975745" url="https://twitter.com/BoulderSuZ/status/365486429154975745"/>
		<document id="365842491682996224" url="https://twitter.com/BoulderSuZ/status/365842491682996224"/>
		<document id="365856936631083008" url="https://twitter.com/BoulderSuZ/status/365856936631083008"/>
		<document id="366620651903127555" url="https://twitter.com/BoulderSuZ/status/366620651903127555"/>
		<document id="366940596599930880" url="https://twitter.com/BoulderSuZ/status/366940596599930880"/>
		<document id="367001513463263232" url="https://twitter.com/BoulderSuZ/status/367001513463263232"/>
		<document id="367002071557353472" url="https://twitter.com/BoulderSuZ/status/367002071557353472"/>
		<document id="367288525378428928" url="https://twitter.com/BoulderSuZ/status/367288525378428928"/>
		<document id="367391821460025344" url="https://twitter.com/BoulderSuZ/status/367391821460025344"/>
		<document id="367680752214765568" url="https://twitter.com/BoulderSuZ/status/367680752214765568"/>
		<document id="367683081555034112" url="https://twitter.com/BoulderSuZ/status/367683081555034112"/>
		<document id="368088052758880256" url="https://twitter.com/BoulderSuZ/status/368088052758880256"/>
		<document id="368155225934163968" url="https://twitter.com/BoulderSuZ/status/368155225934163968"/>
		<document id="368380905401753600" url="https://twitter.com/BoulderSuZ/status/368380905401753600"/>
		<document id="368628693251272705" url="https://twitter.com/BoulderSuZ/status/368628693251272705"/>
		<document id="368776318504038401" url="https://twitter.com/BoulderSuZ/status/368776318504038401"/>
		<document id="368896455706046465" url="https://twitter.com/BoulderSuZ/status/368896455706046465"/>
		<document id="369246293534572544" url="https://twitter.com/BoulderSuZ/status/369246293534572544"/>
		<document id="369465304188854272" url="https://twitter.com/BoulderSuZ/status/369465304188854272"/>
		<document id="369693458715267072" url="https://twitter.com/BoulderSuZ/status/369693458715267072"/>
		<document id="370560078534815745" url="https://twitter.com/BoulderSuZ/status/370560078534815745"/>
		<document id="371292543083761664" url="https://twitter.com/BoulderSuZ/status/371292543083761664"/>
		<document id="371296027002679297" url="https://twitter.com/BoulderSuZ/status/371296027002679297"/>
		<document id="372057020871888896" url="https://twitter.com/BoulderSuZ/status/372057020871888896"/>
		<document id="372058556570140672" url="https://twitter.com/BoulderSuZ/status/372058556570140672"/>
		<document id="372139442875555840" url="https://twitter.com/BoulderSuZ/status/372139442875555840"/>
		<document id="372474319332339712" url="https://twitter.com/BoulderSuZ/status/372474319332339712"/>
		<document id="372474658139824128" url="https://twitter.com/BoulderSuZ/status/372474658139824128"/>
		<document id="372907473264312321" url="https://twitter.com/BoulderSuZ/status/372907473264312321"/>
		<document id="373167641910714369" url="https://twitter.com/BoulderSuZ/status/373167641910714369"/>
		<document id="374179558343188480" url="https://twitter.com/BoulderSuZ/status/374179558343188480"/>
		<document id="374259533419270144" url="https://twitter.com/BoulderSuZ/status/374259533419270144"/>
		<document id="374549106741350400" url="https://twitter.com/BoulderSuZ/status/374549106741350400"/>
		<document id="374552199574999040" url="https://twitter.com/BoulderSuZ/status/374552199574999040"/>
		<document id="375433242255446017" url="https://twitter.com/BoulderSuZ/status/375433242255446017"/>
		<document id="376482735511982080" url="https://twitter.com/BoulderSuZ/status/376482735511982080"/>
		<document id="376483720871428096" url="https://twitter.com/BoulderSuZ/status/376483720871428096"/>
		<document id="376490527463440384" url="https://twitter.com/BoulderSuZ/status/376490527463440384"/>
		<document id="376491914322644993" url="https://twitter.com/BoulderSuZ/status/376491914322644993"/>
		<document id="377423161358168064" url="https://twitter.com/BoulderSuZ/status/377423161358168064"/>
		<document id="377424560976429056" url="https://twitter.com/BoulderSuZ/status/377424560976429056"/>
		<document id="378674545038606336" url="https://twitter.com/BoulderSuZ/status/378674545038606336"/>
		<document id="378908070895566848" url="https://twitter.com/BoulderSuZ/status/378908070895566848"/>
		<document id="379264377431404544" url="https://twitter.com/BoulderSuZ/status/379264377431404544"/>
		<document id="380019951316111360" url="https://twitter.com/BoulderSuZ/status/380019951316111360"/>
		<document id="381100545403928576" url="https://twitter.com/BoulderSuZ/status/381100545403928576"/>
		<document id="383002283971080192" url="https://twitter.com/BoulderSuZ/status/383002283971080192"/>
		<document id="383002856078311424" url="https://twitter.com/BoulderSuZ/status/383002856078311424"/>
		<document id="383003263382994944" url="https://twitter.com/BoulderSuZ/status/383003263382994944"/>
		<document id="383003967917006848" url="https://twitter.com/BoulderSuZ/status/383003967917006848"/>
		<document id="383036162241089536" url="https://twitter.com/BoulderSuZ/status/383036162241089536"/>
		<document id="383856094692401152" url="https://twitter.com/BoulderSuZ/status/383856094692401152"/>
		<document id="408671914144444416" url="https://twitter.com/BoulderSuZ/status/408671914144444416"/>
	</documents>
</author>