<?xml version="1.0" encoding="UTF-8" standalone="no"?><author age_group="xx" gender="xx" lang="EN" type="twitter" url="https://twitter.com/goobisgoofy">
	<documents count="842">
		<document id="10008523156" url="https://twitter.com/goobisgoofy/status/10008523156"/>
		<document id="10040021085" url="https://twitter.com/goobisgoofy/status/10040021085"/>
		<document id="10040737886" url="https://twitter.com/goobisgoofy/status/10040737886"/>
		<document id="10177588165" url="https://twitter.com/goobisgoofy/status/10177588165"/>
		<document id="10187655012" url="https://twitter.com/goobisgoofy/status/10187655012"/>
		<document id="10200961380" url="https://twitter.com/goobisgoofy/status/10200961380"/>
		<document id="10256216808" url="https://twitter.com/goobisgoofy/status/10256216808"/>
		<document id="102784944836845570" url="https://twitter.com/goobisgoofy/status/102784944836845570"/>
		<document id="102800294534066177" url="https://twitter.com/goobisgoofy/status/102800294534066177"/>
		<document id="10284240643" url="https://twitter.com/goobisgoofy/status/10284240643"/>
		<document id="103495557120671744" url="https://twitter.com/goobisgoofy/status/103495557120671744"/>
		<document id="10382339637" url="https://twitter.com/goobisgoofy/status/10382339637"/>
		<document id="104210608085405696" url="https://twitter.com/goobisgoofy/status/104210608085405696"/>
		<document id="104383667522125825" url="https://twitter.com/goobisgoofy/status/104383667522125825"/>
		<document id="10538261299" url="https://twitter.com/goobisgoofy/status/10538261299"/>
		<document id="105414833054285824" url="https://twitter.com/goobisgoofy/status/105414833054285824"/>
		<document id="105480058696769536" url="https://twitter.com/goobisgoofy/status/105480058696769536"/>
		<document id="106067923101167616" url="https://twitter.com/goobisgoofy/status/106067923101167616"/>
		<document id="106548095352975360" url="https://twitter.com/goobisgoofy/status/106548095352975360"/>
		<document id="10707096314" url="https://twitter.com/goobisgoofy/status/10707096314"/>
		<document id="10707525858" url="https://twitter.com/goobisgoofy/status/10707525858"/>
		<document id="10707580656" url="https://twitter.com/goobisgoofy/status/10707580656"/>
		<document id="10879354255" url="https://twitter.com/goobisgoofy/status/10879354255"/>
		<document id="10896578091" url="https://twitter.com/goobisgoofy/status/10896578091"/>
		<document id="1103057525940224" url="https://twitter.com/goobisgoofy/status/1103057525940224"/>
		<document id="11106720261" url="https://twitter.com/goobisgoofy/status/11106720261"/>
		<document id="11309364026" url="https://twitter.com/goobisgoofy/status/11309364026"/>
		<document id="11324413717" url="https://twitter.com/goobisgoofy/status/11324413717"/>
		<document id="115811355860279296" url="https://twitter.com/goobisgoofy/status/115811355860279296"/>
		<document id="11613060387" url="https://twitter.com/goobisgoofy/status/11613060387"/>
		<document id="116180989662859264" url="https://twitter.com/goobisgoofy/status/116180989662859264"/>
		<document id="118775827121967104" url="https://twitter.com/goobisgoofy/status/118775827121967104"/>
		<document id="119464719789727748" url="https://twitter.com/goobisgoofy/status/119464719789727748"/>
		<document id="119466920532639744" url="https://twitter.com/goobisgoofy/status/119466920532639744"/>
		<document id="123049884742975488" url="https://twitter.com/goobisgoofy/status/123049884742975488"/>
		<document id="124290866419466242" url="https://twitter.com/goobisgoofy/status/124290866419466242"/>
		<document id="124306460929818625" url="https://twitter.com/goobisgoofy/status/124306460929818625"/>
		<document id="125283058621493248" url="https://twitter.com/goobisgoofy/status/125283058621493248"/>
		<document id="12530404525" url="https://twitter.com/goobisgoofy/status/12530404525"/>
		<document id="12547535152" url="https://twitter.com/goobisgoofy/status/12547535152"/>
		<document id="12569445151014912" url="https://twitter.com/goobisgoofy/status/12569445151014912"/>
		<document id="125720483382558720" url="https://twitter.com/goobisgoofy/status/125720483382558720"/>
		<document id="125720684402970624" url="https://twitter.com/goobisgoofy/status/125720684402970624"/>
		<document id="125784310748938240" url="https://twitter.com/goobisgoofy/status/125784310748938240"/>
		<document id="125785148863168512" url="https://twitter.com/goobisgoofy/status/125785148863168512"/>
		<document id="125786546015186944" url="https://twitter.com/goobisgoofy/status/125786546015186944"/>
		<document id="125797764549459968" url="https://twitter.com/goobisgoofy/status/125797764549459968"/>
		<document id="12639519374" url="https://twitter.com/goobisgoofy/status/12639519374"/>
		<document id="126959833588039680" url="https://twitter.com/goobisgoofy/status/126959833588039680"/>
		<document id="12832670253" url="https://twitter.com/goobisgoofy/status/12832670253"/>
		<document id="128489488845516800" url="https://twitter.com/goobisgoofy/status/128489488845516800"/>
		<document id="128523911515213824" url="https://twitter.com/goobisgoofy/status/128523911515213824"/>
		<document id="129984026822971392" url="https://twitter.com/goobisgoofy/status/129984026822971392"/>
		<document id="130096653440008192" url="https://twitter.com/goobisgoofy/status/130096653440008192"/>
		<document id="130097945759580160" url="https://twitter.com/goobisgoofy/status/130097945759580160"/>
		<document id="130099501183668224" url="https://twitter.com/goobisgoofy/status/130099501183668224"/>
		<document id="130100983974989824" url="https://twitter.com/goobisgoofy/status/130100983974989824"/>
		<document id="130101417707974658" url="https://twitter.com/goobisgoofy/status/130101417707974658"/>
		<document id="130105211502080001" url="https://twitter.com/goobisgoofy/status/130105211502080001"/>
		<document id="130821446518841344" url="https://twitter.com/goobisgoofy/status/130821446518841344"/>
		<document id="13214883682" url="https://twitter.com/goobisgoofy/status/13214883682"/>
		<document id="13215513131" url="https://twitter.com/goobisgoofy/status/13215513131"/>
		<document id="13216450619" url="https://twitter.com/goobisgoofy/status/13216450619"/>
		<document id="132849413780545536" url="https://twitter.com/goobisgoofy/status/132849413780545536"/>
		<document id="133593997913497600" url="https://twitter.com/goobisgoofy/status/133593997913497600"/>
		<document id="13373182120" url="https://twitter.com/goobisgoofy/status/13373182120"/>
		<document id="134366179195228160" url="https://twitter.com/goobisgoofy/status/134366179195228160"/>
		<document id="13462449638" url="https://twitter.com/goobisgoofy/status/13462449638"/>
		<document id="137242639299903488" url="https://twitter.com/goobisgoofy/status/137242639299903488"/>
		<document id="14080354009" url="https://twitter.com/goobisgoofy/status/14080354009"/>
		<document id="141957867526832128" url="https://twitter.com/goobisgoofy/status/141957867526832128"/>
		<document id="142454794336993280" url="https://twitter.com/goobisgoofy/status/142454794336993280"/>
		<document id="144456838694445057" url="https://twitter.com/goobisgoofy/status/144456838694445057"/>
		<document id="144458787330334721" url="https://twitter.com/goobisgoofy/status/144458787330334721"/>
		<document id="144485851425030144" url="https://twitter.com/goobisgoofy/status/144485851425030144"/>
		<document id="14455649251" url="https://twitter.com/goobisgoofy/status/14455649251"/>
		<document id="146049699210739712" url="https://twitter.com/goobisgoofy/status/146049699210739712"/>
		<document id="146074380454207488" url="https://twitter.com/goobisgoofy/status/146074380454207488"/>
		<document id="146074477644611584" url="https://twitter.com/goobisgoofy/status/146074477644611584"/>
		<document id="146452409055576064" url="https://twitter.com/goobisgoofy/status/146452409055576064"/>
		<document id="146471697476894720" url="https://twitter.com/goobisgoofy/status/146471697476894720"/>
		<document id="147012255286960128" url="https://twitter.com/goobisgoofy/status/147012255286960128"/>
		<document id="14772231646" url="https://twitter.com/goobisgoofy/status/14772231646"/>
		<document id="14808147797483522" url="https://twitter.com/goobisgoofy/status/14808147797483522"/>
		<document id="148127266826752000" url="https://twitter.com/goobisgoofy/status/148127266826752000"/>
		<document id="148788968215953408" url="https://twitter.com/goobisgoofy/status/148788968215953408"/>
		<document id="149177433000652800" url="https://twitter.com/goobisgoofy/status/149177433000652800"/>
		<document id="150917359014649856" url="https://twitter.com/goobisgoofy/status/150917359014649856"/>
		<document id="151230996841377792" url="https://twitter.com/goobisgoofy/status/151230996841377792"/>
		<document id="155335650156101633" url="https://twitter.com/goobisgoofy/status/155335650156101633"/>
		<document id="15546024514" url="https://twitter.com/goobisgoofy/status/15546024514"/>
		<document id="155790098695323648" url="https://twitter.com/goobisgoofy/status/155790098695323648"/>
		<document id="155848345649299456" url="https://twitter.com/goobisgoofy/status/155848345649299456"/>
		<document id="156067553653956609" url="https://twitter.com/goobisgoofy/status/156067553653956609"/>
		<document id="156067616996339712" url="https://twitter.com/goobisgoofy/status/156067616996339712"/>
		<document id="156168781788479488" url="https://twitter.com/goobisgoofy/status/156168781788479488"/>
		<document id="156359023820681216" url="https://twitter.com/goobisgoofy/status/156359023820681216"/>
		<document id="156403487176007680" url="https://twitter.com/goobisgoofy/status/156403487176007680"/>
		<document id="157260829501292545" url="https://twitter.com/goobisgoofy/status/157260829501292545"/>
		<document id="159502022452854784" url="https://twitter.com/goobisgoofy/status/159502022452854784"/>
		<document id="160517306668167168" url="https://twitter.com/goobisgoofy/status/160517306668167168"/>
		<document id="16100090186" url="https://twitter.com/goobisgoofy/status/16100090186"/>
		<document id="162905856399245312" url="https://twitter.com/goobisgoofy/status/162905856399245312"/>
		<document id="162942576150847490" url="https://twitter.com/goobisgoofy/status/162942576150847490"/>
		<document id="162942604940554240" url="https://twitter.com/goobisgoofy/status/162942604940554240"/>
		<document id="162987330184024064" url="https://twitter.com/goobisgoofy/status/162987330184024064"/>
		<document id="163006880078245889" url="https://twitter.com/goobisgoofy/status/163006880078245889"/>
		<document id="163006971044315138" url="https://twitter.com/goobisgoofy/status/163006971044315138"/>
		<document id="16355815051" url="https://twitter.com/goobisgoofy/status/16355815051"/>
		<document id="164201301863972866" url="https://twitter.com/goobisgoofy/status/164201301863972866"/>
		<document id="164779950887542785" url="https://twitter.com/goobisgoofy/status/164779950887542785"/>
		<document id="164829545160118272" url="https://twitter.com/goobisgoofy/status/164829545160118272"/>
		<document id="166955287536877568" url="https://twitter.com/goobisgoofy/status/166955287536877568"/>
		<document id="167749006854848512" url="https://twitter.com/goobisgoofy/status/167749006854848512"/>
		<document id="16825624874" url="https://twitter.com/goobisgoofy/status/16825624874"/>
		<document id="16859024666" url="https://twitter.com/goobisgoofy/status/16859024666"/>
		<document id="16876558597" url="https://twitter.com/goobisgoofy/status/16876558597"/>
		<document id="168869048766042112" url="https://twitter.com/goobisgoofy/status/168869048766042112"/>
		<document id="169141920180862976" url="https://twitter.com/goobisgoofy/status/169141920180862976"/>
		<document id="169142166311014400" url="https://twitter.com/goobisgoofy/status/169142166311014400"/>
		<document id="169142250859806720" url="https://twitter.com/goobisgoofy/status/169142250859806720"/>
		<document id="169475574857871360" url="https://twitter.com/goobisgoofy/status/169475574857871360"/>
		<document id="170379029143240707" url="https://twitter.com/goobisgoofy/status/170379029143240707"/>
		<document id="172012602845708288" url="https://twitter.com/goobisgoofy/status/172012602845708288"/>
		<document id="174162974309752832" url="https://twitter.com/goobisgoofy/status/174162974309752832"/>
		<document id="17427017762" url="https://twitter.com/goobisgoofy/status/17427017762"/>
		<document id="174279939867156480" url="https://twitter.com/goobisgoofy/status/174279939867156480"/>
		<document id="174525815667695616" url="https://twitter.com/goobisgoofy/status/174525815667695616"/>
		<document id="174559215434743808" url="https://twitter.com/goobisgoofy/status/174559215434743808"/>
		<document id="175257470644649984" url="https://twitter.com/goobisgoofy/status/175257470644649984"/>
		<document id="176772768266858496" url="https://twitter.com/goobisgoofy/status/176772768266858496"/>
		<document id="177481190348029952" url="https://twitter.com/goobisgoofy/status/177481190348029952"/>
		<document id="177801214577217536" url="https://twitter.com/goobisgoofy/status/177801214577217536"/>
		<document id="17805631136" url="https://twitter.com/goobisgoofy/status/17805631136"/>
		<document id="180441733014896640" url="https://twitter.com/goobisgoofy/status/180441733014896640"/>
		<document id="180691871297835010" url="https://twitter.com/goobisgoofy/status/180691871297835010"/>
		<document id="18126301835" url="https://twitter.com/goobisgoofy/status/18126301835"/>
		<document id="181961606744391681" url="https://twitter.com/goobisgoofy/status/181961606744391681"/>
		<document id="182119725202022400" url="https://twitter.com/goobisgoofy/status/182119725202022400"/>
		<document id="182855555151433729" url="https://twitter.com/goobisgoofy/status/182855555151433729"/>
		<document id="182889528695070721" url="https://twitter.com/goobisgoofy/status/182889528695070721"/>
		<document id="184659533812084736" url="https://twitter.com/goobisgoofy/status/184659533812084736"/>
		<document id="185722954854842371" url="https://twitter.com/goobisgoofy/status/185722954854842371"/>
		<document id="186312216700653570" url="https://twitter.com/goobisgoofy/status/186312216700653570"/>
		<document id="186520326363037696" url="https://twitter.com/goobisgoofy/status/186520326363037696"/>
		<document id="187234856151949312" url="https://twitter.com/goobisgoofy/status/187234856151949312"/>
		<document id="187394534156664832" url="https://twitter.com/goobisgoofy/status/187394534156664832"/>
		<document id="187433840539742208" url="https://twitter.com/goobisgoofy/status/187433840539742208"/>
		<document id="187766177274150914" url="https://twitter.com/goobisgoofy/status/187766177274150914"/>
		<document id="187899111486402561" url="https://twitter.com/goobisgoofy/status/187899111486402561"/>
		<document id="187936528272588804" url="https://twitter.com/goobisgoofy/status/187936528272588804"/>
		<document id="188277450529193984" url="https://twitter.com/goobisgoofy/status/188277450529193984"/>
		<document id="189406623201116160" url="https://twitter.com/goobisgoofy/status/189406623201116160"/>
		<document id="194843869517590528" url="https://twitter.com/goobisgoofy/status/194843869517590528"/>
		<document id="195893260768649218" url="https://twitter.com/goobisgoofy/status/195893260768649218"/>
		<document id="196257697757270017" url="https://twitter.com/goobisgoofy/status/196257697757270017"/>
		<document id="197781078478557184" url="https://twitter.com/goobisgoofy/status/197781078478557184"/>
		<document id="197781754872995840" url="https://twitter.com/goobisgoofy/status/197781754872995840"/>
		<document id="197781986222415872" url="https://twitter.com/goobisgoofy/status/197781986222415872"/>
		<document id="19931582010" url="https://twitter.com/goobisgoofy/status/19931582010"/>
		<document id="19931652222" url="https://twitter.com/goobisgoofy/status/19931652222"/>
		<document id="19931742471" url="https://twitter.com/goobisgoofy/status/19931742471"/>
		<document id="19931858431" url="https://twitter.com/goobisgoofy/status/19931858431"/>
		<document id="19931927376" url="https://twitter.com/goobisgoofy/status/19931927376"/>
		<document id="20085830279" url="https://twitter.com/goobisgoofy/status/20085830279"/>
		<document id="202956775148883972" url="https://twitter.com/goobisgoofy/status/202956775148883972"/>
		<document id="204601999780610048" url="https://twitter.com/goobisgoofy/status/204601999780610048"/>
		<document id="20488691044" url="https://twitter.com/goobisgoofy/status/20488691044"/>
		<document id="205483904168239104" url="https://twitter.com/goobisgoofy/status/205483904168239104"/>
		<document id="215506620019507200" url="https://twitter.com/goobisgoofy/status/215506620019507200"/>
		<document id="217025005811273729" url="https://twitter.com/goobisgoofy/status/217025005811273729"/>
		<document id="217041455418589185" url="https://twitter.com/goobisgoofy/status/217041455418589185"/>
		<document id="21720078332469248" url="https://twitter.com/goobisgoofy/status/21720078332469248"/>
		<document id="220372488318746624" url="https://twitter.com/goobisgoofy/status/220372488318746624"/>
		<document id="221004832792772608" url="https://twitter.com/goobisgoofy/status/221004832792772608"/>
		<document id="221422441510084609" url="https://twitter.com/goobisgoofy/status/221422441510084609"/>
		<document id="223440119426846720" url="https://twitter.com/goobisgoofy/status/223440119426846720"/>
		<document id="223912081173393408" url="https://twitter.com/goobisgoofy/status/223912081173393408"/>
		<document id="22638103364" url="https://twitter.com/goobisgoofy/status/22638103364"/>
		<document id="22736117094" url="https://twitter.com/goobisgoofy/status/22736117094"/>
		<document id="227834081692504065" url="https://twitter.com/goobisgoofy/status/227834081692504065"/>
		<document id="228469994680365056" url="https://twitter.com/goobisgoofy/status/228469994680365056"/>
		<document id="228642560938221569" url="https://twitter.com/goobisgoofy/status/228642560938221569"/>
		<document id="22901518283" url="https://twitter.com/goobisgoofy/status/22901518283"/>
		<document id="230019871293968384" url="https://twitter.com/goobisgoofy/status/230019871293968384"/>
		<document id="232202551339134976" url="https://twitter.com/goobisgoofy/status/232202551339134976"/>
		<document id="232324237359206400" url="https://twitter.com/goobisgoofy/status/232324237359206400"/>
		<document id="232939055065747456" url="https://twitter.com/goobisgoofy/status/232939055065747456"/>
		<document id="238285192178057216" url="https://twitter.com/goobisgoofy/status/238285192178057216"/>
		<document id="238822873047912448" url="https://twitter.com/goobisgoofy/status/238822873047912448"/>
		<document id="24137588744" url="https://twitter.com/goobisgoofy/status/24137588744"/>
		<document id="245681548865728512" url="https://twitter.com/goobisgoofy/status/245681548865728512"/>
		<document id="248475081167233024" url="https://twitter.com/goobisgoofy/status/248475081167233024"/>
		<document id="249307834137849856" url="https://twitter.com/goobisgoofy/status/249307834137849856"/>
		<document id="25022497604" url="https://twitter.com/goobisgoofy/status/25022497604"/>
		<document id="25313687231" url="https://twitter.com/goobisgoofy/status/25313687231"/>
		<document id="254104942472736768" url="https://twitter.com/goobisgoofy/status/254104942472736768"/>
		<document id="259737915226210306" url="https://twitter.com/goobisgoofy/status/259737915226210306"/>
		<document id="260557962207186945" url="https://twitter.com/goobisgoofy/status/260557962207186945"/>
		<document id="260559578876497920" url="https://twitter.com/goobisgoofy/status/260559578876497920"/>
		<document id="260560466680610817" url="https://twitter.com/goobisgoofy/status/260560466680610817"/>
		<document id="260563803064897536" url="https://twitter.com/goobisgoofy/status/260563803064897536"/>
		<document id="260566375871959040" url="https://twitter.com/goobisgoofy/status/260566375871959040"/>
		<document id="260569495096131585" url="https://twitter.com/goobisgoofy/status/260569495096131585"/>
		<document id="262749583401181186" url="https://twitter.com/goobisgoofy/status/262749583401181186"/>
		<document id="263005902318211072" url="https://twitter.com/goobisgoofy/status/263005902318211072"/>
		<document id="263100477238030337" url="https://twitter.com/goobisgoofy/status/263100477238030337"/>
		<document id="263100890037227520" url="https://twitter.com/goobisgoofy/status/263100890037227520"/>
		<document id="263101466342998016" url="https://twitter.com/goobisgoofy/status/263101466342998016"/>
		<document id="263104414397648897" url="https://twitter.com/goobisgoofy/status/263104414397648897"/>
		<document id="263273338846187521" url="https://twitter.com/goobisgoofy/status/263273338846187521"/>
		<document id="265606522967564288" url="https://twitter.com/goobisgoofy/status/265606522967564288"/>
		<document id="265954004654227456" url="https://twitter.com/goobisgoofy/status/265954004654227456"/>
		<document id="265954368648527872" url="https://twitter.com/goobisgoofy/status/265954368648527872"/>
		<document id="266001707547373568" url="https://twitter.com/goobisgoofy/status/266001707547373568"/>
		<document id="266037383558987777" url="https://twitter.com/goobisgoofy/status/266037383558987777"/>
		<document id="266037990864867328" url="https://twitter.com/goobisgoofy/status/266037990864867328"/>
		<document id="266040055229976578" url="https://twitter.com/goobisgoofy/status/266040055229976578"/>
		<document id="267729223626682368" url="https://twitter.com/goobisgoofy/status/267729223626682368"/>
		<document id="27044498621" url="https://twitter.com/goobisgoofy/status/27044498621"/>
		<document id="27258740507" url="https://twitter.com/goobisgoofy/status/27258740507"/>
		<document id="27374031657" url="https://twitter.com/goobisgoofy/status/27374031657"/>
		<document id="274179394547875840" url="https://twitter.com/goobisgoofy/status/274179394547875840"/>
		<document id="274242545037504513" url="https://twitter.com/goobisgoofy/status/274242545037504513"/>
		<document id="274359778778701824" url="https://twitter.com/goobisgoofy/status/274359778778701824"/>
		<document id="274381280316121088" url="https://twitter.com/goobisgoofy/status/274381280316121088"/>
		<document id="27508476686" url="https://twitter.com/goobisgoofy/status/27508476686"/>
		<document id="27525686422" url="https://twitter.com/goobisgoofy/status/27525686422"/>
		<document id="27528618608" url="https://twitter.com/goobisgoofy/status/27528618608"/>
		<document id="27579407428" url="https://twitter.com/goobisgoofy/status/27579407428"/>
		<document id="276009343932055552" url="https://twitter.com/goobisgoofy/status/276009343932055552"/>
		<document id="27604702628" url="https://twitter.com/goobisgoofy/status/27604702628"/>
		<document id="277481532439019522" url="https://twitter.com/goobisgoofy/status/277481532439019522"/>
		<document id="27754057435" url="https://twitter.com/goobisgoofy/status/27754057435"/>
		<document id="277625514271850496" url="https://twitter.com/goobisgoofy/status/277625514271850496"/>
		<document id="277968732318470146" url="https://twitter.com/goobisgoofy/status/277968732318470146"/>
		<document id="278196368831557632" url="https://twitter.com/goobisgoofy/status/278196368831557632"/>
		<document id="278229764194578432" url="https://twitter.com/goobisgoofy/status/278229764194578432"/>
		<document id="278242111013408768" url="https://twitter.com/goobisgoofy/status/278242111013408768"/>
		<document id="278562355804262401" url="https://twitter.com/goobisgoofy/status/278562355804262401"/>
		<document id="278934431962640384" url="https://twitter.com/goobisgoofy/status/278934431962640384"/>
		<document id="27951636430" url="https://twitter.com/goobisgoofy/status/27951636430"/>
		<document id="280075277906870272" url="https://twitter.com/goobisgoofy/status/280075277906870272"/>
		<document id="280078443339735041" url="https://twitter.com/goobisgoofy/status/280078443339735041"/>
		<document id="280082508350107648" url="https://twitter.com/goobisgoofy/status/280082508350107648"/>
		<document id="282556574482984960" url="https://twitter.com/goobisgoofy/status/282556574482984960"/>
		<document id="282649332291874816" url="https://twitter.com/goobisgoofy/status/282649332291874816"/>
		<document id="285806887629365248" url="https://twitter.com/goobisgoofy/status/285806887629365248"/>
		<document id="285807032739708928" url="https://twitter.com/goobisgoofy/status/285807032739708928"/>
		<document id="285807260763037696" url="https://twitter.com/goobisgoofy/status/285807260763037696"/>
		<document id="28628215104" url="https://twitter.com/goobisgoofy/status/28628215104"/>
		<document id="287628345368252417" url="https://twitter.com/goobisgoofy/status/287628345368252417"/>
		<document id="287629752574042112" url="https://twitter.com/goobisgoofy/status/287629752574042112"/>
		<document id="287998711299194880" url="https://twitter.com/goobisgoofy/status/287998711299194880"/>
		<document id="288080700677177344" url="https://twitter.com/goobisgoofy/status/288080700677177344"/>
		<document id="288081432751009792" url="https://twitter.com/goobisgoofy/status/288081432751009792"/>
		<document id="28810644413" url="https://twitter.com/goobisgoofy/status/28810644413"/>
		<document id="288390044740354048" url="https://twitter.com/goobisgoofy/status/288390044740354048"/>
		<document id="289231135551139842" url="https://twitter.com/goobisgoofy/status/289231135551139842"/>
		<document id="289851039555940353" url="https://twitter.com/goobisgoofy/status/289851039555940353"/>
		<document id="289855468866785280" url="https://twitter.com/goobisgoofy/status/289855468866785280"/>
		<document id="289856795512545280" url="https://twitter.com/goobisgoofy/status/289856795512545280"/>
		<document id="289877694743732224" url="https://twitter.com/goobisgoofy/status/289877694743732224"/>
		<document id="290241778479669248" url="https://twitter.com/goobisgoofy/status/290241778479669248"/>
		<document id="290271208736432128" url="https://twitter.com/goobisgoofy/status/290271208736432128"/>
		<document id="290271843447881729" url="https://twitter.com/goobisgoofy/status/290271843447881729"/>
		<document id="29291575296" url="https://twitter.com/goobisgoofy/status/29291575296"/>
		<document id="29292973619" url="https://twitter.com/goobisgoofy/status/29292973619"/>
		<document id="29293026821" url="https://twitter.com/goobisgoofy/status/29293026821"/>
		<document id="293146250650464256" url="https://twitter.com/goobisgoofy/status/293146250650464256"/>
		<document id="293494778467860480" url="https://twitter.com/goobisgoofy/status/293494778467860480"/>
		<document id="293518525484634113" url="https://twitter.com/goobisgoofy/status/293518525484634113"/>
		<document id="293525536846774272" url="https://twitter.com/goobisgoofy/status/293525536846774272"/>
		<document id="293567162919034880" url="https://twitter.com/goobisgoofy/status/293567162919034880"/>
		<document id="293568150073663488" url="https://twitter.com/goobisgoofy/status/293568150073663488"/>
		<document id="29389172917669888" url="https://twitter.com/goobisgoofy/status/29389172917669888"/>
		<document id="295869622161379329" url="https://twitter.com/goobisgoofy/status/295869622161379329"/>
		<document id="296321373444374528" url="https://twitter.com/goobisgoofy/status/296321373444374528"/>
		<document id="296641900893577216" url="https://twitter.com/goobisgoofy/status/296641900893577216"/>
		<document id="298037195078500354" url="https://twitter.com/goobisgoofy/status/298037195078500354"/>
		<document id="298043440074211328" url="https://twitter.com/goobisgoofy/status/298043440074211328"/>
		<document id="298500478822653952" url="https://twitter.com/goobisgoofy/status/298500478822653952"/>
		<document id="298894864320454658" url="https://twitter.com/goobisgoofy/status/298894864320454658"/>
		<document id="299235312419340288" url="https://twitter.com/goobisgoofy/status/299235312419340288"/>
		<document id="299543995246342145" url="https://twitter.com/goobisgoofy/status/299543995246342145"/>
		<document id="299564559990145024" url="https://twitter.com/goobisgoofy/status/299564559990145024"/>
		<document id="299629890188238848" url="https://twitter.com/goobisgoofy/status/299629890188238848"/>
		<document id="299636076165865474" url="https://twitter.com/goobisgoofy/status/299636076165865474"/>
		<document id="299685809261527040" url="https://twitter.com/goobisgoofy/status/299685809261527040"/>
		<document id="300646346967363584" url="https://twitter.com/goobisgoofy/status/300646346967363584"/>
		<document id="301097978997911552" url="https://twitter.com/goobisgoofy/status/301097978997911552"/>
		<document id="301099566500040705" url="https://twitter.com/goobisgoofy/status/301099566500040705"/>
		<document id="301519721340211200" url="https://twitter.com/goobisgoofy/status/301519721340211200"/>
		<document id="301724738563223553" url="https://twitter.com/goobisgoofy/status/301724738563223553"/>
		<document id="301737379545354241" url="https://twitter.com/goobisgoofy/status/301737379545354241"/>
		<document id="302480140624076801" url="https://twitter.com/goobisgoofy/status/302480140624076801"/>
		<document id="303329541869408256" url="https://twitter.com/goobisgoofy/status/303329541869408256"/>
		<document id="30668878908497920" url="https://twitter.com/goobisgoofy/status/30668878908497920"/>
		<document id="30670236155908097" url="https://twitter.com/goobisgoofy/status/30670236155908097"/>
		<document id="307939777892737026" url="https://twitter.com/goobisgoofy/status/307939777892737026"/>
		<document id="308695751997931520" url="https://twitter.com/goobisgoofy/status/308695751997931520"/>
		<document id="310292501196054528" url="https://twitter.com/goobisgoofy/status/310292501196054528"/>
		<document id="31030123499094016" url="https://twitter.com/goobisgoofy/status/31030123499094016"/>
		<document id="310558943015485440" url="https://twitter.com/goobisgoofy/status/310558943015485440"/>
		<document id="310559041229299712" url="https://twitter.com/goobisgoofy/status/310559041229299712"/>
		<document id="310645363516248064" url="https://twitter.com/goobisgoofy/status/310645363516248064"/>
		<document id="310645559113428993" url="https://twitter.com/goobisgoofy/status/310645559113428993"/>
		<document id="311158642365837312" url="https://twitter.com/goobisgoofy/status/311158642365837312"/>
		<document id="311350329545474049" url="https://twitter.com/goobisgoofy/status/311350329545474049"/>
		<document id="311360312458768385" url="https://twitter.com/goobisgoofy/status/311360312458768385"/>
		<document id="311560842103644160" url="https://twitter.com/goobisgoofy/status/311560842103644160"/>
		<document id="311886862723727360" url="https://twitter.com/goobisgoofy/status/311886862723727360"/>
		<document id="311909058905010176" url="https://twitter.com/goobisgoofy/status/311909058905010176"/>
		<document id="313051269348610050" url="https://twitter.com/goobisgoofy/status/313051269348610050"/>
		<document id="313188995167289344" url="https://twitter.com/goobisgoofy/status/313188995167289344"/>
		<document id="313463853017096192" url="https://twitter.com/goobisgoofy/status/313463853017096192"/>
		<document id="313714416141078529" url="https://twitter.com/goobisgoofy/status/313714416141078529"/>
		<document id="313715261209456640" url="https://twitter.com/goobisgoofy/status/313715261209456640"/>
		<document id="313822443053658112" url="https://twitter.com/goobisgoofy/status/313822443053658112"/>
		<document id="313822769123037184" url="https://twitter.com/goobisgoofy/status/313822769123037184"/>
		<document id="313823162230005760" url="https://twitter.com/goobisgoofy/status/313823162230005760"/>
		<document id="313825275202904064" url="https://twitter.com/goobisgoofy/status/313825275202904064"/>
		<document id="313826571721011200" url="https://twitter.com/goobisgoofy/status/313826571721011200"/>
		<document id="313829490595864576" url="https://twitter.com/goobisgoofy/status/313829490595864576"/>
		<document id="313831307354468355" url="https://twitter.com/goobisgoofy/status/313831307354468355"/>
		<document id="313831470361882624" url="https://twitter.com/goobisgoofy/status/313831470361882624"/>
		<document id="313833065019482114" url="https://twitter.com/goobisgoofy/status/313833065019482114"/>
		<document id="313880694596186112" url="https://twitter.com/goobisgoofy/status/313880694596186112"/>
		<document id="313883471342862336" url="https://twitter.com/goobisgoofy/status/313883471342862336"/>
		<document id="314811496649588736" url="https://twitter.com/goobisgoofy/status/314811496649588736"/>
		<document id="315122009979904001" url="https://twitter.com/goobisgoofy/status/315122009979904001"/>
		<document id="316623076487991297" url="https://twitter.com/goobisgoofy/status/316623076487991297"/>
		<document id="316635690152648704" url="https://twitter.com/goobisgoofy/status/316635690152648704"/>
		<document id="316640839646474241" url="https://twitter.com/goobisgoofy/status/316640839646474241"/>
		<document id="316690159607349248" url="https://twitter.com/goobisgoofy/status/316690159607349248"/>
		<document id="316692588142919680" url="https://twitter.com/goobisgoofy/status/316692588142919680"/>
		<document id="316729345689403392" url="https://twitter.com/goobisgoofy/status/316729345689403392"/>
		<document id="317651995584520192" url="https://twitter.com/goobisgoofy/status/317651995584520192"/>
		<document id="317661143172780033" url="https://twitter.com/goobisgoofy/status/317661143172780033"/>
		<document id="317737042991796226" url="https://twitter.com/goobisgoofy/status/317737042991796226"/>
		<document id="317887459897794560" url="https://twitter.com/goobisgoofy/status/317887459897794560"/>
		<document id="317887630182318080" url="https://twitter.com/goobisgoofy/status/317887630182318080"/>
		<document id="318741811495571457" url="https://twitter.com/goobisgoofy/status/318741811495571457"/>
		<document id="318925661668536322" url="https://twitter.com/goobisgoofy/status/318925661668536322"/>
		<document id="319492607485026304" url="https://twitter.com/goobisgoofy/status/319492607485026304"/>
		<document id="319538827620384768" url="https://twitter.com/goobisgoofy/status/319538827620384768"/>
		<document id="319862099868258306" url="https://twitter.com/goobisgoofy/status/319862099868258306"/>
		<document id="322027850859433985" url="https://twitter.com/goobisgoofy/status/322027850859433985"/>
		<document id="322096417420234752" url="https://twitter.com/goobisgoofy/status/322096417420234752"/>
		<document id="322144489521172480" url="https://twitter.com/goobisgoofy/status/322144489521172480"/>
		<document id="322145413081735169" url="https://twitter.com/goobisgoofy/status/322145413081735169"/>
		<document id="322750224663715842" url="https://twitter.com/goobisgoofy/status/322750224663715842"/>
		<document id="323554888929914880" url="https://twitter.com/goobisgoofy/status/323554888929914880"/>
		<document id="323882986804244480" url="https://twitter.com/goobisgoofy/status/323882986804244480"/>
		<document id="323888093335797760" url="https://twitter.com/goobisgoofy/status/323888093335797760"/>
		<document id="324916351527436289" url="https://twitter.com/goobisgoofy/status/324916351527436289"/>
		<document id="324971717485293568" url="https://twitter.com/goobisgoofy/status/324971717485293568"/>
		<document id="324973882337538049" url="https://twitter.com/goobisgoofy/status/324973882337538049"/>
		<document id="324995181810167810" url="https://twitter.com/goobisgoofy/status/324995181810167810"/>
		<document id="325692513253986304" url="https://twitter.com/goobisgoofy/status/325692513253986304"/>
		<document id="326372548881293312" url="https://twitter.com/goobisgoofy/status/326372548881293312"/>
		<document id="326393293476884480" url="https://twitter.com/goobisgoofy/status/326393293476884480"/>
		<document id="327131441781673984" url="https://twitter.com/goobisgoofy/status/327131441781673984"/>
		<document id="328943009729216512" url="https://twitter.com/goobisgoofy/status/328943009729216512"/>
		<document id="329281001597566980" url="https://twitter.com/goobisgoofy/status/329281001597566980"/>
		<document id="329344595274108931" url="https://twitter.com/goobisgoofy/status/329344595274108931"/>
		<document id="331460012033572865" url="https://twitter.com/goobisgoofy/status/331460012033572865"/>
		<document id="331830530431664128" url="https://twitter.com/goobisgoofy/status/331830530431664128"/>
		<document id="332198485027860480" url="https://twitter.com/goobisgoofy/status/332198485027860480"/>
		<document id="332311854158340096" url="https://twitter.com/goobisgoofy/status/332311854158340096"/>
		<document id="332594513526804480" url="https://twitter.com/goobisgoofy/status/332594513526804480"/>
		<document id="33368083775102977" url="https://twitter.com/goobisgoofy/status/33368083775102977"/>
		<document id="33569967211290624" url="https://twitter.com/goobisgoofy/status/33569967211290624"/>
		<document id="33596687813447681" url="https://twitter.com/goobisgoofy/status/33596687813447681"/>
		<document id="336521580739964928" url="https://twitter.com/goobisgoofy/status/336521580739964928"/>
		<document id="336888887601405953" url="https://twitter.com/goobisgoofy/status/336888887601405953"/>
		<document id="336943305311002624" url="https://twitter.com/goobisgoofy/status/336943305311002624"/>
		<document id="338712129324601345" url="https://twitter.com/goobisgoofy/status/338712129324601345"/>
		<document id="338999629788114944" url="https://twitter.com/goobisgoofy/status/338999629788114944"/>
		<document id="343468912903585792" url="https://twitter.com/goobisgoofy/status/343468912903585792"/>
		<document id="344168470411350017" url="https://twitter.com/goobisgoofy/status/344168470411350017"/>
		<document id="344361127725105153" url="https://twitter.com/goobisgoofy/status/344361127725105153"/>
		<document id="344870891705991168" url="https://twitter.com/goobisgoofy/status/344870891705991168"/>
		<document id="344898554462093312" url="https://twitter.com/goobisgoofy/status/344898554462093312"/>
		<document id="345265825655173120" url="https://twitter.com/goobisgoofy/status/345265825655173120"/>
		<document id="345277965304745985" url="https://twitter.com/goobisgoofy/status/345277965304745985"/>
		<document id="345586486009274369" url="https://twitter.com/goobisgoofy/status/345586486009274369"/>
		<document id="345603577424793600" url="https://twitter.com/goobisgoofy/status/345603577424793600"/>
		<document id="345642340653871104" url="https://twitter.com/goobisgoofy/status/345642340653871104"/>
		<document id="347076195990528001" url="https://twitter.com/goobisgoofy/status/347076195990528001"/>
		<document id="347398496812429312" url="https://twitter.com/goobisgoofy/status/347398496812429312"/>
		<document id="347446949378666497" url="https://twitter.com/goobisgoofy/status/347446949378666497"/>
		<document id="347572900083138562" url="https://twitter.com/goobisgoofy/status/347572900083138562"/>
		<document id="347761034779586561" url="https://twitter.com/goobisgoofy/status/347761034779586561"/>
		<document id="347815167263899648" url="https://twitter.com/goobisgoofy/status/347815167263899648"/>
		<document id="347899016106872833" url="https://twitter.com/goobisgoofy/status/347899016106872833"/>
		<document id="347925504990515203" url="https://twitter.com/goobisgoofy/status/347925504990515203"/>
		<document id="347925836990648322" url="https://twitter.com/goobisgoofy/status/347925836990648322"/>
		<document id="347938068554186755" url="https://twitter.com/goobisgoofy/status/347938068554186755"/>
		<document id="347947747695009793" url="https://twitter.com/goobisgoofy/status/347947747695009793"/>
		<document id="348474843727011840" url="https://twitter.com/goobisgoofy/status/348474843727011840"/>
		<document id="349621304808316930" url="https://twitter.com/goobisgoofy/status/349621304808316930"/>
		<document id="349952163847483393" url="https://twitter.com/goobisgoofy/status/349952163847483393"/>
		<document id="350048326059687936" url="https://twitter.com/goobisgoofy/status/350048326059687936"/>
		<document id="35041633380601857" url="https://twitter.com/goobisgoofy/status/35041633380601857"/>
		<document id="35062034592702464" url="https://twitter.com/goobisgoofy/status/35062034592702464"/>
		<document id="351203336910938112" url="https://twitter.com/goobisgoofy/status/351203336910938112"/>
		<document id="351465897157869569" url="https://twitter.com/goobisgoofy/status/351465897157869569"/>
		<document id="351484919022759937" url="https://twitter.com/goobisgoofy/status/351484919022759937"/>
		<document id="351517996134576128" url="https://twitter.com/goobisgoofy/status/351517996134576128"/>
		<document id="351531438140694530" url="https://twitter.com/goobisgoofy/status/351531438140694530"/>
		<document id="351532064119586816" url="https://twitter.com/goobisgoofy/status/351532064119586816"/>
		<document id="351537789139030019" url="https://twitter.com/goobisgoofy/status/351537789139030019"/>
		<document id="351540971378458627" url="https://twitter.com/goobisgoofy/status/351540971378458627"/>
		<document id="351747369412472832" url="https://twitter.com/goobisgoofy/status/351747369412472832"/>
		<document id="351761973349851137" url="https://twitter.com/goobisgoofy/status/351761973349851137"/>
		<document id="352118720153403393" url="https://twitter.com/goobisgoofy/status/352118720153403393"/>
		<document id="352159039255355393" url="https://twitter.com/goobisgoofy/status/352159039255355393"/>
		<document id="35231062527320064" url="https://twitter.com/goobisgoofy/status/35231062527320064"/>
		<document id="352469023654543361" url="https://twitter.com/goobisgoofy/status/352469023654543361"/>
		<document id="352471898761867265" url="https://twitter.com/goobisgoofy/status/352471898761867265"/>
		<document id="352472351826378754" url="https://twitter.com/goobisgoofy/status/352472351826378754"/>
		<document id="353258684970827776" url="https://twitter.com/goobisgoofy/status/353258684970827776"/>
		<document id="35389088206946304" url="https://twitter.com/goobisgoofy/status/35389088206946304"/>
		<document id="354330831705223168" url="https://twitter.com/goobisgoofy/status/354330831705223168"/>
		<document id="354400840410341377" url="https://twitter.com/goobisgoofy/status/354400840410341377"/>
		<document id="354675714898923522" url="https://twitter.com/goobisgoofy/status/354675714898923522"/>
		<document id="354715473637683201" url="https://twitter.com/goobisgoofy/status/354715473637683201"/>
		<document id="354716165945311234" url="https://twitter.com/goobisgoofy/status/354716165945311234"/>
		<document id="354762466082824192" url="https://twitter.com/goobisgoofy/status/354762466082824192"/>
		<document id="354768523815444480" url="https://twitter.com/goobisgoofy/status/354768523815444480"/>
		<document id="355447390330843136" url="https://twitter.com/goobisgoofy/status/355447390330843136"/>
		<document id="355742113331290113" url="https://twitter.com/goobisgoofy/status/355742113331290113"/>
		<document id="355979840077316097" url="https://twitter.com/goobisgoofy/status/355979840077316097"/>
		<document id="356001100937183232" url="https://twitter.com/goobisgoofy/status/356001100937183232"/>
		<document id="356022497931583488" url="https://twitter.com/goobisgoofy/status/356022497931583488"/>
		<document id="356041597298810881" url="https://twitter.com/goobisgoofy/status/356041597298810881"/>
		<document id="356072207270682625" url="https://twitter.com/goobisgoofy/status/356072207270682625"/>
		<document id="356116846434463744" url="https://twitter.com/goobisgoofy/status/356116846434463744"/>
		<document id="356126629719846913" url="https://twitter.com/goobisgoofy/status/356126629719846913"/>
		<document id="356127446501826560" url="https://twitter.com/goobisgoofy/status/356127446501826560"/>
		<document id="356146318277738497" url="https://twitter.com/goobisgoofy/status/356146318277738497"/>
		<document id="356191590697545728" url="https://twitter.com/goobisgoofy/status/356191590697545728"/>
		<document id="356448064225021952" url="https://twitter.com/goobisgoofy/status/356448064225021952"/>
		<document id="356510593735340033" url="https://twitter.com/goobisgoofy/status/356510593735340033"/>
		<document id="356743163626528768" url="https://twitter.com/goobisgoofy/status/356743163626528768"/>
		<document id="356822314219880448" url="https://twitter.com/goobisgoofy/status/356822314219880448"/>
		<document id="357542445011062784" url="https://twitter.com/goobisgoofy/status/357542445011062784"/>
		<document id="357641613150928896" url="https://twitter.com/goobisgoofy/status/357641613150928896"/>
		<document id="357646695716241410" url="https://twitter.com/goobisgoofy/status/357646695716241410"/>
		<document id="357678225637384194" url="https://twitter.com/goobisgoofy/status/357678225637384194"/>
		<document id="35908923248742400" url="https://twitter.com/goobisgoofy/status/35908923248742400"/>
		<document id="360645276723187712" url="https://twitter.com/goobisgoofy/status/360645276723187712"/>
		<document id="360648589845856256" url="https://twitter.com/goobisgoofy/status/360648589845856256"/>
		<document id="360653741478776833" url="https://twitter.com/goobisgoofy/status/360653741478776833"/>
		<document id="360780600640172032" url="https://twitter.com/goobisgoofy/status/360780600640172032"/>
		<document id="361010792327426049" url="https://twitter.com/goobisgoofy/status/361010792327426049"/>
		<document id="361173171564576769" url="https://twitter.com/goobisgoofy/status/361173171564576769"/>
		<document id="361243722232496131" url="https://twitter.com/goobisgoofy/status/361243722232496131"/>
		<document id="361256937091895296" url="https://twitter.com/goobisgoofy/status/361256937091895296"/>
		<document id="361275393153568768" url="https://twitter.com/goobisgoofy/status/361275393153568768"/>
		<document id="361295094889992192" url="https://twitter.com/goobisgoofy/status/361295094889992192"/>
		<document id="361315038474153984" url="https://twitter.com/goobisgoofy/status/361315038474153984"/>
		<document id="361318516781088770" url="https://twitter.com/goobisgoofy/status/361318516781088770"/>
		<document id="361887996557029376" url="https://twitter.com/goobisgoofy/status/361887996557029376"/>
		<document id="361906535493926916" url="https://twitter.com/goobisgoofy/status/361906535493926916"/>
		<document id="362234282976083968" url="https://twitter.com/goobisgoofy/status/362234282976083968"/>
		<document id="362235190334078981" url="https://twitter.com/goobisgoofy/status/362235190334078981"/>
		<document id="362239988915650560" url="https://twitter.com/goobisgoofy/status/362239988915650560"/>
		<document id="362250475942313984" url="https://twitter.com/goobisgoofy/status/362250475942313984"/>
		<document id="362264558355755008" url="https://twitter.com/goobisgoofy/status/362264558355755008"/>
		<document id="362283177928167425" url="https://twitter.com/goobisgoofy/status/362283177928167425"/>
		<document id="362285583596392450" url="https://twitter.com/goobisgoofy/status/362285583596392450"/>
		<document id="362618760139522048" url="https://twitter.com/goobisgoofy/status/362618760139522048"/>
		<document id="362627687484895232" url="https://twitter.com/goobisgoofy/status/362627687484895232"/>
		<document id="362654180516696065" url="https://twitter.com/goobisgoofy/status/362654180516696065"/>
		<document id="363005978729390080" url="https://twitter.com/goobisgoofy/status/363005978729390080"/>
		<document id="363353657334439936" url="https://twitter.com/goobisgoofy/status/363353657334439936"/>
		<document id="363424774489260032" url="https://twitter.com/goobisgoofy/status/363424774489260032"/>
		<document id="363739378587152384" url="https://twitter.com/goobisgoofy/status/363739378587152384"/>
		<document id="363779746959597568" url="https://twitter.com/goobisgoofy/status/363779746959597568"/>
		<document id="363779801984667650" url="https://twitter.com/goobisgoofy/status/363779801984667650"/>
		<document id="364841712440446976" url="https://twitter.com/goobisgoofy/status/364841712440446976"/>
		<document id="365147671004057601" url="https://twitter.com/goobisgoofy/status/365147671004057601"/>
		<document id="365150890325331968" url="https://twitter.com/goobisgoofy/status/365150890325331968"/>
		<document id="365167235041464322" url="https://twitter.com/goobisgoofy/status/365167235041464322"/>
		<document id="365184274699259905" url="https://twitter.com/goobisgoofy/status/365184274699259905"/>
		<document id="365185087576350722" url="https://twitter.com/goobisgoofy/status/365185087576350722"/>
		<document id="365189891585355776" url="https://twitter.com/goobisgoofy/status/365189891585355776"/>
		<document id="365523034485952512" url="https://twitter.com/goobisgoofy/status/365523034485952512"/>
		<document id="365966945121599489" url="https://twitter.com/goobisgoofy/status/365966945121599489"/>
		<document id="365989951940210690" url="https://twitter.com/goobisgoofy/status/365989951940210690"/>
		<document id="366297473305681920" url="https://twitter.com/goobisgoofy/status/366297473305681920"/>
		<document id="367366425310011392" url="https://twitter.com/goobisgoofy/status/367366425310011392"/>
		<document id="367436935263830017" url="https://twitter.com/goobisgoofy/status/367436935263830017"/>
		<document id="367729766427656192" url="https://twitter.com/goobisgoofy/status/367729766427656192"/>
		<document id="367734892106219521" url="https://twitter.com/goobisgoofy/status/367734892106219521"/>
		<document id="367735971363950592" url="https://twitter.com/goobisgoofy/status/367735971363950592"/>
		<document id="367738027839610880" url="https://twitter.com/goobisgoofy/status/367738027839610880"/>
		<document id="367740987902545920" url="https://twitter.com/goobisgoofy/status/367740987902545920"/>
		<document id="367741704066985984" url="https://twitter.com/goobisgoofy/status/367741704066985984"/>
		<document id="367743329418891264" url="https://twitter.com/goobisgoofy/status/367743329418891264"/>
		<document id="367746174725283840" url="https://twitter.com/goobisgoofy/status/367746174725283840"/>
		<document id="367748585950941184" url="https://twitter.com/goobisgoofy/status/367748585950941184"/>
		<document id="368074696572805120" url="https://twitter.com/goobisgoofy/status/368074696572805120"/>
		<document id="368081757406785536" url="https://twitter.com/goobisgoofy/status/368081757406785536"/>
		<document id="368099788405096448" url="https://twitter.com/goobisgoofy/status/368099788405096448"/>
		<document id="368103731902291968" url="https://twitter.com/goobisgoofy/status/368103731902291968"/>
		<document id="368143857910677504" url="https://twitter.com/goobisgoofy/status/368143857910677504"/>
		<document id="368168410665844736" url="https://twitter.com/goobisgoofy/status/368168410665844736"/>
		<document id="368174910645862400" url="https://twitter.com/goobisgoofy/status/368174910645862400"/>
		<document id="368943530300829696" url="https://twitter.com/goobisgoofy/status/368943530300829696"/>
		<document id="369163879584002049" url="https://twitter.com/goobisgoofy/status/369163879584002049"/>
		<document id="369307283139751936" url="https://twitter.com/goobisgoofy/status/369307283139751936"/>
		<document id="369543611844550656" url="https://twitter.com/goobisgoofy/status/369543611844550656"/>
		<document id="369543894158946304" url="https://twitter.com/goobisgoofy/status/369543894158946304"/>
		<document id="369890297104588800" url="https://twitter.com/goobisgoofy/status/369890297104588800"/>
		<document id="369940230679191554" url="https://twitter.com/goobisgoofy/status/369940230679191554"/>
		<document id="370061788433629184" url="https://twitter.com/goobisgoofy/status/370061788433629184"/>
		<document id="370286989209505792" url="https://twitter.com/goobisgoofy/status/370286989209505792"/>
		<document id="370616533355356160" url="https://twitter.com/goobisgoofy/status/370616533355356160"/>
		<document id="371327338447138816" url="https://twitter.com/goobisgoofy/status/371327338447138816"/>
		<document id="372071852287733760" url="https://twitter.com/goobisgoofy/status/372071852287733760"/>
		<document id="372076878167044097" url="https://twitter.com/goobisgoofy/status/372076878167044097"/>
		<document id="372078176522211328" url="https://twitter.com/goobisgoofy/status/372078176522211328"/>
		<document id="372078894314434561" url="https://twitter.com/goobisgoofy/status/372078894314434561"/>
		<document id="372762871928987648" url="https://twitter.com/goobisgoofy/status/372762871928987648"/>
		<document id="373154415819370496" url="https://twitter.com/goobisgoofy/status/373154415819370496"/>
		<document id="374610230304206848" url="https://twitter.com/goobisgoofy/status/374610230304206848"/>
		<document id="374621162825076737" url="https://twitter.com/goobisgoofy/status/374621162825076737"/>
		<document id="374621330140069888" url="https://twitter.com/goobisgoofy/status/374621330140069888"/>
		<document id="374978591228170240" url="https://twitter.com/goobisgoofy/status/374978591228170240"/>
		<document id="375333566273843200" url="https://twitter.com/goobisgoofy/status/375333566273843200"/>
		<document id="375357999466176512" url="https://twitter.com/goobisgoofy/status/375357999466176512"/>
		<document id="376029914480513024" url="https://twitter.com/goobisgoofy/status/376029914480513024"/>
		<document id="376031523109351424" url="https://twitter.com/goobisgoofy/status/376031523109351424"/>
		<document id="376052850264403968" url="https://twitter.com/goobisgoofy/status/376052850264403968"/>
		<document id="376054650237353984" url="https://twitter.com/goobisgoofy/status/376054650237353984"/>
		<document id="377562417544560640" url="https://twitter.com/goobisgoofy/status/377562417544560640"/>
		<document id="377834019620417537" url="https://twitter.com/goobisgoofy/status/377834019620417537"/>
		<document id="377910578922393600" url="https://twitter.com/goobisgoofy/status/377910578922393600"/>
		<document id="378309590645223424" url="https://twitter.com/goobisgoofy/status/378309590645223424"/>
		<document id="378518734895603712" url="https://twitter.com/goobisgoofy/status/378518734895603712"/>
		<document id="378643558330540032" url="https://twitter.com/goobisgoofy/status/378643558330540032"/>
		<document id="378904433846808578" url="https://twitter.com/goobisgoofy/status/378904433846808578"/>
		<document id="378915568738660352" url="https://twitter.com/goobisgoofy/status/378915568738660352"/>
		<document id="379304884584988672" url="https://twitter.com/goobisgoofy/status/379304884584988672"/>
		<document id="379309068558405634" url="https://twitter.com/goobisgoofy/status/379309068558405634"/>
		<document id="379309683980267520" url="https://twitter.com/goobisgoofy/status/379309683980267520"/>
		<document id="379316006906114048" url="https://twitter.com/goobisgoofy/status/379316006906114048"/>
		<document id="379355902647603200" url="https://twitter.com/goobisgoofy/status/379355902647603200"/>
		<document id="379364803145244672" url="https://twitter.com/goobisgoofy/status/379364803145244672"/>
		<document id="379365783249231872" url="https://twitter.com/goobisgoofy/status/379365783249231872"/>
		<document id="379366522172358656" url="https://twitter.com/goobisgoofy/status/379366522172358656"/>
		<document id="379367688411172864" url="https://twitter.com/goobisgoofy/status/379367688411172864"/>
		<document id="379371729048457216" url="https://twitter.com/goobisgoofy/status/379371729048457216"/>
		<document id="379387434536304640" url="https://twitter.com/goobisgoofy/status/379387434536304640"/>
		<document id="379616937858588673" url="https://twitter.com/goobisgoofy/status/379616937858588673"/>
		<document id="379651248938827776" url="https://twitter.com/goobisgoofy/status/379651248938827776"/>
		<document id="380005299287257088" url="https://twitter.com/goobisgoofy/status/380005299287257088"/>
		<document id="380020739342348289" url="https://twitter.com/goobisgoofy/status/380020739342348289"/>
		<document id="380418875239583744" url="https://twitter.com/goobisgoofy/status/380418875239583744"/>
		<document id="380712085233364992" url="https://twitter.com/goobisgoofy/status/380712085233364992"/>
		<document id="38098982588784640" url="https://twitter.com/goobisgoofy/status/38098982588784640"/>
		<document id="381088657853394944" url="https://twitter.com/goobisgoofy/status/381088657853394944"/>
		<document id="381578898586476544" url="https://twitter.com/goobisgoofy/status/381578898586476544"/>
		<document id="382940166668554240" url="https://twitter.com/goobisgoofy/status/382940166668554240"/>
		<document id="38300511300096000" url="https://twitter.com/goobisgoofy/status/38300511300096000"/>
		<document id="38308998524579840" url="https://twitter.com/goobisgoofy/status/38308998524579840"/>
		<document id="383361016047751168" url="https://twitter.com/goobisgoofy/status/383361016047751168"/>
		<document id="38419133150400512" url="https://twitter.com/goobisgoofy/status/38419133150400512"/>
		<document id="38424915493396480" url="https://twitter.com/goobisgoofy/status/38424915493396480"/>
		<document id="385079837309681664" url="https://twitter.com/goobisgoofy/status/385079837309681664"/>
		<document id="385178023999201280" url="https://twitter.com/goobisgoofy/status/385178023999201280"/>
		<document id="386193966796124160" url="https://twitter.com/goobisgoofy/status/386193966796124160"/>
		<document id="387222325386813441" url="https://twitter.com/goobisgoofy/status/387222325386813441"/>
		<document id="387605915593363456" url="https://twitter.com/goobisgoofy/status/387605915593363456"/>
		<document id="388701174666657794" url="https://twitter.com/goobisgoofy/status/388701174666657794"/>
		<document id="389148687030837248" url="https://twitter.com/goobisgoofy/status/389148687030837248"/>
		<document id="389513990701072384" url="https://twitter.com/goobisgoofy/status/389513990701072384"/>
		<document id="390145597090840577" url="https://twitter.com/goobisgoofy/status/390145597090840577"/>
		<document id="390173232147726336" url="https://twitter.com/goobisgoofy/status/390173232147726336"/>
		<document id="390175508086132736" url="https://twitter.com/goobisgoofy/status/390175508086132736"/>
		<document id="390237610901504000" url="https://twitter.com/goobisgoofy/status/390237610901504000"/>
		<document id="390517169857253376" url="https://twitter.com/goobisgoofy/status/390517169857253376"/>
		<document id="390518417922744320" url="https://twitter.com/goobisgoofy/status/390518417922744320"/>
		<document id="390906832547753984" url="https://twitter.com/goobisgoofy/status/390906832547753984"/>
		<document id="390906933315915776" url="https://twitter.com/goobisgoofy/status/390906933315915776"/>
		<document id="391225525324480512" url="https://twitter.com/goobisgoofy/status/391225525324480512"/>
		<document id="391227044497219584" url="https://twitter.com/goobisgoofy/status/391227044497219584"/>
		<document id="391310569082732544" url="https://twitter.com/goobisgoofy/status/391310569082732544"/>
		<document id="391438714792341504" url="https://twitter.com/goobisgoofy/status/391438714792341504"/>
		<document id="391439261515665408" url="https://twitter.com/goobisgoofy/status/391439261515665408"/>
		<document id="391440634395234304" url="https://twitter.com/goobisgoofy/status/391440634395234304"/>
		<document id="391441068627329024" url="https://twitter.com/goobisgoofy/status/391441068627329024"/>
		<document id="391441640839454720" url="https://twitter.com/goobisgoofy/status/391441640839454720"/>
		<document id="391599115131686913" url="https://twitter.com/goobisgoofy/status/391599115131686913"/>
		<document id="391639453632323584" url="https://twitter.com/goobisgoofy/status/391639453632323584"/>
		<document id="391641081894674432" url="https://twitter.com/goobisgoofy/status/391641081894674432"/>
		<document id="391688997736816640" url="https://twitter.com/goobisgoofy/status/391688997736816640"/>
		<document id="391701391120793600" url="https://twitter.com/goobisgoofy/status/391701391120793600"/>
		<document id="391701649989066752" url="https://twitter.com/goobisgoofy/status/391701649989066752"/>
		<document id="391702389386129408" url="https://twitter.com/goobisgoofy/status/391702389386129408"/>
		<document id="391714882657484800" url="https://twitter.com/goobisgoofy/status/391714882657484800"/>
		<document id="391730643539070976" url="https://twitter.com/goobisgoofy/status/391730643539070976"/>
		<document id="391739669589024768" url="https://twitter.com/goobisgoofy/status/391739669589024768"/>
		<document id="391756307365371904" url="https://twitter.com/goobisgoofy/status/391756307365371904"/>
		<document id="392005970412699648" url="https://twitter.com/goobisgoofy/status/392005970412699648"/>
		<document id="392326811696496640" url="https://twitter.com/goobisgoofy/status/392326811696496640"/>
		<document id="392329084392730624" url="https://twitter.com/goobisgoofy/status/392329084392730624"/>
		<document id="392329483375874048" url="https://twitter.com/goobisgoofy/status/392329483375874048"/>
		<document id="392329650728603648" url="https://twitter.com/goobisgoofy/status/392329650728603648"/>
		<document id="392332156573609984" url="https://twitter.com/goobisgoofy/status/392332156573609984"/>
		<document id="392677766535331840" url="https://twitter.com/goobisgoofy/status/392677766535331840"/>
		<document id="393466759665418240" url="https://twitter.com/goobisgoofy/status/393466759665418240"/>
		<document id="393513937913651200" url="https://twitter.com/goobisgoofy/status/393513937913651200"/>
		<document id="393752430929661953" url="https://twitter.com/goobisgoofy/status/393752430929661953"/>
		<document id="393752557274685441" url="https://twitter.com/goobisgoofy/status/393752557274685441"/>
		<document id="393754401698885633" url="https://twitter.com/goobisgoofy/status/393754401698885633"/>
		<document id="396351966420697088" url="https://twitter.com/goobisgoofy/status/396351966420697088"/>
		<document id="396354690835025920" url="https://twitter.com/goobisgoofy/status/396354690835025920"/>
		<document id="396471074843799552" url="https://twitter.com/goobisgoofy/status/396471074843799552"/>
		<document id="397780264845586432" url="https://twitter.com/goobisgoofy/status/397780264845586432"/>
		<document id="397787075715825664" url="https://twitter.com/goobisgoofy/status/397787075715825664"/>
		<document id="39840319017066496" url="https://twitter.com/goobisgoofy/status/39840319017066496"/>
		<document id="398730330422910976" url="https://twitter.com/goobisgoofy/status/398730330422910976"/>
		<document id="398978328629362688" url="https://twitter.com/goobisgoofy/status/398978328629362688"/>
		<document id="399948667773550592" url="https://twitter.com/goobisgoofy/status/399948667773550592"/>
		<document id="399991854013644800" url="https://twitter.com/goobisgoofy/status/399991854013644800"/>
		<document id="399992967983030272" url="https://twitter.com/goobisgoofy/status/399992967983030272"/>
		<document id="400045223000440832" url="https://twitter.com/goobisgoofy/status/400045223000440832"/>
		<document id="400045614701879296" url="https://twitter.com/goobisgoofy/status/400045614701879296"/>
		<document id="400063470202527744" url="https://twitter.com/goobisgoofy/status/400063470202527744"/>
		<document id="400075977273135105" url="https://twitter.com/goobisgoofy/status/400075977273135105"/>
		<document id="400076102221463553" url="https://twitter.com/goobisgoofy/status/400076102221463553"/>
		<document id="400076644544946176" url="https://twitter.com/goobisgoofy/status/400076644544946176"/>
		<document id="400076932483936256" url="https://twitter.com/goobisgoofy/status/400076932483936256"/>
		<document id="400087470723059713" url="https://twitter.com/goobisgoofy/status/400087470723059713"/>
		<document id="400175651116023808" url="https://twitter.com/goobisgoofy/status/400175651116023808"/>
		<document id="400320954925981696" url="https://twitter.com/goobisgoofy/status/400320954925981696"/>
		<document id="400356890838040576" url="https://twitter.com/goobisgoofy/status/400356890838040576"/>
		<document id="400379733437083648" url="https://twitter.com/goobisgoofy/status/400379733437083648"/>
		<document id="400496250912780288" url="https://twitter.com/goobisgoofy/status/400496250912780288"/>
		<document id="401070285366898689" url="https://twitter.com/goobisgoofy/status/401070285366898689"/>
		<document id="403633167003025408" url="https://twitter.com/goobisgoofy/status/403633167003025408"/>
		<document id="403634703468863488" url="https://twitter.com/goobisgoofy/status/403634703468863488"/>
		<document id="403636665845297152" url="https://twitter.com/goobisgoofy/status/403636665845297152"/>
		<document id="403637568065253376" url="https://twitter.com/goobisgoofy/status/403637568065253376"/>
		<document id="403639195270651904" url="https://twitter.com/goobisgoofy/status/403639195270651904"/>
		<document id="403640262662324224" url="https://twitter.com/goobisgoofy/status/403640262662324224"/>
		<document id="403643157474467840" url="https://twitter.com/goobisgoofy/status/403643157474467840"/>
		<document id="403644671215550464" url="https://twitter.com/goobisgoofy/status/403644671215550464"/>
		<document id="404275939246080" url="https://twitter.com/goobisgoofy/status/404275939246080"/>
		<document id="404793035269373952" url="https://twitter.com/goobisgoofy/status/404793035269373952"/>
		<document id="405063885624852480" url="https://twitter.com/goobisgoofy/status/405063885624852480"/>
		<document id="405068058839883776" url="https://twitter.com/goobisgoofy/status/405068058839883776"/>
		<document id="405087785683406848" url="https://twitter.com/goobisgoofy/status/405087785683406848"/>
		<document id="405088391596756993" url="https://twitter.com/goobisgoofy/status/405088391596756993"/>
		<document id="405162445544894464" url="https://twitter.com/goobisgoofy/status/405162445544894464"/>
		<document id="40520307005460480" url="https://twitter.com/goobisgoofy/status/40520307005460480"/>
		<document id="405869092609204225" url="https://twitter.com/goobisgoofy/status/405869092609204225"/>
		<document id="406518503618134016" url="https://twitter.com/goobisgoofy/status/406518503618134016"/>
		<document id="406524026514046976" url="https://twitter.com/goobisgoofy/status/406524026514046976"/>
		<document id="408108975461117952" url="https://twitter.com/goobisgoofy/status/408108975461117952"/>
		<document id="408313017160728576" url="https://twitter.com/goobisgoofy/status/408313017160728576"/>
		<document id="408316456934572032" url="https://twitter.com/goobisgoofy/status/408316456934572032"/>
		<document id="408331791335165952" url="https://twitter.com/goobisgoofy/status/408331791335165952"/>
		<document id="408359802771742722" url="https://twitter.com/goobisgoofy/status/408359802771742722"/>
		<document id="408365534825033728" url="https://twitter.com/goobisgoofy/status/408365534825033728"/>
		<document id="408368239920435200" url="https://twitter.com/goobisgoofy/status/408368239920435200"/>
		<document id="408646208123461632" url="https://twitter.com/goobisgoofy/status/408646208123461632"/>
		<document id="409011862127128576" url="https://twitter.com/goobisgoofy/status/409011862127128576"/>
		<document id="409045491481972736" url="https://twitter.com/goobisgoofy/status/409045491481972736"/>
		<document id="409053243306967040" url="https://twitter.com/goobisgoofy/status/409053243306967040"/>
		<document id="409057316013490176" url="https://twitter.com/goobisgoofy/status/409057316013490176"/>
		<document id="409092256914608128" url="https://twitter.com/goobisgoofy/status/409092256914608128"/>
		<document id="409164568896999425" url="https://twitter.com/goobisgoofy/status/409164568896999425"/>
		<document id="409350679292305408" url="https://twitter.com/goobisgoofy/status/409350679292305408"/>
		<document id="409785537390579712" url="https://twitter.com/goobisgoofy/status/409785537390579712"/>
		<document id="410264341163040768" url="https://twitter.com/goobisgoofy/status/410264341163040768"/>
		<document id="410265383799906304" url="https://twitter.com/goobisgoofy/status/410265383799906304"/>
		<document id="410266660747362304" url="https://twitter.com/goobisgoofy/status/410266660747362304"/>
		<document id="410589973209833472" url="https://twitter.com/goobisgoofy/status/410589973209833472"/>
		<document id="410867702467932160" url="https://twitter.com/goobisgoofy/status/410867702467932160"/>
		<document id="410876310999683072" url="https://twitter.com/goobisgoofy/status/410876310999683072"/>
		<document id="411206820724604928" url="https://twitter.com/goobisgoofy/status/411206820724604928"/>
		<document id="411208699076567041" url="https://twitter.com/goobisgoofy/status/411208699076567041"/>
		<document id="411240449543000064" url="https://twitter.com/goobisgoofy/status/411240449543000064"/>
		<document id="411241821956612096" url="https://twitter.com/goobisgoofy/status/411241821956612096"/>
		<document id="411242146453135361" url="https://twitter.com/goobisgoofy/status/411242146453135361"/>
		<document id="411250251538788352" url="https://twitter.com/goobisgoofy/status/411250251538788352"/>
		<document id="411334532533870592" url="https://twitter.com/goobisgoofy/status/411334532533870592"/>
		<document id="412098578975174656" url="https://twitter.com/goobisgoofy/status/412098578975174656"/>
		<document id="412120921281818624" url="https://twitter.com/goobisgoofy/status/412120921281818624"/>
		<document id="41214011613642752" url="https://twitter.com/goobisgoofy/status/41214011613642752"/>
		<document id="412736706371411968" url="https://twitter.com/goobisgoofy/status/412736706371411968"/>
		<document id="412799054318288896" url="https://twitter.com/goobisgoofy/status/412799054318288896"/>
		<document id="412825528161144833" url="https://twitter.com/goobisgoofy/status/412825528161144833"/>
		<document id="413020651608625152" url="https://twitter.com/goobisgoofy/status/413020651608625152"/>
		<document id="413020826968268800" url="https://twitter.com/goobisgoofy/status/413020826968268800"/>
		<document id="413075059465412608" url="https://twitter.com/goobisgoofy/status/413075059465412608"/>
		<document id="413100397805314049" url="https://twitter.com/goobisgoofy/status/413100397805314049"/>
		<document id="413102092690411521" url="https://twitter.com/goobisgoofy/status/413102092690411521"/>
		<document id="413168581094825984" url="https://twitter.com/goobisgoofy/status/413168581094825984"/>
		<document id="413169867131723776" url="https://twitter.com/goobisgoofy/status/413169867131723776"/>
		<document id="413462989535051776" url="https://twitter.com/goobisgoofy/status/413462989535051776"/>
		<document id="413510650326179840" url="https://twitter.com/goobisgoofy/status/413510650326179840"/>
		<document id="413530179181346816" url="https://twitter.com/goobisgoofy/status/413530179181346816"/>
		<document id="413747517814484993" url="https://twitter.com/goobisgoofy/status/413747517814484993"/>
		<document id="413839183703461888" url="https://twitter.com/goobisgoofy/status/413839183703461888"/>
		<document id="414218606235627520" url="https://twitter.com/goobisgoofy/status/414218606235627520"/>
		<document id="416092275098537984" url="https://twitter.com/goobisgoofy/status/416092275098537984"/>
		<document id="416097819595145216" url="https://twitter.com/goobisgoofy/status/416097819595145216"/>
		<document id="417736975181819905" url="https://twitter.com/goobisgoofy/status/417736975181819905"/>
		<document id="418431523185233920" url="https://twitter.com/goobisgoofy/status/418431523185233920"/>
		<document id="418889518641860608" url="https://twitter.com/goobisgoofy/status/418889518641860608"/>
		<document id="418930969312120832" url="https://twitter.com/goobisgoofy/status/418930969312120832"/>
		<document id="4264175438135297" url="https://twitter.com/goobisgoofy/status/4264175438135297"/>
		<document id="4264401473376257" url="https://twitter.com/goobisgoofy/status/4264401473376257"/>
		<document id="43705039491055617" url="https://twitter.com/goobisgoofy/status/43705039491055617"/>
		<document id="4613533396369408" url="https://twitter.com/goobisgoofy/status/4613533396369408"/>
		<document id="46977395806322688" url="https://twitter.com/goobisgoofy/status/46977395806322688"/>
		<document id="47469755342389248" url="https://twitter.com/goobisgoofy/status/47469755342389248"/>
		<document id="48759647557009408" url="https://twitter.com/goobisgoofy/status/48759647557009408"/>
		<document id="4945030025" url="https://twitter.com/goobisgoofy/status/4945030025"/>
		<document id="5036315729" url="https://twitter.com/goobisgoofy/status/5036315729"/>
		<document id="5068774525" url="https://twitter.com/goobisgoofy/status/5068774525"/>
		<document id="5088538325" url="https://twitter.com/goobisgoofy/status/5088538325"/>
		<document id="51122853931790336" url="https://twitter.com/goobisgoofy/status/51122853931790336"/>
		<document id="51308523006590977" url="https://twitter.com/goobisgoofy/status/51308523006590977"/>
		<document id="5164383489" url="https://twitter.com/goobisgoofy/status/5164383489"/>
		<document id="5175157296" url="https://twitter.com/goobisgoofy/status/5175157296"/>
		<document id="5176504588" url="https://twitter.com/goobisgoofy/status/5176504588"/>
		<document id="5176607246" url="https://twitter.com/goobisgoofy/status/5176607246"/>
		<document id="52727691522215936" url="https://twitter.com/goobisgoofy/status/52727691522215936"/>
		<document id="5279465089" url="https://twitter.com/goobisgoofy/status/5279465089"/>
		<document id="5328197055" url="https://twitter.com/goobisgoofy/status/5328197055"/>
		<document id="5350720107" url="https://twitter.com/goobisgoofy/status/5350720107"/>
		<document id="53828474070241280" url="https://twitter.com/goobisgoofy/status/53828474070241280"/>
		<document id="5395115481" url="https://twitter.com/goobisgoofy/status/5395115481"/>
		<document id="5451080069" url="https://twitter.com/goobisgoofy/status/5451080069"/>
		<document id="5459077926" url="https://twitter.com/goobisgoofy/status/5459077926"/>
		<document id="5460624943" url="https://twitter.com/goobisgoofy/status/5460624943"/>
		<document id="5517297390" url="https://twitter.com/goobisgoofy/status/5517297390"/>
		<document id="5523736342" url="https://twitter.com/goobisgoofy/status/5523736342"/>
		<document id="5524860551" url="https://twitter.com/goobisgoofy/status/5524860551"/>
		<document id="5562395102" url="https://twitter.com/goobisgoofy/status/5562395102"/>
		<document id="55664720480436224" url="https://twitter.com/goobisgoofy/status/55664720480436224"/>
		<document id="5601167733" url="https://twitter.com/goobisgoofy/status/5601167733"/>
		<document id="5621487772" url="https://twitter.com/goobisgoofy/status/5621487772"/>
		<document id="5754330457" url="https://twitter.com/goobisgoofy/status/5754330457"/>
		<document id="5861205395" url="https://twitter.com/goobisgoofy/status/5861205395"/>
		<document id="58638154374201344" url="https://twitter.com/goobisgoofy/status/58638154374201344"/>
		<document id="58914978320744450" url="https://twitter.com/goobisgoofy/status/58914978320744450"/>
		<document id="5908704109" url="https://twitter.com/goobisgoofy/status/5908704109"/>
		<document id="5910734623" url="https://twitter.com/goobisgoofy/status/5910734623"/>
		<document id="5925895153" url="https://twitter.com/goobisgoofy/status/5925895153"/>
		<document id="60723011149500417" url="https://twitter.com/goobisgoofy/status/60723011149500417"/>
		<document id="61067266023899136" url="https://twitter.com/goobisgoofy/status/61067266023899136"/>
		<document id="6211414104" url="https://twitter.com/goobisgoofy/status/6211414104"/>
		<document id="6295343212" url="https://twitter.com/goobisgoofy/status/6295343212"/>
		<document id="6295378612" url="https://twitter.com/goobisgoofy/status/6295378612"/>
		<document id="6330061206" url="https://twitter.com/goobisgoofy/status/6330061206"/>
		<document id="6331065558" url="https://twitter.com/goobisgoofy/status/6331065558"/>
		<document id="6416139169" url="https://twitter.com/goobisgoofy/status/6416139169"/>
		<document id="64890190195470338" url="https://twitter.com/goobisgoofy/status/64890190195470338"/>
		<document id="64891022668341248" url="https://twitter.com/goobisgoofy/status/64891022668341248"/>
		<document id="64892020547788801" url="https://twitter.com/goobisgoofy/status/64892020547788801"/>
		<document id="64892826021937154" url="https://twitter.com/goobisgoofy/status/64892826021937154"/>
		<document id="64900795916750848" url="https://twitter.com/goobisgoofy/status/64900795916750848"/>
		<document id="64904389646749696" url="https://twitter.com/goobisgoofy/status/64904389646749696"/>
		<document id="6504073359" url="https://twitter.com/goobisgoofy/status/6504073359"/>
		<document id="6834240994" url="https://twitter.com/goobisgoofy/status/6834240994"/>
		<document id="6839120792" url="https://twitter.com/goobisgoofy/status/6839120792"/>
		<document id="68855838986604544" url="https://twitter.com/goobisgoofy/status/68855838986604544"/>
		<document id="69216145688891392" url="https://twitter.com/goobisgoofy/status/69216145688891392"/>
		<document id="7025332071" url="https://twitter.com/goobisgoofy/status/7025332071"/>
		<document id="7277076862" url="https://twitter.com/goobisgoofy/status/7277076862"/>
		<document id="7376665007" url="https://twitter.com/goobisgoofy/status/7376665007"/>
		<document id="7448539590" url="https://twitter.com/goobisgoofy/status/7448539590"/>
		<document id="7492831178" url="https://twitter.com/goobisgoofy/status/7492831178"/>
		<document id="7493537641799680" url="https://twitter.com/goobisgoofy/status/7493537641799680"/>
		<document id="7508544686" url="https://twitter.com/goobisgoofy/status/7508544686"/>
		<document id="7509808557" url="https://twitter.com/goobisgoofy/status/7509808557"/>
		<document id="75581632924491776" url="https://twitter.com/goobisgoofy/status/75581632924491776"/>
		<document id="7644093786" url="https://twitter.com/goobisgoofy/status/7644093786"/>
		<document id="7659109874" url="https://twitter.com/goobisgoofy/status/7659109874"/>
		<document id="7681652136" url="https://twitter.com/goobisgoofy/status/7681652136"/>
		<document id="78123732165599233" url="https://twitter.com/goobisgoofy/status/78123732165599233"/>
		<document id="7817906015" url="https://twitter.com/goobisgoofy/status/7817906015"/>
		<document id="7877531338" url="https://twitter.com/goobisgoofy/status/7877531338"/>
		<document id="7886335138340864" url="https://twitter.com/goobisgoofy/status/7886335138340864"/>
		<document id="7896004828" url="https://twitter.com/goobisgoofy/status/7896004828"/>
		<document id="7921869452" url="https://twitter.com/goobisgoofy/status/7921869452"/>
		<document id="7930118371" url="https://twitter.com/goobisgoofy/status/7930118371"/>
		<document id="80648812649132032" url="https://twitter.com/goobisgoofy/status/80648812649132032"/>
		<document id="81415042800680960" url="https://twitter.com/goobisgoofy/status/81415042800680960"/>
		<document id="8226410699" url="https://twitter.com/goobisgoofy/status/8226410699"/>
		<document id="8246180631" url="https://twitter.com/goobisgoofy/status/8246180631"/>
		<document id="8291330607" url="https://twitter.com/goobisgoofy/status/8291330607"/>
		<document id="83226098061676544" url="https://twitter.com/goobisgoofy/status/83226098061676544"/>
		<document id="8337749341" url="https://twitter.com/goobisgoofy/status/8337749341"/>
		<document id="8373990584" url="https://twitter.com/goobisgoofy/status/8373990584"/>
		<document id="8376862853" url="https://twitter.com/goobisgoofy/status/8376862853"/>
		<document id="8518352381" url="https://twitter.com/goobisgoofy/status/8518352381"/>
		<document id="85355048833527809" url="https://twitter.com/goobisgoofy/status/85355048833527809"/>
		<document id="8548043564" url="https://twitter.com/goobisgoofy/status/8548043564"/>
		<document id="8562785328" url="https://twitter.com/goobisgoofy/status/8562785328"/>
		<document id="8598161058" url="https://twitter.com/goobisgoofy/status/8598161058"/>
		<document id="8599301889" url="https://twitter.com/goobisgoofy/status/8599301889"/>
		<document id="8713994719" url="https://twitter.com/goobisgoofy/status/8713994719"/>
		<document id="8726566626" url="https://twitter.com/goobisgoofy/status/8726566626"/>
		<document id="8728888334" url="https://twitter.com/goobisgoofy/status/8728888334"/>
		<document id="8730229895" url="https://twitter.com/goobisgoofy/status/8730229895"/>
		<document id="8730826818" url="https://twitter.com/goobisgoofy/status/8730826818"/>
		<document id="8731740130" url="https://twitter.com/goobisgoofy/status/8731740130"/>
		<document id="8732780133" url="https://twitter.com/goobisgoofy/status/8732780133"/>
		<document id="8734308955" url="https://twitter.com/goobisgoofy/status/8734308955"/>
		<document id="8734422296" url="https://twitter.com/goobisgoofy/status/8734422296"/>
		<document id="8741579944" url="https://twitter.com/goobisgoofy/status/8741579944"/>
		<document id="8786341868" url="https://twitter.com/goobisgoofy/status/8786341868"/>
		<document id="8788806111" url="https://twitter.com/goobisgoofy/status/8788806111"/>
		<document id="8863118079" url="https://twitter.com/goobisgoofy/status/8863118079"/>
		<document id="8865763567" url="https://twitter.com/goobisgoofy/status/8865763567"/>
		<document id="8911265809" url="https://twitter.com/goobisgoofy/status/8911265809"/>
		<document id="8929939496" url="https://twitter.com/goobisgoofy/status/8929939496"/>
		<document id="8942584651" url="https://twitter.com/goobisgoofy/status/8942584651"/>
		<document id="9040849350" url="https://twitter.com/goobisgoofy/status/9040849350"/>
		<document id="9065274441" url="https://twitter.com/goobisgoofy/status/9065274441"/>
		<document id="9076178876" url="https://twitter.com/goobisgoofy/status/9076178876"/>
		<document id="9128611056" url="https://twitter.com/goobisgoofy/status/9128611056"/>
		<document id="9151528275" url="https://twitter.com/goobisgoofy/status/9151528275"/>
		<document id="9190412819" url="https://twitter.com/goobisgoofy/status/9190412819"/>
		<document id="9246717308" url="https://twitter.com/goobisgoofy/status/9246717308"/>
		<document id="9343363513" url="https://twitter.com/goobisgoofy/status/9343363513"/>
		<document id="9419665782" url="https://twitter.com/goobisgoofy/status/9419665782"/>
		<document id="9491122726" url="https://twitter.com/goobisgoofy/status/9491122726"/>
		<document id="9545547035" url="https://twitter.com/goobisgoofy/status/9545547035"/>
		<document id="9780807945" url="https://twitter.com/goobisgoofy/status/9780807945"/>
		<document id="9813915427" url="https://twitter.com/goobisgoofy/status/9813915427"/>
		<document id="9880655064" url="https://twitter.com/goobisgoofy/status/9880655064"/>
		<document id="9986337879" url="https://twitter.com/goobisgoofy/status/9986337879"/>
	</documents>
</author>