<?xml version="1.0" encoding="UTF-8" standalone="no"?><author age_group="xx" gender="xx" lang="EN" type="twitter" url="https://twitter.com/LegalNewsToUse">
	<documents count="76">
		<document id="117410234976305152" url="https://twitter.com/LegalNewsToUse/status/117410234976305152"/>
		<document id="117411372551254016" url="https://twitter.com/LegalNewsToUse/status/117411372551254016"/>
		<document id="118418156975960064" url="https://twitter.com/LegalNewsToUse/status/118418156975960064"/>
		<document id="15524203990089728" url="https://twitter.com/LegalNewsToUse/status/15524203990089728"/>
		<document id="19425449260089344" url="https://twitter.com/LegalNewsToUse/status/19425449260089344"/>
		<document id="20250488062615552" url="https://twitter.com/LegalNewsToUse/status/20250488062615552"/>
		<document id="22534311038" url="https://twitter.com/LegalNewsToUse/status/22534311038"/>
		<document id="22535247832" url="https://twitter.com/LegalNewsToUse/status/22535247832"/>
		<document id="24030058413" url="https://twitter.com/LegalNewsToUse/status/24030058413"/>
		<document id="24035746166" url="https://twitter.com/LegalNewsToUse/status/24035746166"/>
		<document id="24506310975" url="https://twitter.com/LegalNewsToUse/status/24506310975"/>
		<document id="24574496911" url="https://twitter.com/LegalNewsToUse/status/24574496911"/>
		<document id="24680177150" url="https://twitter.com/LegalNewsToUse/status/24680177150"/>
		<document id="24680440280" url="https://twitter.com/LegalNewsToUse/status/24680440280"/>
		<document id="24681037360" url="https://twitter.com/LegalNewsToUse/status/24681037360"/>
		<document id="24681466290" url="https://twitter.com/LegalNewsToUse/status/24681466290"/>
		<document id="25047429213" url="https://twitter.com/LegalNewsToUse/status/25047429213"/>
		<document id="25047561882" url="https://twitter.com/LegalNewsToUse/status/25047561882"/>
		<document id="25048013161" url="https://twitter.com/LegalNewsToUse/status/25048013161"/>
		<document id="25050277994" url="https://twitter.com/LegalNewsToUse/status/25050277994"/>
		<document id="25050987101" url="https://twitter.com/LegalNewsToUse/status/25050987101"/>
		<document id="25118785514" url="https://twitter.com/LegalNewsToUse/status/25118785514"/>
		<document id="25135070549" url="https://twitter.com/LegalNewsToUse/status/25135070549"/>
		<document id="25237245261" url="https://twitter.com/LegalNewsToUse/status/25237245261"/>
		<document id="25238043427" url="https://twitter.com/LegalNewsToUse/status/25238043427"/>
		<document id="25657811011" url="https://twitter.com/LegalNewsToUse/status/25657811011"/>
		<document id="25659496393" url="https://twitter.com/LegalNewsToUse/status/25659496393"/>
		<document id="25659704090" url="https://twitter.com/LegalNewsToUse/status/25659704090"/>
		<document id="25683587656" url="https://twitter.com/LegalNewsToUse/status/25683587656"/>
		<document id="25683860070" url="https://twitter.com/LegalNewsToUse/status/25683860070"/>
		<document id="25700690157" url="https://twitter.com/LegalNewsToUse/status/25700690157"/>
		<document id="25700924066" url="https://twitter.com/LegalNewsToUse/status/25700924066"/>
		<document id="25759533418" url="https://twitter.com/LegalNewsToUse/status/25759533418"/>
		<document id="25759982591" url="https://twitter.com/LegalNewsToUse/status/25759982591"/>
		<document id="25761536765" url="https://twitter.com/LegalNewsToUse/status/25761536765"/>
		<document id="25763878374" url="https://twitter.com/LegalNewsToUse/status/25763878374"/>
		<document id="25789467160" url="https://twitter.com/LegalNewsToUse/status/25789467160"/>
		<document id="25790115059" url="https://twitter.com/LegalNewsToUse/status/25790115059"/>
		<document id="25792149649" url="https://twitter.com/LegalNewsToUse/status/25792149649"/>
		<document id="25792472705" url="https://twitter.com/LegalNewsToUse/status/25792472705"/>
		<document id="25818011273" url="https://twitter.com/LegalNewsToUse/status/25818011273"/>
		<document id="25897376346" url="https://twitter.com/LegalNewsToUse/status/25897376346"/>
		<document id="25897553040" url="https://twitter.com/LegalNewsToUse/status/25897553040"/>
		<document id="26470344992" url="https://twitter.com/LegalNewsToUse/status/26470344992"/>
		<document id="27132659939" url="https://twitter.com/LegalNewsToUse/status/27132659939"/>
		<document id="27135743762" url="https://twitter.com/LegalNewsToUse/status/27135743762"/>
		<document id="27136166302" url="https://twitter.com/LegalNewsToUse/status/27136166302"/>
		<document id="27136386674" url="https://twitter.com/LegalNewsToUse/status/27136386674"/>
		<document id="27136509655" url="https://twitter.com/LegalNewsToUse/status/27136509655"/>
		<document id="27141454066" url="https://twitter.com/LegalNewsToUse/status/27141454066"/>
		<document id="28449765402349568" url="https://twitter.com/LegalNewsToUse/status/28449765402349568"/>
		<document id="28694224455" url="https://twitter.com/LegalNewsToUse/status/28694224455"/>
		<document id="32449072254156800" url="https://twitter.com/LegalNewsToUse/status/32449072254156800"/>
		<document id="32451101932392448" url="https://twitter.com/LegalNewsToUse/status/32451101932392448"/>
		<document id="35461906382725122" url="https://twitter.com/LegalNewsToUse/status/35461906382725122"/>
		<document id="36061632954114048" url="https://twitter.com/LegalNewsToUse/status/36061632954114048"/>
		<document id="37952742072786944" url="https://twitter.com/LegalNewsToUse/status/37952742072786944"/>
		<document id="37955538935349248" url="https://twitter.com/LegalNewsToUse/status/37955538935349248"/>
		<document id="37956298528137217" url="https://twitter.com/LegalNewsToUse/status/37956298528137217"/>
		<document id="40536451149987841" url="https://twitter.com/LegalNewsToUse/status/40536451149987841"/>
		<document id="40537225519169536" url="https://twitter.com/LegalNewsToUse/status/40537225519169536"/>
		<document id="43045664485146624" url="https://twitter.com/LegalNewsToUse/status/43045664485146624"/>
		<document id="43057158098661376" url="https://twitter.com/LegalNewsToUse/status/43057158098661376"/>
		<document id="43724768809201665" url="https://twitter.com/LegalNewsToUse/status/43724768809201665"/>
		<document id="43726204104216576" url="https://twitter.com/LegalNewsToUse/status/43726204104216576"/>
		<document id="43738185687244800" url="https://twitter.com/LegalNewsToUse/status/43738185687244800"/>
		<document id="43739437926068224" url="https://twitter.com/LegalNewsToUse/status/43739437926068224"/>
		<document id="43742102298963968" url="https://twitter.com/LegalNewsToUse/status/43742102298963968"/>
		<document id="43742683352662016" url="https://twitter.com/LegalNewsToUse/status/43742683352662016"/>
		<document id="45586752190156800" url="https://twitter.com/LegalNewsToUse/status/45586752190156800"/>
		<document id="45869205253394432" url="https://twitter.com/LegalNewsToUse/status/45869205253394432"/>
		<document id="45890583964827649" url="https://twitter.com/LegalNewsToUse/status/45890583964827649"/>
		<document id="47652489398460418" url="https://twitter.com/LegalNewsToUse/status/47652489398460418"/>
		<document id="48078059634565120" url="https://twitter.com/LegalNewsToUse/status/48078059634565120"/>
		<document id="48519759708430336" url="https://twitter.com/LegalNewsToUse/status/48519759708430336"/>
		<document id="48524994099150848" url="https://twitter.com/LegalNewsToUse/status/48524994099150848"/>
	</documents>
</author>