<?xml version="1.0" encoding="UTF-8" standalone="no"?><author age_group="xx" gender="xx" lang="EN" type="twitter" url="https://twitter.com/everyueveryme">
	<documents count="1000">
		<document id="10025454996" url="https://twitter.com/everyueveryme/status/10025454996"/>
		<document id="10031601467" url="https://twitter.com/everyueveryme/status/10031601467"/>
		<document id="10169258600300544" url="https://twitter.com/everyueveryme/status/10169258600300544"/>
		<document id="10173614305" url="https://twitter.com/everyueveryme/status/10173614305"/>
		<document id="10228152197" url="https://twitter.com/everyueveryme/status/10228152197"/>
		<document id="10253300681" url="https://twitter.com/everyueveryme/status/10253300681"/>
		<document id="10257500845" url="https://twitter.com/everyueveryme/status/10257500845"/>
		<document id="10257869475" url="https://twitter.com/everyueveryme/status/10257869475"/>
		<document id="10258211923" url="https://twitter.com/everyueveryme/status/10258211923"/>
		<document id="10258611811" url="https://twitter.com/everyueveryme/status/10258611811"/>
		<document id="10276624242" url="https://twitter.com/everyueveryme/status/10276624242"/>
		<document id="102778829201866753" url="https://twitter.com/everyueveryme/status/102778829201866753"/>
		<document id="10312806945" url="https://twitter.com/everyueveryme/status/10312806945"/>
		<document id="10340196327" url="https://twitter.com/everyueveryme/status/10340196327"/>
		<document id="10376048529" url="https://twitter.com/everyueveryme/status/10376048529"/>
		<document id="10381492771" url="https://twitter.com/everyueveryme/status/10381492771"/>
		<document id="10413672285" url="https://twitter.com/everyueveryme/status/10413672285"/>
		<document id="10413672704" url="https://twitter.com/everyueveryme/status/10413672704"/>
		<document id="10428902125" url="https://twitter.com/everyueveryme/status/10428902125"/>
		<document id="10484888731" url="https://twitter.com/everyueveryme/status/10484888731"/>
		<document id="10501472433" url="https://twitter.com/everyueveryme/status/10501472433"/>
		<document id="10518190736019456" url="https://twitter.com/everyueveryme/status/10518190736019456"/>
		<document id="10519374814" url="https://twitter.com/everyueveryme/status/10519374814"/>
		<document id="10535423972" url="https://twitter.com/everyueveryme/status/10535423972"/>
		<document id="10537746554" url="https://twitter.com/everyueveryme/status/10537746554"/>
		<document id="10570650848" url="https://twitter.com/everyueveryme/status/10570650848"/>
		<document id="10601193490" url="https://twitter.com/everyueveryme/status/10601193490"/>
		<document id="10673088772" url="https://twitter.com/everyueveryme/status/10673088772"/>
		<document id="10688256156" url="https://twitter.com/everyueveryme/status/10688256156"/>
		<document id="10710428606799872" url="https://twitter.com/everyueveryme/status/10710428606799872"/>
		<document id="10727685286" url="https://twitter.com/everyueveryme/status/10727685286"/>
		<document id="10743808971" url="https://twitter.com/everyueveryme/status/10743808971"/>
		<document id="10785115161" url="https://twitter.com/everyueveryme/status/10785115161"/>
		<document id="10808292222" url="https://twitter.com/everyueveryme/status/10808292222"/>
		<document id="108306350475448321" url="https://twitter.com/everyueveryme/status/108306350475448321"/>
		<document id="10874769793" url="https://twitter.com/everyueveryme/status/10874769793"/>
		<document id="10891470647" url="https://twitter.com/everyueveryme/status/10891470647"/>
		<document id="10930440535" url="https://twitter.com/everyueveryme/status/10930440535"/>
		<document id="10979644331" url="https://twitter.com/everyueveryme/status/10979644331"/>
		<document id="110569062546939904" url="https://twitter.com/everyueveryme/status/110569062546939904"/>
		<document id="11090757328" url="https://twitter.com/everyueveryme/status/11090757328"/>
		<document id="11254569209" url="https://twitter.com/everyueveryme/status/11254569209"/>
		<document id="11337146592" url="https://twitter.com/everyueveryme/status/11337146592"/>
		<document id="11337148034" url="https://twitter.com/everyueveryme/status/11337148034"/>
		<document id="11348471491" url="https://twitter.com/everyueveryme/status/11348471491"/>
		<document id="11368897246" url="https://twitter.com/everyueveryme/status/11368897246"/>
		<document id="11433360562" url="https://twitter.com/everyueveryme/status/11433360562"/>
		<document id="11435296339" url="https://twitter.com/everyueveryme/status/11435296339"/>
		<document id="11448182533787648" url="https://twitter.com/everyueveryme/status/11448182533787648"/>
		<document id="11483885651" url="https://twitter.com/everyueveryme/status/11483885651"/>
		<document id="11570042856" url="https://twitter.com/everyueveryme/status/11570042856"/>
		<document id="11589870387" url="https://twitter.com/everyueveryme/status/11589870387"/>
		<document id="11622991465" url="https://twitter.com/everyueveryme/status/11622991465"/>
		<document id="11628683945050112" url="https://twitter.com/everyueveryme/status/11628683945050112"/>
		<document id="11754773024" url="https://twitter.com/everyueveryme/status/11754773024"/>
		<document id="11780434522" url="https://twitter.com/everyueveryme/status/11780434522"/>
		<document id="11828076699" url="https://twitter.com/everyueveryme/status/11828076699"/>
		<document id="11854880175" url="https://twitter.com/everyueveryme/status/11854880175"/>
		<document id="11880061573" url="https://twitter.com/everyueveryme/status/11880061573"/>
		<document id="11880295876" url="https://twitter.com/everyueveryme/status/11880295876"/>
		<document id="11901297005" url="https://twitter.com/everyueveryme/status/11901297005"/>
		<document id="11974188753" url="https://twitter.com/everyueveryme/status/11974188753"/>
		<document id="12010003162" url="https://twitter.com/everyueveryme/status/12010003162"/>
		<document id="12047985398" url="https://twitter.com/everyueveryme/status/12047985398"/>
		<document id="12102717957" url="https://twitter.com/everyueveryme/status/12102717957"/>
		<document id="12115914159" url="https://twitter.com/everyueveryme/status/12115914159"/>
		<document id="12181307970822147" url="https://twitter.com/everyueveryme/status/12181307970822147"/>
		<document id="12181412158" url="https://twitter.com/everyueveryme/status/12181412158"/>
		<document id="12201089418" url="https://twitter.com/everyueveryme/status/12201089418"/>
		<document id="12224456080" url="https://twitter.com/everyueveryme/status/12224456080"/>
		<document id="12230424777" url="https://twitter.com/everyueveryme/status/12230424777"/>
		<document id="12264164288" url="https://twitter.com/everyueveryme/status/12264164288"/>
		<document id="12345226970533888" url="https://twitter.com/everyueveryme/status/12345226970533888"/>
		<document id="12349352582" url="https://twitter.com/everyueveryme/status/12349352582"/>
		<document id="12349569098" url="https://twitter.com/everyueveryme/status/12349569098"/>
		<document id="12399947090" url="https://twitter.com/everyueveryme/status/12399947090"/>
		<document id="12430199232" url="https://twitter.com/everyueveryme/status/12430199232"/>
		<document id="12430301850" url="https://twitter.com/everyueveryme/status/12430301850"/>
		<document id="12457230460" url="https://twitter.com/everyueveryme/status/12457230460"/>
		<document id="12460718249" url="https://twitter.com/everyueveryme/status/12460718249"/>
		<document id="12462460400" url="https://twitter.com/everyueveryme/status/12462460400"/>
		<document id="12468692040" url="https://twitter.com/everyueveryme/status/12468692040"/>
		<document id="12478488684" url="https://twitter.com/everyueveryme/status/12478488684"/>
		<document id="12495583659" url="https://twitter.com/everyueveryme/status/12495583659"/>
		<document id="12516552938" url="https://twitter.com/everyueveryme/status/12516552938"/>
		<document id="12534093791" url="https://twitter.com/everyueveryme/status/12534093791"/>
		<document id="12534841825" url="https://twitter.com/everyueveryme/status/12534841825"/>
		<document id="12556638336" url="https://twitter.com/everyueveryme/status/12556638336"/>
		<document id="12711621642158080" url="https://twitter.com/everyueveryme/status/12711621642158080"/>
		<document id="12717734578" url="https://twitter.com/everyueveryme/status/12717734578"/>
		<document id="12736408485" url="https://twitter.com/everyueveryme/status/12736408485"/>
		<document id="12801119734468608" url="https://twitter.com/everyueveryme/status/12801119734468608"/>
		<document id="12881803613" url="https://twitter.com/everyueveryme/status/12881803613"/>
		<document id="12920787029" url="https://twitter.com/everyueveryme/status/12920787029"/>
		<document id="12946438475" url="https://twitter.com/everyueveryme/status/12946438475"/>
		<document id="12947247724" url="https://twitter.com/everyueveryme/status/12947247724"/>
		<document id="12966916939" url="https://twitter.com/everyueveryme/status/12966916939"/>
		<document id="12983127849" url="https://twitter.com/everyueveryme/status/12983127849"/>
		<document id="12983137714" url="https://twitter.com/everyueveryme/status/12983137714"/>
		<document id="13060719364804609" url="https://twitter.com/everyueveryme/status/13060719364804609"/>
		<document id="130698358594600961" url="https://twitter.com/everyueveryme/status/130698358594600961"/>
		<document id="13074732126" url="https://twitter.com/everyueveryme/status/13074732126"/>
		<document id="13102047573" url="https://twitter.com/everyueveryme/status/13102047573"/>
		<document id="13103212723" url="https://twitter.com/everyueveryme/status/13103212723"/>
		<document id="13105787266" url="https://twitter.com/everyueveryme/status/13105787266"/>
		<document id="13109970138" url="https://twitter.com/everyueveryme/status/13109970138"/>
		<document id="13194623530" url="https://twitter.com/everyueveryme/status/13194623530"/>
		<document id="13280303314" url="https://twitter.com/everyueveryme/status/13280303314"/>
		<document id="13309061780" url="https://twitter.com/everyueveryme/status/13309061780"/>
		<document id="13374862042" url="https://twitter.com/everyueveryme/status/13374862042"/>
		<document id="13401939816" url="https://twitter.com/everyueveryme/status/13401939816"/>
		<document id="13426883057" url="https://twitter.com/everyueveryme/status/13426883057"/>
		<document id="13432842077" url="https://twitter.com/everyueveryme/status/13432842077"/>
		<document id="13433084202" url="https://twitter.com/everyueveryme/status/13433084202"/>
		<document id="13445547103" url="https://twitter.com/everyueveryme/status/13445547103"/>
		<document id="13494865522" url="https://twitter.com/everyueveryme/status/13494865522"/>
		<document id="13521810592" url="https://twitter.com/everyueveryme/status/13521810592"/>
		<document id="13526344027" url="https://twitter.com/everyueveryme/status/13526344027"/>
		<document id="13547338371" url="https://twitter.com/everyueveryme/status/13547338371"/>
		<document id="13566883828" url="https://twitter.com/everyueveryme/status/13566883828"/>
		<document id="13619799875653632" url="https://twitter.com/everyueveryme/status/13619799875653632"/>
		<document id="13726539386" url="https://twitter.com/everyueveryme/status/13726539386"/>
		<document id="13769664142" url="https://twitter.com/everyueveryme/status/13769664142"/>
		<document id="13788359996" url="https://twitter.com/everyueveryme/status/13788359996"/>
		<document id="13802570800" url="https://twitter.com/everyueveryme/status/13802570800"/>
		<document id="13892936812" url="https://twitter.com/everyueveryme/status/13892936812"/>
		<document id="13919809344" url="https://twitter.com/everyueveryme/status/13919809344"/>
		<document id="13932036722" url="https://twitter.com/everyueveryme/status/13932036722"/>
		<document id="13953467925" url="https://twitter.com/everyueveryme/status/13953467925"/>
		<document id="13953561461" url="https://twitter.com/everyueveryme/status/13953561461"/>
		<document id="13980886352" url="https://twitter.com/everyueveryme/status/13980886352"/>
		<document id="13989012939214849" url="https://twitter.com/everyueveryme/status/13989012939214849"/>
		<document id="13993993272" url="https://twitter.com/everyueveryme/status/13993993272"/>
		<document id="14131693606" url="https://twitter.com/everyueveryme/status/14131693606"/>
		<document id="141326753514795008" url="https://twitter.com/everyueveryme/status/141326753514795008"/>
		<document id="14148280699068416" url="https://twitter.com/everyueveryme/status/14148280699068416"/>
		<document id="14183443918" url="https://twitter.com/everyueveryme/status/14183443918"/>
		<document id="14233793164" url="https://twitter.com/everyueveryme/status/14233793164"/>
		<document id="14246973458" url="https://twitter.com/everyueveryme/status/14246973458"/>
		<document id="14250578902" url="https://twitter.com/everyueveryme/status/14250578902"/>
		<document id="14295096539" url="https://twitter.com/everyueveryme/status/14295096539"/>
		<document id="14331504951824385" url="https://twitter.com/everyueveryme/status/14331504951824385"/>
		<document id="14333872079" url="https://twitter.com/everyueveryme/status/14333872079"/>
		<document id="14361282916" url="https://twitter.com/everyueveryme/status/14361282916"/>
		<document id="14450818007" url="https://twitter.com/everyueveryme/status/14450818007"/>
		<document id="14451539502436352" url="https://twitter.com/everyueveryme/status/14451539502436352"/>
		<document id="14623709971" url="https://twitter.com/everyueveryme/status/14623709971"/>
		<document id="14668038480" url="https://twitter.com/everyueveryme/status/14668038480"/>
		<document id="1468342787375104" url="https://twitter.com/everyueveryme/status/1468342787375104"/>
		<document id="14698457252" url="https://twitter.com/everyueveryme/status/14698457252"/>
		<document id="14701159641" url="https://twitter.com/everyueveryme/status/14701159641"/>
		<document id="14710139785318400" url="https://twitter.com/everyueveryme/status/14710139785318400"/>
		<document id="14732052996" url="https://twitter.com/everyueveryme/status/14732052996"/>
		<document id="14762195369" url="https://twitter.com/everyueveryme/status/14762195369"/>
		<document id="14768479257" url="https://twitter.com/everyueveryme/status/14768479257"/>
		<document id="14770984879" url="https://twitter.com/everyueveryme/status/14770984879"/>
		<document id="14807644284" url="https://twitter.com/everyueveryme/status/14807644284"/>
		<document id="14846037946" url="https://twitter.com/everyueveryme/status/14846037946"/>
		<document id="14872450512719872" url="https://twitter.com/everyueveryme/status/14872450512719872"/>
		<document id="14878198625" url="https://twitter.com/everyueveryme/status/14878198625"/>
		<document id="14886237861052417" url="https://twitter.com/everyueveryme/status/14886237861052417"/>
		<document id="14906399360" url="https://twitter.com/everyueveryme/status/14906399360"/>
		<document id="14977156995" url="https://twitter.com/everyueveryme/status/14977156995"/>
		<document id="15045090735" url="https://twitter.com/everyueveryme/status/15045090735"/>
		<document id="15065402438590464" url="https://twitter.com/everyueveryme/status/15065402438590464"/>
		<document id="151065772310016000" url="https://twitter.com/everyueveryme/status/151065772310016000"/>
		<document id="15111944496" url="https://twitter.com/everyueveryme/status/15111944496"/>
		<document id="15154257060" url="https://twitter.com/everyueveryme/status/15154257060"/>
		<document id="15164822157004800" url="https://twitter.com/everyueveryme/status/15164822157004800"/>
		<document id="15177543689" url="https://twitter.com/everyueveryme/status/15177543689"/>
		<document id="15195420828" url="https://twitter.com/everyueveryme/status/15195420828"/>
		<document id="15234629330010112" url="https://twitter.com/everyueveryme/status/15234629330010112"/>
		<document id="15252730297" url="https://twitter.com/everyueveryme/status/15252730297"/>
		<document id="15259975823" url="https://twitter.com/everyueveryme/status/15259975823"/>
		<document id="15281078896" url="https://twitter.com/everyueveryme/status/15281078896"/>
		<document id="15330228622" url="https://twitter.com/everyueveryme/status/15330228622"/>
		<document id="15387557690" url="https://twitter.com/everyueveryme/status/15387557690"/>
		<document id="15421568817569794" url="https://twitter.com/everyueveryme/status/15421568817569794"/>
		<document id="15427779260588033" url="https://twitter.com/everyueveryme/status/15427779260588033"/>
		<document id="15435014253" url="https://twitter.com/everyueveryme/status/15435014253"/>
		<document id="15456676670" url="https://twitter.com/everyueveryme/status/15456676670"/>
		<document id="15457276459" url="https://twitter.com/everyueveryme/status/15457276459"/>
		<document id="15495177028" url="https://twitter.com/everyueveryme/status/15495177028"/>
		<document id="15560946734" url="https://twitter.com/everyueveryme/status/15560946734"/>
		<document id="156126404071800832" url="https://twitter.com/everyueveryme/status/156126404071800832"/>
		<document id="15628736442" url="https://twitter.com/everyueveryme/status/15628736442"/>
		<document id="15655849460" url="https://twitter.com/everyueveryme/status/15655849460"/>
		<document id="15714524054" url="https://twitter.com/everyueveryme/status/15714524054"/>
		<document id="15737203572" url="https://twitter.com/everyueveryme/status/15737203572"/>
		<document id="15753126751" url="https://twitter.com/everyueveryme/status/15753126751"/>
		<document id="15787062952" url="https://twitter.com/everyueveryme/status/15787062952"/>
		<document id="15812132079673345" url="https://twitter.com/everyueveryme/status/15812132079673345"/>
		<document id="15894054005" url="https://twitter.com/everyueveryme/status/15894054005"/>
		<document id="15903063223" url="https://twitter.com/everyueveryme/status/15903063223"/>
		<document id="15936966059" url="https://twitter.com/everyueveryme/status/15936966059"/>
		<document id="15955213344" url="https://twitter.com/everyueveryme/status/15955213344"/>
		<document id="16083521111" url="https://twitter.com/everyueveryme/status/16083521111"/>
		<document id="16147718373" url="https://twitter.com/everyueveryme/status/16147718373"/>
		<document id="16163068589375488" url="https://twitter.com/everyueveryme/status/16163068589375488"/>
		<document id="16222925211" url="https://twitter.com/everyueveryme/status/16222925211"/>
		<document id="16256669541" url="https://twitter.com/everyueveryme/status/16256669541"/>
		<document id="16354615711" url="https://twitter.com/everyueveryme/status/16354615711"/>
		<document id="16400433906" url="https://twitter.com/everyueveryme/status/16400433906"/>
		<document id="16474591604" url="https://twitter.com/everyueveryme/status/16474591604"/>
		<document id="16497484236" url="https://twitter.com/everyueveryme/status/16497484236"/>
		<document id="16544652698066944" url="https://twitter.com/everyueveryme/status/16544652698066944"/>
		<document id="16598595323035649" url="https://twitter.com/everyueveryme/status/16598595323035649"/>
		<document id="16628771953" url="https://twitter.com/everyueveryme/status/16628771953"/>
		<document id="16697170507" url="https://twitter.com/everyueveryme/status/16697170507"/>
		<document id="16720309651" url="https://twitter.com/everyueveryme/status/16720309651"/>
		<document id="16726207762" url="https://twitter.com/everyueveryme/status/16726207762"/>
		<document id="16772881996" url="https://twitter.com/everyueveryme/status/16772881996"/>
		<document id="16774825822" url="https://twitter.com/everyueveryme/status/16774825822"/>
		<document id="16822962070" url="https://twitter.com/everyueveryme/status/16822962070"/>
		<document id="16857852931" url="https://twitter.com/everyueveryme/status/16857852931"/>
		<document id="16870290092990464" url="https://twitter.com/everyueveryme/status/16870290092990464"/>
		<document id="16904393556" url="https://twitter.com/everyueveryme/status/16904393556"/>
		<document id="16982425694" url="https://twitter.com/everyueveryme/status/16982425694"/>
		<document id="17015692152" url="https://twitter.com/everyueveryme/status/17015692152"/>
		<document id="17045796390174720" url="https://twitter.com/everyueveryme/status/17045796390174720"/>
		<document id="17221192411" url="https://twitter.com/everyueveryme/status/17221192411"/>
		<document id="17233071413657600" url="https://twitter.com/everyueveryme/status/17233071413657600"/>
		<document id="17265565458" url="https://twitter.com/everyueveryme/status/17265565458"/>
		<document id="17331488132" url="https://twitter.com/everyueveryme/status/17331488132"/>
		<document id="17332548824735744" url="https://twitter.com/everyueveryme/status/17332548824735744"/>
		<document id="17340721057" url="https://twitter.com/everyueveryme/status/17340721057"/>
		<document id="17361244287" url="https://twitter.com/everyueveryme/status/17361244287"/>
		<document id="17376862023" url="https://twitter.com/everyueveryme/status/17376862023"/>
		<document id="17414604641" url="https://twitter.com/everyueveryme/status/17414604641"/>
		<document id="17419645831" url="https://twitter.com/everyueveryme/status/17419645831"/>
		<document id="17459302988" url="https://twitter.com/everyueveryme/status/17459302988"/>
		<document id="17494136697" url="https://twitter.com/everyueveryme/status/17494136697"/>
		<document id="17540419804" url="https://twitter.com/everyueveryme/status/17540419804"/>
		<document id="17577967567" url="https://twitter.com/everyueveryme/status/17577967567"/>
		<document id="17594503175086080" url="https://twitter.com/everyueveryme/status/17594503175086080"/>
		<document id="17730250199" url="https://twitter.com/everyueveryme/status/17730250199"/>
		<document id="17805066270408704" url="https://twitter.com/everyueveryme/status/17805066270408704"/>
		<document id="17867260597" url="https://twitter.com/everyueveryme/status/17867260597"/>
		<document id="17874193980" url="https://twitter.com/everyueveryme/status/17874193980"/>
		<document id="17950071171" url="https://twitter.com/everyueveryme/status/17950071171"/>
		<document id="17961766247" url="https://twitter.com/everyueveryme/status/17961766247"/>
		<document id="17976965102" url="https://twitter.com/everyueveryme/status/17976965102"/>
		<document id="17986832796" url="https://twitter.com/everyueveryme/status/17986832796"/>
		<document id="17994784555667456" url="https://twitter.com/everyueveryme/status/17994784555667456"/>
		<document id="18035074663" url="https://twitter.com/everyueveryme/status/18035074663"/>
		<document id="18062160938" url="https://twitter.com/everyueveryme/status/18062160938"/>
		<document id="18064403731" url="https://twitter.com/everyueveryme/status/18064403731"/>
		<document id="18208567397" url="https://twitter.com/everyueveryme/status/18208567397"/>
		<document id="18280957615" url="https://twitter.com/everyueveryme/status/18280957615"/>
		<document id="18324270494" url="https://twitter.com/everyueveryme/status/18324270494"/>
		<document id="18353481811" url="https://twitter.com/everyueveryme/status/18353481811"/>
		<document id="18439011813" url="https://twitter.com/everyueveryme/status/18439011813"/>
		<document id="18447747161" url="https://twitter.com/everyueveryme/status/18447747161"/>
		<document id="18519319687" url="https://twitter.com/everyueveryme/status/18519319687"/>
		<document id="18529522117" url="https://twitter.com/everyueveryme/status/18529522117"/>
		<document id="18573983216" url="https://twitter.com/everyueveryme/status/18573983216"/>
		<document id="18629587959" url="https://twitter.com/everyueveryme/status/18629587959"/>
		<document id="18634456086" url="https://twitter.com/everyueveryme/status/18634456086"/>
		<document id="18634622852" url="https://twitter.com/everyueveryme/status/18634622852"/>
		<document id="18685069830" url="https://twitter.com/everyueveryme/status/18685069830"/>
		<document id="18733824081" url="https://twitter.com/everyueveryme/status/18733824081"/>
		<document id="18913315003" url="https://twitter.com/everyueveryme/status/18913315003"/>
		<document id="18960777033" url="https://twitter.com/everyueveryme/status/18960777033"/>
		<document id="19071894766493696" url="https://twitter.com/everyueveryme/status/19071894766493696"/>
		<document id="19076770254" url="https://twitter.com/everyueveryme/status/19076770254"/>
		<document id="19214485371" url="https://twitter.com/everyueveryme/status/19214485371"/>
		<document id="19221440032" url="https://twitter.com/everyueveryme/status/19221440032"/>
		<document id="19252336148873216" url="https://twitter.com/everyueveryme/status/19252336148873216"/>
		<document id="19252988182790145" url="https://twitter.com/everyueveryme/status/19252988182790145"/>
		<document id="19339007346" url="https://twitter.com/everyueveryme/status/19339007346"/>
		<document id="19374153690" url="https://twitter.com/everyueveryme/status/19374153690"/>
		<document id="19384853635" url="https://twitter.com/everyueveryme/status/19384853635"/>
		<document id="19424855610" url="https://twitter.com/everyueveryme/status/19424855610"/>
		<document id="19436185685" url="https://twitter.com/everyueveryme/status/19436185685"/>
		<document id="19436219748" url="https://twitter.com/everyueveryme/status/19436219748"/>
		<document id="19601499734679552" url="https://twitter.com/everyueveryme/status/19601499734679552"/>
		<document id="19627213349" url="https://twitter.com/everyueveryme/status/19627213349"/>
		<document id="19658687543" url="https://twitter.com/everyueveryme/status/19658687543"/>
		<document id="19669449921" url="https://twitter.com/everyueveryme/status/19669449921"/>
		<document id="19711027397" url="https://twitter.com/everyueveryme/status/19711027397"/>
		<document id="19739797295" url="https://twitter.com/everyueveryme/status/19739797295"/>
		<document id="19792146722" url="https://twitter.com/everyueveryme/status/19792146722"/>
		<document id="19825451600" url="https://twitter.com/everyueveryme/status/19825451600"/>
		<document id="19850167843" url="https://twitter.com/everyueveryme/status/19850167843"/>
		<document id="19914181070" url="https://twitter.com/everyueveryme/status/19914181070"/>
		<document id="2003959103365120" url="https://twitter.com/everyueveryme/status/2003959103365120"/>
		<document id="20068773421" url="https://twitter.com/everyueveryme/status/20068773421"/>
		<document id="20148195241" url="https://twitter.com/everyueveryme/status/20148195241"/>
		<document id="20186854314" url="https://twitter.com/everyueveryme/status/20186854314"/>
		<document id="20190297449" url="https://twitter.com/everyueveryme/status/20190297449"/>
		<document id="20201194359" url="https://twitter.com/everyueveryme/status/20201194359"/>
		<document id="20228021096" url="https://twitter.com/everyueveryme/status/20228021096"/>
		<document id="20228194826" url="https://twitter.com/everyueveryme/status/20228194826"/>
		<document id="20277372001" url="https://twitter.com/everyueveryme/status/20277372001"/>
		<document id="20305639797" url="https://twitter.com/everyueveryme/status/20305639797"/>
		<document id="20398440344" url="https://twitter.com/everyueveryme/status/20398440344"/>
		<document id="20417273717" url="https://twitter.com/everyueveryme/status/20417273717"/>
		<document id="20467634570" url="https://twitter.com/everyueveryme/status/20467634570"/>
		<document id="20470656467" url="https://twitter.com/everyueveryme/status/20470656467"/>
		<document id="20473141401" url="https://twitter.com/everyueveryme/status/20473141401"/>
		<document id="20493001209946112" url="https://twitter.com/everyueveryme/status/20493001209946112"/>
		<document id="20519607356" url="https://twitter.com/everyueveryme/status/20519607356"/>
		<document id="20654571583" url="https://twitter.com/everyueveryme/status/20654571583"/>
		<document id="20679937121" url="https://twitter.com/everyueveryme/status/20679937121"/>
		<document id="20706232782" url="https://twitter.com/everyueveryme/status/20706232782"/>
		<document id="20706470365" url="https://twitter.com/everyueveryme/status/20706470365"/>
		<document id="20731597415" url="https://twitter.com/everyueveryme/status/20731597415"/>
		<document id="20765292695" url="https://twitter.com/everyueveryme/status/20765292695"/>
		<document id="20801293645" url="https://twitter.com/everyueveryme/status/20801293645"/>
		<document id="20849188431" url="https://twitter.com/everyueveryme/status/20849188431"/>
		<document id="2086123224432640" url="https://twitter.com/everyueveryme/status/2086123224432640"/>
		<document id="20883223014" url="https://twitter.com/everyueveryme/status/20883223014"/>
		<document id="20913123476" url="https://twitter.com/everyueveryme/status/20913123476"/>
		<document id="20936263849" url="https://twitter.com/everyueveryme/status/20936263849"/>
		<document id="20959876763099136" url="https://twitter.com/everyueveryme/status/20959876763099136"/>
		<document id="20973618954" url="https://twitter.com/everyueveryme/status/20973618954"/>
		<document id="20975301195" url="https://twitter.com/everyueveryme/status/20975301195"/>
		<document id="21111961215" url="https://twitter.com/everyueveryme/status/21111961215"/>
		<document id="21114078280" url="https://twitter.com/everyueveryme/status/21114078280"/>
		<document id="21116669990" url="https://twitter.com/everyueveryme/status/21116669990"/>
		<document id="21154361496" url="https://twitter.com/everyueveryme/status/21154361496"/>
		<document id="21255227888" url="https://twitter.com/everyueveryme/status/21255227888"/>
		<document id="21282255969" url="https://twitter.com/everyueveryme/status/21282255969"/>
		<document id="21282478374" url="https://twitter.com/everyueveryme/status/21282478374"/>
		<document id="21402375554" url="https://twitter.com/everyueveryme/status/21402375554"/>
		<document id="21462716153" url="https://twitter.com/everyueveryme/status/21462716153"/>
		<document id="21489910422" url="https://twitter.com/everyueveryme/status/21489910422"/>
		<document id="21493144651" url="https://twitter.com/everyueveryme/status/21493144651"/>
		<document id="21538140376" url="https://twitter.com/everyueveryme/status/21538140376"/>
		<document id="21547787061" url="https://twitter.com/everyueveryme/status/21547787061"/>
		<document id="21579188773" url="https://twitter.com/everyueveryme/status/21579188773"/>
		<document id="21635686050" url="https://twitter.com/everyueveryme/status/21635686050"/>
		<document id="21636559562" url="https://twitter.com/everyueveryme/status/21636559562"/>
		<document id="21666465274920960" url="https://twitter.com/everyueveryme/status/21666465274920960"/>
		<document id="21668314718" url="https://twitter.com/everyueveryme/status/21668314718"/>
		<document id="21695071145" url="https://twitter.com/everyueveryme/status/21695071145"/>
		<document id="21714576269" url="https://twitter.com/everyueveryme/status/21714576269"/>
		<document id="21752388987" url="https://twitter.com/everyueveryme/status/21752388987"/>
		<document id="21759634897371136" url="https://twitter.com/everyueveryme/status/21759634897371136"/>
		<document id="21833478121" url="https://twitter.com/everyueveryme/status/21833478121"/>
		<document id="21885444966" url="https://twitter.com/everyueveryme/status/21885444966"/>
		<document id="21913455259" url="https://twitter.com/everyueveryme/status/21913455259"/>
		<document id="21928249412" url="https://twitter.com/everyueveryme/status/21928249412"/>
		<document id="21949442936541185" url="https://twitter.com/everyueveryme/status/21949442936541185"/>
		<document id="21949702815612928" url="https://twitter.com/everyueveryme/status/21949702815612928"/>
		<document id="21999124939" url="https://twitter.com/everyueveryme/status/21999124939"/>
		<document id="22095168070" url="https://twitter.com/everyueveryme/status/22095168070"/>
		<document id="22095797812" url="https://twitter.com/everyueveryme/status/22095797812"/>
		<document id="22176381039" url="https://twitter.com/everyueveryme/status/22176381039"/>
		<document id="22179885554" url="https://twitter.com/everyueveryme/status/22179885554"/>
		<document id="22187010340" url="https://twitter.com/everyueveryme/status/22187010340"/>
		<document id="22232861289" url="https://twitter.com/everyueveryme/status/22232861289"/>
		<document id="22266495895" url="https://twitter.com/everyueveryme/status/22266495895"/>
		<document id="22270571852" url="https://twitter.com/everyueveryme/status/22270571852"/>
		<document id="22313408661553152" url="https://twitter.com/everyueveryme/status/22313408661553152"/>
		<document id="22335446428164096" url="https://twitter.com/everyueveryme/status/22335446428164096"/>
		<document id="22357688370" url="https://twitter.com/everyueveryme/status/22357688370"/>
		<document id="22397459967774722" url="https://twitter.com/everyueveryme/status/22397459967774722"/>
		<document id="22410723198" url="https://twitter.com/everyueveryme/status/22410723198"/>
		<document id="22441627342" url="https://twitter.com/everyueveryme/status/22441627342"/>
		<document id="22465828689" url="https://twitter.com/everyueveryme/status/22465828689"/>
		<document id="22499873592971264" url="https://twitter.com/everyueveryme/status/22499873592971264"/>
		<document id="22518918480404480" url="https://twitter.com/everyueveryme/status/22518918480404480"/>
		<document id="22518920174903297" url="https://twitter.com/everyueveryme/status/22518920174903297"/>
		<document id="22523280155" url="https://twitter.com/everyueveryme/status/22523280155"/>
		<document id="22617154664" url="https://twitter.com/everyueveryme/status/22617154664"/>
		<document id="22639031575" url="https://twitter.com/everyueveryme/status/22639031575"/>
		<document id="22653358275" url="https://twitter.com/everyueveryme/status/22653358275"/>
		<document id="22661070023819265" url="https://twitter.com/everyueveryme/status/22661070023819265"/>
		<document id="22737259962" url="https://twitter.com/everyueveryme/status/22737259962"/>
		<document id="22757786446209025" url="https://twitter.com/everyueveryme/status/22757786446209025"/>
		<document id="22767280060" url="https://twitter.com/everyueveryme/status/22767280060"/>
		<document id="22804633870" url="https://twitter.com/everyueveryme/status/22804633870"/>
		<document id="22827130061" url="https://twitter.com/everyueveryme/status/22827130061"/>
		<document id="22829425492" url="https://twitter.com/everyueveryme/status/22829425492"/>
		<document id="22893848454" url="https://twitter.com/everyueveryme/status/22893848454"/>
		<document id="22983679907" url="https://twitter.com/everyueveryme/status/22983679907"/>
		<document id="23036989859176448" url="https://twitter.com/everyueveryme/status/23036989859176448"/>
		<document id="23067201791" url="https://twitter.com/everyueveryme/status/23067201791"/>
		<document id="23125210462953472" url="https://twitter.com/everyueveryme/status/23125210462953472"/>
		<document id="23154331121360896" url="https://twitter.com/everyueveryme/status/23154331121360896"/>
		<document id="23197603239" url="https://twitter.com/everyueveryme/status/23197603239"/>
		<document id="23236792323" url="https://twitter.com/everyueveryme/status/23236792323"/>
		<document id="23268277902" url="https://twitter.com/everyueveryme/status/23268277902"/>
		<document id="23268296753" url="https://twitter.com/everyueveryme/status/23268296753"/>
		<document id="23408118847246337" url="https://twitter.com/everyueveryme/status/23408118847246337"/>
		<document id="23567596611706880" url="https://twitter.com/everyueveryme/status/23567596611706880"/>
		<document id="23567714912051201" url="https://twitter.com/everyueveryme/status/23567714912051201"/>
		<document id="23875190173" url="https://twitter.com/everyueveryme/status/23875190173"/>
		<document id="23914621125" url="https://twitter.com/everyueveryme/status/23914621125"/>
		<document id="23975118391" url="https://twitter.com/everyueveryme/status/23975118391"/>
		<document id="24022461015" url="https://twitter.com/everyueveryme/status/24022461015"/>
		<document id="24138543941025793" url="https://twitter.com/everyueveryme/status/24138543941025793"/>
		<document id="24167915203" url="https://twitter.com/everyueveryme/status/24167915203"/>
		<document id="24208764711" url="https://twitter.com/everyueveryme/status/24208764711"/>
		<document id="24312502296776704" url="https://twitter.com/everyueveryme/status/24312502296776704"/>
		<document id="24353251445" url="https://twitter.com/everyueveryme/status/24353251445"/>
		<document id="24409503885" url="https://twitter.com/everyueveryme/status/24409503885"/>
		<document id="24474411059" url="https://twitter.com/everyueveryme/status/24474411059"/>
		<document id="24508106865" url="https://twitter.com/everyueveryme/status/24508106865"/>
		<document id="24514644419" url="https://twitter.com/everyueveryme/status/24514644419"/>
		<document id="24536006806" url="https://twitter.com/everyueveryme/status/24536006806"/>
		<document id="24577839012" url="https://twitter.com/everyueveryme/status/24577839012"/>
		<document id="24598370854" url="https://twitter.com/everyueveryme/status/24598370854"/>
		<document id="2463489553600512" url="https://twitter.com/everyueveryme/status/2463489553600512"/>
		<document id="24664202161426433" url="https://twitter.com/everyueveryme/status/24664202161426433"/>
		<document id="24727463169" url="https://twitter.com/everyueveryme/status/24727463169"/>
		<document id="24763135966" url="https://twitter.com/everyueveryme/status/24763135966"/>
		<document id="24775979565" url="https://twitter.com/everyueveryme/status/24775979565"/>
		<document id="24809540085" url="https://twitter.com/everyueveryme/status/24809540085"/>
		<document id="24811421913" url="https://twitter.com/everyueveryme/status/24811421913"/>
		<document id="24854093112" url="https://twitter.com/everyueveryme/status/24854093112"/>
		<document id="24903211860" url="https://twitter.com/everyueveryme/status/24903211860"/>
		<document id="24939110016" url="https://twitter.com/everyueveryme/status/24939110016"/>
		<document id="24992638282" url="https://twitter.com/everyueveryme/status/24992638282"/>
		<document id="25026198636" url="https://twitter.com/everyueveryme/status/25026198636"/>
		<document id="25027651694" url="https://twitter.com/everyueveryme/status/25027651694"/>
		<document id="25038181131" url="https://twitter.com/everyueveryme/status/25038181131"/>
		<document id="25088426220" url="https://twitter.com/everyueveryme/status/25088426220"/>
		<document id="25117353937" url="https://twitter.com/everyueveryme/status/25117353937"/>
		<document id="25128542956" url="https://twitter.com/everyueveryme/status/25128542956"/>
		<document id="25183090574" url="https://twitter.com/everyueveryme/status/25183090574"/>
		<document id="25203244376530944" url="https://twitter.com/everyueveryme/status/25203244376530944"/>
		<document id="25218263774" url="https://twitter.com/everyueveryme/status/25218263774"/>
		<document id="25219262556" url="https://twitter.com/everyueveryme/status/25219262556"/>
		<document id="25242535224" url="https://twitter.com/everyueveryme/status/25242535224"/>
		<document id="25307285064" url="https://twitter.com/everyueveryme/status/25307285064"/>
		<document id="25363465308" url="https://twitter.com/everyueveryme/status/25363465308"/>
		<document id="25366488967" url="https://twitter.com/everyueveryme/status/25366488967"/>
		<document id="25374492704" url="https://twitter.com/everyueveryme/status/25374492704"/>
		<document id="25501635610" url="https://twitter.com/everyueveryme/status/25501635610"/>
		<document id="25559582639" url="https://twitter.com/everyueveryme/status/25559582639"/>
		<document id="25605157159" url="https://twitter.com/everyueveryme/status/25605157159"/>
		<document id="25625081664" url="https://twitter.com/everyueveryme/status/25625081664"/>
		<document id="2563516162637824" url="https://twitter.com/everyueveryme/status/2563516162637824"/>
		<document id="25687318960" url="https://twitter.com/everyueveryme/status/25687318960"/>
		<document id="25687949319" url="https://twitter.com/everyueveryme/status/25687949319"/>
		<document id="25700458007" url="https://twitter.com/everyueveryme/status/25700458007"/>
		<document id="25700859582" url="https://twitter.com/everyueveryme/status/25700859582"/>
		<document id="25745966812372992" url="https://twitter.com/everyueveryme/status/25745966812372992"/>
		<document id="25789030418" url="https://twitter.com/everyueveryme/status/25789030418"/>
		<document id="25819533862" url="https://twitter.com/everyueveryme/status/25819533862"/>
		<document id="25845204312" url="https://twitter.com/everyueveryme/status/25845204312"/>
		<document id="25886657911" url="https://twitter.com/everyueveryme/status/25886657911"/>
		<document id="25925982707777536" url="https://twitter.com/everyueveryme/status/25925982707777536"/>
		<document id="25941679679" url="https://twitter.com/everyueveryme/status/25941679679"/>
		<document id="25990676176" url="https://twitter.com/everyueveryme/status/25990676176"/>
		<document id="26048403797" url="https://twitter.com/everyueveryme/status/26048403797"/>
		<document id="26142186605" url="https://twitter.com/everyueveryme/status/26142186605"/>
		<document id="26275018168" url="https://twitter.com/everyueveryme/status/26275018168"/>
		<document id="26317026872008704" url="https://twitter.com/everyueveryme/status/26317026872008704"/>
		<document id="26332523009" url="https://twitter.com/everyueveryme/status/26332523009"/>
		<document id="26371613105" url="https://twitter.com/everyueveryme/status/26371613105"/>
		<document id="26427665423" url="https://twitter.com/everyueveryme/status/26427665423"/>
		<document id="26519116104" url="https://twitter.com/everyueveryme/status/26519116104"/>
		<document id="26551798050" url="https://twitter.com/everyueveryme/status/26551798050"/>
		<document id="26608860954" url="https://twitter.com/everyueveryme/status/26608860954"/>
		<document id="26654002242" url="https://twitter.com/everyueveryme/status/26654002242"/>
		<document id="26655167250" url="https://twitter.com/everyueveryme/status/26655167250"/>
		<document id="26658454987" url="https://twitter.com/everyueveryme/status/26658454987"/>
		<document id="26713059572" url="https://twitter.com/everyueveryme/status/26713059572"/>
		<document id="26802045755330560" url="https://twitter.com/everyueveryme/status/26802045755330560"/>
		<document id="26847431528" url="https://twitter.com/everyueveryme/status/26847431528"/>
		<document id="26849362206265344" url="https://twitter.com/everyueveryme/status/26849362206265344"/>
		<document id="26997698047" url="https://twitter.com/everyueveryme/status/26997698047"/>
		<document id="27033444791" url="https://twitter.com/everyueveryme/status/27033444791"/>
		<document id="27046819015950337" url="https://twitter.com/everyueveryme/status/27046819015950337"/>
		<document id="27141125552" url="https://twitter.com/everyueveryme/status/27141125552"/>
		<document id="27175989921" url="https://twitter.com/everyueveryme/status/27175989921"/>
		<document id="27205623011610625" url="https://twitter.com/everyueveryme/status/27205623011610625"/>
		<document id="27206461800" url="https://twitter.com/everyueveryme/status/27206461800"/>
		<document id="27207457061" url="https://twitter.com/everyueveryme/status/27207457061"/>
		<document id="27247774903" url="https://twitter.com/everyueveryme/status/27247774903"/>
		<document id="27296855775" url="https://twitter.com/everyueveryme/status/27296855775"/>
		<document id="27375087229345792" url="https://twitter.com/everyueveryme/status/27375087229345792"/>
		<document id="27406301813" url="https://twitter.com/everyueveryme/status/27406301813"/>
		<document id="2740719810781184" url="https://twitter.com/everyueveryme/status/2740719810781184"/>
		<document id="2742750676000769" url="https://twitter.com/everyueveryme/status/2742750676000769"/>
		<document id="27507293119" url="https://twitter.com/everyueveryme/status/27507293119"/>
		<document id="27559430581129216" url="https://twitter.com/everyueveryme/status/27559430581129216"/>
		<document id="27644278827" url="https://twitter.com/everyueveryme/status/27644278827"/>
		<document id="27795266574" url="https://twitter.com/everyueveryme/status/27795266574"/>
		<document id="27833937004" url="https://twitter.com/everyueveryme/status/27833937004"/>
		<document id="27845783502" url="https://twitter.com/everyueveryme/status/27845783502"/>
		<document id="27931849368" url="https://twitter.com/everyueveryme/status/27931849368"/>
		<document id="27934380269772800" url="https://twitter.com/everyueveryme/status/27934380269772800"/>
		<document id="28029349148" url="https://twitter.com/everyueveryme/status/28029349148"/>
		<document id="28365532630" url="https://twitter.com/everyueveryme/status/28365532630"/>
		<document id="28405656901" url="https://twitter.com/everyueveryme/status/28405656901"/>
		<document id="28469298193" url="https://twitter.com/everyueveryme/status/28469298193"/>
		<document id="28475662767489026" url="https://twitter.com/everyueveryme/status/28475662767489026"/>
		<document id="28508493159" url="https://twitter.com/everyueveryme/status/28508493159"/>
		<document id="28510550569" url="https://twitter.com/everyueveryme/status/28510550569"/>
		<document id="28603753866" url="https://twitter.com/everyueveryme/status/28603753866"/>
		<document id="28656296285" url="https://twitter.com/everyueveryme/status/28656296285"/>
		<document id="28676356208336896" url="https://twitter.com/everyueveryme/status/28676356208336896"/>
		<document id="28797795486" url="https://twitter.com/everyueveryme/status/28797795486"/>
		<document id="28860967858" url="https://twitter.com/everyueveryme/status/28860967858"/>
		<document id="28901458801" url="https://twitter.com/everyueveryme/status/28901458801"/>
		<document id="28988089325" url="https://twitter.com/everyueveryme/status/28988089325"/>
		<document id="28997736718" url="https://twitter.com/everyueveryme/status/28997736718"/>
		<document id="29118030339" url="https://twitter.com/everyueveryme/status/29118030339"/>
		<document id="29118845139" url="https://twitter.com/everyueveryme/status/29118845139"/>
		<document id="29121132684" url="https://twitter.com/everyueveryme/status/29121132684"/>
		<document id="29121574636" url="https://twitter.com/everyueveryme/status/29121574636"/>
		<document id="2919511405633536" url="https://twitter.com/everyueveryme/status/2919511405633536"/>
		<document id="29197255877" url="https://twitter.com/everyueveryme/status/29197255877"/>
		<document id="29307380544" url="https://twitter.com/everyueveryme/status/29307380544"/>
		<document id="29314673383837696" url="https://twitter.com/everyueveryme/status/29314673383837696"/>
		<document id="29388147565" url="https://twitter.com/everyueveryme/status/29388147565"/>
		<document id="29478528114" url="https://twitter.com/everyueveryme/status/29478528114"/>
		<document id="29488760185" url="https://twitter.com/everyueveryme/status/29488760185"/>
		<document id="29555703685316610" url="https://twitter.com/everyueveryme/status/29555703685316610"/>
		<document id="29571981162577920" url="https://twitter.com/everyueveryme/status/29571981162577920"/>
		<document id="29577176638" url="https://twitter.com/everyueveryme/status/29577176638"/>
		<document id="29589734428" url="https://twitter.com/everyueveryme/status/29589734428"/>
		<document id="29634405135818752" url="https://twitter.com/everyueveryme/status/29634405135818752"/>
		<document id="29636427307" url="https://twitter.com/everyueveryme/status/29636427307"/>
		<document id="29672923201" url="https://twitter.com/everyueveryme/status/29672923201"/>
		<document id="29934629213442048" url="https://twitter.com/everyueveryme/status/29934629213442048"/>
		<document id="29940964772552704" url="https://twitter.com/everyueveryme/status/29940964772552704"/>
		<document id="30105078685765633" url="https://twitter.com/everyueveryme/status/30105078685765633"/>
		<document id="30315461811896320" url="https://twitter.com/everyueveryme/status/30315461811896320"/>
		<document id="30466020929961986" url="https://twitter.com/everyueveryme/status/30466020929961986"/>
		<document id="30646207655190528" url="https://twitter.com/everyueveryme/status/30646207655190528"/>
		<document id="31021909646778368" url="https://twitter.com/everyueveryme/status/31021909646778368"/>
		<document id="31114072665620481" url="https://twitter.com/everyueveryme/status/31114072665620481"/>
		<document id="31737384060067840" url="https://twitter.com/everyueveryme/status/31737384060067840"/>
		<document id="31746820086439936" url="https://twitter.com/everyueveryme/status/31746820086439936"/>
		<document id="32082589632167939" url="https://twitter.com/everyueveryme/status/32082589632167939"/>
		<document id="32295639849111553" url="https://twitter.com/everyueveryme/status/32295639849111553"/>
		<document id="32445735966347264" url="https://twitter.com/everyueveryme/status/32445735966347264"/>
		<document id="32475977724461058" url="https://twitter.com/everyueveryme/status/32475977724461058"/>
		<document id="32541470003044352" url="https://twitter.com/everyueveryme/status/32541470003044352"/>
		<document id="3271660991942656" url="https://twitter.com/everyueveryme/status/3271660991942656"/>
		<document id="32804792753455104" url="https://twitter.com/everyueveryme/status/32804792753455104"/>
		<document id="32824839853047808" url="https://twitter.com/everyueveryme/status/32824839853047808"/>
		<document id="32907345579212800" url="https://twitter.com/everyueveryme/status/32907345579212800"/>
		<document id="33172249502547968" url="https://twitter.com/everyueveryme/status/33172249502547968"/>
		<document id="33197749956513793" url="https://twitter.com/everyueveryme/status/33197749956513793"/>
		<document id="33531742899937280" url="https://twitter.com/everyueveryme/status/33531742899937280"/>
		<document id="33547712875986944" url="https://twitter.com/everyueveryme/status/33547712875986944"/>
		<document id="33746246950715392" url="https://twitter.com/everyueveryme/status/33746246950715392"/>
		<document id="33935439152812032" url="https://twitter.com/everyueveryme/status/33935439152812032"/>
		<document id="34246813133316096" url="https://twitter.com/everyueveryme/status/34246813133316096"/>
		<document id="34291177813446656" url="https://twitter.com/everyueveryme/status/34291177813446656"/>
		<document id="34381227234430976" url="https://twitter.com/everyueveryme/status/34381227234430976"/>
		<document id="34634930986160128" url="https://twitter.com/everyueveryme/status/34634930986160128"/>
		<document id="34642569631629312" url="https://twitter.com/everyueveryme/status/34642569631629312"/>
		<document id="35013692122730497" url="https://twitter.com/everyueveryme/status/35013692122730497"/>
		<document id="35199387449692160" url="https://twitter.com/everyueveryme/status/35199387449692160"/>
		<document id="35548155709751296" url="https://twitter.com/everyueveryme/status/35548155709751296"/>
		<document id="35715902984949760" url="https://twitter.com/everyueveryme/status/35715902984949760"/>
		<document id="35813932497252352" url="https://twitter.com/everyueveryme/status/35813932497252352"/>
		<document id="35902664956977152" url="https://twitter.com/everyueveryme/status/35902664956977152"/>
		<document id="36076045186629632" url="https://twitter.com/everyueveryme/status/36076045186629632"/>
		<document id="36087613374861314" url="https://twitter.com/everyueveryme/status/36087613374861314"/>
		<document id="36268646925860864" url="https://twitter.com/everyueveryme/status/36268646925860864"/>
		<document id="36455015052738560" url="https://twitter.com/everyueveryme/status/36455015052738560"/>
		<document id="36772947867738112" url="https://twitter.com/everyueveryme/status/36772947867738112"/>
		<document id="36805495620632576" url="https://twitter.com/everyueveryme/status/36805495620632576"/>
		<document id="37164929463091201" url="https://twitter.com/everyueveryme/status/37164929463091201"/>
		<document id="37268347200479232" url="https://twitter.com/everyueveryme/status/37268347200479232"/>
		<document id="37330423050670080" url="https://twitter.com/everyueveryme/status/37330423050670080"/>
		<document id="37554339476148224" url="https://twitter.com/everyueveryme/status/37554339476148224"/>
		<document id="37622354632769538" url="https://twitter.com/everyueveryme/status/37622354632769538"/>
		<document id="37733285576581120" url="https://twitter.com/everyueveryme/status/37733285576581120"/>
		<document id="37981109115420672" url="https://twitter.com/everyueveryme/status/37981109115420672"/>
		<document id="38263007221911552" url="https://twitter.com/everyueveryme/status/38263007221911552"/>
		<document id="38434409329729536" url="https://twitter.com/everyueveryme/status/38434409329729536"/>
		<document id="38620112894296064" url="https://twitter.com/everyueveryme/status/38620112894296064"/>
		<document id="38665436472156160" url="https://twitter.com/everyueveryme/status/38665436472156160"/>
		<document id="390303571775488" url="https://twitter.com/everyueveryme/status/390303571775488"/>
		<document id="39390686490927104" url="https://twitter.com/everyueveryme/status/39390686490927104"/>
		<document id="39527164059586560" url="https://twitter.com/everyueveryme/status/39527164059586560"/>
		<document id="39708106523021314" url="https://twitter.com/everyueveryme/status/39708106523021314"/>
		<document id="40231184487157760" url="https://twitter.com/everyueveryme/status/40231184487157760"/>
		<document id="40426202103554048" url="https://twitter.com/everyueveryme/status/40426202103554048"/>
		<document id="40432724107862017" url="https://twitter.com/everyueveryme/status/40432724107862017"/>
		<document id="40633020385857536" url="https://twitter.com/everyueveryme/status/40633020385857536"/>
		<document id="40779716910645249" url="https://twitter.com/everyueveryme/status/40779716910645249"/>
		<document id="40822204438417408" url="https://twitter.com/everyueveryme/status/40822204438417408"/>
		<document id="40985805891567616" url="https://twitter.com/everyueveryme/status/40985805891567616"/>
		<document id="41881648882524160" url="https://twitter.com/everyueveryme/status/41881648882524160"/>
		<document id="4194029956767744" url="https://twitter.com/everyueveryme/status/4194029956767744"/>
		<document id="42031727773888512" url="https://twitter.com/everyueveryme/status/42031727773888512"/>
		<document id="42242661712805888" url="https://twitter.com/everyueveryme/status/42242661712805888"/>
		<document id="42249655781818368" url="https://twitter.com/everyueveryme/status/42249655781818368"/>
		<document id="42306255024427008" url="https://twitter.com/everyueveryme/status/42306255024427008"/>
		<document id="42435642449207296" url="https://twitter.com/everyueveryme/status/42435642449207296"/>
		<document id="42609206175473664" url="https://twitter.com/everyueveryme/status/42609206175473664"/>
		<document id="43148456981839872" url="https://twitter.com/everyueveryme/status/43148456981839872"/>
		<document id="43321111521271808" url="https://twitter.com/everyueveryme/status/43321111521271808"/>
		<document id="43504178898665472" url="https://twitter.com/everyueveryme/status/43504178898665472"/>
		<document id="43734975757041664" url="https://twitter.com/everyueveryme/status/43734975757041664"/>
		<document id="44059452030058496" url="https://twitter.com/everyueveryme/status/44059452030058496"/>
		<document id="44465236585103360" url="https://twitter.com/everyueveryme/status/44465236585103360"/>
		<document id="4446945544245248" url="https://twitter.com/everyueveryme/status/4446945544245248"/>
		<document id="44779634549735424" url="https://twitter.com/everyueveryme/status/44779634549735424"/>
		<document id="44780329533321216" url="https://twitter.com/everyueveryme/status/44780329533321216"/>
		<document id="44947157605810177" url="https://twitter.com/everyueveryme/status/44947157605810177"/>
		<document id="45155450261479424" url="https://twitter.com/everyueveryme/status/45155450261479424"/>
		<document id="45336484613595136" url="https://twitter.com/everyueveryme/status/45336484613595136"/>
		<document id="45505800789172224" url="https://twitter.com/everyueveryme/status/45505800789172224"/>
		<document id="45509946753810432" url="https://twitter.com/everyueveryme/status/45509946753810432"/>
		<document id="45584442433093632" url="https://twitter.com/everyueveryme/status/45584442433093632"/>
		<document id="45682364302639104" url="https://twitter.com/everyueveryme/status/45682364302639104"/>
		<document id="45953705236905984" url="https://twitter.com/everyueveryme/status/45953705236905984"/>
		<document id="45968240844865536" url="https://twitter.com/everyueveryme/status/45968240844865536"/>
		<document id="46914490612195328" url="https://twitter.com/everyueveryme/status/46914490612195328"/>
		<document id="47376679785594880" url="https://twitter.com/everyueveryme/status/47376679785594880"/>
		<document id="47513726932365312" url="https://twitter.com/everyueveryme/status/47513726932365312"/>
		<document id="4753987983118336" url="https://twitter.com/everyueveryme/status/4753987983118336"/>
		<document id="48049374688841729" url="https://twitter.com/everyueveryme/status/48049374688841729"/>
		<document id="48053560637784065" url="https://twitter.com/everyueveryme/status/48053560637784065"/>
		<document id="48236648147845120" url="https://twitter.com/everyueveryme/status/48236648147845120"/>
		<document id="48389594256916480" url="https://twitter.com/everyueveryme/status/48389594256916480"/>
		<document id="48581882585161729" url="https://twitter.com/everyueveryme/status/48581882585161729"/>
		<document id="48776759419748352" url="https://twitter.com/everyueveryme/status/48776759419748352"/>
		<document id="48831656739614720" url="https://twitter.com/everyueveryme/status/48831656739614720"/>
		<document id="48836030937317376" url="https://twitter.com/everyueveryme/status/48836030937317376"/>
		<document id="4927019745804288" url="https://twitter.com/everyueveryme/status/4927019745804288"/>
		<document id="49505787617361921" url="https://twitter.com/everyueveryme/status/49505787617361921"/>
		<document id="49511482362314752" url="https://twitter.com/everyueveryme/status/49511482362314752"/>
		<document id="50633721623232512" url="https://twitter.com/everyueveryme/status/50633721623232512"/>
		<document id="50926080541999104" url="https://twitter.com/everyueveryme/status/50926080541999104"/>
		<document id="50935369969049601" url="https://twitter.com/everyueveryme/status/50935369969049601"/>
		<document id="51306970434650112" url="https://twitter.com/everyueveryme/status/51306970434650112"/>
		<document id="51483281786540033" url="https://twitter.com/everyueveryme/status/51483281786540033"/>
		<document id="51689669829726208" url="https://twitter.com/everyueveryme/status/51689669829726208"/>
		<document id="52190274243403776" url="https://twitter.com/everyueveryme/status/52190274243403776"/>
		<document id="52576976338292736" url="https://twitter.com/everyueveryme/status/52576976338292736"/>
		<document id="5268862970896385" url="https://twitter.com/everyueveryme/status/5268862970896385"/>
		<document id="52795333264150528" url="https://twitter.com/everyueveryme/status/52795333264150528"/>
		<document id="52923654069157888" url="https://twitter.com/everyueveryme/status/52923654069157888"/>
		<document id="52942651393183745" url="https://twitter.com/everyueveryme/status/52942651393183745"/>
		<document id="53116763566641152" url="https://twitter.com/everyueveryme/status/53116763566641152"/>
		<document id="53123698244325376" url="https://twitter.com/everyueveryme/status/53123698244325376"/>
		<document id="53280801613295616" url="https://twitter.com/everyueveryme/status/53280801613295616"/>
		<document id="53288437599571968" url="https://twitter.com/everyueveryme/status/53288437599571968"/>
		<document id="53488702235750401" url="https://twitter.com/everyueveryme/status/53488702235750401"/>
		<document id="53553294597033984" url="https://twitter.com/everyueveryme/status/53553294597033984"/>
		<document id="53654401549729792" url="https://twitter.com/everyueveryme/status/53654401549729792"/>
		<document id="53674503510822912" url="https://twitter.com/everyueveryme/status/53674503510822912"/>
		<document id="54342428425064448" url="https://twitter.com/everyueveryme/status/54342428425064448"/>
		<document id="5444709216423936" url="https://twitter.com/everyueveryme/status/5444709216423936"/>
		<document id="54732126540664832" url="https://twitter.com/everyueveryme/status/54732126540664832"/>
		<document id="54918277218050048" url="https://twitter.com/everyueveryme/status/54918277218050048"/>
		<document id="55117529466679298" url="https://twitter.com/everyueveryme/status/55117529466679298"/>
		<document id="55691899851386880" url="https://twitter.com/everyueveryme/status/55691899851386880"/>
		<document id="55982076297617408" url="https://twitter.com/everyueveryme/status/55982076297617408"/>
		<document id="56184336675901441" url="https://twitter.com/everyueveryme/status/56184336675901441"/>
		<document id="56759097604833280" url="https://twitter.com/everyueveryme/status/56759097604833280"/>
		<document id="57104423813525505" url="https://twitter.com/everyueveryme/status/57104423813525505"/>
		<document id="57143132554395648" url="https://twitter.com/everyueveryme/status/57143132554395648"/>
		<document id="57470932276613121" url="https://twitter.com/everyueveryme/status/57470932276613121"/>
		<document id="57535485073035264" url="https://twitter.com/everyueveryme/status/57535485073035264"/>
		<document id="575737413242880" url="https://twitter.com/everyueveryme/status/575737413242880"/>
		<document id="57798284147818498" url="https://twitter.com/everyueveryme/status/57798284147818498"/>
		<document id="57825023448195072" url="https://twitter.com/everyueveryme/status/57825023448195072"/>
		<document id="57983659139010560" url="https://twitter.com/everyueveryme/status/57983659139010560"/>
		<document id="58161923035893760" url="https://twitter.com/everyueveryme/status/58161923035893760"/>
		<document id="58529101765550080" url="https://twitter.com/everyueveryme/status/58529101765550080"/>
		<document id="58571477590609921" url="https://twitter.com/everyueveryme/status/58571477590609921"/>
		<document id="59076365781176321" url="https://twitter.com/everyueveryme/status/59076365781176321"/>
		<document id="59276903621726208" url="https://twitter.com/everyueveryme/status/59276903621726208"/>
		<document id="59660060804136961" url="https://twitter.com/everyueveryme/status/59660060804136961"/>
		<document id="6012235243589633" url="https://twitter.com/everyueveryme/status/6012235243589633"/>
		<document id="60172882873036802" url="https://twitter.com/everyueveryme/status/60172882873036802"/>
		<document id="60401668814147584" url="https://twitter.com/everyueveryme/status/60401668814147584"/>
		<document id="60695059804340226" url="https://twitter.com/everyueveryme/status/60695059804340226"/>
		<document id="60788868747759622" url="https://twitter.com/everyueveryme/status/60788868747759622"/>
		<document id="61263670432382977" url="https://twitter.com/everyueveryme/status/61263670432382977"/>
		<document id="62126263871082496" url="https://twitter.com/everyueveryme/status/62126263871082496"/>
		<document id="62394990692802560" url="https://twitter.com/everyueveryme/status/62394990692802560"/>
		<document id="62524953098072064" url="https://twitter.com/everyueveryme/status/62524953098072064"/>
		<document id="62585335976165376" url="https://twitter.com/everyueveryme/status/62585335976165376"/>
		<document id="62885572489904128" url="https://twitter.com/everyueveryme/status/62885572489904128"/>
		<document id="63242927262015488" url="https://twitter.com/everyueveryme/status/63242927262015488"/>
		<document id="63264586698194944" url="https://twitter.com/everyueveryme/status/63264586698194944"/>
		<document id="63651061059162112" url="https://twitter.com/everyueveryme/status/63651061059162112"/>
		<document id="63693730259013632" url="https://twitter.com/everyueveryme/status/63693730259013632"/>
		<document id="63800989265838080" url="https://twitter.com/everyueveryme/status/63800989265838080"/>
		<document id="64596743358124032" url="https://twitter.com/everyueveryme/status/64596743358124032"/>
		<document id="65055445269745666" url="https://twitter.com/everyueveryme/status/65055445269745666"/>
		<document id="652086240874496" url="https://twitter.com/everyueveryme/status/652086240874496"/>
		<document id="65238629747933184" url="https://twitter.com/everyueveryme/status/65238629747933184"/>
		<document id="65420139490844672" url="https://twitter.com/everyueveryme/status/65420139490844672"/>
		<document id="65784962124742656" url="https://twitter.com/everyueveryme/status/65784962124742656"/>
		<document id="65823259052081152" url="https://twitter.com/everyueveryme/status/65823259052081152"/>
		<document id="66497818902282240" url="https://twitter.com/everyueveryme/status/66497818902282240"/>
		<document id="66509357180923904" url="https://twitter.com/everyueveryme/status/66509357180923904"/>
		<document id="67209851163508736" url="https://twitter.com/everyueveryme/status/67209851163508736"/>
		<document id="6722226757832704" url="https://twitter.com/everyueveryme/status/6722226757832704"/>
		<document id="67783297387868160" url="https://twitter.com/everyueveryme/status/67783297387868160"/>
		<document id="67978029447643136" url="https://twitter.com/everyueveryme/status/67978029447643136"/>
		<document id="68128630915612673" url="https://twitter.com/everyueveryme/status/68128630915612673"/>
		<document id="68339198507225088" url="https://twitter.com/everyueveryme/status/68339198507225088"/>
		<document id="68762868606185472" url="https://twitter.com/everyueveryme/status/68762868606185472"/>
		<document id="68763458132389888" url="https://twitter.com/everyueveryme/status/68763458132389888"/>
		<document id="6937012548411394" url="https://twitter.com/everyueveryme/status/6937012548411394"/>
		<document id="69603734908448768" url="https://twitter.com/everyueveryme/status/69603734908448768"/>
		<document id="69687225759174656" url="https://twitter.com/everyueveryme/status/69687225759174656"/>
		<document id="69850016088461312" url="https://twitter.com/everyueveryme/status/69850016088461312"/>
		<document id="70332583992508416" url="https://twitter.com/everyueveryme/status/70332583992508416"/>
		<document id="70333095475294208" url="https://twitter.com/everyueveryme/status/70333095475294208"/>
		<document id="70483560913571842" url="https://twitter.com/everyueveryme/status/70483560913571842"/>
		<document id="70681545396060160" url="https://twitter.com/everyueveryme/status/70681545396060160"/>
		<document id="70681841643958272" url="https://twitter.com/everyueveryme/status/70681841643958272"/>
		<document id="70848523771445249" url="https://twitter.com/everyueveryme/status/70848523771445249"/>
		<document id="72046556060192768" url="https://twitter.com/everyueveryme/status/72046556060192768"/>
		<document id="72204262150635520" url="https://twitter.com/everyueveryme/status/72204262150635520"/>
		<document id="7237608529" url="https://twitter.com/everyueveryme/status/7237608529"/>
		<document id="72412026995097600" url="https://twitter.com/everyueveryme/status/72412026995097600"/>
		<document id="7251157277" url="https://twitter.com/everyueveryme/status/7251157277"/>
		<document id="7251182365" url="https://twitter.com/everyueveryme/status/7251182365"/>
		<document id="7258793008" url="https://twitter.com/everyueveryme/status/7258793008"/>
		<document id="7271591671" url="https://twitter.com/everyueveryme/status/7271591671"/>
		<document id="728726954319872" url="https://twitter.com/everyueveryme/status/728726954319872"/>
		<document id="7302219697" url="https://twitter.com/everyueveryme/status/7302219697"/>
		<document id="73214908933738496" url="https://twitter.com/everyueveryme/status/73214908933738496"/>
		<document id="7345262455" url="https://twitter.com/everyueveryme/status/7345262455"/>
		<document id="73486736629575681" url="https://twitter.com/everyueveryme/status/73486736629575681"/>
		<document id="73775790545829888" url="https://twitter.com/everyueveryme/status/73775790545829888"/>
		<document id="73779186023669760" url="https://twitter.com/everyueveryme/status/73779186023669760"/>
		<document id="7390162850" url="https://twitter.com/everyueveryme/status/7390162850"/>
		<document id="73943844906991616" url="https://twitter.com/everyueveryme/status/73943844906991616"/>
		<document id="7426393342" url="https://twitter.com/everyueveryme/status/7426393342"/>
		<document id="7445707938" url="https://twitter.com/everyueveryme/status/7445707938"/>
		<document id="7453563512" url="https://twitter.com/everyueveryme/status/7453563512"/>
		<document id="7453667053543424" url="https://twitter.com/everyueveryme/status/7453667053543424"/>
		<document id="7457125650" url="https://twitter.com/everyueveryme/status/7457125650"/>
		<document id="7463447065" url="https://twitter.com/everyueveryme/status/7463447065"/>
		<document id="7485258436" url="https://twitter.com/everyueveryme/status/7485258436"/>
		<document id="7492507139" url="https://twitter.com/everyueveryme/status/7492507139"/>
		<document id="75004082909224961" url="https://twitter.com/everyueveryme/status/75004082909224961"/>
		<document id="7529159287" url="https://twitter.com/everyueveryme/status/7529159287"/>
		<document id="7544574117416960" url="https://twitter.com/everyueveryme/status/7544574117416960"/>
		<document id="7559988792" url="https://twitter.com/everyueveryme/status/7559988792"/>
		<document id="7640497133" url="https://twitter.com/everyueveryme/status/7640497133"/>
		<document id="7672911549" url="https://twitter.com/everyueveryme/status/7672911549"/>
		<document id="7721818713" url="https://twitter.com/everyueveryme/status/7721818713"/>
		<document id="7748474505" url="https://twitter.com/everyueveryme/status/7748474505"/>
		<document id="7749149513" url="https://twitter.com/everyueveryme/status/7749149513"/>
		<document id="7749217129" url="https://twitter.com/everyueveryme/status/7749217129"/>
		<document id="7793749361" url="https://twitter.com/everyueveryme/status/7793749361"/>
		<document id="7793907463" url="https://twitter.com/everyueveryme/status/7793907463"/>
		<document id="7830044990771200" url="https://twitter.com/everyueveryme/status/7830044990771200"/>
		<document id="7866523573" url="https://twitter.com/everyueveryme/status/7866523573"/>
		<document id="7877842631" url="https://twitter.com/everyueveryme/status/7877842631"/>
		<document id="7904869304" url="https://twitter.com/everyueveryme/status/7904869304"/>
		<document id="7911748542" url="https://twitter.com/everyueveryme/status/7911748542"/>
		<document id="7929791861" url="https://twitter.com/everyueveryme/status/7929791861"/>
		<document id="7986806590" url="https://twitter.com/everyueveryme/status/7986806590"/>
		<document id="7999225595" url="https://twitter.com/everyueveryme/status/7999225595"/>
		<document id="8034821870" url="https://twitter.com/everyueveryme/status/8034821870"/>
		<document id="8070204632" url="https://twitter.com/everyueveryme/status/8070204632"/>
		<document id="8074252866" url="https://twitter.com/everyueveryme/status/8074252866"/>
		<document id="8085942001" url="https://twitter.com/everyueveryme/status/8085942001"/>
		<document id="8113802170" url="https://twitter.com/everyueveryme/status/8113802170"/>
		<document id="8114900307" url="https://twitter.com/everyueveryme/status/8114900307"/>
		<document id="8136145184" url="https://twitter.com/everyueveryme/status/8136145184"/>
		<document id="8159109035" url="https://twitter.com/everyueveryme/status/8159109035"/>
		<document id="8174495719" url="https://twitter.com/everyueveryme/status/8174495719"/>
		<document id="8192941296" url="https://twitter.com/everyueveryme/status/8192941296"/>
		<document id="8218720837" url="https://twitter.com/everyueveryme/status/8218720837"/>
		<document id="8218857401" url="https://twitter.com/everyueveryme/status/8218857401"/>
		<document id="8236351981" url="https://twitter.com/everyueveryme/status/8236351981"/>
		<document id="8250889454" url="https://twitter.com/everyueveryme/status/8250889454"/>
		<document id="8280607837" url="https://twitter.com/everyueveryme/status/8280607837"/>
		<document id="8283373296" url="https://twitter.com/everyueveryme/status/8283373296"/>
		<document id="8355197801725952" url="https://twitter.com/everyueveryme/status/8355197801725952"/>
		<document id="8370470797" url="https://twitter.com/everyueveryme/status/8370470797"/>
		<document id="8414798168" url="https://twitter.com/everyueveryme/status/8414798168"/>
		<document id="8458710028" url="https://twitter.com/everyueveryme/status/8458710028"/>
		<document id="8482796762" url="https://twitter.com/everyueveryme/status/8482796762"/>
		<document id="8500631180" url="https://twitter.com/everyueveryme/status/8500631180"/>
		<document id="8513892222" url="https://twitter.com/everyueveryme/status/8513892222"/>
		<document id="8548214713" url="https://twitter.com/everyueveryme/status/8548214713"/>
		<document id="8548321321" url="https://twitter.com/everyueveryme/status/8548321321"/>
		<document id="8573677004" url="https://twitter.com/everyueveryme/status/8573677004"/>
		<document id="8608178617" url="https://twitter.com/everyueveryme/status/8608178617"/>
		<document id="8637103118" url="https://twitter.com/everyueveryme/status/8637103118"/>
		<document id="8637982448" url="https://twitter.com/everyueveryme/status/8637982448"/>
		<document id="8658003429" url="https://twitter.com/everyueveryme/status/8658003429"/>
		<document id="8661538547" url="https://twitter.com/everyueveryme/status/8661538547"/>
		<document id="8678898306" url="https://twitter.com/everyueveryme/status/8678898306"/>
		<document id="8679063533" url="https://twitter.com/everyueveryme/status/8679063533"/>
		<document id="8707847391" url="https://twitter.com/everyueveryme/status/8707847391"/>
		<document id="8708440490" url="https://twitter.com/everyueveryme/status/8708440490"/>
		<document id="8771160494" url="https://twitter.com/everyueveryme/status/8771160494"/>
		<document id="8771790329" url="https://twitter.com/everyueveryme/status/8771790329"/>
		<document id="8795370624" url="https://twitter.com/everyueveryme/status/8795370624"/>
		<document id="8809850354" url="https://twitter.com/everyueveryme/status/8809850354"/>
		<document id="8823361555" url="https://twitter.com/everyueveryme/status/8823361555"/>
		<document id="8845560575" url="https://twitter.com/everyueveryme/status/8845560575"/>
		<document id="8859539321" url="https://twitter.com/everyueveryme/status/8859539321"/>
		<document id="8863267825" url="https://twitter.com/everyueveryme/status/8863267825"/>
		<document id="8918069638" url="https://twitter.com/everyueveryme/status/8918069638"/>
		<document id="8924390467" url="https://twitter.com/everyueveryme/status/8924390467"/>
		<document id="8947292670" url="https://twitter.com/everyueveryme/status/8947292670"/>
		<document id="8972016377" url="https://twitter.com/everyueveryme/status/8972016377"/>
		<document id="8995418608242689" url="https://twitter.com/everyueveryme/status/8995418608242689"/>
		<document id="9015889841" url="https://twitter.com/everyueveryme/status/9015889841"/>
		<document id="9067029995" url="https://twitter.com/everyueveryme/status/9067029995"/>
		<document id="9106821295" url="https://twitter.com/everyueveryme/status/9106821295"/>
		<document id="9187322839" url="https://twitter.com/everyueveryme/status/9187322839"/>
		<document id="9239504345" url="https://twitter.com/everyueveryme/status/9239504345"/>
		<document id="9252890118" url="https://twitter.com/everyueveryme/status/9252890118"/>
		<document id="9282241846841345" url="https://twitter.com/everyueveryme/status/9282241846841345"/>
		<document id="9285326910" url="https://twitter.com/everyueveryme/status/9285326910"/>
		<document id="9297669122" url="https://twitter.com/everyueveryme/status/9297669122"/>
		<document id="9302448996" url="https://twitter.com/everyueveryme/status/9302448996"/>
		<document id="9317275715" url="https://twitter.com/everyueveryme/status/9317275715"/>
		<document id="9479247209" url="https://twitter.com/everyueveryme/status/9479247209"/>
		<document id="9492064513" url="https://twitter.com/everyueveryme/status/9492064513"/>
		<document id="9559250820931584" url="https://twitter.com/everyueveryme/status/9559250820931584"/>
		<document id="9577632515" url="https://twitter.com/everyueveryme/status/9577632515"/>
		<document id="9581188814" url="https://twitter.com/everyueveryme/status/9581188814"/>
		<document id="9594613088" url="https://twitter.com/everyueveryme/status/9594613088"/>
		<document id="9623387441729536" url="https://twitter.com/everyueveryme/status/9623387441729536"/>
		<document id="9642174899" url="https://twitter.com/everyueveryme/status/9642174899"/>
		<document id="9642780821299200" url="https://twitter.com/everyueveryme/status/9642780821299200"/>
		<document id="9680140433" url="https://twitter.com/everyueveryme/status/9680140433"/>
		<document id="9682416696" url="https://twitter.com/everyueveryme/status/9682416696"/>
		<document id="9809787528" url="https://twitter.com/everyueveryme/status/9809787528"/>
		<document id="9845251641" url="https://twitter.com/everyueveryme/status/9845251641"/>
		<document id="9861633411" url="https://twitter.com/everyueveryme/status/9861633411"/>
		<document id="9896564257" url="https://twitter.com/everyueveryme/status/9896564257"/>
		<document id="9910978597" url="https://twitter.com/everyueveryme/status/9910978597"/>
		<document id="9931858097" url="https://twitter.com/everyueveryme/status/9931858097"/>
		<document id="9980327226" url="https://twitter.com/everyueveryme/status/9980327226"/>
		<document id="9987250897027072" url="https://twitter.com/everyueveryme/status/9987250897027072"/>
		<document id="10025454996" url="https://twitter.com/everyueveryme/status/10025454996"/>
		<document id="10031601467" url="https://twitter.com/everyueveryme/status/10031601467"/>
		<document id="10169258600300544" url="https://twitter.com/everyueveryme/status/10169258600300544"/>
		<document id="10173614305" url="https://twitter.com/everyueveryme/status/10173614305"/>
		<document id="10228152197" url="https://twitter.com/everyueveryme/status/10228152197"/>
		<document id="10253300681" url="https://twitter.com/everyueveryme/status/10253300681"/>
		<document id="10257500845" url="https://twitter.com/everyueveryme/status/10257500845"/>
		<document id="10257869475" url="https://twitter.com/everyueveryme/status/10257869475"/>
		<document id="10258211923" url="https://twitter.com/everyueveryme/status/10258211923"/>
		<document id="10258611811" url="https://twitter.com/everyueveryme/status/10258611811"/>
		<document id="10276624242" url="https://twitter.com/everyueveryme/status/10276624242"/>
		<document id="102778829201866753" url="https://twitter.com/everyueveryme/status/102778829201866753"/>
		<document id="10312806945" url="https://twitter.com/everyueveryme/status/10312806945"/>
		<document id="10340196327" url="https://twitter.com/everyueveryme/status/10340196327"/>
		<document id="10376048529" url="https://twitter.com/everyueveryme/status/10376048529"/>
		<document id="10381492771" url="https://twitter.com/everyueveryme/status/10381492771"/>
		<document id="10413672285" url="https://twitter.com/everyueveryme/status/10413672285"/>
		<document id="10413672704" url="https://twitter.com/everyueveryme/status/10413672704"/>
		<document id="10428902125" url="https://twitter.com/everyueveryme/status/10428902125"/>
		<document id="10484888731" url="https://twitter.com/everyueveryme/status/10484888731"/>
		<document id="10501472433" url="https://twitter.com/everyueveryme/status/10501472433"/>
		<document id="10518190736019456" url="https://twitter.com/everyueveryme/status/10518190736019456"/>
		<document id="10519374814" url="https://twitter.com/everyueveryme/status/10519374814"/>
		<document id="10535423972" url="https://twitter.com/everyueveryme/status/10535423972"/>
		<document id="10537746554" url="https://twitter.com/everyueveryme/status/10537746554"/>
		<document id="10570650848" url="https://twitter.com/everyueveryme/status/10570650848"/>
		<document id="10601193490" url="https://twitter.com/everyueveryme/status/10601193490"/>
		<document id="10673088772" url="https://twitter.com/everyueveryme/status/10673088772"/>
		<document id="10688256156" url="https://twitter.com/everyueveryme/status/10688256156"/>
		<document id="10710428606799872" url="https://twitter.com/everyueveryme/status/10710428606799872"/>
		<document id="10727685286" url="https://twitter.com/everyueveryme/status/10727685286"/>
		<document id="10743808971" url="https://twitter.com/everyueveryme/status/10743808971"/>
		<document id="10785115161" url="https://twitter.com/everyueveryme/status/10785115161"/>
		<document id="10808292222" url="https://twitter.com/everyueveryme/status/10808292222"/>
		<document id="108306350475448321" url="https://twitter.com/everyueveryme/status/108306350475448321"/>
		<document id="10874769793" url="https://twitter.com/everyueveryme/status/10874769793"/>
		<document id="10891470647" url="https://twitter.com/everyueveryme/status/10891470647"/>
		<document id="10930440535" url="https://twitter.com/everyueveryme/status/10930440535"/>
		<document id="10979644331" url="https://twitter.com/everyueveryme/status/10979644331"/>
		<document id="110569062546939904" url="https://twitter.com/everyueveryme/status/110569062546939904"/>
		<document id="11090757328" url="https://twitter.com/everyueveryme/status/11090757328"/>
		<document id="11254569209" url="https://twitter.com/everyueveryme/status/11254569209"/>
		<document id="11337146592" url="https://twitter.com/everyueveryme/status/11337146592"/>
		<document id="11337148034" url="https://twitter.com/everyueveryme/status/11337148034"/>
		<document id="11348471491" url="https://twitter.com/everyueveryme/status/11348471491"/>
		<document id="11368897246" url="https://twitter.com/everyueveryme/status/11368897246"/>
		<document id="11433360562" url="https://twitter.com/everyueveryme/status/11433360562"/>
		<document id="11435296339" url="https://twitter.com/everyueveryme/status/11435296339"/>
		<document id="11448182533787648" url="https://twitter.com/everyueveryme/status/11448182533787648"/>
		<document id="11483885651" url="https://twitter.com/everyueveryme/status/11483885651"/>
		<document id="11570042856" url="https://twitter.com/everyueveryme/status/11570042856"/>
		<document id="11589870387" url="https://twitter.com/everyueveryme/status/11589870387"/>
		<document id="11622991465" url="https://twitter.com/everyueveryme/status/11622991465"/>
		<document id="11628683945050112" url="https://twitter.com/everyueveryme/status/11628683945050112"/>
		<document id="11754773024" url="https://twitter.com/everyueveryme/status/11754773024"/>
		<document id="11780434522" url="https://twitter.com/everyueveryme/status/11780434522"/>
		<document id="11828076699" url="https://twitter.com/everyueveryme/status/11828076699"/>
		<document id="11854880175" url="https://twitter.com/everyueveryme/status/11854880175"/>
		<document id="11880061573" url="https://twitter.com/everyueveryme/status/11880061573"/>
		<document id="11880295876" url="https://twitter.com/everyueveryme/status/11880295876"/>
		<document id="11901297005" url="https://twitter.com/everyueveryme/status/11901297005"/>
		<document id="11974188753" url="https://twitter.com/everyueveryme/status/11974188753"/>
		<document id="12010003162" url="https://twitter.com/everyueveryme/status/12010003162"/>
		<document id="12047985398" url="https://twitter.com/everyueveryme/status/12047985398"/>
		<document id="12102717957" url="https://twitter.com/everyueveryme/status/12102717957"/>
		<document id="12115914159" url="https://twitter.com/everyueveryme/status/12115914159"/>
		<document id="12181307970822147" url="https://twitter.com/everyueveryme/status/12181307970822147"/>
		<document id="12181412158" url="https://twitter.com/everyueveryme/status/12181412158"/>
		<document id="12201089418" url="https://twitter.com/everyueveryme/status/12201089418"/>
		<document id="12224456080" url="https://twitter.com/everyueveryme/status/12224456080"/>
		<document id="12230424777" url="https://twitter.com/everyueveryme/status/12230424777"/>
		<document id="12264164288" url="https://twitter.com/everyueveryme/status/12264164288"/>
		<document id="12345226970533888" url="https://twitter.com/everyueveryme/status/12345226970533888"/>
		<document id="12349352582" url="https://twitter.com/everyueveryme/status/12349352582"/>
		<document id="12349569098" url="https://twitter.com/everyueveryme/status/12349569098"/>
		<document id="12399947090" url="https://twitter.com/everyueveryme/status/12399947090"/>
		<document id="12430199232" url="https://twitter.com/everyueveryme/status/12430199232"/>
		<document id="12430301850" url="https://twitter.com/everyueveryme/status/12430301850"/>
		<document id="12457230460" url="https://twitter.com/everyueveryme/status/12457230460"/>
		<document id="12460718249" url="https://twitter.com/everyueveryme/status/12460718249"/>
		<document id="12462460400" url="https://twitter.com/everyueveryme/status/12462460400"/>
		<document id="12468692040" url="https://twitter.com/everyueveryme/status/12468692040"/>
		<document id="12478488684" url="https://twitter.com/everyueveryme/status/12478488684"/>
		<document id="12495583659" url="https://twitter.com/everyueveryme/status/12495583659"/>
		<document id="12516552938" url="https://twitter.com/everyueveryme/status/12516552938"/>
		<document id="12534093791" url="https://twitter.com/everyueveryme/status/12534093791"/>
		<document id="12534841825" url="https://twitter.com/everyueveryme/status/12534841825"/>
		<document id="12556638336" url="https://twitter.com/everyueveryme/status/12556638336"/>
		<document id="12711621642158080" url="https://twitter.com/everyueveryme/status/12711621642158080"/>
		<document id="12717734578" url="https://twitter.com/everyueveryme/status/12717734578"/>
		<document id="12736408485" url="https://twitter.com/everyueveryme/status/12736408485"/>
		<document id="12801119734468608" url="https://twitter.com/everyueveryme/status/12801119734468608"/>
		<document id="12881803613" url="https://twitter.com/everyueveryme/status/12881803613"/>
		<document id="12920787029" url="https://twitter.com/everyueveryme/status/12920787029"/>
		<document id="12946438475" url="https://twitter.com/everyueveryme/status/12946438475"/>
		<document id="12947247724" url="https://twitter.com/everyueveryme/status/12947247724"/>
		<document id="12966916939" url="https://twitter.com/everyueveryme/status/12966916939"/>
		<document id="12983127849" url="https://twitter.com/everyueveryme/status/12983127849"/>
		<document id="12983137714" url="https://twitter.com/everyueveryme/status/12983137714"/>
		<document id="13060719364804609" url="https://twitter.com/everyueveryme/status/13060719364804609"/>
		<document id="130698358594600961" url="https://twitter.com/everyueveryme/status/130698358594600961"/>
		<document id="13074732126" url="https://twitter.com/everyueveryme/status/13074732126"/>
		<document id="13102047573" url="https://twitter.com/everyueveryme/status/13102047573"/>
		<document id="13103212723" url="https://twitter.com/everyueveryme/status/13103212723"/>
		<document id="13105787266" url="https://twitter.com/everyueveryme/status/13105787266"/>
		<document id="13109970138" url="https://twitter.com/everyueveryme/status/13109970138"/>
		<document id="13194623530" url="https://twitter.com/everyueveryme/status/13194623530"/>
		<document id="13280303314" url="https://twitter.com/everyueveryme/status/13280303314"/>
		<document id="13309061780" url="https://twitter.com/everyueveryme/status/13309061780"/>
		<document id="13374862042" url="https://twitter.com/everyueveryme/status/13374862042"/>
		<document id="13401939816" url="https://twitter.com/everyueveryme/status/13401939816"/>
		<document id="13426883057" url="https://twitter.com/everyueveryme/status/13426883057"/>
		<document id="13432842077" url="https://twitter.com/everyueveryme/status/13432842077"/>
		<document id="13433084202" url="https://twitter.com/everyueveryme/status/13433084202"/>
		<document id="13445547103" url="https://twitter.com/everyueveryme/status/13445547103"/>
		<document id="13494865522" url="https://twitter.com/everyueveryme/status/13494865522"/>
		<document id="13521810592" url="https://twitter.com/everyueveryme/status/13521810592"/>
		<document id="13526344027" url="https://twitter.com/everyueveryme/status/13526344027"/>
		<document id="13547338371" url="https://twitter.com/everyueveryme/status/13547338371"/>
		<document id="13566883828" url="https://twitter.com/everyueveryme/status/13566883828"/>
		<document id="13619799875653632" url="https://twitter.com/everyueveryme/status/13619799875653632"/>
		<document id="13726539386" url="https://twitter.com/everyueveryme/status/13726539386"/>
		<document id="13769664142" url="https://twitter.com/everyueveryme/status/13769664142"/>
		<document id="13788359996" url="https://twitter.com/everyueveryme/status/13788359996"/>
		<document id="13802570800" url="https://twitter.com/everyueveryme/status/13802570800"/>
		<document id="13892936812" url="https://twitter.com/everyueveryme/status/13892936812"/>
		<document id="13919809344" url="https://twitter.com/everyueveryme/status/13919809344"/>
		<document id="13932036722" url="https://twitter.com/everyueveryme/status/13932036722"/>
		<document id="13953467925" url="https://twitter.com/everyueveryme/status/13953467925"/>
		<document id="13953561461" url="https://twitter.com/everyueveryme/status/13953561461"/>
		<document id="13980886352" url="https://twitter.com/everyueveryme/status/13980886352"/>
		<document id="13989012939214849" url="https://twitter.com/everyueveryme/status/13989012939214849"/>
		<document id="13993993272" url="https://twitter.com/everyueveryme/status/13993993272"/>
		<document id="14131693606" url="https://twitter.com/everyueveryme/status/14131693606"/>
		<document id="141326753514795008" url="https://twitter.com/everyueveryme/status/141326753514795008"/>
		<document id="14148280699068416" url="https://twitter.com/everyueveryme/status/14148280699068416"/>
		<document id="14183443918" url="https://twitter.com/everyueveryme/status/14183443918"/>
		<document id="14233793164" url="https://twitter.com/everyueveryme/status/14233793164"/>
		<document id="14246973458" url="https://twitter.com/everyueveryme/status/14246973458"/>
		<document id="14250578902" url="https://twitter.com/everyueveryme/status/14250578902"/>
		<document id="14295096539" url="https://twitter.com/everyueveryme/status/14295096539"/>
		<document id="14331504951824385" url="https://twitter.com/everyueveryme/status/14331504951824385"/>
		<document id="14333872079" url="https://twitter.com/everyueveryme/status/14333872079"/>
		<document id="14361282916" url="https://twitter.com/everyueveryme/status/14361282916"/>
		<document id="14450818007" url="https://twitter.com/everyueveryme/status/14450818007"/>
		<document id="14451539502436352" url="https://twitter.com/everyueveryme/status/14451539502436352"/>
		<document id="14623709971" url="https://twitter.com/everyueveryme/status/14623709971"/>
		<document id="14668038480" url="https://twitter.com/everyueveryme/status/14668038480"/>
		<document id="1468342787375104" url="https://twitter.com/everyueveryme/status/1468342787375104"/>
		<document id="14698457252" url="https://twitter.com/everyueveryme/status/14698457252"/>
		<document id="14701159641" url="https://twitter.com/everyueveryme/status/14701159641"/>
		<document id="14710139785318400" url="https://twitter.com/everyueveryme/status/14710139785318400"/>
		<document id="14732052996" url="https://twitter.com/everyueveryme/status/14732052996"/>
		<document id="14762195369" url="https://twitter.com/everyueveryme/status/14762195369"/>
		<document id="14768479257" url="https://twitter.com/everyueveryme/status/14768479257"/>
		<document id="14770984879" url="https://twitter.com/everyueveryme/status/14770984879"/>
		<document id="14807644284" url="https://twitter.com/everyueveryme/status/14807644284"/>
		<document id="14846037946" url="https://twitter.com/everyueveryme/status/14846037946"/>
		<document id="14872450512719872" url="https://twitter.com/everyueveryme/status/14872450512719872"/>
		<document id="14878198625" url="https://twitter.com/everyueveryme/status/14878198625"/>
		<document id="14886237861052417" url="https://twitter.com/everyueveryme/status/14886237861052417"/>
		<document id="14906399360" url="https://twitter.com/everyueveryme/status/14906399360"/>
		<document id="14977156995" url="https://twitter.com/everyueveryme/status/14977156995"/>
		<document id="15045090735" url="https://twitter.com/everyueveryme/status/15045090735"/>
		<document id="15065402438590464" url="https://twitter.com/everyueveryme/status/15065402438590464"/>
		<document id="151065772310016000" url="https://twitter.com/everyueveryme/status/151065772310016000"/>
		<document id="15111944496" url="https://twitter.com/everyueveryme/status/15111944496"/>
	</documents>
</author>