<?xml version="1.0" encoding="UTF-8" standalone="no"?><author age_group="xx" gender="xx" lang="EN" type="twitter" url="https://twitter.com/olgarodriguezfr">
	<documents count="102">
		<document id="394441578988965889" url="https://twitter.com/olgarodriguezfr/status/394441578988965889"/>
		<document id="395274822923476992" url="https://twitter.com/olgarodriguezfr/status/395274822923476992"/>
		<document id="395619426089054208" url="https://twitter.com/olgarodriguezfr/status/395619426089054208"/>
		<document id="396064950625779712" url="https://twitter.com/olgarodriguezfr/status/396064950625779712"/>
		<document id="402386955272327169" url="https://twitter.com/olgarodriguezfr/status/402386955272327169"/>
		<document id="403133169643188224" url="https://twitter.com/olgarodriguezfr/status/403133169643188224"/>
		<document id="404220353494269952" url="https://twitter.com/olgarodriguezfr/status/404220353494269952"/>
		<document id="405746485259558913" url="https://twitter.com/olgarodriguezfr/status/405746485259558913"/>
		<document id="408724158152212480" url="https://twitter.com/olgarodriguezfr/status/408724158152212480"/>
		<document id="408737974495371264" url="https://twitter.com/olgarodriguezfr/status/408737974495371264"/>
		<document id="409080106305740800" url="https://twitter.com/olgarodriguezfr/status/409080106305740800"/>
		<document id="410194717708914688" url="https://twitter.com/olgarodriguezfr/status/410194717708914688"/>
		<document id="410199407800639488" url="https://twitter.com/olgarodriguezfr/status/410199407800639488"/>
		<document id="410804025605382144" url="https://twitter.com/olgarodriguezfr/status/410804025605382144"/>
		<document id="425347921702162432" url="https://twitter.com/olgarodriguezfr/status/425347921702162432"/>
		<document id="394441578988965889" url="https://twitter.com/olgarodriguezfr/status/394441578988965889"/>
		<document id="395274822923476992" url="https://twitter.com/olgarodriguezfr/status/395274822923476992"/>
		<document id="395619426089054208" url="https://twitter.com/olgarodriguezfr/status/395619426089054208"/>
		<document id="396064950625779712" url="https://twitter.com/olgarodriguezfr/status/396064950625779712"/>
		<document id="402386955272327169" url="https://twitter.com/olgarodriguezfr/status/402386955272327169"/>
		<document id="403133169643188224" url="https://twitter.com/olgarodriguezfr/status/403133169643188224"/>
		<document id="404220353494269952" url="https://twitter.com/olgarodriguezfr/status/404220353494269952"/>
		<document id="405746485259558913" url="https://twitter.com/olgarodriguezfr/status/405746485259558913"/>
		<document id="408724158152212480" url="https://twitter.com/olgarodriguezfr/status/408724158152212480"/>
		<document id="408737974495371264" url="https://twitter.com/olgarodriguezfr/status/408737974495371264"/>
		<document id="409080106305740800" url="https://twitter.com/olgarodriguezfr/status/409080106305740800"/>
		<document id="410194717708914688" url="https://twitter.com/olgarodriguezfr/status/410194717708914688"/>
		<document id="410199407800639488" url="https://twitter.com/olgarodriguezfr/status/410199407800639488"/>
		<document id="410804025605382144" url="https://twitter.com/olgarodriguezfr/status/410804025605382144"/>
		<document id="425347921702162432" url="https://twitter.com/olgarodriguezfr/status/425347921702162432"/>
	</documents>
</author>