<?xml version="1.0" encoding="UTF-8" standalone="no"?><author age_group="xx" gender="xx" lang="EN" type="twitter" url="https://twitter.com/JuanVillamayor">
	<documents count="832">
		<document id="223453540025249792" url="https://twitter.com/JuanVillamayor/status/223453540025249792"/>
		<document id="223489859258556417" url="https://twitter.com/JuanVillamayor/status/223489859258556417"/>
		<document id="223748231358722049" url="https://twitter.com/JuanVillamayor/status/223748231358722049"/>
		<document id="223755250102829057" url="https://twitter.com/JuanVillamayor/status/223755250102829057"/>
		<document id="223756353104121856" url="https://twitter.com/JuanVillamayor/status/223756353104121856"/>
		<document id="223900705306578945" url="https://twitter.com/JuanVillamayor/status/223900705306578945"/>
		<document id="224449309209403392" url="https://twitter.com/JuanVillamayor/status/224449309209403392"/>
		<document id="224511056461049857" url="https://twitter.com/JuanVillamayor/status/224511056461049857"/>
		<document id="224539672234311682" url="https://twitter.com/JuanVillamayor/status/224539672234311682"/>
		<document id="224540711700275200" url="https://twitter.com/JuanVillamayor/status/224540711700275200"/>
		<document id="224541544600965120" url="https://twitter.com/JuanVillamayor/status/224541544600965120"/>
		<document id="225094450328780800" url="https://twitter.com/JuanVillamayor/status/225094450328780800"/>
		<document id="225095366012444673" url="https://twitter.com/JuanVillamayor/status/225095366012444673"/>
		<document id="225097532970246144" url="https://twitter.com/JuanVillamayor/status/225097532970246144"/>
		<document id="226291877605961728" url="https://twitter.com/JuanVillamayor/status/226291877605961728"/>
		<document id="226388718884360192" url="https://twitter.com/JuanVillamayor/status/226388718884360192"/>
		<document id="228828328906342400" url="https://twitter.com/JuanVillamayor/status/228828328906342400"/>
		<document id="229531635375280129" url="https://twitter.com/JuanVillamayor/status/229531635375280129"/>
		<document id="230586092758380544" url="https://twitter.com/JuanVillamayor/status/230586092758380544"/>
		<document id="230586581319307265" url="https://twitter.com/JuanVillamayor/status/230586581319307265"/>
		<document id="231114719191236608" url="https://twitter.com/JuanVillamayor/status/231114719191236608"/>
		<document id="231306965903609856" url="https://twitter.com/JuanVillamayor/status/231306965903609856"/>
		<document id="231313557441114112" url="https://twitter.com/JuanVillamayor/status/231313557441114112"/>
		<document id="231314380564865024" url="https://twitter.com/JuanVillamayor/status/231314380564865024"/>
		<document id="231364960796672001" url="https://twitter.com/JuanVillamayor/status/231364960796672001"/>
		<document id="232894937937608705" url="https://twitter.com/JuanVillamayor/status/232894937937608705"/>
		<document id="233901609191620609" url="https://twitter.com/JuanVillamayor/status/233901609191620609"/>
		<document id="235656256923238400" url="https://twitter.com/JuanVillamayor/status/235656256923238400"/>
		<document id="235699860492402688" url="https://twitter.com/JuanVillamayor/status/235699860492402688"/>
		<document id="236183525844467713" url="https://twitter.com/JuanVillamayor/status/236183525844467713"/>
		<document id="236438181313126400" url="https://twitter.com/JuanVillamayor/status/236438181313126400"/>
		<document id="237480026210185216" url="https://twitter.com/JuanVillamayor/status/237480026210185216"/>
		<document id="238393980625240064" url="https://twitter.com/JuanVillamayor/status/238393980625240064"/>
		<document id="238974836523794434" url="https://twitter.com/JuanVillamayor/status/238974836523794434"/>
		<document id="239045741119688704" url="https://twitter.com/JuanVillamayor/status/239045741119688704"/>
		<document id="239113562482692096" url="https://twitter.com/JuanVillamayor/status/239113562482692096"/>
		<document id="240206327459237888" url="https://twitter.com/JuanVillamayor/status/240206327459237888"/>
		<document id="241511472918831104" url="https://twitter.com/JuanVillamayor/status/241511472918831104"/>
		<document id="242347203631398912" url="https://twitter.com/JuanVillamayor/status/242347203631398912"/>
		<document id="242348198570631168" url="https://twitter.com/JuanVillamayor/status/242348198570631168"/>
		<document id="242380054988988416" url="https://twitter.com/JuanVillamayor/status/242380054988988416"/>
		<document id="242582333943869440" url="https://twitter.com/JuanVillamayor/status/242582333943869440"/>
		<document id="244006544746901506" url="https://twitter.com/JuanVillamayor/status/244006544746901506"/>
		<document id="245078377717981184" url="https://twitter.com/JuanVillamayor/status/245078377717981184"/>
		<document id="245242682526552064" url="https://twitter.com/JuanVillamayor/status/245242682526552064"/>
		<document id="246301037370163200" url="https://twitter.com/JuanVillamayor/status/246301037370163200"/>
		<document id="246584759705280512" url="https://twitter.com/JuanVillamayor/status/246584759705280512"/>
		<document id="248153012349059072" url="https://twitter.com/JuanVillamayor/status/248153012349059072"/>
		<document id="250621873153507328" url="https://twitter.com/JuanVillamayor/status/250621873153507328"/>
		<document id="251002162581213184" url="https://twitter.com/JuanVillamayor/status/251002162581213184"/>
		<document id="251608717559201792" url="https://twitter.com/JuanVillamayor/status/251608717559201792"/>
		<document id="253005856164175872" url="https://twitter.com/JuanVillamayor/status/253005856164175872"/>
		<document id="253046952210620416" url="https://twitter.com/JuanVillamayor/status/253046952210620416"/>
		<document id="253067490500964352" url="https://twitter.com/JuanVillamayor/status/253067490500964352"/>
		<document id="253114048101629952" url="https://twitter.com/JuanVillamayor/status/253114048101629952"/>
		<document id="253221020482285569" url="https://twitter.com/JuanVillamayor/status/253221020482285569"/>
		<document id="253878697885573120" url="https://twitter.com/JuanVillamayor/status/253878697885573120"/>
		<document id="255165843976122368" url="https://twitter.com/JuanVillamayor/status/255165843976122368"/>
		<document id="255734641296801793" url="https://twitter.com/JuanVillamayor/status/255734641296801793"/>
		<document id="256334319742758912" url="https://twitter.com/JuanVillamayor/status/256334319742758912"/>
		<document id="256479572822999041" url="https://twitter.com/JuanVillamayor/status/256479572822999041"/>
		<document id="256838582495485953" url="https://twitter.com/JuanVillamayor/status/256838582495485953"/>
		<document id="256856409713541120" url="https://twitter.com/JuanVillamayor/status/256856409713541120"/>
		<document id="256856725720801281" url="https://twitter.com/JuanVillamayor/status/256856725720801281"/>
		<document id="257424399844651008" url="https://twitter.com/JuanVillamayor/status/257424399844651008"/>
		<document id="257446580360187904" url="https://twitter.com/JuanVillamayor/status/257446580360187904"/>
		<document id="257817944308989952" url="https://twitter.com/JuanVillamayor/status/257817944308989952"/>
		<document id="257834119164203009" url="https://twitter.com/JuanVillamayor/status/257834119164203009"/>
		<document id="257856370286669824" url="https://twitter.com/JuanVillamayor/status/257856370286669824"/>
		<document id="257856710029492224" url="https://twitter.com/JuanVillamayor/status/257856710029492224"/>
		<document id="257859667215130625" url="https://twitter.com/JuanVillamayor/status/257859667215130625"/>
		<document id="257887609009889282" url="https://twitter.com/JuanVillamayor/status/257887609009889282"/>
		<document id="257924764981661696" url="https://twitter.com/JuanVillamayor/status/257924764981661696"/>
		<document id="258231210701094912" url="https://twitter.com/JuanVillamayor/status/258231210701094912"/>
		<document id="258560323609563136" url="https://twitter.com/JuanVillamayor/status/258560323609563136"/>
		<document id="260308112035160064" url="https://twitter.com/JuanVillamayor/status/260308112035160064"/>
		<document id="261886387857551360" url="https://twitter.com/JuanVillamayor/status/261886387857551360"/>
		<document id="261889393403518976" url="https://twitter.com/JuanVillamayor/status/261889393403518976"/>
		<document id="263301886256484353" url="https://twitter.com/JuanVillamayor/status/263301886256484353"/>
		<document id="263656206151847936" url="https://twitter.com/JuanVillamayor/status/263656206151847936"/>
		<document id="264261045764378624" url="https://twitter.com/JuanVillamayor/status/264261045764378624"/>
		<document id="265163414266081281" url="https://twitter.com/JuanVillamayor/status/265163414266081281"/>
		<document id="269517547274129409" url="https://twitter.com/JuanVillamayor/status/269517547274129409"/>
		<document id="269517911780106240" url="https://twitter.com/JuanVillamayor/status/269517911780106240"/>
		<document id="272104446828367872" url="https://twitter.com/JuanVillamayor/status/272104446828367872"/>
		<document id="273140192758607872" url="https://twitter.com/JuanVillamayor/status/273140192758607872"/>
		<document id="273142920465506304" url="https://twitter.com/JuanVillamayor/status/273142920465506304"/>
		<document id="273145944307007489" url="https://twitter.com/JuanVillamayor/status/273145944307007489"/>
		<document id="273365617724248064" url="https://twitter.com/JuanVillamayor/status/273365617724248064"/>
		<document id="273744508062162944" url="https://twitter.com/JuanVillamayor/status/273744508062162944"/>
		<document id="274612298839109633" url="https://twitter.com/JuanVillamayor/status/274612298839109633"/>
		<document id="275668622876225536" url="https://twitter.com/JuanVillamayor/status/275668622876225536"/>
		<document id="276240558702358528" url="https://twitter.com/JuanVillamayor/status/276240558702358528"/>
		<document id="276267661309124609" url="https://twitter.com/JuanVillamayor/status/276267661309124609"/>
		<document id="276267666971447297" url="https://twitter.com/JuanVillamayor/status/276267666971447297"/>
		<document id="276273427776692224" url="https://twitter.com/JuanVillamayor/status/276273427776692224"/>
		<document id="276318695700176896" url="https://twitter.com/JuanVillamayor/status/276318695700176896"/>
		<document id="276407031081095168" url="https://twitter.com/JuanVillamayor/status/276407031081095168"/>
		<document id="276407774626324481" url="https://twitter.com/JuanVillamayor/status/276407774626324481"/>
		<document id="276704904989528064" url="https://twitter.com/JuanVillamayor/status/276704904989528064"/>
		<document id="276800154798002176" url="https://twitter.com/JuanVillamayor/status/276800154798002176"/>
		<document id="276995820291772416" url="https://twitter.com/JuanVillamayor/status/276995820291772416"/>
		<document id="276996421826273281" url="https://twitter.com/JuanVillamayor/status/276996421826273281"/>
		<document id="276999586420248577" url="https://twitter.com/JuanVillamayor/status/276999586420248577"/>
		<document id="277495205354156032" url="https://twitter.com/JuanVillamayor/status/277495205354156032"/>
		<document id="278204024212307968" url="https://twitter.com/JuanVillamayor/status/278204024212307968"/>
		<document id="278577686119591936" url="https://twitter.com/JuanVillamayor/status/278577686119591936"/>
		<document id="279005408100765696" url="https://twitter.com/JuanVillamayor/status/279005408100765696"/>
		<document id="280027967487348736" url="https://twitter.com/JuanVillamayor/status/280027967487348736"/>
		<document id="280029299686383616" url="https://twitter.com/JuanVillamayor/status/280029299686383616"/>
		<document id="280075524439678976" url="https://twitter.com/JuanVillamayor/status/280075524439678976"/>
		<document id="280641939488002049" url="https://twitter.com/JuanVillamayor/status/280641939488002049"/>
		<document id="280646799411265536" url="https://twitter.com/JuanVillamayor/status/280646799411265536"/>
		<document id="280646987169284096" url="https://twitter.com/JuanVillamayor/status/280646987169284096"/>
		<document id="280666744698335232" url="https://twitter.com/JuanVillamayor/status/280666744698335232"/>
		<document id="281716037689409538" url="https://twitter.com/JuanVillamayor/status/281716037689409538"/>
		<document id="282510465836392448" url="https://twitter.com/JuanVillamayor/status/282510465836392448"/>
		<document id="283203156442247169" url="https://twitter.com/JuanVillamayor/status/283203156442247169"/>
		<document id="283306988300038144" url="https://twitter.com/JuanVillamayor/status/283306988300038144"/>
		<document id="284679292930105344" url="https://twitter.com/JuanVillamayor/status/284679292930105344"/>
		<document id="286741945609498624" url="https://twitter.com/JuanVillamayor/status/286741945609498624"/>
		<document id="286743230035419136" url="https://twitter.com/JuanVillamayor/status/286743230035419136"/>
		<document id="286833633015238656" url="https://twitter.com/JuanVillamayor/status/286833633015238656"/>
		<document id="289080028803780608" url="https://twitter.com/JuanVillamayor/status/289080028803780608"/>
		<document id="289082046213660672" url="https://twitter.com/JuanVillamayor/status/289082046213660672"/>
		<document id="291496320366149632" url="https://twitter.com/JuanVillamayor/status/291496320366149632"/>
		<document id="291497148946735104" url="https://twitter.com/JuanVillamayor/status/291497148946735104"/>
		<document id="291879935293923328" url="https://twitter.com/JuanVillamayor/status/291879935293923328"/>
		<document id="291884084999880704" url="https://twitter.com/JuanVillamayor/status/291884084999880704"/>
		<document id="291953154063495168" url="https://twitter.com/JuanVillamayor/status/291953154063495168"/>
		<document id="292192177868636161" url="https://twitter.com/JuanVillamayor/status/292192177868636161"/>
		<document id="292219612911771648" url="https://twitter.com/JuanVillamayor/status/292219612911771648"/>
		<document id="292284466087460864" url="https://twitter.com/JuanVillamayor/status/292284466087460864"/>
		<document id="292415159924838400" url="https://twitter.com/JuanVillamayor/status/292415159924838400"/>
		<document id="292417295236612096" url="https://twitter.com/JuanVillamayor/status/292417295236612096"/>
		<document id="293425258650808321" url="https://twitter.com/JuanVillamayor/status/293425258650808321"/>
		<document id="293638237828825088" url="https://twitter.com/JuanVillamayor/status/293638237828825088"/>
		<document id="294816930240532481" url="https://twitter.com/JuanVillamayor/status/294816930240532481"/>
		<document id="296280033494962176" url="https://twitter.com/JuanVillamayor/status/296280033494962176"/>
		<document id="296541496755232768" url="https://twitter.com/JuanVillamayor/status/296541496755232768"/>
		<document id="296635218037706752" url="https://twitter.com/JuanVillamayor/status/296635218037706752"/>
		<document id="296846053339197440" url="https://twitter.com/JuanVillamayor/status/296846053339197440"/>
		<document id="296852551138156545" url="https://twitter.com/JuanVillamayor/status/296852551138156545"/>
		<document id="298452906980552704" url="https://twitter.com/JuanVillamayor/status/298452906980552704"/>
		<document id="299241511051227136" url="https://twitter.com/JuanVillamayor/status/299241511051227136"/>
		<document id="302394813687427076" url="https://twitter.com/JuanVillamayor/status/302394813687427076"/>
		<document id="302422427948965890" url="https://twitter.com/JuanVillamayor/status/302422427948965890"/>
		<document id="303514421379092481" url="https://twitter.com/JuanVillamayor/status/303514421379092481"/>
		<document id="303522198302363649" url="https://twitter.com/JuanVillamayor/status/303522198302363649"/>
		<document id="303543612040417281" url="https://twitter.com/JuanVillamayor/status/303543612040417281"/>
		<document id="303631753023737856" url="https://twitter.com/JuanVillamayor/status/303631753023737856"/>
		<document id="304151207822385152" url="https://twitter.com/JuanVillamayor/status/304151207822385152"/>
		<document id="304236627398627329" url="https://twitter.com/JuanVillamayor/status/304236627398627329"/>
		<document id="304237023852642304" url="https://twitter.com/JuanVillamayor/status/304237023852642304"/>
		<document id="304703623454138369" url="https://twitter.com/JuanVillamayor/status/304703623454138369"/>
		<document id="304704954109673473" url="https://twitter.com/JuanVillamayor/status/304704954109673473"/>
		<document id="304830717437804544" url="https://twitter.com/JuanVillamayor/status/304830717437804544"/>
		<document id="305010897842237440" url="https://twitter.com/JuanVillamayor/status/305010897842237440"/>
		<document id="305043257698701312" url="https://twitter.com/JuanVillamayor/status/305043257698701312"/>
		<document id="305726721888509953" url="https://twitter.com/JuanVillamayor/status/305726721888509953"/>
		<document id="306878549330128896" url="https://twitter.com/JuanVillamayor/status/306878549330128896"/>
		<document id="307087898056990720" url="https://twitter.com/JuanVillamayor/status/307087898056990720"/>
		<document id="307284114841681921" url="https://twitter.com/JuanVillamayor/status/307284114841681921"/>
		<document id="308176025840410624" url="https://twitter.com/JuanVillamayor/status/308176025840410624"/>
		<document id="308959425262137345" url="https://twitter.com/JuanVillamayor/status/308959425262137345"/>
		<document id="309063049472520192" url="https://twitter.com/JuanVillamayor/status/309063049472520192"/>
		<document id="309065477173432320" url="https://twitter.com/JuanVillamayor/status/309065477173432320"/>
		<document id="309065969991561216" url="https://twitter.com/JuanVillamayor/status/309065969991561216"/>
		<document id="309976271243341824" url="https://twitter.com/JuanVillamayor/status/309976271243341824"/>
		<document id="311402089517563904" url="https://twitter.com/JuanVillamayor/status/311402089517563904"/>
		<document id="313031842515279872" url="https://twitter.com/JuanVillamayor/status/313031842515279872"/>
		<document id="313032795335303168" url="https://twitter.com/JuanVillamayor/status/313032795335303168"/>
		<document id="315227654074822656" url="https://twitter.com/JuanVillamayor/status/315227654074822656"/>
		<document id="315480140945715200" url="https://twitter.com/JuanVillamayor/status/315480140945715200"/>
		<document id="315480798977474560" url="https://twitter.com/JuanVillamayor/status/315480798977474560"/>
		<document id="315599520144707584" url="https://twitter.com/JuanVillamayor/status/315599520144707584"/>
		<document id="319380207314300928" url="https://twitter.com/JuanVillamayor/status/319380207314300928"/>
		<document id="320965873399627776" url="https://twitter.com/JuanVillamayor/status/320965873399627776"/>
		<document id="321262053060907008" url="https://twitter.com/JuanVillamayor/status/321262053060907008"/>
		<document id="321311338020360192" url="https://twitter.com/JuanVillamayor/status/321311338020360192"/>
		<document id="322241398919270400" url="https://twitter.com/JuanVillamayor/status/322241398919270400"/>
		<document id="322656057639989248" url="https://twitter.com/JuanVillamayor/status/322656057639989248"/>
		<document id="324005900765523968" url="https://twitter.com/JuanVillamayor/status/324005900765523968"/>
		<document id="324140279454105603" url="https://twitter.com/JuanVillamayor/status/324140279454105603"/>
		<document id="324465134753955840" url="https://twitter.com/JuanVillamayor/status/324465134753955840"/>
		<document id="324559953664823296" url="https://twitter.com/JuanVillamayor/status/324559953664823296"/>
		<document id="325587321355374593" url="https://twitter.com/JuanVillamayor/status/325587321355374593"/>
		<document id="325591340551372800" url="https://twitter.com/JuanVillamayor/status/325591340551372800"/>
		<document id="325601149577228288" url="https://twitter.com/JuanVillamayor/status/325601149577228288"/>
		<document id="327137991300628480" url="https://twitter.com/JuanVillamayor/status/327137991300628480"/>
		<document id="328216498118225920" url="https://twitter.com/JuanVillamayor/status/328216498118225920"/>
		<document id="328217359749877761" url="https://twitter.com/JuanVillamayor/status/328217359749877761"/>
		<document id="328234858637848576" url="https://twitter.com/JuanVillamayor/status/328234858637848576"/>
		<document id="328268080776097792" url="https://twitter.com/JuanVillamayor/status/328268080776097792"/>
		<document id="328466310956736514" url="https://twitter.com/JuanVillamayor/status/328466310956736514"/>
		<document id="328833948090261506" url="https://twitter.com/JuanVillamayor/status/328833948090261506"/>
		<document id="328892789322547200" url="https://twitter.com/JuanVillamayor/status/328892789322547200"/>
		<document id="328920408524988417" url="https://twitter.com/JuanVillamayor/status/328920408524988417"/>
		<document id="328974321529806848" url="https://twitter.com/JuanVillamayor/status/328974321529806848"/>
		<document id="329340505869647872" url="https://twitter.com/JuanVillamayor/status/329340505869647872"/>
		<document id="330227578260561920" url="https://twitter.com/JuanVillamayor/status/330227578260561920"/>
		<document id="330371090394271745" url="https://twitter.com/JuanVillamayor/status/330371090394271745"/>
		<document id="331132371954966528" url="https://twitter.com/JuanVillamayor/status/331132371954966528"/>
		<document id="331133156650528769" url="https://twitter.com/JuanVillamayor/status/331133156650528769"/>
		<document id="331165400119271424" url="https://twitter.com/JuanVillamayor/status/331165400119271424"/>
		<document id="331165459237969920" url="https://twitter.com/JuanVillamayor/status/331165459237969920"/>
		<document id="331335589129490432" url="https://twitter.com/JuanVillamayor/status/331335589129490432"/>
		<document id="331475443012235264" url="https://twitter.com/JuanVillamayor/status/331475443012235264"/>
		<document id="331480100249944064" url="https://twitter.com/JuanVillamayor/status/331480100249944064"/>
		<document id="332242804392747010" url="https://twitter.com/JuanVillamayor/status/332242804392747010"/>
		<document id="332614434444955648" url="https://twitter.com/JuanVillamayor/status/332614434444955648"/>
		<document id="332614581685977088" url="https://twitter.com/JuanVillamayor/status/332614581685977088"/>
		<document id="334228921866399744" url="https://twitter.com/JuanVillamayor/status/334228921866399744"/>
		<document id="334237489952858112" url="https://twitter.com/JuanVillamayor/status/334237489952858112"/>
		<document id="334271711698640897" url="https://twitter.com/JuanVillamayor/status/334271711698640897"/>
		<document id="336710344338710528" url="https://twitter.com/JuanVillamayor/status/336710344338710528"/>
		<document id="337574726018932736" url="https://twitter.com/JuanVillamayor/status/337574726018932736"/>
		<document id="337670546105966592" url="https://twitter.com/JuanVillamayor/status/337670546105966592"/>
		<document id="339496287739195392" url="https://twitter.com/JuanVillamayor/status/339496287739195392"/>
		<document id="339606847092846593" url="https://twitter.com/JuanVillamayor/status/339606847092846593"/>
		<document id="340445909315878913" url="https://twitter.com/JuanVillamayor/status/340445909315878913"/>
		<document id="340750115146977280" url="https://twitter.com/JuanVillamayor/status/340750115146977280"/>
		<document id="340974831220703234" url="https://twitter.com/JuanVillamayor/status/340974831220703234"/>
		<document id="341766157658906624" url="https://twitter.com/JuanVillamayor/status/341766157658906624"/>
		<document id="341770598520848387" url="https://twitter.com/JuanVillamayor/status/341770598520848387"/>
		<document id="341771194611159040" url="https://twitter.com/JuanVillamayor/status/341771194611159040"/>
		<document id="341860520388857856" url="https://twitter.com/JuanVillamayor/status/341860520388857856"/>
		<document id="341862397432197120" url="https://twitter.com/JuanVillamayor/status/341862397432197120"/>
		<document id="341909654709886976" url="https://twitter.com/JuanVillamayor/status/341909654709886976"/>
		<document id="342691676483100673" url="https://twitter.com/JuanVillamayor/status/342691676483100673"/>
		<document id="342925357239918592" url="https://twitter.com/JuanVillamayor/status/342925357239918592"/>
		<document id="342962666987470849" url="https://twitter.com/JuanVillamayor/status/342962666987470849"/>
		<document id="343667766521393152" url="https://twitter.com/JuanVillamayor/status/343667766521393152"/>
		<document id="344465597020655616" url="https://twitter.com/JuanVillamayor/status/344465597020655616"/>
		<document id="344466477413462016" url="https://twitter.com/JuanVillamayor/status/344466477413462016"/>
		<document id="344528144872665088" url="https://twitter.com/JuanVillamayor/status/344528144872665088"/>
		<document id="344528546678571009" url="https://twitter.com/JuanVillamayor/status/344528546678571009"/>
		<document id="344674746732003328" url="https://twitter.com/JuanVillamayor/status/344674746732003328"/>
		<document id="345823940075204608" url="https://twitter.com/JuanVillamayor/status/345823940075204608"/>
		<document id="347396053634539521" url="https://twitter.com/JuanVillamayor/status/347396053634539521"/>
		<document id="347397550044766209" url="https://twitter.com/JuanVillamayor/status/347397550044766209"/>
		<document id="347442077405163520" url="https://twitter.com/JuanVillamayor/status/347442077405163520"/>
		<document id="349825092026515457" url="https://twitter.com/JuanVillamayor/status/349825092026515457"/>
		<document id="350475455004020736" url="https://twitter.com/JuanVillamayor/status/350475455004020736"/>
		<document id="350531625714597888" url="https://twitter.com/JuanVillamayor/status/350531625714597888"/>
		<document id="350598893811146752" url="https://twitter.com/JuanVillamayor/status/350598893811146752"/>
		<document id="350599914549542913" url="https://twitter.com/JuanVillamayor/status/350599914549542913"/>
		<document id="350600695604461570" url="https://twitter.com/JuanVillamayor/status/350600695604461570"/>
		<document id="354191215144611841" url="https://twitter.com/JuanVillamayor/status/354191215144611841"/>
		<document id="354263017879388162" url="https://twitter.com/JuanVillamayor/status/354263017879388162"/>
		<document id="354333253135638528" url="https://twitter.com/JuanVillamayor/status/354333253135638528"/>
		<document id="355270121272520704" url="https://twitter.com/JuanVillamayor/status/355270121272520704"/>
		<document id="355341717236486144" url="https://twitter.com/JuanVillamayor/status/355341717236486144"/>
		<document id="356798843830009856" url="https://twitter.com/JuanVillamayor/status/356798843830009856"/>
		<document id="357520475288633344" url="https://twitter.com/JuanVillamayor/status/357520475288633344"/>
		<document id="359463652912398336" url="https://twitter.com/JuanVillamayor/status/359463652912398336"/>
		<document id="359665403263320064" url="https://twitter.com/JuanVillamayor/status/359665403263320064"/>
		<document id="359960701135097857" url="https://twitter.com/JuanVillamayor/status/359960701135097857"/>
		<document id="361280793861042178" url="https://twitter.com/JuanVillamayor/status/361280793861042178"/>
		<document id="362486026637295616" url="https://twitter.com/JuanVillamayor/status/362486026637295616"/>
		<document id="362544826295656451" url="https://twitter.com/JuanVillamayor/status/362544826295656451"/>
		<document id="362602217217331200" url="https://twitter.com/JuanVillamayor/status/362602217217331200"/>
		<document id="363338630724468736" url="https://twitter.com/JuanVillamayor/status/363338630724468736"/>
		<document id="363707862259728384" url="https://twitter.com/JuanVillamayor/status/363707862259728384"/>
		<document id="364133080056856576" url="https://twitter.com/JuanVillamayor/status/364133080056856576"/>
		<document id="364754682729603075" url="https://twitter.com/JuanVillamayor/status/364754682729603075"/>
		<document id="365373457766170624" url="https://twitter.com/JuanVillamayor/status/365373457766170624"/>
		<document id="365756634099748864" url="https://twitter.com/JuanVillamayor/status/365756634099748864"/>
		<document id="365759247704797184" url="https://twitter.com/JuanVillamayor/status/365759247704797184"/>
		<document id="365781656885407745" url="https://twitter.com/JuanVillamayor/status/365781656885407745"/>
		<document id="365826398620880898" url="https://twitter.com/JuanVillamayor/status/365826398620880898"/>
		<document id="366967344796401664" url="https://twitter.com/JuanVillamayor/status/366967344796401664"/>
		<document id="367302308620533760" url="https://twitter.com/JuanVillamayor/status/367302308620533760"/>
		<document id="367395115922235392" url="https://twitter.com/JuanVillamayor/status/367395115922235392"/>
		<document id="367397537163919360" url="https://twitter.com/JuanVillamayor/status/367397537163919360"/>
		<document id="367645101796773888" url="https://twitter.com/JuanVillamayor/status/367645101796773888"/>
		<document id="367655680053743616" url="https://twitter.com/JuanVillamayor/status/367655680053743616"/>
		<document id="367656202034884609" url="https://twitter.com/JuanVillamayor/status/367656202034884609"/>
		<document id="367661192875347968" url="https://twitter.com/JuanVillamayor/status/367661192875347968"/>
		<document id="369793505444790272" url="https://twitter.com/JuanVillamayor/status/369793505444790272"/>
		<document id="370180545772552192" url="https://twitter.com/JuanVillamayor/status/370180545772552192"/>
		<document id="370182260752154624" url="https://twitter.com/JuanVillamayor/status/370182260752154624"/>
		<document id="370858968274702336" url="https://twitter.com/JuanVillamayor/status/370858968274702336"/>
		<document id="371003903292084224" url="https://twitter.com/JuanVillamayor/status/371003903292084224"/>
		<document id="371681395388604417" url="https://twitter.com/JuanVillamayor/status/371681395388604417"/>
		<document id="372727094741975040" url="https://twitter.com/JuanVillamayor/status/372727094741975040"/>
		<document id="373117782453653504" url="https://twitter.com/JuanVillamayor/status/373117782453653504"/>
		<document id="373159864232448000" url="https://twitter.com/JuanVillamayor/status/373159864232448000"/>
		<document id="373200263978680320" url="https://twitter.com/JuanVillamayor/status/373200263978680320"/>
		<document id="373206680667824128" url="https://twitter.com/JuanVillamayor/status/373206680667824128"/>
		<document id="373820342932103168" url="https://twitter.com/JuanVillamayor/status/373820342932103168"/>
		<document id="374930414462595072" url="https://twitter.com/JuanVillamayor/status/374930414462595072"/>
		<document id="375607971080044544" url="https://twitter.com/JuanVillamayor/status/375607971080044544"/>
		<document id="375621096332337152" url="https://twitter.com/JuanVillamayor/status/375621096332337152"/>
		<document id="375629788326526979" url="https://twitter.com/JuanVillamayor/status/375629788326526979"/>
		<document id="378086737345785856" url="https://twitter.com/JuanVillamayor/status/378086737345785856"/>
		<document id="379218071455805441" url="https://twitter.com/JuanVillamayor/status/379218071455805441"/>
		<document id="380386006882865152" url="https://twitter.com/JuanVillamayor/status/380386006882865152"/>
		<document id="381130913373249536" url="https://twitter.com/JuanVillamayor/status/381130913373249536"/>
		<document id="382812018438602752" url="https://twitter.com/JuanVillamayor/status/382812018438602752"/>
		<document id="382836178405171201" url="https://twitter.com/JuanVillamayor/status/382836178405171201"/>
		<document id="382842565738786816" url="https://twitter.com/JuanVillamayor/status/382842565738786816"/>
		<document id="382952056879083520" url="https://twitter.com/JuanVillamayor/status/382952056879083520"/>
		<document id="387456605526425600" url="https://twitter.com/JuanVillamayor/status/387456605526425600"/>
		<document id="389341505431044096" url="https://twitter.com/JuanVillamayor/status/389341505431044096"/>
		<document id="393101472009056256" url="https://twitter.com/JuanVillamayor/status/393101472009056256"/>
		<document id="393101560064258048" url="https://twitter.com/JuanVillamayor/status/393101560064258048"/>
		<document id="393102201016823808" url="https://twitter.com/JuanVillamayor/status/393102201016823808"/>
		<document id="393372016985661440" url="https://twitter.com/JuanVillamayor/status/393372016985661440"/>
		<document id="394139799478874112" url="https://twitter.com/JuanVillamayor/status/394139799478874112"/>
		<document id="394409366759424000" url="https://twitter.com/JuanVillamayor/status/394409366759424000"/>
		<document id="394433270311436288" url="https://twitter.com/JuanVillamayor/status/394433270311436288"/>
		<document id="394434342396907520" url="https://twitter.com/JuanVillamayor/status/394434342396907520"/>
		<document id="394821912859144192" url="https://twitter.com/JuanVillamayor/status/394821912859144192"/>
		<document id="398598427543486464" url="https://twitter.com/JuanVillamayor/status/398598427543486464"/>
		<document id="398599110153883648" url="https://twitter.com/JuanVillamayor/status/398599110153883648"/>
		<document id="401996105501528064" url="https://twitter.com/JuanVillamayor/status/401996105501528064"/>
		<document id="402414628040216576" url="https://twitter.com/JuanVillamayor/status/402414628040216576"/>
		<document id="402511231229370369" url="https://twitter.com/JuanVillamayor/status/402511231229370369"/>
		<document id="402545246417874944" url="https://twitter.com/JuanVillamayor/status/402545246417874944"/>
		<document id="402565760838422528" url="https://twitter.com/JuanVillamayor/status/402565760838422528"/>
		<document id="402566200745803776" url="https://twitter.com/JuanVillamayor/status/402566200745803776"/>
		<document id="402725505989738498" url="https://twitter.com/JuanVillamayor/status/402725505989738498"/>
		<document id="402755017293041664" url="https://twitter.com/JuanVillamayor/status/402755017293041664"/>
		<document id="402822954196561920" url="https://twitter.com/JuanVillamayor/status/402822954196561920"/>
		<document id="402823473275613184" url="https://twitter.com/JuanVillamayor/status/402823473275613184"/>
		<document id="405049860170469376" url="https://twitter.com/JuanVillamayor/status/405049860170469376"/>
		<document id="405224212547121152" url="https://twitter.com/JuanVillamayor/status/405224212547121152"/>
		<document id="405993032899895296" url="https://twitter.com/JuanVillamayor/status/405993032899895296"/>
		<document id="407453162782470144" url="https://twitter.com/JuanVillamayor/status/407453162782470144"/>
		<document id="408105380968136705" url="https://twitter.com/JuanVillamayor/status/408105380968136705"/>
		<document id="408106421663039488" url="https://twitter.com/JuanVillamayor/status/408106421663039488"/>
		<document id="408238785575415809" url="https://twitter.com/JuanVillamayor/status/408238785575415809"/>
		<document id="411151055658176512" url="https://twitter.com/JuanVillamayor/status/411151055658176512"/>
		<document id="411151529127587841" url="https://twitter.com/JuanVillamayor/status/411151529127587841"/>
		<document id="411168167159795712" url="https://twitter.com/JuanVillamayor/status/411168167159795712"/>
		<document id="411197534342619136" url="https://twitter.com/JuanVillamayor/status/411197534342619136"/>
		<document id="411907846314270720" url="https://twitter.com/JuanVillamayor/status/411907846314270720"/>
		<document id="412676484520620032" url="https://twitter.com/JuanVillamayor/status/412676484520620032"/>
		<document id="412677715805097985" url="https://twitter.com/JuanVillamayor/status/412677715805097985"/>
		<document id="413296745603694592" url="https://twitter.com/JuanVillamayor/status/413296745603694592"/>
		<document id="415173486936481794" url="https://twitter.com/JuanVillamayor/status/415173486936481794"/>
		<document id="416718218862931968" url="https://twitter.com/JuanVillamayor/status/416718218862931968"/>
		<document id="416720250931908608" url="https://twitter.com/JuanVillamayor/status/416720250931908608"/>
		<document id="417582251514138624" url="https://twitter.com/JuanVillamayor/status/417582251514138624"/>
		<document id="418211898769694720" url="https://twitter.com/JuanVillamayor/status/418211898769694720"/>
		<document id="419072948994334720" url="https://twitter.com/JuanVillamayor/status/419072948994334720"/>
		<document id="420496850957787136" url="https://twitter.com/JuanVillamayor/status/420496850957787136"/>
		<document id="420832546797408256" url="https://twitter.com/JuanVillamayor/status/420832546797408256"/>
		<document id="420833133412773888" url="https://twitter.com/JuanVillamayor/status/420833133412773888"/>
		<document id="420833893550673920" url="https://twitter.com/JuanVillamayor/status/420833893550673920"/>
		<document id="420946488508698624" url="https://twitter.com/JuanVillamayor/status/420946488508698624"/>
		<document id="421209106125320192" url="https://twitter.com/JuanVillamayor/status/421209106125320192"/>
		<document id="421209356378456064" url="https://twitter.com/JuanVillamayor/status/421209356378456064"/>
		<document id="421297122017681409" url="https://twitter.com/JuanVillamayor/status/421297122017681409"/>
		<document id="421546549819494400" url="https://twitter.com/JuanVillamayor/status/421546549819494400"/>
		<document id="421713614504873985" url="https://twitter.com/JuanVillamayor/status/421713614504873985"/>
		<document id="422798185707216897" url="https://twitter.com/JuanVillamayor/status/422798185707216897"/>
		<document id="423405148207996928" url="https://twitter.com/JuanVillamayor/status/423405148207996928"/>
		<document id="423447355774337026" url="https://twitter.com/JuanVillamayor/status/423447355774337026"/>
		<document id="425008325730639872" url="https://twitter.com/JuanVillamayor/status/425008325730639872"/>
		<document id="425190745314562048" url="https://twitter.com/JuanVillamayor/status/425190745314562048"/>
		<document id="425282668343746560" url="https://twitter.com/JuanVillamayor/status/425282668343746560"/>
		<document id="425614789956870144" url="https://twitter.com/JuanVillamayor/status/425614789956870144"/>
		<document id="425652347986255872" url="https://twitter.com/JuanVillamayor/status/425652347986255872"/>
		<document id="426043521645416448" url="https://twitter.com/JuanVillamayor/status/426043521645416448"/>
		<document id="426079325390372864" url="https://twitter.com/JuanVillamayor/status/426079325390372864"/>
		<document id="426726676689461248" url="https://twitter.com/JuanVillamayor/status/426726676689461248"/>
		<document id="223453540025249792" url="https://twitter.com/JuanVillamayor/status/223453540025249792"/>
		<document id="223489859258556417" url="https://twitter.com/JuanVillamayor/status/223489859258556417"/>
		<document id="223748231358722049" url="https://twitter.com/JuanVillamayor/status/223748231358722049"/>
		<document id="223755250102829057" url="https://twitter.com/JuanVillamayor/status/223755250102829057"/>
		<document id="223756353104121856" url="https://twitter.com/JuanVillamayor/status/223756353104121856"/>
		<document id="223900705306578945" url="https://twitter.com/JuanVillamayor/status/223900705306578945"/>
		<document id="224449309209403392" url="https://twitter.com/JuanVillamayor/status/224449309209403392"/>
		<document id="224511056461049857" url="https://twitter.com/JuanVillamayor/status/224511056461049857"/>
		<document id="224539672234311682" url="https://twitter.com/JuanVillamayor/status/224539672234311682"/>
		<document id="224540711700275200" url="https://twitter.com/JuanVillamayor/status/224540711700275200"/>
		<document id="224541544600965120" url="https://twitter.com/JuanVillamayor/status/224541544600965120"/>
		<document id="225094450328780800" url="https://twitter.com/JuanVillamayor/status/225094450328780800"/>
		<document id="225095366012444673" url="https://twitter.com/JuanVillamayor/status/225095366012444673"/>
		<document id="225097532970246144" url="https://twitter.com/JuanVillamayor/status/225097532970246144"/>
		<document id="226291877605961728" url="https://twitter.com/JuanVillamayor/status/226291877605961728"/>
		<document id="226388718884360192" url="https://twitter.com/JuanVillamayor/status/226388718884360192"/>
		<document id="228828328906342400" url="https://twitter.com/JuanVillamayor/status/228828328906342400"/>
		<document id="229531635375280129" url="https://twitter.com/JuanVillamayor/status/229531635375280129"/>
		<document id="230586092758380544" url="https://twitter.com/JuanVillamayor/status/230586092758380544"/>
		<document id="230586581319307265" url="https://twitter.com/JuanVillamayor/status/230586581319307265"/>
		<document id="231114719191236608" url="https://twitter.com/JuanVillamayor/status/231114719191236608"/>
		<document id="231306965903609856" url="https://twitter.com/JuanVillamayor/status/231306965903609856"/>
		<document id="231313557441114112" url="https://twitter.com/JuanVillamayor/status/231313557441114112"/>
		<document id="231314380564865024" url="https://twitter.com/JuanVillamayor/status/231314380564865024"/>
		<document id="231364960796672001" url="https://twitter.com/JuanVillamayor/status/231364960796672001"/>
		<document id="232894937937608705" url="https://twitter.com/JuanVillamayor/status/232894937937608705"/>
		<document id="233901609191620609" url="https://twitter.com/JuanVillamayor/status/233901609191620609"/>
		<document id="235656256923238400" url="https://twitter.com/JuanVillamayor/status/235656256923238400"/>
		<document id="235699860492402688" url="https://twitter.com/JuanVillamayor/status/235699860492402688"/>
		<document id="236183525844467713" url="https://twitter.com/JuanVillamayor/status/236183525844467713"/>
		<document id="236438181313126400" url="https://twitter.com/JuanVillamayor/status/236438181313126400"/>
		<document id="237480026210185216" url="https://twitter.com/JuanVillamayor/status/237480026210185216"/>
		<document id="238393980625240064" url="https://twitter.com/JuanVillamayor/status/238393980625240064"/>
		<document id="238974836523794434" url="https://twitter.com/JuanVillamayor/status/238974836523794434"/>
		<document id="239045741119688704" url="https://twitter.com/JuanVillamayor/status/239045741119688704"/>
		<document id="239113562482692096" url="https://twitter.com/JuanVillamayor/status/239113562482692096"/>
		<document id="240206327459237888" url="https://twitter.com/JuanVillamayor/status/240206327459237888"/>
		<document id="241511472918831104" url="https://twitter.com/JuanVillamayor/status/241511472918831104"/>
		<document id="242347203631398912" url="https://twitter.com/JuanVillamayor/status/242347203631398912"/>
		<document id="242348198570631168" url="https://twitter.com/JuanVillamayor/status/242348198570631168"/>
		<document id="242380054988988416" url="https://twitter.com/JuanVillamayor/status/242380054988988416"/>
		<document id="242582333943869440" url="https://twitter.com/JuanVillamayor/status/242582333943869440"/>
		<document id="244006544746901506" url="https://twitter.com/JuanVillamayor/status/244006544746901506"/>
		<document id="245078377717981184" url="https://twitter.com/JuanVillamayor/status/245078377717981184"/>
		<document id="245242682526552064" url="https://twitter.com/JuanVillamayor/status/245242682526552064"/>
		<document id="246301037370163200" url="https://twitter.com/JuanVillamayor/status/246301037370163200"/>
		<document id="246584759705280512" url="https://twitter.com/JuanVillamayor/status/246584759705280512"/>
		<document id="248153012349059072" url="https://twitter.com/JuanVillamayor/status/248153012349059072"/>
		<document id="250621873153507328" url="https://twitter.com/JuanVillamayor/status/250621873153507328"/>
		<document id="251002162581213184" url="https://twitter.com/JuanVillamayor/status/251002162581213184"/>
		<document id="251608717559201792" url="https://twitter.com/JuanVillamayor/status/251608717559201792"/>
		<document id="253005856164175872" url="https://twitter.com/JuanVillamayor/status/253005856164175872"/>
		<document id="253046952210620416" url="https://twitter.com/JuanVillamayor/status/253046952210620416"/>
		<document id="253067490500964352" url="https://twitter.com/JuanVillamayor/status/253067490500964352"/>
		<document id="253114048101629952" url="https://twitter.com/JuanVillamayor/status/253114048101629952"/>
		<document id="253221020482285569" url="https://twitter.com/JuanVillamayor/status/253221020482285569"/>
		<document id="253878697885573120" url="https://twitter.com/JuanVillamayor/status/253878697885573120"/>
		<document id="255165843976122368" url="https://twitter.com/JuanVillamayor/status/255165843976122368"/>
		<document id="255734641296801793" url="https://twitter.com/JuanVillamayor/status/255734641296801793"/>
		<document id="256334319742758912" url="https://twitter.com/JuanVillamayor/status/256334319742758912"/>
		<document id="256479572822999041" url="https://twitter.com/JuanVillamayor/status/256479572822999041"/>
		<document id="256838582495485953" url="https://twitter.com/JuanVillamayor/status/256838582495485953"/>
		<document id="256856409713541120" url="https://twitter.com/JuanVillamayor/status/256856409713541120"/>
		<document id="256856725720801281" url="https://twitter.com/JuanVillamayor/status/256856725720801281"/>
		<document id="257424399844651008" url="https://twitter.com/JuanVillamayor/status/257424399844651008"/>
		<document id="257446580360187904" url="https://twitter.com/JuanVillamayor/status/257446580360187904"/>
		<document id="257817944308989952" url="https://twitter.com/JuanVillamayor/status/257817944308989952"/>
		<document id="257834119164203009" url="https://twitter.com/JuanVillamayor/status/257834119164203009"/>
		<document id="257856370286669824" url="https://twitter.com/JuanVillamayor/status/257856370286669824"/>
		<document id="257856710029492224" url="https://twitter.com/JuanVillamayor/status/257856710029492224"/>
		<document id="257859667215130625" url="https://twitter.com/JuanVillamayor/status/257859667215130625"/>
		<document id="257887609009889282" url="https://twitter.com/JuanVillamayor/status/257887609009889282"/>
		<document id="257924764981661696" url="https://twitter.com/JuanVillamayor/status/257924764981661696"/>
		<document id="258231210701094912" url="https://twitter.com/JuanVillamayor/status/258231210701094912"/>
		<document id="258560323609563136" url="https://twitter.com/JuanVillamayor/status/258560323609563136"/>
		<document id="260308112035160064" url="https://twitter.com/JuanVillamayor/status/260308112035160064"/>
		<document id="261886387857551360" url="https://twitter.com/JuanVillamayor/status/261886387857551360"/>
		<document id="261889393403518976" url="https://twitter.com/JuanVillamayor/status/261889393403518976"/>
		<document id="263301886256484353" url="https://twitter.com/JuanVillamayor/status/263301886256484353"/>
		<document id="263656206151847936" url="https://twitter.com/JuanVillamayor/status/263656206151847936"/>
		<document id="264261045764378624" url="https://twitter.com/JuanVillamayor/status/264261045764378624"/>
		<document id="265163414266081281" url="https://twitter.com/JuanVillamayor/status/265163414266081281"/>
		<document id="269517547274129409" url="https://twitter.com/JuanVillamayor/status/269517547274129409"/>
		<document id="269517911780106240" url="https://twitter.com/JuanVillamayor/status/269517911780106240"/>
		<document id="272104446828367872" url="https://twitter.com/JuanVillamayor/status/272104446828367872"/>
		<document id="273140192758607872" url="https://twitter.com/JuanVillamayor/status/273140192758607872"/>
		<document id="273142920465506304" url="https://twitter.com/JuanVillamayor/status/273142920465506304"/>
		<document id="273145944307007489" url="https://twitter.com/JuanVillamayor/status/273145944307007489"/>
		<document id="273365617724248064" url="https://twitter.com/JuanVillamayor/status/273365617724248064"/>
		<document id="273744508062162944" url="https://twitter.com/JuanVillamayor/status/273744508062162944"/>
		<document id="274612298839109633" url="https://twitter.com/JuanVillamayor/status/274612298839109633"/>
		<document id="275668622876225536" url="https://twitter.com/JuanVillamayor/status/275668622876225536"/>
		<document id="276240558702358528" url="https://twitter.com/JuanVillamayor/status/276240558702358528"/>
		<document id="276267661309124609" url="https://twitter.com/JuanVillamayor/status/276267661309124609"/>
		<document id="276267666971447297" url="https://twitter.com/JuanVillamayor/status/276267666971447297"/>
		<document id="276273427776692224" url="https://twitter.com/JuanVillamayor/status/276273427776692224"/>
		<document id="276318695700176896" url="https://twitter.com/JuanVillamayor/status/276318695700176896"/>
		<document id="276407031081095168" url="https://twitter.com/JuanVillamayor/status/276407031081095168"/>
		<document id="276407774626324481" url="https://twitter.com/JuanVillamayor/status/276407774626324481"/>
		<document id="276704904989528064" url="https://twitter.com/JuanVillamayor/status/276704904989528064"/>
		<document id="276800154798002176" url="https://twitter.com/JuanVillamayor/status/276800154798002176"/>
		<document id="276995820291772416" url="https://twitter.com/JuanVillamayor/status/276995820291772416"/>
		<document id="276996421826273281" url="https://twitter.com/JuanVillamayor/status/276996421826273281"/>
		<document id="276999586420248577" url="https://twitter.com/JuanVillamayor/status/276999586420248577"/>
		<document id="277495205354156032" url="https://twitter.com/JuanVillamayor/status/277495205354156032"/>
		<document id="278204024212307968" url="https://twitter.com/JuanVillamayor/status/278204024212307968"/>
		<document id="278577686119591936" url="https://twitter.com/JuanVillamayor/status/278577686119591936"/>
		<document id="279005408100765696" url="https://twitter.com/JuanVillamayor/status/279005408100765696"/>
		<document id="280027967487348736" url="https://twitter.com/JuanVillamayor/status/280027967487348736"/>
		<document id="280029299686383616" url="https://twitter.com/JuanVillamayor/status/280029299686383616"/>
		<document id="280075524439678976" url="https://twitter.com/JuanVillamayor/status/280075524439678976"/>
		<document id="280641939488002049" url="https://twitter.com/JuanVillamayor/status/280641939488002049"/>
		<document id="280646799411265536" url="https://twitter.com/JuanVillamayor/status/280646799411265536"/>
		<document id="280646987169284096" url="https://twitter.com/JuanVillamayor/status/280646987169284096"/>
		<document id="280666744698335232" url="https://twitter.com/JuanVillamayor/status/280666744698335232"/>
		<document id="281716037689409538" url="https://twitter.com/JuanVillamayor/status/281716037689409538"/>
		<document id="282510465836392448" url="https://twitter.com/JuanVillamayor/status/282510465836392448"/>
		<document id="283203156442247169" url="https://twitter.com/JuanVillamayor/status/283203156442247169"/>
		<document id="283306988300038144" url="https://twitter.com/JuanVillamayor/status/283306988300038144"/>
		<document id="284679292930105344" url="https://twitter.com/JuanVillamayor/status/284679292930105344"/>
		<document id="286741945609498624" url="https://twitter.com/JuanVillamayor/status/286741945609498624"/>
		<document id="286743230035419136" url="https://twitter.com/JuanVillamayor/status/286743230035419136"/>
		<document id="286833633015238656" url="https://twitter.com/JuanVillamayor/status/286833633015238656"/>
		<document id="289080028803780608" url="https://twitter.com/JuanVillamayor/status/289080028803780608"/>
		<document id="289082046213660672" url="https://twitter.com/JuanVillamayor/status/289082046213660672"/>
		<document id="291496320366149632" url="https://twitter.com/JuanVillamayor/status/291496320366149632"/>
		<document id="291497148946735104" url="https://twitter.com/JuanVillamayor/status/291497148946735104"/>
		<document id="291879935293923328" url="https://twitter.com/JuanVillamayor/status/291879935293923328"/>
		<document id="291884084999880704" url="https://twitter.com/JuanVillamayor/status/291884084999880704"/>
		<document id="291953154063495168" url="https://twitter.com/JuanVillamayor/status/291953154063495168"/>
		<document id="292192177868636161" url="https://twitter.com/JuanVillamayor/status/292192177868636161"/>
		<document id="292219612911771648" url="https://twitter.com/JuanVillamayor/status/292219612911771648"/>
		<document id="292284466087460864" url="https://twitter.com/JuanVillamayor/status/292284466087460864"/>
		<document id="292415159924838400" url="https://twitter.com/JuanVillamayor/status/292415159924838400"/>
		<document id="292417295236612096" url="https://twitter.com/JuanVillamayor/status/292417295236612096"/>
		<document id="293425258650808321" url="https://twitter.com/JuanVillamayor/status/293425258650808321"/>
		<document id="293638237828825088" url="https://twitter.com/JuanVillamayor/status/293638237828825088"/>
		<document id="294816930240532481" url="https://twitter.com/JuanVillamayor/status/294816930240532481"/>
		<document id="296280033494962176" url="https://twitter.com/JuanVillamayor/status/296280033494962176"/>
		<document id="296541496755232768" url="https://twitter.com/JuanVillamayor/status/296541496755232768"/>
		<document id="296635218037706752" url="https://twitter.com/JuanVillamayor/status/296635218037706752"/>
		<document id="296846053339197440" url="https://twitter.com/JuanVillamayor/status/296846053339197440"/>
		<document id="296852551138156545" url="https://twitter.com/JuanVillamayor/status/296852551138156545"/>
		<document id="298452906980552704" url="https://twitter.com/JuanVillamayor/status/298452906980552704"/>
		<document id="299241511051227136" url="https://twitter.com/JuanVillamayor/status/299241511051227136"/>
		<document id="302394813687427076" url="https://twitter.com/JuanVillamayor/status/302394813687427076"/>
		<document id="302422427948965890" url="https://twitter.com/JuanVillamayor/status/302422427948965890"/>
		<document id="303514421379092481" url="https://twitter.com/JuanVillamayor/status/303514421379092481"/>
		<document id="303522198302363649" url="https://twitter.com/JuanVillamayor/status/303522198302363649"/>
		<document id="303543612040417281" url="https://twitter.com/JuanVillamayor/status/303543612040417281"/>
		<document id="303631753023737856" url="https://twitter.com/JuanVillamayor/status/303631753023737856"/>
		<document id="304151207822385152" url="https://twitter.com/JuanVillamayor/status/304151207822385152"/>
		<document id="304236627398627329" url="https://twitter.com/JuanVillamayor/status/304236627398627329"/>
		<document id="304237023852642304" url="https://twitter.com/JuanVillamayor/status/304237023852642304"/>
		<document id="304703623454138369" url="https://twitter.com/JuanVillamayor/status/304703623454138369"/>
		<document id="304704954109673473" url="https://twitter.com/JuanVillamayor/status/304704954109673473"/>
		<document id="304830717437804544" url="https://twitter.com/JuanVillamayor/status/304830717437804544"/>
		<document id="305010897842237440" url="https://twitter.com/JuanVillamayor/status/305010897842237440"/>
		<document id="305043257698701312" url="https://twitter.com/JuanVillamayor/status/305043257698701312"/>
		<document id="305726721888509953" url="https://twitter.com/JuanVillamayor/status/305726721888509953"/>
		<document id="306878549330128896" url="https://twitter.com/JuanVillamayor/status/306878549330128896"/>
		<document id="307087898056990720" url="https://twitter.com/JuanVillamayor/status/307087898056990720"/>
		<document id="307284114841681921" url="https://twitter.com/JuanVillamayor/status/307284114841681921"/>
		<document id="308176025840410624" url="https://twitter.com/JuanVillamayor/status/308176025840410624"/>
		<document id="308959425262137345" url="https://twitter.com/JuanVillamayor/status/308959425262137345"/>
		<document id="309063049472520192" url="https://twitter.com/JuanVillamayor/status/309063049472520192"/>
		<document id="309065477173432320" url="https://twitter.com/JuanVillamayor/status/309065477173432320"/>
		<document id="309065969991561216" url="https://twitter.com/JuanVillamayor/status/309065969991561216"/>
		<document id="309976271243341824" url="https://twitter.com/JuanVillamayor/status/309976271243341824"/>
		<document id="311402089517563904" url="https://twitter.com/JuanVillamayor/status/311402089517563904"/>
		<document id="313031842515279872" url="https://twitter.com/JuanVillamayor/status/313031842515279872"/>
		<document id="313032795335303168" url="https://twitter.com/JuanVillamayor/status/313032795335303168"/>
		<document id="315227654074822656" url="https://twitter.com/JuanVillamayor/status/315227654074822656"/>
		<document id="315480140945715200" url="https://twitter.com/JuanVillamayor/status/315480140945715200"/>
		<document id="315480798977474560" url="https://twitter.com/JuanVillamayor/status/315480798977474560"/>
		<document id="315599520144707584" url="https://twitter.com/JuanVillamayor/status/315599520144707584"/>
		<document id="319380207314300928" url="https://twitter.com/JuanVillamayor/status/319380207314300928"/>
		<document id="320965873399627776" url="https://twitter.com/JuanVillamayor/status/320965873399627776"/>
		<document id="321262053060907008" url="https://twitter.com/JuanVillamayor/status/321262053060907008"/>
		<document id="321311338020360192" url="https://twitter.com/JuanVillamayor/status/321311338020360192"/>
		<document id="322241398919270400" url="https://twitter.com/JuanVillamayor/status/322241398919270400"/>
		<document id="322656057639989248" url="https://twitter.com/JuanVillamayor/status/322656057639989248"/>
		<document id="324005900765523968" url="https://twitter.com/JuanVillamayor/status/324005900765523968"/>
		<document id="324140279454105603" url="https://twitter.com/JuanVillamayor/status/324140279454105603"/>
		<document id="324465134753955840" url="https://twitter.com/JuanVillamayor/status/324465134753955840"/>
		<document id="324559953664823296" url="https://twitter.com/JuanVillamayor/status/324559953664823296"/>
		<document id="325587321355374593" url="https://twitter.com/JuanVillamayor/status/325587321355374593"/>
		<document id="325591340551372800" url="https://twitter.com/JuanVillamayor/status/325591340551372800"/>
		<document id="325601149577228288" url="https://twitter.com/JuanVillamayor/status/325601149577228288"/>
		<document id="327137991300628480" url="https://twitter.com/JuanVillamayor/status/327137991300628480"/>
		<document id="328216498118225920" url="https://twitter.com/JuanVillamayor/status/328216498118225920"/>
		<document id="328217359749877761" url="https://twitter.com/JuanVillamayor/status/328217359749877761"/>
		<document id="328234858637848576" url="https://twitter.com/JuanVillamayor/status/328234858637848576"/>
		<document id="328268080776097792" url="https://twitter.com/JuanVillamayor/status/328268080776097792"/>
		<document id="328466310956736514" url="https://twitter.com/JuanVillamayor/status/328466310956736514"/>
		<document id="328833948090261506" url="https://twitter.com/JuanVillamayor/status/328833948090261506"/>
		<document id="328892789322547200" url="https://twitter.com/JuanVillamayor/status/328892789322547200"/>
		<document id="328920408524988417" url="https://twitter.com/JuanVillamayor/status/328920408524988417"/>
		<document id="328974321529806848" url="https://twitter.com/JuanVillamayor/status/328974321529806848"/>
		<document id="329340505869647872" url="https://twitter.com/JuanVillamayor/status/329340505869647872"/>
		<document id="330227578260561920" url="https://twitter.com/JuanVillamayor/status/330227578260561920"/>
		<document id="330371090394271745" url="https://twitter.com/JuanVillamayor/status/330371090394271745"/>
		<document id="331132371954966528" url="https://twitter.com/JuanVillamayor/status/331132371954966528"/>
		<document id="331133156650528769" url="https://twitter.com/JuanVillamayor/status/331133156650528769"/>
		<document id="331165400119271424" url="https://twitter.com/JuanVillamayor/status/331165400119271424"/>
		<document id="331165459237969920" url="https://twitter.com/JuanVillamayor/status/331165459237969920"/>
		<document id="331335589129490432" url="https://twitter.com/JuanVillamayor/status/331335589129490432"/>
		<document id="331475443012235264" url="https://twitter.com/JuanVillamayor/status/331475443012235264"/>
		<document id="331480100249944064" url="https://twitter.com/JuanVillamayor/status/331480100249944064"/>
		<document id="332242804392747010" url="https://twitter.com/JuanVillamayor/status/332242804392747010"/>
		<document id="332614434444955648" url="https://twitter.com/JuanVillamayor/status/332614434444955648"/>
		<document id="332614581685977088" url="https://twitter.com/JuanVillamayor/status/332614581685977088"/>
		<document id="334228921866399744" url="https://twitter.com/JuanVillamayor/status/334228921866399744"/>
		<document id="334237489952858112" url="https://twitter.com/JuanVillamayor/status/334237489952858112"/>
		<document id="334271711698640897" url="https://twitter.com/JuanVillamayor/status/334271711698640897"/>
		<document id="336710344338710528" url="https://twitter.com/JuanVillamayor/status/336710344338710528"/>
		<document id="337574726018932736" url="https://twitter.com/JuanVillamayor/status/337574726018932736"/>
		<document id="337670546105966592" url="https://twitter.com/JuanVillamayor/status/337670546105966592"/>
		<document id="339496287739195392" url="https://twitter.com/JuanVillamayor/status/339496287739195392"/>
		<document id="339606847092846593" url="https://twitter.com/JuanVillamayor/status/339606847092846593"/>
		<document id="340445909315878913" url="https://twitter.com/JuanVillamayor/status/340445909315878913"/>
		<document id="340750115146977280" url="https://twitter.com/JuanVillamayor/status/340750115146977280"/>
		<document id="340974831220703234" url="https://twitter.com/JuanVillamayor/status/340974831220703234"/>
		<document id="341766157658906624" url="https://twitter.com/JuanVillamayor/status/341766157658906624"/>
		<document id="341770598520848387" url="https://twitter.com/JuanVillamayor/status/341770598520848387"/>
		<document id="341771194611159040" url="https://twitter.com/JuanVillamayor/status/341771194611159040"/>
		<document id="341860520388857856" url="https://twitter.com/JuanVillamayor/status/341860520388857856"/>
		<document id="341862397432197120" url="https://twitter.com/JuanVillamayor/status/341862397432197120"/>
		<document id="341909654709886976" url="https://twitter.com/JuanVillamayor/status/341909654709886976"/>
		<document id="342691676483100673" url="https://twitter.com/JuanVillamayor/status/342691676483100673"/>
		<document id="342925357239918592" url="https://twitter.com/JuanVillamayor/status/342925357239918592"/>
		<document id="342962666987470849" url="https://twitter.com/JuanVillamayor/status/342962666987470849"/>
		<document id="343667766521393152" url="https://twitter.com/JuanVillamayor/status/343667766521393152"/>
		<document id="344465597020655616" url="https://twitter.com/JuanVillamayor/status/344465597020655616"/>
		<document id="344466477413462016" url="https://twitter.com/JuanVillamayor/status/344466477413462016"/>
		<document id="344528144872665088" url="https://twitter.com/JuanVillamayor/status/344528144872665088"/>
		<document id="344528546678571009" url="https://twitter.com/JuanVillamayor/status/344528546678571009"/>
		<document id="344674746732003328" url="https://twitter.com/JuanVillamayor/status/344674746732003328"/>
		<document id="345823940075204608" url="https://twitter.com/JuanVillamayor/status/345823940075204608"/>
		<document id="347396053634539521" url="https://twitter.com/JuanVillamayor/status/347396053634539521"/>
		<document id="347397550044766209" url="https://twitter.com/JuanVillamayor/status/347397550044766209"/>
		<document id="347442077405163520" url="https://twitter.com/JuanVillamayor/status/347442077405163520"/>
		<document id="349825092026515457" url="https://twitter.com/JuanVillamayor/status/349825092026515457"/>
		<document id="350475455004020736" url="https://twitter.com/JuanVillamayor/status/350475455004020736"/>
		<document id="350531625714597888" url="https://twitter.com/JuanVillamayor/status/350531625714597888"/>
		<document id="350598893811146752" url="https://twitter.com/JuanVillamayor/status/350598893811146752"/>
		<document id="350599914549542913" url="https://twitter.com/JuanVillamayor/status/350599914549542913"/>
		<document id="350600695604461570" url="https://twitter.com/JuanVillamayor/status/350600695604461570"/>
		<document id="354191215144611841" url="https://twitter.com/JuanVillamayor/status/354191215144611841"/>
		<document id="354263017879388162" url="https://twitter.com/JuanVillamayor/status/354263017879388162"/>
		<document id="354333253135638528" url="https://twitter.com/JuanVillamayor/status/354333253135638528"/>
		<document id="355270121272520704" url="https://twitter.com/JuanVillamayor/status/355270121272520704"/>
		<document id="355341717236486144" url="https://twitter.com/JuanVillamayor/status/355341717236486144"/>
		<document id="356798843830009856" url="https://twitter.com/JuanVillamayor/status/356798843830009856"/>
		<document id="357520475288633344" url="https://twitter.com/JuanVillamayor/status/357520475288633344"/>
		<document id="359463652912398336" url="https://twitter.com/JuanVillamayor/status/359463652912398336"/>
		<document id="359665403263320064" url="https://twitter.com/JuanVillamayor/status/359665403263320064"/>
		<document id="359960701135097857" url="https://twitter.com/JuanVillamayor/status/359960701135097857"/>
		<document id="361280793861042178" url="https://twitter.com/JuanVillamayor/status/361280793861042178"/>
		<document id="362486026637295616" url="https://twitter.com/JuanVillamayor/status/362486026637295616"/>
		<document id="362544826295656451" url="https://twitter.com/JuanVillamayor/status/362544826295656451"/>
		<document id="362602217217331200" url="https://twitter.com/JuanVillamayor/status/362602217217331200"/>
		<document id="363338630724468736" url="https://twitter.com/JuanVillamayor/status/363338630724468736"/>
		<document id="363707862259728384" url="https://twitter.com/JuanVillamayor/status/363707862259728384"/>
		<document id="364133080056856576" url="https://twitter.com/JuanVillamayor/status/364133080056856576"/>
		<document id="364754682729603075" url="https://twitter.com/JuanVillamayor/status/364754682729603075"/>
		<document id="365373457766170624" url="https://twitter.com/JuanVillamayor/status/365373457766170624"/>
		<document id="365756634099748864" url="https://twitter.com/JuanVillamayor/status/365756634099748864"/>
		<document id="365759247704797184" url="https://twitter.com/JuanVillamayor/status/365759247704797184"/>
		<document id="365781656885407745" url="https://twitter.com/JuanVillamayor/status/365781656885407745"/>
		<document id="365826398620880898" url="https://twitter.com/JuanVillamayor/status/365826398620880898"/>
		<document id="366967344796401664" url="https://twitter.com/JuanVillamayor/status/366967344796401664"/>
		<document id="367302308620533760" url="https://twitter.com/JuanVillamayor/status/367302308620533760"/>
		<document id="367395115922235392" url="https://twitter.com/JuanVillamayor/status/367395115922235392"/>
		<document id="367397537163919360" url="https://twitter.com/JuanVillamayor/status/367397537163919360"/>
		<document id="367645101796773888" url="https://twitter.com/JuanVillamayor/status/367645101796773888"/>
		<document id="367655680053743616" url="https://twitter.com/JuanVillamayor/status/367655680053743616"/>
		<document id="367656202034884609" url="https://twitter.com/JuanVillamayor/status/367656202034884609"/>
		<document id="367661192875347968" url="https://twitter.com/JuanVillamayor/status/367661192875347968"/>
		<document id="369793505444790272" url="https://twitter.com/JuanVillamayor/status/369793505444790272"/>
		<document id="370180545772552192" url="https://twitter.com/JuanVillamayor/status/370180545772552192"/>
		<document id="370182260752154624" url="https://twitter.com/JuanVillamayor/status/370182260752154624"/>
		<document id="370858968274702336" url="https://twitter.com/JuanVillamayor/status/370858968274702336"/>
		<document id="371003903292084224" url="https://twitter.com/JuanVillamayor/status/371003903292084224"/>
		<document id="371681395388604417" url="https://twitter.com/JuanVillamayor/status/371681395388604417"/>
		<document id="372727094741975040" url="https://twitter.com/JuanVillamayor/status/372727094741975040"/>
		<document id="373117782453653504" url="https://twitter.com/JuanVillamayor/status/373117782453653504"/>
		<document id="373159864232448000" url="https://twitter.com/JuanVillamayor/status/373159864232448000"/>
		<document id="373200263978680320" url="https://twitter.com/JuanVillamayor/status/373200263978680320"/>
		<document id="373206680667824128" url="https://twitter.com/JuanVillamayor/status/373206680667824128"/>
		<document id="373820342932103168" url="https://twitter.com/JuanVillamayor/status/373820342932103168"/>
		<document id="374930414462595072" url="https://twitter.com/JuanVillamayor/status/374930414462595072"/>
		<document id="375607971080044544" url="https://twitter.com/JuanVillamayor/status/375607971080044544"/>
		<document id="375621096332337152" url="https://twitter.com/JuanVillamayor/status/375621096332337152"/>
		<document id="375629788326526979" url="https://twitter.com/JuanVillamayor/status/375629788326526979"/>
		<document id="378086737345785856" url="https://twitter.com/JuanVillamayor/status/378086737345785856"/>
		<document id="379218071455805441" url="https://twitter.com/JuanVillamayor/status/379218071455805441"/>
		<document id="380386006882865152" url="https://twitter.com/JuanVillamayor/status/380386006882865152"/>
		<document id="381130913373249536" url="https://twitter.com/JuanVillamayor/status/381130913373249536"/>
		<document id="382812018438602752" url="https://twitter.com/JuanVillamayor/status/382812018438602752"/>
		<document id="382836178405171201" url="https://twitter.com/JuanVillamayor/status/382836178405171201"/>
		<document id="382842565738786816" url="https://twitter.com/JuanVillamayor/status/382842565738786816"/>
		<document id="382952056879083520" url="https://twitter.com/JuanVillamayor/status/382952056879083520"/>
		<document id="387456605526425600" url="https://twitter.com/JuanVillamayor/status/387456605526425600"/>
		<document id="389341505431044096" url="https://twitter.com/JuanVillamayor/status/389341505431044096"/>
		<document id="393101472009056256" url="https://twitter.com/JuanVillamayor/status/393101472009056256"/>
		<document id="393101560064258048" url="https://twitter.com/JuanVillamayor/status/393101560064258048"/>
		<document id="393102201016823808" url="https://twitter.com/JuanVillamayor/status/393102201016823808"/>
		<document id="393372016985661440" url="https://twitter.com/JuanVillamayor/status/393372016985661440"/>
		<document id="394139799478874112" url="https://twitter.com/JuanVillamayor/status/394139799478874112"/>
		<document id="394409366759424000" url="https://twitter.com/JuanVillamayor/status/394409366759424000"/>
		<document id="394433270311436288" url="https://twitter.com/JuanVillamayor/status/394433270311436288"/>
		<document id="394434342396907520" url="https://twitter.com/JuanVillamayor/status/394434342396907520"/>
		<document id="394821912859144192" url="https://twitter.com/JuanVillamayor/status/394821912859144192"/>
		<document id="398598427543486464" url="https://twitter.com/JuanVillamayor/status/398598427543486464"/>
		<document id="398599110153883648" url="https://twitter.com/JuanVillamayor/status/398599110153883648"/>
		<document id="401996105501528064" url="https://twitter.com/JuanVillamayor/status/401996105501528064"/>
		<document id="402414628040216576" url="https://twitter.com/JuanVillamayor/status/402414628040216576"/>
		<document id="402511231229370369" url="https://twitter.com/JuanVillamayor/status/402511231229370369"/>
		<document id="402545246417874944" url="https://twitter.com/JuanVillamayor/status/402545246417874944"/>
		<document id="402565760838422528" url="https://twitter.com/JuanVillamayor/status/402565760838422528"/>
		<document id="402566200745803776" url="https://twitter.com/JuanVillamayor/status/402566200745803776"/>
		<document id="402725505989738498" url="https://twitter.com/JuanVillamayor/status/402725505989738498"/>
		<document id="402755017293041664" url="https://twitter.com/JuanVillamayor/status/402755017293041664"/>
		<document id="402822954196561920" url="https://twitter.com/JuanVillamayor/status/402822954196561920"/>
		<document id="402823473275613184" url="https://twitter.com/JuanVillamayor/status/402823473275613184"/>
		<document id="405049860170469376" url="https://twitter.com/JuanVillamayor/status/405049860170469376"/>
		<document id="405224212547121152" url="https://twitter.com/JuanVillamayor/status/405224212547121152"/>
		<document id="405993032899895296" url="https://twitter.com/JuanVillamayor/status/405993032899895296"/>
		<document id="407453162782470144" url="https://twitter.com/JuanVillamayor/status/407453162782470144"/>
		<document id="408105380968136705" url="https://twitter.com/JuanVillamayor/status/408105380968136705"/>
		<document id="408106421663039488" url="https://twitter.com/JuanVillamayor/status/408106421663039488"/>
		<document id="408238785575415809" url="https://twitter.com/JuanVillamayor/status/408238785575415809"/>
		<document id="411151055658176512" url="https://twitter.com/JuanVillamayor/status/411151055658176512"/>
		<document id="411151529127587841" url="https://twitter.com/JuanVillamayor/status/411151529127587841"/>
		<document id="411168167159795712" url="https://twitter.com/JuanVillamayor/status/411168167159795712"/>
		<document id="411197534342619136" url="https://twitter.com/JuanVillamayor/status/411197534342619136"/>
		<document id="411907846314270720" url="https://twitter.com/JuanVillamayor/status/411907846314270720"/>
		<document id="412676484520620032" url="https://twitter.com/JuanVillamayor/status/412676484520620032"/>
		<document id="412677715805097985" url="https://twitter.com/JuanVillamayor/status/412677715805097985"/>
		<document id="413296745603694592" url="https://twitter.com/JuanVillamayor/status/413296745603694592"/>
		<document id="415173486936481794" url="https://twitter.com/JuanVillamayor/status/415173486936481794"/>
		<document id="416718218862931968" url="https://twitter.com/JuanVillamayor/status/416718218862931968"/>
		<document id="416720250931908608" url="https://twitter.com/JuanVillamayor/status/416720250931908608"/>
		<document id="417582251514138624" url="https://twitter.com/JuanVillamayor/status/417582251514138624"/>
		<document id="418211898769694720" url="https://twitter.com/JuanVillamayor/status/418211898769694720"/>
		<document id="419072948994334720" url="https://twitter.com/JuanVillamayor/status/419072948994334720"/>
		<document id="420496850957787136" url="https://twitter.com/JuanVillamayor/status/420496850957787136"/>
		<document id="420832546797408256" url="https://twitter.com/JuanVillamayor/status/420832546797408256"/>
		<document id="420833133412773888" url="https://twitter.com/JuanVillamayor/status/420833133412773888"/>
		<document id="420833893550673920" url="https://twitter.com/JuanVillamayor/status/420833893550673920"/>
		<document id="420946488508698624" url="https://twitter.com/JuanVillamayor/status/420946488508698624"/>
		<document id="421209106125320192" url="https://twitter.com/JuanVillamayor/status/421209106125320192"/>
		<document id="421209356378456064" url="https://twitter.com/JuanVillamayor/status/421209356378456064"/>
		<document id="421297122017681409" url="https://twitter.com/JuanVillamayor/status/421297122017681409"/>
		<document id="421546549819494400" url="https://twitter.com/JuanVillamayor/status/421546549819494400"/>
		<document id="421713614504873985" url="https://twitter.com/JuanVillamayor/status/421713614504873985"/>
		<document id="422798185707216897" url="https://twitter.com/JuanVillamayor/status/422798185707216897"/>
		<document id="423405148207996928" url="https://twitter.com/JuanVillamayor/status/423405148207996928"/>
		<document id="423447355774337026" url="https://twitter.com/JuanVillamayor/status/423447355774337026"/>
		<document id="425008325730639872" url="https://twitter.com/JuanVillamayor/status/425008325730639872"/>
		<document id="425190745314562048" url="https://twitter.com/JuanVillamayor/status/425190745314562048"/>
		<document id="425282668343746560" url="https://twitter.com/JuanVillamayor/status/425282668343746560"/>
		<document id="425614789956870144" url="https://twitter.com/JuanVillamayor/status/425614789956870144"/>
		<document id="425652347986255872" url="https://twitter.com/JuanVillamayor/status/425652347986255872"/>
		<document id="426043521645416448" url="https://twitter.com/JuanVillamayor/status/426043521645416448"/>
		<document id="426079325390372864" url="https://twitter.com/JuanVillamayor/status/426079325390372864"/>
		<document id="426726676689461248" url="https://twitter.com/JuanVillamayor/status/426726676689461248"/>
	</documents>
</author>