<?xml version="1.0" encoding="UTF-8" standalone="no"?><author age_group="xx" gender="xx" lang="EN" type="twitter" url="https://twitter.com/miles_kehoe">
	<documents count="928">
		<document id="100576799175606274" url="https://twitter.com/miles_kehoe/status/100576799175606274"/>
		<document id="100619580954779648" url="https://twitter.com/miles_kehoe/status/100619580954779648"/>
		<document id="101448542803075072" url="https://twitter.com/miles_kehoe/status/101448542803075072"/>
		<document id="10150465408" url="https://twitter.com/miles_kehoe/status/10150465408"/>
		<document id="103958376156889088" url="https://twitter.com/miles_kehoe/status/103958376156889088"/>
		<document id="104234477139664896" url="https://twitter.com/miles_kehoe/status/104234477139664896"/>
		<document id="104239204669726720" url="https://twitter.com/miles_kehoe/status/104239204669726720"/>
		<document id="104246454129917953" url="https://twitter.com/miles_kehoe/status/104246454129917953"/>
		<document id="104248796023758848" url="https://twitter.com/miles_kehoe/status/104248796023758848"/>
		<document id="104580439292911618" url="https://twitter.com/miles_kehoe/status/104580439292911618"/>
		<document id="104993042330697730" url="https://twitter.com/miles_kehoe/status/104993042330697730"/>
		<document id="10556838436" url="https://twitter.com/miles_kehoe/status/10556838436"/>
		<document id="105688329923731456" url="https://twitter.com/miles_kehoe/status/105688329923731456"/>
		<document id="105811992052383744" url="https://twitter.com/miles_kehoe/status/105811992052383744"/>
		<document id="106023596354318337" url="https://twitter.com/miles_kehoe/status/106023596354318337"/>
		<document id="106127524513320960" url="https://twitter.com/miles_kehoe/status/106127524513320960"/>
		<document id="106216847019479040" url="https://twitter.com/miles_kehoe/status/106216847019479040"/>
		<document id="109686290299097088" url="https://twitter.com/miles_kehoe/status/109686290299097088"/>
		<document id="1134777057" url="https://twitter.com/miles_kehoe/status/1134777057"/>
		<document id="1139957323" url="https://twitter.com/miles_kehoe/status/1139957323"/>
		<document id="114735474114953216" url="https://twitter.com/miles_kehoe/status/114735474114953216"/>
		<document id="114737022324838401" url="https://twitter.com/miles_kehoe/status/114737022324838401"/>
		<document id="114744488974495745" url="https://twitter.com/miles_kehoe/status/114744488974495745"/>
		<document id="1157156087" url="https://twitter.com/miles_kehoe/status/1157156087"/>
		<document id="118478623039684608" url="https://twitter.com/miles_kehoe/status/118478623039684608"/>
		<document id="1196106814" url="https://twitter.com/miles_kehoe/status/1196106814"/>
		<document id="1197534043" url="https://twitter.com/miles_kehoe/status/1197534043"/>
		<document id="1201596199" url="https://twitter.com/miles_kehoe/status/1201596199"/>
		<document id="121369485524475905" url="https://twitter.com/miles_kehoe/status/121369485524475905"/>
		<document id="125976515673460736" url="https://twitter.com/miles_kehoe/status/125976515673460736"/>
		<document id="12601175002058752" url="https://twitter.com/miles_kehoe/status/12601175002058752"/>
		<document id="126350594767208449" url="https://twitter.com/miles_kehoe/status/126350594767208449"/>
		<document id="126366410317373440" url="https://twitter.com/miles_kehoe/status/126366410317373440"/>
		<document id="126415343034961920" url="https://twitter.com/miles_kehoe/status/126415343034961920"/>
		<document id="126431405721919488" url="https://twitter.com/miles_kehoe/status/126431405721919488"/>
		<document id="126436935668473856" url="https://twitter.com/miles_kehoe/status/126436935668473856"/>
		<document id="127166488590286848" url="https://twitter.com/miles_kehoe/status/127166488590286848"/>
		<document id="127430420492066816" url="https://twitter.com/miles_kehoe/status/127430420492066816"/>
		<document id="1282065079" url="https://twitter.com/miles_kehoe/status/1282065079"/>
		<document id="128886073806950400" url="https://twitter.com/miles_kehoe/status/128886073806950400"/>
		<document id="12960073143" url="https://twitter.com/miles_kehoe/status/12960073143"/>
		<document id="1324743300" url="https://twitter.com/miles_kehoe/status/1324743300"/>
		<document id="13295766684565504" url="https://twitter.com/miles_kehoe/status/13295766684565504"/>
		<document id="133562894783758338" url="https://twitter.com/miles_kehoe/status/133562894783758338"/>
		<document id="133938719181905920" url="https://twitter.com/miles_kehoe/status/133938719181905920"/>
		<document id="133949452510707713" url="https://twitter.com/miles_kehoe/status/133949452510707713"/>
		<document id="134771728361598976" url="https://twitter.com/miles_kehoe/status/134771728361598976"/>
		<document id="136151116114178048" url="https://twitter.com/miles_kehoe/status/136151116114178048"/>
		<document id="136151555547217920" url="https://twitter.com/miles_kehoe/status/136151555547217920"/>
		<document id="137305671631773696" url="https://twitter.com/miles_kehoe/status/137305671631773696"/>
		<document id="137562089840590848" url="https://twitter.com/miles_kehoe/status/137562089840590848"/>
		<document id="139059750905196544" url="https://twitter.com/miles_kehoe/status/139059750905196544"/>
		<document id="139438684196974592" url="https://twitter.com/miles_kehoe/status/139438684196974592"/>
		<document id="141264917343911937" url="https://twitter.com/miles_kehoe/status/141264917343911937"/>
		<document id="147372019753811970" url="https://twitter.com/miles_kehoe/status/147372019753811970"/>
		<document id="147731197148151808" url="https://twitter.com/miles_kehoe/status/147731197148151808"/>
		<document id="154329270720794624" url="https://twitter.com/miles_kehoe/status/154329270720794624"/>
		<document id="154690382272266241" url="https://twitter.com/miles_kehoe/status/154690382272266241"/>
		<document id="156807388454858752" url="https://twitter.com/miles_kehoe/status/156807388454858752"/>
		<document id="157174543205662720" url="https://twitter.com/miles_kehoe/status/157174543205662720"/>
		<document id="157175607128629248" url="https://twitter.com/miles_kehoe/status/157175607128629248"/>
		<document id="157176527514112001" url="https://twitter.com/miles_kehoe/status/157176527514112001"/>
		<document id="157548118588661760" url="https://twitter.com/miles_kehoe/status/157548118588661760"/>
		<document id="159338676508307457" url="https://twitter.com/miles_kehoe/status/159338676508307457"/>
		<document id="159707831719833600" url="https://twitter.com/miles_kehoe/status/159707831719833600"/>
		<document id="159710554024448000" url="https://twitter.com/miles_kehoe/status/159710554024448000"/>
		<document id="159783595035205633" url="https://twitter.com/miles_kehoe/status/159783595035205633"/>
		<document id="160142759766925314" url="https://twitter.com/miles_kehoe/status/160142759766925314"/>
		<document id="161869982555320322" url="https://twitter.com/miles_kehoe/status/161869982555320322"/>
		<document id="161950391003656193" url="https://twitter.com/miles_kehoe/status/161950391003656193"/>
		<document id="162233943595302913" url="https://twitter.com/miles_kehoe/status/162233943595302913"/>
		<document id="163054909518913537" url="https://twitter.com/miles_kehoe/status/163054909518913537"/>
		<document id="1635553503" url="https://twitter.com/miles_kehoe/status/1635553503"/>
		<document id="1635682727" url="https://twitter.com/miles_kehoe/status/1635682727"/>
		<document id="1639928521" url="https://twitter.com/miles_kehoe/status/1639928521"/>
		<document id="1641010580" url="https://twitter.com/miles_kehoe/status/1641010580"/>
		<document id="1641480086" url="https://twitter.com/miles_kehoe/status/1641480086"/>
		<document id="1641594039" url="https://twitter.com/miles_kehoe/status/1641594039"/>
		<document id="172035841902915585" url="https://twitter.com/miles_kehoe/status/172035841902915585"/>
		<document id="172036005275242496" url="https://twitter.com/miles_kehoe/status/172036005275242496"/>
		<document id="172359235080945664" url="https://twitter.com/miles_kehoe/status/172359235080945664"/>
		<document id="17295276742017024" url="https://twitter.com/miles_kehoe/status/17295276742017024"/>
		<document id="173135863683874817" url="https://twitter.com/miles_kehoe/status/173135863683874817"/>
		<document id="173146060884148224" url="https://twitter.com/miles_kehoe/status/173146060884148224"/>
		<document id="17389864672" url="https://twitter.com/miles_kehoe/status/17389864672"/>
		<document id="174022186682687488" url="https://twitter.com/miles_kehoe/status/174022186682687488"/>
		<document id="174175668312096768" url="https://twitter.com/miles_kehoe/status/174175668312096768"/>
		<document id="174196079913467905" url="https://twitter.com/miles_kehoe/status/174196079913467905"/>
		<document id="174197219421990913" url="https://twitter.com/miles_kehoe/status/174197219421990913"/>
		<document id="174198172388831232" url="https://twitter.com/miles_kehoe/status/174198172388831232"/>
		<document id="174202789881323520" url="https://twitter.com/miles_kehoe/status/174202789881323520"/>
		<document id="176409287147524096" url="https://twitter.com/miles_kehoe/status/176409287147524096"/>
		<document id="176439602364678144" url="https://twitter.com/miles_kehoe/status/176439602364678144"/>
		<document id="177106157293412352" url="https://twitter.com/miles_kehoe/status/177106157293412352"/>
		<document id="177111302022504448" url="https://twitter.com/miles_kehoe/status/177111302022504448"/>
		<document id="181515818117513216" url="https://twitter.com/miles_kehoe/status/181515818117513216"/>
		<document id="181780098066817025" url="https://twitter.com/miles_kehoe/status/181780098066817025"/>
		<document id="183262404510101504" url="https://twitter.com/miles_kehoe/status/183262404510101504"/>
		<document id="183264355498987520" url="https://twitter.com/miles_kehoe/status/183264355498987520"/>
		<document id="183279854819614721" url="https://twitter.com/miles_kehoe/status/183279854819614721"/>
		<document id="184340431457357824" url="https://twitter.com/miles_kehoe/status/184340431457357824"/>
		<document id="184513472476872704" url="https://twitter.com/miles_kehoe/status/184513472476872704"/>
		<document id="185059477421166592" url="https://twitter.com/miles_kehoe/status/185059477421166592"/>
		<document id="185072242223366144" url="https://twitter.com/miles_kehoe/status/185072242223366144"/>
		<document id="185095407267876864" url="https://twitter.com/miles_kehoe/status/185095407267876864"/>
		<document id="186850909609918465" url="https://twitter.com/miles_kehoe/status/186850909609918465"/>
		<document id="18687892123" url="https://twitter.com/miles_kehoe/status/18687892123"/>
		<document id="18721542203" url="https://twitter.com/miles_kehoe/status/18721542203"/>
		<document id="187259118615146496" url="https://twitter.com/miles_kehoe/status/187259118615146496"/>
		<document id="187563349670772737" url="https://twitter.com/miles_kehoe/status/187563349670772737"/>
		<document id="188282530695352320" url="https://twitter.com/miles_kehoe/status/188282530695352320"/>
		<document id="189467651435794440" url="https://twitter.com/miles_kehoe/status/189467651435794440"/>
		<document id="189747784566571008" url="https://twitter.com/miles_kehoe/status/189747784566571008"/>
		<document id="189755904902692864" url="https://twitter.com/miles_kehoe/status/189755904902692864"/>
		<document id="189761728228229120" url="https://twitter.com/miles_kehoe/status/189761728228229120"/>
		<document id="189798312906457088" url="https://twitter.com/miles_kehoe/status/189798312906457088"/>
		<document id="189801129218019328" url="https://twitter.com/miles_kehoe/status/189801129218019328"/>
		<document id="190578825694937088" url="https://twitter.com/miles_kehoe/status/190578825694937088"/>
		<document id="190832399645552641" url="https://twitter.com/miles_kehoe/status/190832399645552641"/>
		<document id="191916179726663680" url="https://twitter.com/miles_kehoe/status/191916179726663680"/>
		<document id="1927433776" url="https://twitter.com/miles_kehoe/status/1927433776"/>
		<document id="194646905341476867" url="https://twitter.com/miles_kehoe/status/194646905341476867"/>
		<document id="195308925741039616" url="https://twitter.com/miles_kehoe/status/195308925741039616"/>
		<document id="195563036969402368" url="https://twitter.com/miles_kehoe/status/195563036969402368"/>
		<document id="196988395006853120" url="https://twitter.com/miles_kehoe/status/196988395006853120"/>
		<document id="197014264765100034" url="https://twitter.com/miles_kehoe/status/197014264765100034"/>
		<document id="197356258116911105" url="https://twitter.com/miles_kehoe/status/197356258116911105"/>
		<document id="1978611297" url="https://twitter.com/miles_kehoe/status/1978611297"/>
		<document id="1978640067" url="https://twitter.com/miles_kehoe/status/1978640067"/>
		<document id="198065907065552896" url="https://twitter.com/miles_kehoe/status/198065907065552896"/>
		<document id="198119553639792640" url="https://twitter.com/miles_kehoe/status/198119553639792640"/>
		<document id="198210459416006657" url="https://twitter.com/miles_kehoe/status/198210459416006657"/>
		<document id="198246964452798464" url="https://twitter.com/miles_kehoe/status/198246964452798464"/>
		<document id="198501192924536833" url="https://twitter.com/miles_kehoe/status/198501192924536833"/>
		<document id="1985389726" url="https://twitter.com/miles_kehoe/status/1985389726"/>
		<document id="198947684718084096" url="https://twitter.com/miles_kehoe/status/198947684718084096"/>
		<document id="200199788019462144" url="https://twitter.com/miles_kehoe/status/200199788019462144"/>
		<document id="200206019350110209" url="https://twitter.com/miles_kehoe/status/200206019350110209"/>
		<document id="200206992617373696" url="https://twitter.com/miles_kehoe/status/200206992617373696"/>
		<document id="200249360859144192" url="https://twitter.com/miles_kehoe/status/200249360859144192"/>
		<document id="200563263853953024" url="https://twitter.com/miles_kehoe/status/200563263853953024"/>
		<document id="200643977328857089" url="https://twitter.com/miles_kehoe/status/200643977328857089"/>
		<document id="200645263906447360" url="https://twitter.com/miles_kehoe/status/200645263906447360"/>
		<document id="2022481943" url="https://twitter.com/miles_kehoe/status/2022481943"/>
		<document id="202387864342888448" url="https://twitter.com/miles_kehoe/status/202387864342888448"/>
		<document id="202398417530527744" url="https://twitter.com/miles_kehoe/status/202398417530527744"/>
		<document id="202398629426769920" url="https://twitter.com/miles_kehoe/status/202398629426769920"/>
		<document id="2034432273" url="https://twitter.com/miles_kehoe/status/2034432273"/>
		<document id="204687703650996225" url="https://twitter.com/miles_kehoe/status/204687703650996225"/>
		<document id="204973640553476096" url="https://twitter.com/miles_kehoe/status/204973640553476096"/>
		<document id="205706256726507521" url="https://twitter.com/miles_kehoe/status/205706256726507521"/>
		<document id="205709771666501633" url="https://twitter.com/miles_kehoe/status/205709771666501633"/>
		<document id="206061578796277761" url="https://twitter.com/miles_kehoe/status/206061578796277761"/>
		<document id="2062152949" url="https://twitter.com/miles_kehoe/status/2062152949"/>
		<document id="206484614733238273" url="https://twitter.com/miles_kehoe/status/206484614733238273"/>
		<document id="206493006814126080" url="https://twitter.com/miles_kehoe/status/206493006814126080"/>
		<document id="207491052909768705" url="https://twitter.com/miles_kehoe/status/207491052909768705"/>
		<document id="207514697359040512" url="https://twitter.com/miles_kehoe/status/207514697359040512"/>
		<document id="2078929862" url="https://twitter.com/miles_kehoe/status/2078929862"/>
		<document id="208193673895219201" url="https://twitter.com/miles_kehoe/status/208193673895219201"/>
		<document id="208955684874756097" url="https://twitter.com/miles_kehoe/status/208955684874756097"/>
		<document id="210482543718445057" url="https://twitter.com/miles_kehoe/status/210482543718445057"/>
		<document id="210783626143612928" url="https://twitter.com/miles_kehoe/status/210783626143612928"/>
		<document id="210843943779303424" url="https://twitter.com/miles_kehoe/status/210843943779303424"/>
		<document id="210851080244969472" url="https://twitter.com/miles_kehoe/status/210851080244969472"/>
		<document id="210855667546849280" url="https://twitter.com/miles_kehoe/status/210855667546849280"/>
		<document id="210858652112924672" url="https://twitter.com/miles_kehoe/status/210858652112924672"/>
		<document id="211115696917200897" url="https://twitter.com/miles_kehoe/status/211115696917200897"/>
		<document id="211154508317859841" url="https://twitter.com/miles_kehoe/status/211154508317859841"/>
		<document id="215944690061676545" url="https://twitter.com/miles_kehoe/status/215944690061676545"/>
		<document id="216029666903998465" url="https://twitter.com/miles_kehoe/status/216029666903998465"/>
		<document id="217553991243005953" url="https://twitter.com/miles_kehoe/status/217553991243005953"/>
		<document id="218019850826678272" url="https://twitter.com/miles_kehoe/status/218019850826678272"/>
		<document id="218609032204787714" url="https://twitter.com/miles_kehoe/status/218609032204787714"/>
		<document id="219868294923030529" url="https://twitter.com/miles_kehoe/status/219868294923030529"/>
		<document id="219869688384069632" url="https://twitter.com/miles_kehoe/status/219869688384069632"/>
		<document id="220631591851016192" url="https://twitter.com/miles_kehoe/status/220631591851016192"/>
		<document id="220994554348838912" url="https://twitter.com/miles_kehoe/status/220994554348838912"/>
		<document id="222028591561572352" url="https://twitter.com/miles_kehoe/status/222028591561572352"/>
		<document id="227287320108335104" url="https://twitter.com/miles_kehoe/status/227287320108335104"/>
		<document id="227426019236278273" url="https://twitter.com/miles_kehoe/status/227426019236278273"/>
		<document id="227435880296615937" url="https://twitter.com/miles_kehoe/status/227435880296615937"/>
		<document id="227448067979374592" url="https://twitter.com/miles_kehoe/status/227448067979374592"/>
		<document id="227471201054912514" url="https://twitter.com/miles_kehoe/status/227471201054912514"/>
		<document id="227497266984910848" url="https://twitter.com/miles_kehoe/status/227497266984910848"/>
		<document id="228237293440344065" url="https://twitter.com/miles_kehoe/status/228237293440344065"/>
		<document id="228387355944435712" url="https://twitter.com/miles_kehoe/status/228387355944435712"/>
		<document id="228560001738878976" url="https://twitter.com/miles_kehoe/status/228560001738878976"/>
		<document id="228860461993582592" url="https://twitter.com/miles_kehoe/status/228860461993582592"/>
		<document id="232260307324653568" url="https://twitter.com/miles_kehoe/status/232260307324653568"/>
		<document id="232707379723112449" url="https://twitter.com/miles_kehoe/status/232707379723112449"/>
		<document id="232905957733171201" url="https://twitter.com/miles_kehoe/status/232905957733171201"/>
		<document id="233499940809220096" url="https://twitter.com/miles_kehoe/status/233499940809220096"/>
		<document id="233605186596270080" url="https://twitter.com/miles_kehoe/status/233605186596270080"/>
		<document id="2375201548" url="https://twitter.com/miles_kehoe/status/2375201548"/>
		<document id="2376098692" url="https://twitter.com/miles_kehoe/status/2376098692"/>
		<document id="238540227789078528" url="https://twitter.com/miles_kehoe/status/238540227789078528"/>
		<document id="238661704060395520" url="https://twitter.com/miles_kehoe/status/238661704060395520"/>
		<document id="23929853565" url="https://twitter.com/miles_kehoe/status/23929853565"/>
		<document id="23930060454" url="https://twitter.com/miles_kehoe/status/23930060454"/>
		<document id="23930625628" url="https://twitter.com/miles_kehoe/status/23930625628"/>
		<document id="23930907275" url="https://twitter.com/miles_kehoe/status/23930907275"/>
		<document id="23931095510" url="https://twitter.com/miles_kehoe/status/23931095510"/>
		<document id="23931895219" url="https://twitter.com/miles_kehoe/status/23931895219"/>
		<document id="23933390990" url="https://twitter.com/miles_kehoe/status/23933390990"/>
		<document id="243360632148205568" url="https://twitter.com/miles_kehoe/status/243360632148205568"/>
		<document id="245329840205598720" url="https://twitter.com/miles_kehoe/status/245329840205598720"/>
		<document id="245577696220946433" url="https://twitter.com/miles_kehoe/status/245577696220946433"/>
		<document id="245588673402392576" url="https://twitter.com/miles_kehoe/status/245588673402392576"/>
		<document id="245990151824740352" url="https://twitter.com/miles_kehoe/status/245990151824740352"/>
		<document id="246374966164086784" url="https://twitter.com/miles_kehoe/status/246374966164086784"/>
		<document id="246671018528223232" url="https://twitter.com/miles_kehoe/status/246671018528223232"/>
		<document id="247756635869675520" url="https://twitter.com/miles_kehoe/status/247756635869675520"/>
		<document id="247828293968076800" url="https://twitter.com/miles_kehoe/status/247828293968076800"/>
		<document id="247828872123523072" url="https://twitter.com/miles_kehoe/status/247828872123523072"/>
		<document id="248798640234188801" url="https://twitter.com/miles_kehoe/status/248798640234188801"/>
		<document id="249172252841631744" url="https://twitter.com/miles_kehoe/status/249172252841631744"/>
		<document id="249189148177604608" url="https://twitter.com/miles_kehoe/status/249189148177604608"/>
		<document id="249190361006755840" url="https://twitter.com/miles_kehoe/status/249190361006755840"/>
		<document id="249195897207009280" url="https://twitter.com/miles_kehoe/status/249195897207009280"/>
		<document id="249196773413904384" url="https://twitter.com/miles_kehoe/status/249196773413904384"/>
		<document id="249204595967004672" url="https://twitter.com/miles_kehoe/status/249204595967004672"/>
		<document id="249205200382992384" url="https://twitter.com/miles_kehoe/status/249205200382992384"/>
		<document id="249397449104433152" url="https://twitter.com/miles_kehoe/status/249397449104433152"/>
		<document id="250268757342167040" url="https://twitter.com/miles_kehoe/status/250268757342167040"/>
		<document id="250270013699801090" url="https://twitter.com/miles_kehoe/status/250270013699801090"/>
		<document id="250282986543648769" url="https://twitter.com/miles_kehoe/status/250282986543648769"/>
		<document id="250284301936103424" url="https://twitter.com/miles_kehoe/status/250284301936103424"/>
		<document id="261521046757310466" url="https://twitter.com/miles_kehoe/status/261521046757310466"/>
		<document id="261904535369416704" url="https://twitter.com/miles_kehoe/status/261904535369416704"/>
		<document id="264243282106802177" url="https://twitter.com/miles_kehoe/status/264243282106802177"/>
		<document id="264395764967542785" url="https://twitter.com/miles_kehoe/status/264395764967542785"/>
		<document id="264917740261896193" url="https://twitter.com/miles_kehoe/status/264917740261896193"/>
		<document id="26571138243" url="https://twitter.com/miles_kehoe/status/26571138243"/>
		<document id="266624781233836032" url="https://twitter.com/miles_kehoe/status/266624781233836032"/>
		<document id="268127423214792704" url="https://twitter.com/miles_kehoe/status/268127423214792704"/>
		<document id="268128239980011520" url="https://twitter.com/miles_kehoe/status/268128239980011520"/>
		<document id="268131252773732352" url="https://twitter.com/miles_kehoe/status/268131252773732352"/>
		<document id="268238937728876545" url="https://twitter.com/miles_kehoe/status/268238937728876545"/>
		<document id="268239960744792064" url="https://twitter.com/miles_kehoe/status/268239960744792064"/>
		<document id="268381805093203968" url="https://twitter.com/miles_kehoe/status/268381805093203968"/>
		<document id="268394895843139584" url="https://twitter.com/miles_kehoe/status/268394895843139584"/>
		<document id="268808180925087745" url="https://twitter.com/miles_kehoe/status/268808180925087745"/>
		<document id="269133194673152000" url="https://twitter.com/miles_kehoe/status/269133194673152000"/>
		<document id="26995514254" url="https://twitter.com/miles_kehoe/status/26995514254"/>
		<document id="270953256627359745" url="https://twitter.com/miles_kehoe/status/270953256627359745"/>
		<document id="270983342613213184" url="https://twitter.com/miles_kehoe/status/270983342613213184"/>
		<document id="277151341992882176" url="https://twitter.com/miles_kehoe/status/277151341992882176"/>
		<document id="277439469332881408" url="https://twitter.com/miles_kehoe/status/277439469332881408"/>
		<document id="278927986529562624" url="https://twitter.com/miles_kehoe/status/278927986529562624"/>
		<document id="279283269114150913" url="https://twitter.com/miles_kehoe/status/279283269114150913"/>
		<document id="279306065634525184" url="https://twitter.com/miles_kehoe/status/279306065634525184"/>
		<document id="279693133292376064" url="https://twitter.com/miles_kehoe/status/279693133292376064"/>
		<document id="281148135416414208" url="https://twitter.com/miles_kehoe/status/281148135416414208"/>
		<document id="282202620720971776" url="https://twitter.com/miles_kehoe/status/282202620720971776"/>
		<document id="287476736269099010" url="https://twitter.com/miles_kehoe/status/287476736269099010"/>
		<document id="290886532070531072" url="https://twitter.com/miles_kehoe/status/290886532070531072"/>
		<document id="291225884709515265" url="https://twitter.com/miles_kehoe/status/291225884709515265"/>
		<document id="291255130429468672" url="https://twitter.com/miles_kehoe/status/291255130429468672"/>
		<document id="291710343749722112" url="https://twitter.com/miles_kehoe/status/291710343749722112"/>
		<document id="294336944912093185" url="https://twitter.com/miles_kehoe/status/294336944912093185"/>
		<document id="297079957782405120" url="https://twitter.com/miles_kehoe/status/297079957782405120"/>
		<document id="297246771128725504" url="https://twitter.com/miles_kehoe/status/297246771128725504"/>
		<document id="298585000134184960" url="https://twitter.com/miles_kehoe/status/298585000134184960"/>
		<document id="298668759101628417" url="https://twitter.com/miles_kehoe/status/298668759101628417"/>
		<document id="298891936587198464" url="https://twitter.com/miles_kehoe/status/298891936587198464"/>
		<document id="299657280100630528" url="https://twitter.com/miles_kehoe/status/299657280100630528"/>
		<document id="299789437548785664" url="https://twitter.com/miles_kehoe/status/299789437548785664"/>
		<document id="299947890254684161" url="https://twitter.com/miles_kehoe/status/299947890254684161"/>
		<document id="299950372229877760" url="https://twitter.com/miles_kehoe/status/299950372229877760"/>
		<document id="301121197704364032" url="https://twitter.com/miles_kehoe/status/301121197704364032"/>
		<document id="301156585382768640" url="https://twitter.com/miles_kehoe/status/301156585382768640"/>
		<document id="301157007807901696" url="https://twitter.com/miles_kehoe/status/301157007807901696"/>
		<document id="301368258349633536" url="https://twitter.com/miles_kehoe/status/301368258349633536"/>
		<document id="302538607653163008" url="https://twitter.com/miles_kehoe/status/302538607653163008"/>
		<document id="303900784049938432" url="https://twitter.com/miles_kehoe/status/303900784049938432"/>
		<document id="303901174178910209" url="https://twitter.com/miles_kehoe/status/303901174178910209"/>
		<document id="303947744773545985" url="https://twitter.com/miles_kehoe/status/303947744773545985"/>
		<document id="304661866729308161" url="https://twitter.com/miles_kehoe/status/304661866729308161"/>
		<document id="305099907314884608" url="https://twitter.com/miles_kehoe/status/305099907314884608"/>
		<document id="307614966524047360" url="https://twitter.com/miles_kehoe/status/307614966524047360"/>
		<document id="307752330743410688" url="https://twitter.com/miles_kehoe/status/307752330743410688"/>
		<document id="307976115111227392" url="https://twitter.com/miles_kehoe/status/307976115111227392"/>
		<document id="308333445342437377" url="https://twitter.com/miles_kehoe/status/308333445342437377"/>
		<document id="308980793819136000" url="https://twitter.com/miles_kehoe/status/308980793819136000"/>
		<document id="308985984614297600" url="https://twitter.com/miles_kehoe/status/308985984614297600"/>
		<document id="309737445111521280" url="https://twitter.com/miles_kehoe/status/309737445111521280"/>
		<document id="310599710912151552" url="https://twitter.com/miles_kehoe/status/310599710912151552"/>
		<document id="310810269532180481" url="https://twitter.com/miles_kehoe/status/310810269532180481"/>
		<document id="311180889352716288" url="https://twitter.com/miles_kehoe/status/311180889352716288"/>
		<document id="312002163096289283" url="https://twitter.com/miles_kehoe/status/312002163096289283"/>
		<document id="312227006332932096" url="https://twitter.com/miles_kehoe/status/312227006332932096"/>
		<document id="312704370577915904" url="https://twitter.com/miles_kehoe/status/312704370577915904"/>
		<document id="312705689518751745" url="https://twitter.com/miles_kehoe/status/312705689518751745"/>
		<document id="313491998898270211" url="https://twitter.com/miles_kehoe/status/313491998898270211"/>
		<document id="314458922847178753" url="https://twitter.com/miles_kehoe/status/314458922847178753"/>
		<document id="316586597074231297" url="https://twitter.com/miles_kehoe/status/316586597074231297"/>
		<document id="316595591251640320" url="https://twitter.com/miles_kehoe/status/316595591251640320"/>
		<document id="316605355184496641" url="https://twitter.com/miles_kehoe/status/316605355184496641"/>
		<document id="316753559624499201" url="https://twitter.com/miles_kehoe/status/316753559624499201"/>
		<document id="317426818984587264" url="https://twitter.com/miles_kehoe/status/317426818984587264"/>
		<document id="317432248699850753" url="https://twitter.com/miles_kehoe/status/317432248699850753"/>
		<document id="318754083391553537" url="https://twitter.com/miles_kehoe/status/318754083391553537"/>
		<document id="318768313108934656" url="https://twitter.com/miles_kehoe/status/318768313108934656"/>
		<document id="318777715429888001" url="https://twitter.com/miles_kehoe/status/318777715429888001"/>
		<document id="318807009266913281" url="https://twitter.com/miles_kehoe/status/318807009266913281"/>
		<document id="318830036956377089" url="https://twitter.com/miles_kehoe/status/318830036956377089"/>
		<document id="318831055102689280" url="https://twitter.com/miles_kehoe/status/318831055102689280"/>
		<document id="319855378751975425" url="https://twitter.com/miles_kehoe/status/319855378751975425"/>
		<document id="319857259213635584" url="https://twitter.com/miles_kehoe/status/319857259213635584"/>
		<document id="320218723816448000" url="https://twitter.com/miles_kehoe/status/320218723816448000"/>
		<document id="32179597277659136" url="https://twitter.com/miles_kehoe/status/32179597277659136"/>
		<document id="322418277273960448" url="https://twitter.com/miles_kehoe/status/322418277273960448"/>
		<document id="323052366138060801" url="https://twitter.com/miles_kehoe/status/323052366138060801"/>
		<document id="323064497080246272" url="https://twitter.com/miles_kehoe/status/323064497080246272"/>
		<document id="323065363065610241" url="https://twitter.com/miles_kehoe/status/323065363065610241"/>
		<document id="324166904132534272" url="https://twitter.com/miles_kehoe/status/324166904132534272"/>
		<document id="324285656924815361" url="https://twitter.com/miles_kehoe/status/324285656924815361"/>
		<document id="325803689698799616" url="https://twitter.com/miles_kehoe/status/325803689698799616"/>
		<document id="325812114830798848" url="https://twitter.com/miles_kehoe/status/325812114830798848"/>
		<document id="326013676874248192" url="https://twitter.com/miles_kehoe/status/326013676874248192"/>
		<document id="326019805800960000" url="https://twitter.com/miles_kehoe/status/326019805800960000"/>
		<document id="326764861356920832" url="https://twitter.com/miles_kehoe/status/326764861356920832"/>
		<document id="326770560291975168" url="https://twitter.com/miles_kehoe/status/326770560291975168"/>
		<document id="327456612811960320" url="https://twitter.com/miles_kehoe/status/327456612811960320"/>
		<document id="32885121849757696" url="https://twitter.com/miles_kehoe/status/32885121849757696"/>
		<document id="328908032014704640" url="https://twitter.com/miles_kehoe/status/328908032014704640"/>
		<document id="329617707303575553" url="https://twitter.com/miles_kehoe/status/329617707303575553"/>
		<document id="329653174053003268" url="https://twitter.com/miles_kehoe/status/329653174053003268"/>
		<document id="329654176890114048" url="https://twitter.com/miles_kehoe/status/329654176890114048"/>
		<document id="329655456299614209" url="https://twitter.com/miles_kehoe/status/329655456299614209"/>
		<document id="329730045587374081" url="https://twitter.com/miles_kehoe/status/329730045587374081"/>
		<document id="329859501245222912" url="https://twitter.com/miles_kehoe/status/329859501245222912"/>
		<document id="331448828278489088" url="https://twitter.com/miles_kehoe/status/331448828278489088"/>
		<document id="332558771991740416" url="https://twitter.com/miles_kehoe/status/332558771991740416"/>
		<document id="334051661934895105" url="https://twitter.com/miles_kehoe/status/334051661934895105"/>
		<document id="334364367648870400" url="https://twitter.com/miles_kehoe/status/334364367648870400"/>
		<document id="334425949510717440" url="https://twitter.com/miles_kehoe/status/334425949510717440"/>
		<document id="334675614277722112" url="https://twitter.com/miles_kehoe/status/334675614277722112"/>
		<document id="334903776517443584" url="https://twitter.com/miles_kehoe/status/334903776517443584"/>
		<document id="336197644982566914" url="https://twitter.com/miles_kehoe/status/336197644982566914"/>
		<document id="336842325202456576" url="https://twitter.com/miles_kehoe/status/336842325202456576"/>
		<document id="338828643562311680" url="https://twitter.com/miles_kehoe/status/338828643562311680"/>
		<document id="338830201771401217" url="https://twitter.com/miles_kehoe/status/338830201771401217"/>
		<document id="339050536080924672" url="https://twitter.com/miles_kehoe/status/339050536080924672"/>
		<document id="339056388183564289" url="https://twitter.com/miles_kehoe/status/339056388183564289"/>
		<document id="339060637856587776" url="https://twitter.com/miles_kehoe/status/339060637856587776"/>
		<document id="339069734102376449" url="https://twitter.com/miles_kehoe/status/339069734102376449"/>
		<document id="339872503730155521" url="https://twitter.com/miles_kehoe/status/339872503730155521"/>
		<document id="341942159504715778" url="https://twitter.com/miles_kehoe/status/341942159504715778"/>
		<document id="343955755956842497" url="https://twitter.com/miles_kehoe/status/343955755956842497"/>
		<document id="343957701560242177" url="https://twitter.com/miles_kehoe/status/343957701560242177"/>
		<document id="343958783824908290" url="https://twitter.com/miles_kehoe/status/343958783824908290"/>
		<document id="344093841307086849" url="https://twitter.com/miles_kehoe/status/344093841307086849"/>
		<document id="344592805571739648" url="https://twitter.com/miles_kehoe/status/344592805571739648"/>
		<document id="346505633824137216" url="https://twitter.com/miles_kehoe/status/346505633824137216"/>
		<document id="348448211142340608" url="https://twitter.com/miles_kehoe/status/348448211142340608"/>
		<document id="35055242835927040" url="https://twitter.com/miles_kehoe/status/35055242835927040"/>
		<document id="35059655872880642" url="https://twitter.com/miles_kehoe/status/35059655872880642"/>
		<document id="351471395038965760" url="https://twitter.com/miles_kehoe/status/351471395038965760"/>
		<document id="351812929680715776" url="https://twitter.com/miles_kehoe/status/351812929680715776"/>
		<document id="3526975250" url="https://twitter.com/miles_kehoe/status/3526975250"/>
		<document id="356543597308416002" url="https://twitter.com/miles_kehoe/status/356543597308416002"/>
		<document id="356653143620206592" url="https://twitter.com/miles_kehoe/status/356653143620206592"/>
		<document id="357518550702886914" url="https://twitter.com/miles_kehoe/status/357518550702886914"/>
		<document id="357636978172375040" url="https://twitter.com/miles_kehoe/status/357636978172375040"/>
		<document id="357885767420346370" url="https://twitter.com/miles_kehoe/status/357885767420346370"/>
		<document id="360099844028764161" url="https://twitter.com/miles_kehoe/status/360099844028764161"/>
		<document id="360100357126356992" url="https://twitter.com/miles_kehoe/status/360100357126356992"/>
		<document id="368506557815742464" url="https://twitter.com/miles_kehoe/status/368506557815742464"/>
		<document id="36954669297176576" url="https://twitter.com/miles_kehoe/status/36954669297176576"/>
		<document id="370524703560966145" url="https://twitter.com/miles_kehoe/status/370524703560966145"/>
		<document id="377188277654024192" url="https://twitter.com/miles_kehoe/status/377188277654024192"/>
		<document id="377190798145503232" url="https://twitter.com/miles_kehoe/status/377190798145503232"/>
		<document id="377911532769660928" url="https://twitter.com/miles_kehoe/status/377911532769660928"/>
		<document id="378573764864516096" url="https://twitter.com/miles_kehoe/status/378573764864516096"/>
		<document id="381622762215055360" url="https://twitter.com/miles_kehoe/status/381622762215055360"/>
		<document id="381623369822916608" url="https://twitter.com/miles_kehoe/status/381623369822916608"/>
		<document id="385149445232689152" url="https://twitter.com/miles_kehoe/status/385149445232689152"/>
		<document id="3852766059" url="https://twitter.com/miles_kehoe/status/3852766059"/>
		<document id="3852775266" url="https://twitter.com/miles_kehoe/status/3852775266"/>
		<document id="387239726643548161" url="https://twitter.com/miles_kehoe/status/387239726643548161"/>
		<document id="389433685906186240" url="https://twitter.com/miles_kehoe/status/389433685906186240"/>
		<document id="398099683815325696" url="https://twitter.com/miles_kehoe/status/398099683815325696"/>
		<document id="408633888949293057" url="https://twitter.com/miles_kehoe/status/408633888949293057"/>
		<document id="413045877393989633" url="https://twitter.com/miles_kehoe/status/413045877393989633"/>
		<document id="4929257939" url="https://twitter.com/miles_kehoe/status/4929257939"/>
		<document id="4984811131" url="https://twitter.com/miles_kehoe/status/4984811131"/>
		<document id="4985033194" url="https://twitter.com/miles_kehoe/status/4985033194"/>
		<document id="4985056367" url="https://twitter.com/miles_kehoe/status/4985056367"/>
		<document id="4998786054" url="https://twitter.com/miles_kehoe/status/4998786054"/>
		<document id="4998821924" url="https://twitter.com/miles_kehoe/status/4998821924"/>
		<document id="4998850008" url="https://twitter.com/miles_kehoe/status/4998850008"/>
		<document id="5002420956" url="https://twitter.com/miles_kehoe/status/5002420956"/>
		<document id="5008141461" url="https://twitter.com/miles_kehoe/status/5008141461"/>
		<document id="5013132225" url="https://twitter.com/miles_kehoe/status/5013132225"/>
		<document id="5013194655" url="https://twitter.com/miles_kehoe/status/5013194655"/>
		<document id="5020342895" url="https://twitter.com/miles_kehoe/status/5020342895"/>
		<document id="5052781914" url="https://twitter.com/miles_kehoe/status/5052781914"/>
		<document id="5055669923" url="https://twitter.com/miles_kehoe/status/5055669923"/>
		<document id="5090217330" url="https://twitter.com/miles_kehoe/status/5090217330"/>
		<document id="51077643608662016" url="https://twitter.com/miles_kehoe/status/51077643608662016"/>
		<document id="51078300839313409" url="https://twitter.com/miles_kehoe/status/51078300839313409"/>
		<document id="55296065427083265" url="https://twitter.com/miles_kehoe/status/55296065427083265"/>
		<document id="55296325176139777" url="https://twitter.com/miles_kehoe/status/55296325176139777"/>
		<document id="5831836785" url="https://twitter.com/miles_kehoe/status/5831836785"/>
		<document id="5832692161" url="https://twitter.com/miles_kehoe/status/5832692161"/>
		<document id="5834261971" url="https://twitter.com/miles_kehoe/status/5834261971"/>
		<document id="5834886023" url="https://twitter.com/miles_kehoe/status/5834886023"/>
		<document id="5836303856" url="https://twitter.com/miles_kehoe/status/5836303856"/>
		<document id="60346490249416705" url="https://twitter.com/miles_kehoe/status/60346490249416705"/>
		<document id="64075538981076993" url="https://twitter.com/miles_kehoe/status/64075538981076993"/>
		<document id="68000039695429632" url="https://twitter.com/miles_kehoe/status/68000039695429632"/>
		<document id="68037834837209088" url="https://twitter.com/miles_kehoe/status/68037834837209088"/>
		<document id="68054652528234497" url="https://twitter.com/miles_kehoe/status/68054652528234497"/>
		<document id="68335831659716609" url="https://twitter.com/miles_kehoe/status/68335831659716609"/>
		<document id="70291968202248192" url="https://twitter.com/miles_kehoe/status/70291968202248192"/>
		<document id="71297252521549824" url="https://twitter.com/miles_kehoe/status/71297252521549824"/>
		<document id="74239850030702592" url="https://twitter.com/miles_kehoe/status/74239850030702592"/>
		<document id="76381498084831232" url="https://twitter.com/miles_kehoe/status/76381498084831232"/>
		<document id="78167635283558400" url="https://twitter.com/miles_kehoe/status/78167635283558400"/>
		<document id="78168845763870720" url="https://twitter.com/miles_kehoe/status/78168845763870720"/>
		<document id="86223814459015168" url="https://twitter.com/miles_kehoe/status/86223814459015168"/>
		<document id="87912424577056768" url="https://twitter.com/miles_kehoe/status/87912424577056768"/>
		<document id="87958553154949120" url="https://twitter.com/miles_kehoe/status/87958553154949120"/>
		<document id="88651946994577408" url="https://twitter.com/miles_kehoe/status/88651946994577408"/>
		<document id="88772045160185856" url="https://twitter.com/miles_kehoe/status/88772045160185856"/>
		<document id="887898549" url="https://twitter.com/miles_kehoe/status/887898549"/>
		<document id="88811922144763904" url="https://twitter.com/miles_kehoe/status/88811922144763904"/>
		<document id="88831256552407040" url="https://twitter.com/miles_kehoe/status/88831256552407040"/>
		<document id="89154502489411585" url="https://twitter.com/miles_kehoe/status/89154502489411585"/>
		<document id="89195655578402816" url="https://twitter.com/miles_kehoe/status/89195655578402816"/>
		<document id="8922625724" url="https://twitter.com/miles_kehoe/status/8922625724"/>
		<document id="89343554094235649" url="https://twitter.com/miles_kehoe/status/89343554094235649"/>
		<document id="89875270521200641" url="https://twitter.com/miles_kehoe/status/89875270521200641"/>
		<document id="90184569747279872" url="https://twitter.com/miles_kehoe/status/90184569747279872"/>
		<document id="90566125829636096" url="https://twitter.com/miles_kehoe/status/90566125829636096"/>
		<document id="90577546835529728" url="https://twitter.com/miles_kehoe/status/90577546835529728"/>
		<document id="90866144201818113" url="https://twitter.com/miles_kehoe/status/90866144201818113"/>
		<document id="90867153389092864" url="https://twitter.com/miles_kehoe/status/90867153389092864"/>
		<document id="9111018597" url="https://twitter.com/miles_kehoe/status/9111018597"/>
		<document id="91676340851458048" url="https://twitter.com/miles_kehoe/status/91676340851458048"/>
		<document id="91683340243054592" url="https://twitter.com/miles_kehoe/status/91683340243054592"/>
		<document id="91692423490707456" url="https://twitter.com/miles_kehoe/status/91692423490707456"/>
		<document id="91716473327861760" url="https://twitter.com/miles_kehoe/status/91716473327861760"/>
		<document id="91924558604541953" url="https://twitter.com/miles_kehoe/status/91924558604541953"/>
		<document id="91930209074417664" url="https://twitter.com/miles_kehoe/status/91930209074417664"/>
		<document id="92008756132577280" url="https://twitter.com/miles_kehoe/status/92008756132577280"/>
		<document id="93163551182684160" url="https://twitter.com/miles_kehoe/status/93163551182684160"/>
		<document id="93199097300926464" url="https://twitter.com/miles_kehoe/status/93199097300926464"/>
		<document id="93783025820774401" url="https://twitter.com/miles_kehoe/status/93783025820774401"/>
		<document id="93783558656753664" url="https://twitter.com/miles_kehoe/status/93783558656753664"/>
		<document id="95562503400075264" url="https://twitter.com/miles_kehoe/status/95562503400075264"/>
		<document id="966544662" url="https://twitter.com/miles_kehoe/status/966544662"/>
		<document id="97081040547479552" url="https://twitter.com/miles_kehoe/status/97081040547479552"/>
		<document id="97321102040252416" url="https://twitter.com/miles_kehoe/status/97321102040252416"/>
		<document id="98069972152090624" url="https://twitter.com/miles_kehoe/status/98069972152090624"/>
		<document id="98070684382674944" url="https://twitter.com/miles_kehoe/status/98070684382674944"/>
		<document id="98079708184444931" url="https://twitter.com/miles_kehoe/status/98079708184444931"/>
		<document id="99136023925239809" url="https://twitter.com/miles_kehoe/status/99136023925239809"/>
		<document id="99887453074235393" url="https://twitter.com/miles_kehoe/status/99887453074235393"/>
		<document id="99887771589681152" url="https://twitter.com/miles_kehoe/status/99887771589681152"/>
		<document id="99921930534125570" url="https://twitter.com/miles_kehoe/status/99921930534125570"/>
		<document id="100576799175606274" url="https://twitter.com/miles_kehoe/status/100576799175606274"/>
		<document id="100619580954779648" url="https://twitter.com/miles_kehoe/status/100619580954779648"/>
		<document id="101448542803075072" url="https://twitter.com/miles_kehoe/status/101448542803075072"/>
		<document id="10150465408" url="https://twitter.com/miles_kehoe/status/10150465408"/>
		<document id="103958376156889088" url="https://twitter.com/miles_kehoe/status/103958376156889088"/>
		<document id="104234477139664896" url="https://twitter.com/miles_kehoe/status/104234477139664896"/>
		<document id="104239204669726720" url="https://twitter.com/miles_kehoe/status/104239204669726720"/>
		<document id="104246454129917953" url="https://twitter.com/miles_kehoe/status/104246454129917953"/>
		<document id="104248796023758848" url="https://twitter.com/miles_kehoe/status/104248796023758848"/>
		<document id="104580439292911618" url="https://twitter.com/miles_kehoe/status/104580439292911618"/>
		<document id="104993042330697730" url="https://twitter.com/miles_kehoe/status/104993042330697730"/>
		<document id="10556838436" url="https://twitter.com/miles_kehoe/status/10556838436"/>
		<document id="105688329923731456" url="https://twitter.com/miles_kehoe/status/105688329923731456"/>
		<document id="105811992052383744" url="https://twitter.com/miles_kehoe/status/105811992052383744"/>
		<document id="106023596354318337" url="https://twitter.com/miles_kehoe/status/106023596354318337"/>
		<document id="106127524513320960" url="https://twitter.com/miles_kehoe/status/106127524513320960"/>
		<document id="106216847019479040" url="https://twitter.com/miles_kehoe/status/106216847019479040"/>
		<document id="109686290299097088" url="https://twitter.com/miles_kehoe/status/109686290299097088"/>
		<document id="1134777057" url="https://twitter.com/miles_kehoe/status/1134777057"/>
		<document id="1139957323" url="https://twitter.com/miles_kehoe/status/1139957323"/>
		<document id="114735474114953216" url="https://twitter.com/miles_kehoe/status/114735474114953216"/>
		<document id="114737022324838401" url="https://twitter.com/miles_kehoe/status/114737022324838401"/>
		<document id="114744488974495745" url="https://twitter.com/miles_kehoe/status/114744488974495745"/>
		<document id="1157156087" url="https://twitter.com/miles_kehoe/status/1157156087"/>
		<document id="118478623039684608" url="https://twitter.com/miles_kehoe/status/118478623039684608"/>
		<document id="1196106814" url="https://twitter.com/miles_kehoe/status/1196106814"/>
		<document id="1197534043" url="https://twitter.com/miles_kehoe/status/1197534043"/>
		<document id="1201596199" url="https://twitter.com/miles_kehoe/status/1201596199"/>
		<document id="121369485524475905" url="https://twitter.com/miles_kehoe/status/121369485524475905"/>
		<document id="125976515673460736" url="https://twitter.com/miles_kehoe/status/125976515673460736"/>
		<document id="12601175002058752" url="https://twitter.com/miles_kehoe/status/12601175002058752"/>
		<document id="126350594767208449" url="https://twitter.com/miles_kehoe/status/126350594767208449"/>
		<document id="126366410317373440" url="https://twitter.com/miles_kehoe/status/126366410317373440"/>
		<document id="126415343034961920" url="https://twitter.com/miles_kehoe/status/126415343034961920"/>
		<document id="126431405721919488" url="https://twitter.com/miles_kehoe/status/126431405721919488"/>
		<document id="126436935668473856" url="https://twitter.com/miles_kehoe/status/126436935668473856"/>
		<document id="127166488590286848" url="https://twitter.com/miles_kehoe/status/127166488590286848"/>
		<document id="127430420492066816" url="https://twitter.com/miles_kehoe/status/127430420492066816"/>
		<document id="1282065079" url="https://twitter.com/miles_kehoe/status/1282065079"/>
		<document id="128886073806950400" url="https://twitter.com/miles_kehoe/status/128886073806950400"/>
		<document id="12960073143" url="https://twitter.com/miles_kehoe/status/12960073143"/>
		<document id="1324743300" url="https://twitter.com/miles_kehoe/status/1324743300"/>
		<document id="13295766684565504" url="https://twitter.com/miles_kehoe/status/13295766684565504"/>
		<document id="133562894783758338" url="https://twitter.com/miles_kehoe/status/133562894783758338"/>
		<document id="133938719181905920" url="https://twitter.com/miles_kehoe/status/133938719181905920"/>
		<document id="133949452510707713" url="https://twitter.com/miles_kehoe/status/133949452510707713"/>
		<document id="134771728361598976" url="https://twitter.com/miles_kehoe/status/134771728361598976"/>
		<document id="136151116114178048" url="https://twitter.com/miles_kehoe/status/136151116114178048"/>
		<document id="136151555547217920" url="https://twitter.com/miles_kehoe/status/136151555547217920"/>
		<document id="137305671631773696" url="https://twitter.com/miles_kehoe/status/137305671631773696"/>
		<document id="137562089840590848" url="https://twitter.com/miles_kehoe/status/137562089840590848"/>
		<document id="139059750905196544" url="https://twitter.com/miles_kehoe/status/139059750905196544"/>
		<document id="139438684196974592" url="https://twitter.com/miles_kehoe/status/139438684196974592"/>
		<document id="141264917343911937" url="https://twitter.com/miles_kehoe/status/141264917343911937"/>
		<document id="147372019753811970" url="https://twitter.com/miles_kehoe/status/147372019753811970"/>
		<document id="147731197148151808" url="https://twitter.com/miles_kehoe/status/147731197148151808"/>
		<document id="154329270720794624" url="https://twitter.com/miles_kehoe/status/154329270720794624"/>
		<document id="154690382272266241" url="https://twitter.com/miles_kehoe/status/154690382272266241"/>
		<document id="156807388454858752" url="https://twitter.com/miles_kehoe/status/156807388454858752"/>
		<document id="157174543205662720" url="https://twitter.com/miles_kehoe/status/157174543205662720"/>
		<document id="157175607128629248" url="https://twitter.com/miles_kehoe/status/157175607128629248"/>
		<document id="157176527514112001" url="https://twitter.com/miles_kehoe/status/157176527514112001"/>
		<document id="157548118588661760" url="https://twitter.com/miles_kehoe/status/157548118588661760"/>
		<document id="159338676508307457" url="https://twitter.com/miles_kehoe/status/159338676508307457"/>
		<document id="159707831719833600" url="https://twitter.com/miles_kehoe/status/159707831719833600"/>
		<document id="159710554024448000" url="https://twitter.com/miles_kehoe/status/159710554024448000"/>
		<document id="159783595035205633" url="https://twitter.com/miles_kehoe/status/159783595035205633"/>
		<document id="160142759766925314" url="https://twitter.com/miles_kehoe/status/160142759766925314"/>
		<document id="161869982555320322" url="https://twitter.com/miles_kehoe/status/161869982555320322"/>
		<document id="161950391003656193" url="https://twitter.com/miles_kehoe/status/161950391003656193"/>
		<document id="162233943595302913" url="https://twitter.com/miles_kehoe/status/162233943595302913"/>
		<document id="163054909518913537" url="https://twitter.com/miles_kehoe/status/163054909518913537"/>
		<document id="1635553503" url="https://twitter.com/miles_kehoe/status/1635553503"/>
		<document id="1635682727" url="https://twitter.com/miles_kehoe/status/1635682727"/>
		<document id="1639928521" url="https://twitter.com/miles_kehoe/status/1639928521"/>
		<document id="1641010580" url="https://twitter.com/miles_kehoe/status/1641010580"/>
		<document id="1641480086" url="https://twitter.com/miles_kehoe/status/1641480086"/>
		<document id="1641594039" url="https://twitter.com/miles_kehoe/status/1641594039"/>
		<document id="172035841902915585" url="https://twitter.com/miles_kehoe/status/172035841902915585"/>
		<document id="172036005275242496" url="https://twitter.com/miles_kehoe/status/172036005275242496"/>
		<document id="172359235080945664" url="https://twitter.com/miles_kehoe/status/172359235080945664"/>
		<document id="17295276742017024" url="https://twitter.com/miles_kehoe/status/17295276742017024"/>
		<document id="173135863683874817" url="https://twitter.com/miles_kehoe/status/173135863683874817"/>
		<document id="173146060884148224" url="https://twitter.com/miles_kehoe/status/173146060884148224"/>
		<document id="17389864672" url="https://twitter.com/miles_kehoe/status/17389864672"/>
		<document id="174022186682687488" url="https://twitter.com/miles_kehoe/status/174022186682687488"/>
		<document id="174175668312096768" url="https://twitter.com/miles_kehoe/status/174175668312096768"/>
		<document id="174196079913467905" url="https://twitter.com/miles_kehoe/status/174196079913467905"/>
		<document id="174197219421990913" url="https://twitter.com/miles_kehoe/status/174197219421990913"/>
		<document id="174198172388831232" url="https://twitter.com/miles_kehoe/status/174198172388831232"/>
		<document id="174202789881323520" url="https://twitter.com/miles_kehoe/status/174202789881323520"/>
		<document id="176409287147524096" url="https://twitter.com/miles_kehoe/status/176409287147524096"/>
		<document id="176439602364678144" url="https://twitter.com/miles_kehoe/status/176439602364678144"/>
		<document id="177106157293412352" url="https://twitter.com/miles_kehoe/status/177106157293412352"/>
		<document id="177111302022504448" url="https://twitter.com/miles_kehoe/status/177111302022504448"/>
		<document id="181515818117513216" url="https://twitter.com/miles_kehoe/status/181515818117513216"/>
		<document id="181780098066817025" url="https://twitter.com/miles_kehoe/status/181780098066817025"/>
		<document id="183262404510101504" url="https://twitter.com/miles_kehoe/status/183262404510101504"/>
		<document id="183264355498987520" url="https://twitter.com/miles_kehoe/status/183264355498987520"/>
		<document id="183279854819614721" url="https://twitter.com/miles_kehoe/status/183279854819614721"/>
		<document id="184340431457357824" url="https://twitter.com/miles_kehoe/status/184340431457357824"/>
		<document id="184513472476872704" url="https://twitter.com/miles_kehoe/status/184513472476872704"/>
		<document id="185059477421166592" url="https://twitter.com/miles_kehoe/status/185059477421166592"/>
		<document id="185072242223366144" url="https://twitter.com/miles_kehoe/status/185072242223366144"/>
		<document id="185095407267876864" url="https://twitter.com/miles_kehoe/status/185095407267876864"/>
		<document id="186850909609918465" url="https://twitter.com/miles_kehoe/status/186850909609918465"/>
		<document id="18687892123" url="https://twitter.com/miles_kehoe/status/18687892123"/>
		<document id="18721542203" url="https://twitter.com/miles_kehoe/status/18721542203"/>
		<document id="187259118615146496" url="https://twitter.com/miles_kehoe/status/187259118615146496"/>
		<document id="187563349670772737" url="https://twitter.com/miles_kehoe/status/187563349670772737"/>
		<document id="188282530695352320" url="https://twitter.com/miles_kehoe/status/188282530695352320"/>
		<document id="189467651435794440" url="https://twitter.com/miles_kehoe/status/189467651435794440"/>
		<document id="189747784566571008" url="https://twitter.com/miles_kehoe/status/189747784566571008"/>
		<document id="189755904902692864" url="https://twitter.com/miles_kehoe/status/189755904902692864"/>
		<document id="189761728228229120" url="https://twitter.com/miles_kehoe/status/189761728228229120"/>
		<document id="189798312906457088" url="https://twitter.com/miles_kehoe/status/189798312906457088"/>
		<document id="189801129218019328" url="https://twitter.com/miles_kehoe/status/189801129218019328"/>
		<document id="190578825694937088" url="https://twitter.com/miles_kehoe/status/190578825694937088"/>
		<document id="190832399645552641" url="https://twitter.com/miles_kehoe/status/190832399645552641"/>
		<document id="191916179726663680" url="https://twitter.com/miles_kehoe/status/191916179726663680"/>
		<document id="1927433776" url="https://twitter.com/miles_kehoe/status/1927433776"/>
		<document id="194646905341476867" url="https://twitter.com/miles_kehoe/status/194646905341476867"/>
		<document id="195308925741039616" url="https://twitter.com/miles_kehoe/status/195308925741039616"/>
		<document id="195563036969402368" url="https://twitter.com/miles_kehoe/status/195563036969402368"/>
		<document id="196988395006853120" url="https://twitter.com/miles_kehoe/status/196988395006853120"/>
		<document id="197014264765100034" url="https://twitter.com/miles_kehoe/status/197014264765100034"/>
		<document id="197356258116911105" url="https://twitter.com/miles_kehoe/status/197356258116911105"/>
		<document id="1978611297" url="https://twitter.com/miles_kehoe/status/1978611297"/>
		<document id="1978640067" url="https://twitter.com/miles_kehoe/status/1978640067"/>
		<document id="198065907065552896" url="https://twitter.com/miles_kehoe/status/198065907065552896"/>
		<document id="198119553639792640" url="https://twitter.com/miles_kehoe/status/198119553639792640"/>
		<document id="198210459416006657" url="https://twitter.com/miles_kehoe/status/198210459416006657"/>
		<document id="198246964452798464" url="https://twitter.com/miles_kehoe/status/198246964452798464"/>
		<document id="198501192924536833" url="https://twitter.com/miles_kehoe/status/198501192924536833"/>
		<document id="1985389726" url="https://twitter.com/miles_kehoe/status/1985389726"/>
		<document id="198947684718084096" url="https://twitter.com/miles_kehoe/status/198947684718084096"/>
		<document id="200199788019462144" url="https://twitter.com/miles_kehoe/status/200199788019462144"/>
		<document id="200206019350110209" url="https://twitter.com/miles_kehoe/status/200206019350110209"/>
		<document id="200206992617373696" url="https://twitter.com/miles_kehoe/status/200206992617373696"/>
		<document id="200249360859144192" url="https://twitter.com/miles_kehoe/status/200249360859144192"/>
		<document id="200563263853953024" url="https://twitter.com/miles_kehoe/status/200563263853953024"/>
		<document id="200643977328857089" url="https://twitter.com/miles_kehoe/status/200643977328857089"/>
		<document id="200645263906447360" url="https://twitter.com/miles_kehoe/status/200645263906447360"/>
		<document id="2022481943" url="https://twitter.com/miles_kehoe/status/2022481943"/>
		<document id="202387864342888448" url="https://twitter.com/miles_kehoe/status/202387864342888448"/>
		<document id="202398417530527744" url="https://twitter.com/miles_kehoe/status/202398417530527744"/>
		<document id="202398629426769920" url="https://twitter.com/miles_kehoe/status/202398629426769920"/>
		<document id="2034432273" url="https://twitter.com/miles_kehoe/status/2034432273"/>
		<document id="204687703650996225" url="https://twitter.com/miles_kehoe/status/204687703650996225"/>
		<document id="204973640553476096" url="https://twitter.com/miles_kehoe/status/204973640553476096"/>
		<document id="205706256726507521" url="https://twitter.com/miles_kehoe/status/205706256726507521"/>
		<document id="205709771666501633" url="https://twitter.com/miles_kehoe/status/205709771666501633"/>
		<document id="206061578796277761" url="https://twitter.com/miles_kehoe/status/206061578796277761"/>
		<document id="2062152949" url="https://twitter.com/miles_kehoe/status/2062152949"/>
		<document id="206484614733238273" url="https://twitter.com/miles_kehoe/status/206484614733238273"/>
		<document id="206493006814126080" url="https://twitter.com/miles_kehoe/status/206493006814126080"/>
		<document id="207491052909768705" url="https://twitter.com/miles_kehoe/status/207491052909768705"/>
		<document id="207514697359040512" url="https://twitter.com/miles_kehoe/status/207514697359040512"/>
		<document id="2078929862" url="https://twitter.com/miles_kehoe/status/2078929862"/>
		<document id="208193673895219201" url="https://twitter.com/miles_kehoe/status/208193673895219201"/>
		<document id="208955684874756097" url="https://twitter.com/miles_kehoe/status/208955684874756097"/>
		<document id="210482543718445057" url="https://twitter.com/miles_kehoe/status/210482543718445057"/>
		<document id="210783626143612928" url="https://twitter.com/miles_kehoe/status/210783626143612928"/>
		<document id="210843943779303424" url="https://twitter.com/miles_kehoe/status/210843943779303424"/>
		<document id="210851080244969472" url="https://twitter.com/miles_kehoe/status/210851080244969472"/>
		<document id="210855667546849280" url="https://twitter.com/miles_kehoe/status/210855667546849280"/>
		<document id="210858652112924672" url="https://twitter.com/miles_kehoe/status/210858652112924672"/>
		<document id="211115696917200897" url="https://twitter.com/miles_kehoe/status/211115696917200897"/>
		<document id="211154508317859841" url="https://twitter.com/miles_kehoe/status/211154508317859841"/>
		<document id="215944690061676545" url="https://twitter.com/miles_kehoe/status/215944690061676545"/>
		<document id="216029666903998465" url="https://twitter.com/miles_kehoe/status/216029666903998465"/>
		<document id="217553991243005953" url="https://twitter.com/miles_kehoe/status/217553991243005953"/>
		<document id="218019850826678272" url="https://twitter.com/miles_kehoe/status/218019850826678272"/>
		<document id="218609032204787714" url="https://twitter.com/miles_kehoe/status/218609032204787714"/>
		<document id="219868294923030529" url="https://twitter.com/miles_kehoe/status/219868294923030529"/>
		<document id="219869688384069632" url="https://twitter.com/miles_kehoe/status/219869688384069632"/>
		<document id="220631591851016192" url="https://twitter.com/miles_kehoe/status/220631591851016192"/>
		<document id="220994554348838912" url="https://twitter.com/miles_kehoe/status/220994554348838912"/>
		<document id="222028591561572352" url="https://twitter.com/miles_kehoe/status/222028591561572352"/>
		<document id="227287320108335104" url="https://twitter.com/miles_kehoe/status/227287320108335104"/>
		<document id="227426019236278273" url="https://twitter.com/miles_kehoe/status/227426019236278273"/>
		<document id="227435880296615937" url="https://twitter.com/miles_kehoe/status/227435880296615937"/>
		<document id="227448067979374592" url="https://twitter.com/miles_kehoe/status/227448067979374592"/>
		<document id="227471201054912514" url="https://twitter.com/miles_kehoe/status/227471201054912514"/>
		<document id="227497266984910848" url="https://twitter.com/miles_kehoe/status/227497266984910848"/>
		<document id="228237293440344065" url="https://twitter.com/miles_kehoe/status/228237293440344065"/>
		<document id="228387355944435712" url="https://twitter.com/miles_kehoe/status/228387355944435712"/>
		<document id="228560001738878976" url="https://twitter.com/miles_kehoe/status/228560001738878976"/>
		<document id="228860461993582592" url="https://twitter.com/miles_kehoe/status/228860461993582592"/>
		<document id="232260307324653568" url="https://twitter.com/miles_kehoe/status/232260307324653568"/>
		<document id="232707379723112449" url="https://twitter.com/miles_kehoe/status/232707379723112449"/>
		<document id="232905957733171201" url="https://twitter.com/miles_kehoe/status/232905957733171201"/>
		<document id="233499940809220096" url="https://twitter.com/miles_kehoe/status/233499940809220096"/>
		<document id="233605186596270080" url="https://twitter.com/miles_kehoe/status/233605186596270080"/>
		<document id="2375201548" url="https://twitter.com/miles_kehoe/status/2375201548"/>
		<document id="2376098692" url="https://twitter.com/miles_kehoe/status/2376098692"/>
		<document id="238540227789078528" url="https://twitter.com/miles_kehoe/status/238540227789078528"/>
		<document id="238661704060395520" url="https://twitter.com/miles_kehoe/status/238661704060395520"/>
		<document id="23929853565" url="https://twitter.com/miles_kehoe/status/23929853565"/>
		<document id="23930060454" url="https://twitter.com/miles_kehoe/status/23930060454"/>
		<document id="23930625628" url="https://twitter.com/miles_kehoe/status/23930625628"/>
		<document id="23930907275" url="https://twitter.com/miles_kehoe/status/23930907275"/>
		<document id="23931095510" url="https://twitter.com/miles_kehoe/status/23931095510"/>
		<document id="23931895219" url="https://twitter.com/miles_kehoe/status/23931895219"/>
		<document id="23933390990" url="https://twitter.com/miles_kehoe/status/23933390990"/>
		<document id="243360632148205568" url="https://twitter.com/miles_kehoe/status/243360632148205568"/>
		<document id="245329840205598720" url="https://twitter.com/miles_kehoe/status/245329840205598720"/>
		<document id="245577696220946433" url="https://twitter.com/miles_kehoe/status/245577696220946433"/>
		<document id="245588673402392576" url="https://twitter.com/miles_kehoe/status/245588673402392576"/>
		<document id="245990151824740352" url="https://twitter.com/miles_kehoe/status/245990151824740352"/>
		<document id="246374966164086784" url="https://twitter.com/miles_kehoe/status/246374966164086784"/>
		<document id="246671018528223232" url="https://twitter.com/miles_kehoe/status/246671018528223232"/>
		<document id="247756635869675520" url="https://twitter.com/miles_kehoe/status/247756635869675520"/>
		<document id="247828293968076800" url="https://twitter.com/miles_kehoe/status/247828293968076800"/>
		<document id="247828872123523072" url="https://twitter.com/miles_kehoe/status/247828872123523072"/>
		<document id="248798640234188801" url="https://twitter.com/miles_kehoe/status/248798640234188801"/>
		<document id="249172252841631744" url="https://twitter.com/miles_kehoe/status/249172252841631744"/>
		<document id="249189148177604608" url="https://twitter.com/miles_kehoe/status/249189148177604608"/>
		<document id="249190361006755840" url="https://twitter.com/miles_kehoe/status/249190361006755840"/>
		<document id="249195897207009280" url="https://twitter.com/miles_kehoe/status/249195897207009280"/>
		<document id="249196773413904384" url="https://twitter.com/miles_kehoe/status/249196773413904384"/>
		<document id="249204595967004672" url="https://twitter.com/miles_kehoe/status/249204595967004672"/>
		<document id="249205200382992384" url="https://twitter.com/miles_kehoe/status/249205200382992384"/>
		<document id="249397449104433152" url="https://twitter.com/miles_kehoe/status/249397449104433152"/>
		<document id="250268757342167040" url="https://twitter.com/miles_kehoe/status/250268757342167040"/>
		<document id="250270013699801090" url="https://twitter.com/miles_kehoe/status/250270013699801090"/>
		<document id="250282986543648769" url="https://twitter.com/miles_kehoe/status/250282986543648769"/>
		<document id="250284301936103424" url="https://twitter.com/miles_kehoe/status/250284301936103424"/>
		<document id="261521046757310466" url="https://twitter.com/miles_kehoe/status/261521046757310466"/>
		<document id="261904535369416704" url="https://twitter.com/miles_kehoe/status/261904535369416704"/>
		<document id="264243282106802177" url="https://twitter.com/miles_kehoe/status/264243282106802177"/>
		<document id="264395764967542785" url="https://twitter.com/miles_kehoe/status/264395764967542785"/>
		<document id="264917740261896193" url="https://twitter.com/miles_kehoe/status/264917740261896193"/>
		<document id="26571138243" url="https://twitter.com/miles_kehoe/status/26571138243"/>
		<document id="266624781233836032" url="https://twitter.com/miles_kehoe/status/266624781233836032"/>
		<document id="268127423214792704" url="https://twitter.com/miles_kehoe/status/268127423214792704"/>
		<document id="268128239980011520" url="https://twitter.com/miles_kehoe/status/268128239980011520"/>
		<document id="268131252773732352" url="https://twitter.com/miles_kehoe/status/268131252773732352"/>
		<document id="268238937728876545" url="https://twitter.com/miles_kehoe/status/268238937728876545"/>
		<document id="268239960744792064" url="https://twitter.com/miles_kehoe/status/268239960744792064"/>
		<document id="268381805093203968" url="https://twitter.com/miles_kehoe/status/268381805093203968"/>
		<document id="268394895843139584" url="https://twitter.com/miles_kehoe/status/268394895843139584"/>
		<document id="268808180925087745" url="https://twitter.com/miles_kehoe/status/268808180925087745"/>
		<document id="269133194673152000" url="https://twitter.com/miles_kehoe/status/269133194673152000"/>
		<document id="26995514254" url="https://twitter.com/miles_kehoe/status/26995514254"/>
		<document id="270953256627359745" url="https://twitter.com/miles_kehoe/status/270953256627359745"/>
		<document id="270983342613213184" url="https://twitter.com/miles_kehoe/status/270983342613213184"/>
		<document id="277151341992882176" url="https://twitter.com/miles_kehoe/status/277151341992882176"/>
		<document id="277439469332881408" url="https://twitter.com/miles_kehoe/status/277439469332881408"/>
		<document id="278927986529562624" url="https://twitter.com/miles_kehoe/status/278927986529562624"/>
		<document id="279283269114150913" url="https://twitter.com/miles_kehoe/status/279283269114150913"/>
		<document id="279306065634525184" url="https://twitter.com/miles_kehoe/status/279306065634525184"/>
		<document id="279693133292376064" url="https://twitter.com/miles_kehoe/status/279693133292376064"/>
		<document id="281148135416414208" url="https://twitter.com/miles_kehoe/status/281148135416414208"/>
		<document id="282202620720971776" url="https://twitter.com/miles_kehoe/status/282202620720971776"/>
		<document id="287476736269099010" url="https://twitter.com/miles_kehoe/status/287476736269099010"/>
		<document id="290886532070531072" url="https://twitter.com/miles_kehoe/status/290886532070531072"/>
		<document id="291225884709515265" url="https://twitter.com/miles_kehoe/status/291225884709515265"/>
		<document id="291255130429468672" url="https://twitter.com/miles_kehoe/status/291255130429468672"/>
		<document id="291710343749722112" url="https://twitter.com/miles_kehoe/status/291710343749722112"/>
		<document id="294336944912093185" url="https://twitter.com/miles_kehoe/status/294336944912093185"/>
		<document id="297079957782405120" url="https://twitter.com/miles_kehoe/status/297079957782405120"/>
		<document id="297246771128725504" url="https://twitter.com/miles_kehoe/status/297246771128725504"/>
		<document id="298585000134184960" url="https://twitter.com/miles_kehoe/status/298585000134184960"/>
		<document id="298668759101628417" url="https://twitter.com/miles_kehoe/status/298668759101628417"/>
		<document id="298891936587198464" url="https://twitter.com/miles_kehoe/status/298891936587198464"/>
		<document id="299657280100630528" url="https://twitter.com/miles_kehoe/status/299657280100630528"/>
		<document id="299789437548785664" url="https://twitter.com/miles_kehoe/status/299789437548785664"/>
		<document id="299947890254684161" url="https://twitter.com/miles_kehoe/status/299947890254684161"/>
		<document id="299950372229877760" url="https://twitter.com/miles_kehoe/status/299950372229877760"/>
		<document id="301121197704364032" url="https://twitter.com/miles_kehoe/status/301121197704364032"/>
		<document id="301156585382768640" url="https://twitter.com/miles_kehoe/status/301156585382768640"/>
		<document id="301157007807901696" url="https://twitter.com/miles_kehoe/status/301157007807901696"/>
		<document id="301368258349633536" url="https://twitter.com/miles_kehoe/status/301368258349633536"/>
		<document id="302538607653163008" url="https://twitter.com/miles_kehoe/status/302538607653163008"/>
		<document id="303900784049938432" url="https://twitter.com/miles_kehoe/status/303900784049938432"/>
		<document id="303901174178910209" url="https://twitter.com/miles_kehoe/status/303901174178910209"/>
		<document id="303947744773545985" url="https://twitter.com/miles_kehoe/status/303947744773545985"/>
		<document id="304661866729308161" url="https://twitter.com/miles_kehoe/status/304661866729308161"/>
		<document id="305099907314884608" url="https://twitter.com/miles_kehoe/status/305099907314884608"/>
		<document id="307614966524047360" url="https://twitter.com/miles_kehoe/status/307614966524047360"/>
		<document id="307752330743410688" url="https://twitter.com/miles_kehoe/status/307752330743410688"/>
		<document id="307976115111227392" url="https://twitter.com/miles_kehoe/status/307976115111227392"/>
		<document id="308333445342437377" url="https://twitter.com/miles_kehoe/status/308333445342437377"/>
		<document id="308980793819136000" url="https://twitter.com/miles_kehoe/status/308980793819136000"/>
		<document id="308985984614297600" url="https://twitter.com/miles_kehoe/status/308985984614297600"/>
		<document id="309737445111521280" url="https://twitter.com/miles_kehoe/status/309737445111521280"/>
		<document id="310599710912151552" url="https://twitter.com/miles_kehoe/status/310599710912151552"/>
		<document id="310810269532180481" url="https://twitter.com/miles_kehoe/status/310810269532180481"/>
		<document id="311180889352716288" url="https://twitter.com/miles_kehoe/status/311180889352716288"/>
		<document id="312002163096289283" url="https://twitter.com/miles_kehoe/status/312002163096289283"/>
		<document id="312227006332932096" url="https://twitter.com/miles_kehoe/status/312227006332932096"/>
		<document id="312704370577915904" url="https://twitter.com/miles_kehoe/status/312704370577915904"/>
		<document id="312705689518751745" url="https://twitter.com/miles_kehoe/status/312705689518751745"/>
		<document id="313491998898270211" url="https://twitter.com/miles_kehoe/status/313491998898270211"/>
		<document id="314458922847178753" url="https://twitter.com/miles_kehoe/status/314458922847178753"/>
		<document id="316586597074231297" url="https://twitter.com/miles_kehoe/status/316586597074231297"/>
		<document id="316595591251640320" url="https://twitter.com/miles_kehoe/status/316595591251640320"/>
		<document id="316605355184496641" url="https://twitter.com/miles_kehoe/status/316605355184496641"/>
		<document id="316753559624499201" url="https://twitter.com/miles_kehoe/status/316753559624499201"/>
		<document id="317426818984587264" url="https://twitter.com/miles_kehoe/status/317426818984587264"/>
		<document id="317432248699850753" url="https://twitter.com/miles_kehoe/status/317432248699850753"/>
		<document id="318754083391553537" url="https://twitter.com/miles_kehoe/status/318754083391553537"/>
		<document id="318768313108934656" url="https://twitter.com/miles_kehoe/status/318768313108934656"/>
		<document id="318777715429888001" url="https://twitter.com/miles_kehoe/status/318777715429888001"/>
		<document id="318807009266913281" url="https://twitter.com/miles_kehoe/status/318807009266913281"/>
		<document id="318830036956377089" url="https://twitter.com/miles_kehoe/status/318830036956377089"/>
		<document id="318831055102689280" url="https://twitter.com/miles_kehoe/status/318831055102689280"/>
		<document id="319855378751975425" url="https://twitter.com/miles_kehoe/status/319855378751975425"/>
		<document id="319857259213635584" url="https://twitter.com/miles_kehoe/status/319857259213635584"/>
		<document id="320218723816448000" url="https://twitter.com/miles_kehoe/status/320218723816448000"/>
		<document id="32179597277659136" url="https://twitter.com/miles_kehoe/status/32179597277659136"/>
		<document id="322418277273960448" url="https://twitter.com/miles_kehoe/status/322418277273960448"/>
		<document id="323052366138060801" url="https://twitter.com/miles_kehoe/status/323052366138060801"/>
		<document id="323064497080246272" url="https://twitter.com/miles_kehoe/status/323064497080246272"/>
		<document id="323065363065610241" url="https://twitter.com/miles_kehoe/status/323065363065610241"/>
		<document id="324166904132534272" url="https://twitter.com/miles_kehoe/status/324166904132534272"/>
		<document id="324285656924815361" url="https://twitter.com/miles_kehoe/status/324285656924815361"/>
		<document id="325803689698799616" url="https://twitter.com/miles_kehoe/status/325803689698799616"/>
		<document id="325812114830798848" url="https://twitter.com/miles_kehoe/status/325812114830798848"/>
		<document id="326013676874248192" url="https://twitter.com/miles_kehoe/status/326013676874248192"/>
		<document id="326019805800960000" url="https://twitter.com/miles_kehoe/status/326019805800960000"/>
		<document id="326764861356920832" url="https://twitter.com/miles_kehoe/status/326764861356920832"/>
		<document id="326770560291975168" url="https://twitter.com/miles_kehoe/status/326770560291975168"/>
		<document id="327456612811960320" url="https://twitter.com/miles_kehoe/status/327456612811960320"/>
		<document id="32885121849757696" url="https://twitter.com/miles_kehoe/status/32885121849757696"/>
		<document id="328908032014704640" url="https://twitter.com/miles_kehoe/status/328908032014704640"/>
		<document id="329617707303575553" url="https://twitter.com/miles_kehoe/status/329617707303575553"/>
		<document id="329653174053003268" url="https://twitter.com/miles_kehoe/status/329653174053003268"/>
		<document id="329654176890114048" url="https://twitter.com/miles_kehoe/status/329654176890114048"/>
		<document id="329655456299614209" url="https://twitter.com/miles_kehoe/status/329655456299614209"/>
		<document id="329730045587374081" url="https://twitter.com/miles_kehoe/status/329730045587374081"/>
		<document id="329859501245222912" url="https://twitter.com/miles_kehoe/status/329859501245222912"/>
		<document id="331448828278489088" url="https://twitter.com/miles_kehoe/status/331448828278489088"/>
		<document id="332558771991740416" url="https://twitter.com/miles_kehoe/status/332558771991740416"/>
		<document id="334051661934895105" url="https://twitter.com/miles_kehoe/status/334051661934895105"/>
		<document id="334364367648870400" url="https://twitter.com/miles_kehoe/status/334364367648870400"/>
		<document id="334425949510717440" url="https://twitter.com/miles_kehoe/status/334425949510717440"/>
		<document id="334675614277722112" url="https://twitter.com/miles_kehoe/status/334675614277722112"/>
		<document id="334903776517443584" url="https://twitter.com/miles_kehoe/status/334903776517443584"/>
		<document id="336197644982566914" url="https://twitter.com/miles_kehoe/status/336197644982566914"/>
		<document id="336842325202456576" url="https://twitter.com/miles_kehoe/status/336842325202456576"/>
		<document id="338828643562311680" url="https://twitter.com/miles_kehoe/status/338828643562311680"/>
		<document id="338830201771401217" url="https://twitter.com/miles_kehoe/status/338830201771401217"/>
		<document id="339050536080924672" url="https://twitter.com/miles_kehoe/status/339050536080924672"/>
		<document id="339056388183564289" url="https://twitter.com/miles_kehoe/status/339056388183564289"/>
		<document id="339060637856587776" url="https://twitter.com/miles_kehoe/status/339060637856587776"/>
		<document id="339069734102376449" url="https://twitter.com/miles_kehoe/status/339069734102376449"/>
		<document id="339872503730155521" url="https://twitter.com/miles_kehoe/status/339872503730155521"/>
		<document id="341942159504715778" url="https://twitter.com/miles_kehoe/status/341942159504715778"/>
		<document id="343955755956842497" url="https://twitter.com/miles_kehoe/status/343955755956842497"/>
		<document id="343957701560242177" url="https://twitter.com/miles_kehoe/status/343957701560242177"/>
		<document id="343958783824908290" url="https://twitter.com/miles_kehoe/status/343958783824908290"/>
		<document id="344093841307086849" url="https://twitter.com/miles_kehoe/status/344093841307086849"/>
		<document id="344592805571739648" url="https://twitter.com/miles_kehoe/status/344592805571739648"/>
		<document id="346505633824137216" url="https://twitter.com/miles_kehoe/status/346505633824137216"/>
		<document id="348448211142340608" url="https://twitter.com/miles_kehoe/status/348448211142340608"/>
		<document id="35055242835927040" url="https://twitter.com/miles_kehoe/status/35055242835927040"/>
		<document id="35059655872880642" url="https://twitter.com/miles_kehoe/status/35059655872880642"/>
		<document id="351471395038965760" url="https://twitter.com/miles_kehoe/status/351471395038965760"/>
		<document id="351812929680715776" url="https://twitter.com/miles_kehoe/status/351812929680715776"/>
		<document id="3526975250" url="https://twitter.com/miles_kehoe/status/3526975250"/>
		<document id="356543597308416002" url="https://twitter.com/miles_kehoe/status/356543597308416002"/>
		<document id="356653143620206592" url="https://twitter.com/miles_kehoe/status/356653143620206592"/>
		<document id="357518550702886914" url="https://twitter.com/miles_kehoe/status/357518550702886914"/>
		<document id="357636978172375040" url="https://twitter.com/miles_kehoe/status/357636978172375040"/>
		<document id="357885767420346370" url="https://twitter.com/miles_kehoe/status/357885767420346370"/>
		<document id="360099844028764161" url="https://twitter.com/miles_kehoe/status/360099844028764161"/>
		<document id="360100357126356992" url="https://twitter.com/miles_kehoe/status/360100357126356992"/>
		<document id="368506557815742464" url="https://twitter.com/miles_kehoe/status/368506557815742464"/>
		<document id="36954669297176576" url="https://twitter.com/miles_kehoe/status/36954669297176576"/>
		<document id="370524703560966145" url="https://twitter.com/miles_kehoe/status/370524703560966145"/>
		<document id="377188277654024192" url="https://twitter.com/miles_kehoe/status/377188277654024192"/>
		<document id="377190798145503232" url="https://twitter.com/miles_kehoe/status/377190798145503232"/>
		<document id="377911532769660928" url="https://twitter.com/miles_kehoe/status/377911532769660928"/>
		<document id="378573764864516096" url="https://twitter.com/miles_kehoe/status/378573764864516096"/>
		<document id="381622762215055360" url="https://twitter.com/miles_kehoe/status/381622762215055360"/>
		<document id="381623369822916608" url="https://twitter.com/miles_kehoe/status/381623369822916608"/>
		<document id="385149445232689152" url="https://twitter.com/miles_kehoe/status/385149445232689152"/>
		<document id="3852766059" url="https://twitter.com/miles_kehoe/status/3852766059"/>
		<document id="3852775266" url="https://twitter.com/miles_kehoe/status/3852775266"/>
		<document id="387239726643548161" url="https://twitter.com/miles_kehoe/status/387239726643548161"/>
		<document id="389433685906186240" url="https://twitter.com/miles_kehoe/status/389433685906186240"/>
		<document id="398099683815325696" url="https://twitter.com/miles_kehoe/status/398099683815325696"/>
		<document id="408633888949293057" url="https://twitter.com/miles_kehoe/status/408633888949293057"/>
		<document id="413045877393989633" url="https://twitter.com/miles_kehoe/status/413045877393989633"/>
		<document id="4929257939" url="https://twitter.com/miles_kehoe/status/4929257939"/>
		<document id="4984811131" url="https://twitter.com/miles_kehoe/status/4984811131"/>
		<document id="4985033194" url="https://twitter.com/miles_kehoe/status/4985033194"/>
		<document id="4985056367" url="https://twitter.com/miles_kehoe/status/4985056367"/>
		<document id="4998786054" url="https://twitter.com/miles_kehoe/status/4998786054"/>
		<document id="4998821924" url="https://twitter.com/miles_kehoe/status/4998821924"/>
		<document id="4998850008" url="https://twitter.com/miles_kehoe/status/4998850008"/>
		<document id="5002420956" url="https://twitter.com/miles_kehoe/status/5002420956"/>
		<document id="5008141461" url="https://twitter.com/miles_kehoe/status/5008141461"/>
		<document id="5013132225" url="https://twitter.com/miles_kehoe/status/5013132225"/>
		<document id="5013194655" url="https://twitter.com/miles_kehoe/status/5013194655"/>
		<document id="5020342895" url="https://twitter.com/miles_kehoe/status/5020342895"/>
		<document id="5052781914" url="https://twitter.com/miles_kehoe/status/5052781914"/>
		<document id="5055669923" url="https://twitter.com/miles_kehoe/status/5055669923"/>
		<document id="5090217330" url="https://twitter.com/miles_kehoe/status/5090217330"/>
		<document id="51077643608662016" url="https://twitter.com/miles_kehoe/status/51077643608662016"/>
		<document id="51078300839313409" url="https://twitter.com/miles_kehoe/status/51078300839313409"/>
		<document id="55296065427083265" url="https://twitter.com/miles_kehoe/status/55296065427083265"/>
		<document id="55296325176139777" url="https://twitter.com/miles_kehoe/status/55296325176139777"/>
		<document id="5831836785" url="https://twitter.com/miles_kehoe/status/5831836785"/>
		<document id="5832692161" url="https://twitter.com/miles_kehoe/status/5832692161"/>
		<document id="5834261971" url="https://twitter.com/miles_kehoe/status/5834261971"/>
		<document id="5834886023" url="https://twitter.com/miles_kehoe/status/5834886023"/>
		<document id="5836303856" url="https://twitter.com/miles_kehoe/status/5836303856"/>
		<document id="60346490249416705" url="https://twitter.com/miles_kehoe/status/60346490249416705"/>
		<document id="64075538981076993" url="https://twitter.com/miles_kehoe/status/64075538981076993"/>
		<document id="68000039695429632" url="https://twitter.com/miles_kehoe/status/68000039695429632"/>
		<document id="68037834837209088" url="https://twitter.com/miles_kehoe/status/68037834837209088"/>
		<document id="68054652528234497" url="https://twitter.com/miles_kehoe/status/68054652528234497"/>
		<document id="68335831659716609" url="https://twitter.com/miles_kehoe/status/68335831659716609"/>
		<document id="70291968202248192" url="https://twitter.com/miles_kehoe/status/70291968202248192"/>
		<document id="71297252521549824" url="https://twitter.com/miles_kehoe/status/71297252521549824"/>
		<document id="74239850030702592" url="https://twitter.com/miles_kehoe/status/74239850030702592"/>
		<document id="76381498084831232" url="https://twitter.com/miles_kehoe/status/76381498084831232"/>
		<document id="78167635283558400" url="https://twitter.com/miles_kehoe/status/78167635283558400"/>
		<document id="78168845763870720" url="https://twitter.com/miles_kehoe/status/78168845763870720"/>
		<document id="86223814459015168" url="https://twitter.com/miles_kehoe/status/86223814459015168"/>
		<document id="87912424577056768" url="https://twitter.com/miles_kehoe/status/87912424577056768"/>
		<document id="87958553154949120" url="https://twitter.com/miles_kehoe/status/87958553154949120"/>
		<document id="88651946994577408" url="https://twitter.com/miles_kehoe/status/88651946994577408"/>
		<document id="88772045160185856" url="https://twitter.com/miles_kehoe/status/88772045160185856"/>
		<document id="887898549" url="https://twitter.com/miles_kehoe/status/887898549"/>
		<document id="88811922144763904" url="https://twitter.com/miles_kehoe/status/88811922144763904"/>
		<document id="88831256552407040" url="https://twitter.com/miles_kehoe/status/88831256552407040"/>
		<document id="89154502489411585" url="https://twitter.com/miles_kehoe/status/89154502489411585"/>
		<document id="89195655578402816" url="https://twitter.com/miles_kehoe/status/89195655578402816"/>
		<document id="8922625724" url="https://twitter.com/miles_kehoe/status/8922625724"/>
		<document id="89343554094235649" url="https://twitter.com/miles_kehoe/status/89343554094235649"/>
		<document id="89875270521200641" url="https://twitter.com/miles_kehoe/status/89875270521200641"/>
		<document id="90184569747279872" url="https://twitter.com/miles_kehoe/status/90184569747279872"/>
		<document id="90566125829636096" url="https://twitter.com/miles_kehoe/status/90566125829636096"/>
		<document id="90577546835529728" url="https://twitter.com/miles_kehoe/status/90577546835529728"/>
		<document id="90866144201818113" url="https://twitter.com/miles_kehoe/status/90866144201818113"/>
		<document id="90867153389092864" url="https://twitter.com/miles_kehoe/status/90867153389092864"/>
		<document id="9111018597" url="https://twitter.com/miles_kehoe/status/9111018597"/>
		<document id="91676340851458048" url="https://twitter.com/miles_kehoe/status/91676340851458048"/>
		<document id="91683340243054592" url="https://twitter.com/miles_kehoe/status/91683340243054592"/>
		<document id="91692423490707456" url="https://twitter.com/miles_kehoe/status/91692423490707456"/>
		<document id="91716473327861760" url="https://twitter.com/miles_kehoe/status/91716473327861760"/>
		<document id="91924558604541953" url="https://twitter.com/miles_kehoe/status/91924558604541953"/>
		<document id="91930209074417664" url="https://twitter.com/miles_kehoe/status/91930209074417664"/>
		<document id="92008756132577280" url="https://twitter.com/miles_kehoe/status/92008756132577280"/>
		<document id="93163551182684160" url="https://twitter.com/miles_kehoe/status/93163551182684160"/>
		<document id="93199097300926464" url="https://twitter.com/miles_kehoe/status/93199097300926464"/>
		<document id="93783025820774401" url="https://twitter.com/miles_kehoe/status/93783025820774401"/>
		<document id="93783558656753664" url="https://twitter.com/miles_kehoe/status/93783558656753664"/>
		<document id="95562503400075264" url="https://twitter.com/miles_kehoe/status/95562503400075264"/>
		<document id="966544662" url="https://twitter.com/miles_kehoe/status/966544662"/>
		<document id="97081040547479552" url="https://twitter.com/miles_kehoe/status/97081040547479552"/>
		<document id="97321102040252416" url="https://twitter.com/miles_kehoe/status/97321102040252416"/>
		<document id="98069972152090624" url="https://twitter.com/miles_kehoe/status/98069972152090624"/>
		<document id="98070684382674944" url="https://twitter.com/miles_kehoe/status/98070684382674944"/>
		<document id="98079708184444931" url="https://twitter.com/miles_kehoe/status/98079708184444931"/>
		<document id="99136023925239809" url="https://twitter.com/miles_kehoe/status/99136023925239809"/>
		<document id="99887453074235393" url="https://twitter.com/miles_kehoe/status/99887453074235393"/>
		<document id="99887771589681152" url="https://twitter.com/miles_kehoe/status/99887771589681152"/>
		<document id="99921930534125570" url="https://twitter.com/miles_kehoe/status/99921930534125570"/>
	</documents>
</author>