<?xml version="1.0" encoding="UTF-8" standalone="no"?><author age_group="xx" gender="xx" lang="EN" type="twitter" url="https://twitter.com/Galachitaa">
	<documents count="76">
		<document id="238983282925117442" url="https://twitter.com/Galachitaa/status/238983282925117442"/>
		<document id="242719818711715840" url="https://twitter.com/Galachitaa/status/242719818711715840"/>
		<document id="249220769874337792" url="https://twitter.com/Galachitaa/status/249220769874337792"/>
		<document id="253239530671452162" url="https://twitter.com/Galachitaa/status/253239530671452162"/>
		<document id="258126404410032128" url="https://twitter.com/Galachitaa/status/258126404410032128"/>
		<document id="260467025963515904" url="https://twitter.com/Galachitaa/status/260467025963515904"/>
		<document id="260657093185519616" url="https://twitter.com/Galachitaa/status/260657093185519616"/>
		<document id="261085314855088128" url="https://twitter.com/Galachitaa/status/261085314855088128"/>
		<document id="262921702680444929" url="https://twitter.com/Galachitaa/status/262921702680444929"/>
		<document id="263558137481682945" url="https://twitter.com/Galachitaa/status/263558137481682945"/>
		<document id="268653361920897024" url="https://twitter.com/Galachitaa/status/268653361920897024"/>
		<document id="273450370590728193" url="https://twitter.com/Galachitaa/status/273450370590728193"/>
		<document id="273496516319141888" url="https://twitter.com/Galachitaa/status/273496516319141888"/>
		<document id="275508369626898432" url="https://twitter.com/Galachitaa/status/275508369626898432"/>
		<document id="278153923980824576" url="https://twitter.com/Galachitaa/status/278153923980824576"/>
		<document id="279186184075354113" url="https://twitter.com/Galachitaa/status/279186184075354113"/>
		<document id="284015516258025473" url="https://twitter.com/Galachitaa/status/284015516258025473"/>
		<document id="289285726493872128" url="https://twitter.com/Galachitaa/status/289285726493872128"/>
		<document id="294116305072685056" url="https://twitter.com/Galachitaa/status/294116305072685056"/>
		<document id="295568574611877888" url="https://twitter.com/Galachitaa/status/295568574611877888"/>
		<document id="309585600045002752" url="https://twitter.com/Galachitaa/status/309585600045002752"/>
		<document id="309686065395036161" url="https://twitter.com/Galachitaa/status/309686065395036161"/>
		<document id="322032764482367489" url="https://twitter.com/Galachitaa/status/322032764482367489"/>
		<document id="323347434732412928" url="https://twitter.com/Galachitaa/status/323347434732412928"/>
		<document id="327057351179907073" url="https://twitter.com/Galachitaa/status/327057351179907073"/>
		<document id="327730079562092544" url="https://twitter.com/Galachitaa/status/327730079562092544"/>
		<document id="328538786067783680" url="https://twitter.com/Galachitaa/status/328538786067783680"/>
		<document id="332446797865828354" url="https://twitter.com/Galachitaa/status/332446797865828354"/>
		<document id="332507250667159554" url="https://twitter.com/Galachitaa/status/332507250667159554"/>
		<document id="332914510300082177" url="https://twitter.com/Galachitaa/status/332914510300082177"/>
		<document id="382718726938050560" url="https://twitter.com/Galachitaa/status/382718726938050560"/>
		<document id="383422206115860480" url="https://twitter.com/Galachitaa/status/383422206115860480"/>
		<document id="401065580499042304" url="https://twitter.com/Galachitaa/status/401065580499042304"/>
		<document id="411817524909834240" url="https://twitter.com/Galachitaa/status/411817524909834240"/>
		<document id="411998990318989312" url="https://twitter.com/Galachitaa/status/411998990318989312"/>
		<document id="238983282925117442" url="https://twitter.com/Galachitaa/status/238983282925117442"/>
		<document id="242719818711715840" url="https://twitter.com/Galachitaa/status/242719818711715840"/>
		<document id="249220769874337792" url="https://twitter.com/Galachitaa/status/249220769874337792"/>
		<document id="253239530671452162" url="https://twitter.com/Galachitaa/status/253239530671452162"/>
		<document id="258126404410032128" url="https://twitter.com/Galachitaa/status/258126404410032128"/>
		<document id="260467025963515904" url="https://twitter.com/Galachitaa/status/260467025963515904"/>
		<document id="260657093185519616" url="https://twitter.com/Galachitaa/status/260657093185519616"/>
		<document id="261085314855088128" url="https://twitter.com/Galachitaa/status/261085314855088128"/>
		<document id="262921702680444929" url="https://twitter.com/Galachitaa/status/262921702680444929"/>
		<document id="263558137481682945" url="https://twitter.com/Galachitaa/status/263558137481682945"/>
		<document id="268653361920897024" url="https://twitter.com/Galachitaa/status/268653361920897024"/>
		<document id="273450370590728193" url="https://twitter.com/Galachitaa/status/273450370590728193"/>
		<document id="273496516319141888" url="https://twitter.com/Galachitaa/status/273496516319141888"/>
		<document id="275508369626898432" url="https://twitter.com/Galachitaa/status/275508369626898432"/>
		<document id="278153923980824576" url="https://twitter.com/Galachitaa/status/278153923980824576"/>
		<document id="279186184075354113" url="https://twitter.com/Galachitaa/status/279186184075354113"/>
		<document id="284015516258025473" url="https://twitter.com/Galachitaa/status/284015516258025473"/>
		<document id="289285726493872128" url="https://twitter.com/Galachitaa/status/289285726493872128"/>
		<document id="294116305072685056" url="https://twitter.com/Galachitaa/status/294116305072685056"/>
		<document id="295568574611877888" url="https://twitter.com/Galachitaa/status/295568574611877888"/>
		<document id="309585600045002752" url="https://twitter.com/Galachitaa/status/309585600045002752"/>
		<document id="309686065395036161" url="https://twitter.com/Galachitaa/status/309686065395036161"/>
		<document id="322032764482367489" url="https://twitter.com/Galachitaa/status/322032764482367489"/>
		<document id="323347434732412928" url="https://twitter.com/Galachitaa/status/323347434732412928"/>
		<document id="327057351179907073" url="https://twitter.com/Galachitaa/status/327057351179907073"/>
		<document id="327730079562092544" url="https://twitter.com/Galachitaa/status/327730079562092544"/>
		<document id="328538786067783680" url="https://twitter.com/Galachitaa/status/328538786067783680"/>
		<document id="332446797865828354" url="https://twitter.com/Galachitaa/status/332446797865828354"/>
		<document id="332507250667159554" url="https://twitter.com/Galachitaa/status/332507250667159554"/>
		<document id="332914510300082177" url="https://twitter.com/Galachitaa/status/332914510300082177"/>
		<document id="382718726938050560" url="https://twitter.com/Galachitaa/status/382718726938050560"/>
		<document id="383422206115860480" url="https://twitter.com/Galachitaa/status/383422206115860480"/>
		<document id="401065580499042304" url="https://twitter.com/Galachitaa/status/401065580499042304"/>
		<document id="411817524909834240" url="https://twitter.com/Galachitaa/status/411817524909834240"/>
		<document id="411998990318989312" url="https://twitter.com/Galachitaa/status/411998990318989312"/>
	</documents>
</author>