<?xml version="1.0" encoding="UTF-8" standalone="no"?><author age_group="xx" gender="xx" lang="EN" type="twitter" url="https://twitter.com/andyhodder">
	<documents count="925">
		<document id="384408044706476032" url="https://twitter.com/andyhodder/status/384408044706476032"/>
		<document id="384417933449236481" url="https://twitter.com/andyhodder/status/384417933449236481"/>
		<document id="384418491853709313" url="https://twitter.com/andyhodder/status/384418491853709313"/>
		<document id="384587639288246272" url="https://twitter.com/andyhodder/status/384587639288246272"/>
		<document id="384754200703676416" url="https://twitter.com/andyhodder/status/384754200703676416"/>
		<document id="384754920068775936" url="https://twitter.com/andyhodder/status/384754920068775936"/>
		<document id="384759190759415808" url="https://twitter.com/andyhodder/status/384759190759415808"/>
		<document id="384760870062260224" url="https://twitter.com/andyhodder/status/384760870062260224"/>
		<document id="384769538988179456" url="https://twitter.com/andyhodder/status/384769538988179456"/>
		<document id="384773245536600064" url="https://twitter.com/andyhodder/status/384773245536600064"/>
		<document id="384773891354529792" url="https://twitter.com/andyhodder/status/384773891354529792"/>
		<document id="385150199326597120" url="https://twitter.com/andyhodder/status/385150199326597120"/>
		<document id="385484645753950208" url="https://twitter.com/andyhodder/status/385484645753950208"/>
		<document id="385485888199077888" url="https://twitter.com/andyhodder/status/385485888199077888"/>
		<document id="385504792325672960" url="https://twitter.com/andyhodder/status/385504792325672960"/>
		<document id="385513019415228416" url="https://twitter.com/andyhodder/status/385513019415228416"/>
		<document id="385877537538465792" url="https://twitter.com/andyhodder/status/385877537538465792"/>
		<document id="385878534012809217" url="https://twitter.com/andyhodder/status/385878534012809217"/>
		<document id="385879619683221504" url="https://twitter.com/andyhodder/status/385879619683221504"/>
		<document id="386009888054595584" url="https://twitter.com/andyhodder/status/386009888054595584"/>
		<document id="386054205259390976" url="https://twitter.com/andyhodder/status/386054205259390976"/>
		<document id="386054351841939456" url="https://twitter.com/andyhodder/status/386054351841939456"/>
		<document id="386124082171088896" url="https://twitter.com/andyhodder/status/386124082171088896"/>
		<document id="386150803515650048" url="https://twitter.com/andyhodder/status/386150803515650048"/>
		<document id="386152620743999488" url="https://twitter.com/andyhodder/status/386152620743999488"/>
		<document id="386166465076158464" url="https://twitter.com/andyhodder/status/386166465076158464"/>
		<document id="386166779258871808" url="https://twitter.com/andyhodder/status/386166779258871808"/>
		<document id="386167126584987648" url="https://twitter.com/andyhodder/status/386167126584987648"/>
		<document id="386169937775316992" url="https://twitter.com/andyhodder/status/386169937775316992"/>
		<document id="386216923429867520" url="https://twitter.com/andyhodder/status/386216923429867520"/>
		<document id="386217848789794816" url="https://twitter.com/andyhodder/status/386217848789794816"/>
		<document id="386218644306665472" url="https://twitter.com/andyhodder/status/386218644306665472"/>
		<document id="386223204442046464" url="https://twitter.com/andyhodder/status/386223204442046464"/>
		<document id="386225599607762944" url="https://twitter.com/andyhodder/status/386225599607762944"/>
		<document id="386226800072077312" url="https://twitter.com/andyhodder/status/386226800072077312"/>
		<document id="386231621672009728" url="https://twitter.com/andyhodder/status/386231621672009728"/>
		<document id="386239629768531968" url="https://twitter.com/andyhodder/status/386239629768531968"/>
		<document id="386243668304494592" url="https://twitter.com/andyhodder/status/386243668304494592"/>
		<document id="386247746178793472" url="https://twitter.com/andyhodder/status/386247746178793472"/>
		<document id="386248032582643712" url="https://twitter.com/andyhodder/status/386248032582643712"/>
		<document id="386480620194762752" url="https://twitter.com/andyhodder/status/386480620194762752"/>
		<document id="386492413294178305" url="https://twitter.com/andyhodder/status/386492413294178305"/>
		<document id="386492901687312384" url="https://twitter.com/andyhodder/status/386492901687312384"/>
		<document id="386557507336151041" url="https://twitter.com/andyhodder/status/386557507336151041"/>
		<document id="386557675523547136" url="https://twitter.com/andyhodder/status/386557675523547136"/>
		<document id="386558070018830336" url="https://twitter.com/andyhodder/status/386558070018830336"/>
		<document id="386577436487729152" url="https://twitter.com/andyhodder/status/386577436487729152"/>
		<document id="386577831754739712" url="https://twitter.com/andyhodder/status/386577831754739712"/>
		<document id="386583178523459584" url="https://twitter.com/andyhodder/status/386583178523459584"/>
		<document id="386590588457717760" url="https://twitter.com/andyhodder/status/386590588457717760"/>
		<document id="386592616038793216" url="https://twitter.com/andyhodder/status/386592616038793216"/>
		<document id="386593701482733568" url="https://twitter.com/andyhodder/status/386593701482733568"/>
		<document id="386611355245350913" url="https://twitter.com/andyhodder/status/386611355245350913"/>
		<document id="386747373260931072" url="https://twitter.com/andyhodder/status/386747373260931072"/>
		<document id="386772157554253825" url="https://twitter.com/andyhodder/status/386772157554253825"/>
		<document id="386772672862244864" url="https://twitter.com/andyhodder/status/386772672862244864"/>
		<document id="386785034935762944" url="https://twitter.com/andyhodder/status/386785034935762944"/>
		<document id="386795358355206144" url="https://twitter.com/andyhodder/status/386795358355206144"/>
		<document id="386871229199949824" url="https://twitter.com/andyhodder/status/386871229199949824"/>
		<document id="386871426273525760" url="https://twitter.com/andyhodder/status/386871426273525760"/>
		<document id="386917484978528256" url="https://twitter.com/andyhodder/status/386917484978528256"/>
		<document id="386930016250261504" url="https://twitter.com/andyhodder/status/386930016250261504"/>
		<document id="386930284798963712" url="https://twitter.com/andyhodder/status/386930284798963712"/>
		<document id="386954293934555136" url="https://twitter.com/andyhodder/status/386954293934555136"/>
		<document id="386954732843307008" url="https://twitter.com/andyhodder/status/386954732843307008"/>
		<document id="386955199912628224" url="https://twitter.com/andyhodder/status/386955199912628224"/>
		<document id="386962044265967616" url="https://twitter.com/andyhodder/status/386962044265967616"/>
		<document id="386963280306401280" url="https://twitter.com/andyhodder/status/386963280306401280"/>
		<document id="386964158455234561" url="https://twitter.com/andyhodder/status/386964158455234561"/>
		<document id="387318761856176129" url="https://twitter.com/andyhodder/status/387318761856176129"/>
		<document id="387319619218079744" url="https://twitter.com/andyhodder/status/387319619218079744"/>
		<document id="387662465825533952" url="https://twitter.com/andyhodder/status/387662465825533952"/>
		<document id="387669102892171265" url="https://twitter.com/andyhodder/status/387669102892171265"/>
		<document id="387669629440913408" url="https://twitter.com/andyhodder/status/387669629440913408"/>
		<document id="387682308016590848" url="https://twitter.com/andyhodder/status/387682308016590848"/>
		<document id="387682754198257664" url="https://twitter.com/andyhodder/status/387682754198257664"/>
		<document id="388711129801064448" url="https://twitter.com/andyhodder/status/388711129801064448"/>
		<document id="388713877346979840" url="https://twitter.com/andyhodder/status/388713877346979840"/>
		<document id="388719436179722240" url="https://twitter.com/andyhodder/status/388719436179722240"/>
		<document id="388720018684657664" url="https://twitter.com/andyhodder/status/388720018684657664"/>
		<document id="388778298748448768" url="https://twitter.com/andyhodder/status/388778298748448768"/>
		<document id="388778618815795201" url="https://twitter.com/andyhodder/status/388778618815795201"/>
		<document id="388952345172008960" url="https://twitter.com/andyhodder/status/388952345172008960"/>
		<document id="388977172591165440" url="https://twitter.com/andyhodder/status/388977172591165440"/>
		<document id="389085569814630400" url="https://twitter.com/andyhodder/status/389085569814630400"/>
		<document id="389095502576615424" url="https://twitter.com/andyhodder/status/389095502576615424"/>
		<document id="389109909041975296" url="https://twitter.com/andyhodder/status/389109909041975296"/>
		<document id="389109942277640192" url="https://twitter.com/andyhodder/status/389109942277640192"/>
		<document id="389114662455099393" url="https://twitter.com/andyhodder/status/389114662455099393"/>
		<document id="389120892540026880" url="https://twitter.com/andyhodder/status/389120892540026880"/>
		<document id="389131842416545792" url="https://twitter.com/andyhodder/status/389131842416545792"/>
		<document id="389134052084957184" url="https://twitter.com/andyhodder/status/389134052084957184"/>
		<document id="389137317333831681" url="https://twitter.com/andyhodder/status/389137317333831681"/>
		<document id="389137441946599425" url="https://twitter.com/andyhodder/status/389137441946599425"/>
		<document id="389140677835374593" url="https://twitter.com/andyhodder/status/389140677835374593"/>
		<document id="389149816766603264" url="https://twitter.com/andyhodder/status/389149816766603264"/>
		<document id="389150098602864640" url="https://twitter.com/andyhodder/status/389150098602864640"/>
		<document id="389150195768131584" url="https://twitter.com/andyhodder/status/389150195768131584"/>
		<document id="389150737105960961" url="https://twitter.com/andyhodder/status/389150737105960961"/>
		<document id="389151708695506944" url="https://twitter.com/andyhodder/status/389151708695506944"/>
		<document id="389155227620102144" url="https://twitter.com/andyhodder/status/389155227620102144"/>
		<document id="389156097011249152" url="https://twitter.com/andyhodder/status/389156097011249152"/>
		<document id="389156870692564992" url="https://twitter.com/andyhodder/status/389156870692564992"/>
		<document id="389157653030907904" url="https://twitter.com/andyhodder/status/389157653030907904"/>
		<document id="389158144909529088" url="https://twitter.com/andyhodder/status/389158144909529088"/>
		<document id="389158329471500288" url="https://twitter.com/andyhodder/status/389158329471500288"/>
		<document id="389158620539387904" url="https://twitter.com/andyhodder/status/389158620539387904"/>
		<document id="389159879967277056" url="https://twitter.com/andyhodder/status/389159879967277056"/>
		<document id="389313658930880512" url="https://twitter.com/andyhodder/status/389313658930880512"/>
		<document id="389314351947345920" url="https://twitter.com/andyhodder/status/389314351947345920"/>
		<document id="389382040250253312" url="https://twitter.com/andyhodder/status/389382040250253312"/>
		<document id="389440274935840768" url="https://twitter.com/andyhodder/status/389440274935840768"/>
		<document id="389492754843463680" url="https://twitter.com/andyhodder/status/389492754843463680"/>
		<document id="389492826696065025" url="https://twitter.com/andyhodder/status/389492826696065025"/>
		<document id="389845848877969408" url="https://twitter.com/andyhodder/status/389845848877969408"/>
		<document id="390037416092139520" url="https://twitter.com/andyhodder/status/390037416092139520"/>
		<document id="390385697057939456" url="https://twitter.com/andyhodder/status/390385697057939456"/>
		<document id="390539903102377984" url="https://twitter.com/andyhodder/status/390539903102377984"/>
		<document id="390551389489082368" url="https://twitter.com/andyhodder/status/390551389489082368"/>
		<document id="390551458955141120" url="https://twitter.com/andyhodder/status/390551458955141120"/>
		<document id="390553831727435776" url="https://twitter.com/andyhodder/status/390553831727435776"/>
		<document id="390565488553889792" url="https://twitter.com/andyhodder/status/390565488553889792"/>
		<document id="390567481729089536" url="https://twitter.com/andyhodder/status/390567481729089536"/>
		<document id="390567661467602944" url="https://twitter.com/andyhodder/status/390567661467602944"/>
		<document id="390583271081639936" url="https://twitter.com/andyhodder/status/390583271081639936"/>
		<document id="390587576568250370" url="https://twitter.com/andyhodder/status/390587576568250370"/>
		<document id="390759128924434432" url="https://twitter.com/andyhodder/status/390759128924434432"/>
		<document id="391140233284444160" url="https://twitter.com/andyhodder/status/391140233284444160"/>
		<document id="391301849942593536" url="https://twitter.com/andyhodder/status/391301849942593536"/>
		<document id="391302018402615296" url="https://twitter.com/andyhodder/status/391302018402615296"/>
		<document id="391302701407293440" url="https://twitter.com/andyhodder/status/391302701407293440"/>
		<document id="391303448073097216" url="https://twitter.com/andyhodder/status/391303448073097216"/>
		<document id="391306641838465024" url="https://twitter.com/andyhodder/status/391306641838465024"/>
		<document id="391338229745872896" url="https://twitter.com/andyhodder/status/391338229745872896"/>
		<document id="391490801039327232" url="https://twitter.com/andyhodder/status/391490801039327232"/>
		<document id="391622584078708736" url="https://twitter.com/andyhodder/status/391622584078708736"/>
		<document id="391623023532720128" url="https://twitter.com/andyhodder/status/391623023532720128"/>
		<document id="391659837635186688" url="https://twitter.com/andyhodder/status/391659837635186688"/>
		<document id="391664447976407040" url="https://twitter.com/andyhodder/status/391664447976407040"/>
		<document id="391668657530892290" url="https://twitter.com/andyhodder/status/391668657530892290"/>
		<document id="391817151939891200" url="https://twitter.com/andyhodder/status/391817151939891200"/>
		<document id="391941209834266624" url="https://twitter.com/andyhodder/status/391941209834266624"/>
		<document id="391983479019560960" url="https://twitter.com/andyhodder/status/391983479019560960"/>
		<document id="391983708221472769" url="https://twitter.com/andyhodder/status/391983708221472769"/>
		<document id="391984524152041473" url="https://twitter.com/andyhodder/status/391984524152041473"/>
		<document id="392020914495553538" url="https://twitter.com/andyhodder/status/392020914495553538"/>
		<document id="392194536778522625" url="https://twitter.com/andyhodder/status/392194536778522625"/>
		<document id="392194688851410944" url="https://twitter.com/andyhodder/status/392194688851410944"/>
		<document id="392194841570197504" url="https://twitter.com/andyhodder/status/392194841570197504"/>
		<document id="392231454379618304" url="https://twitter.com/andyhodder/status/392231454379618304"/>
		<document id="392231546901770240" url="https://twitter.com/andyhodder/status/392231546901770240"/>
		<document id="392382437239832576" url="https://twitter.com/andyhodder/status/392382437239832576"/>
		<document id="392385316273020930" url="https://twitter.com/andyhodder/status/392385316273020930"/>
		<document id="392386590389317632" url="https://twitter.com/andyhodder/status/392386590389317632"/>
		<document id="392388998595096576" url="https://twitter.com/andyhodder/status/392388998595096576"/>
		<document id="392610916250165248" url="https://twitter.com/andyhodder/status/392610916250165248"/>
		<document id="392611060928499712" url="https://twitter.com/andyhodder/status/392611060928499712"/>
		<document id="392611378500227072" url="https://twitter.com/andyhodder/status/392611378500227072"/>
		<document id="392653533407109120" url="https://twitter.com/andyhodder/status/392653533407109120"/>
		<document id="392759637688475648" url="https://twitter.com/andyhodder/status/392759637688475648"/>
		<document id="393095985125421056" url="https://twitter.com/andyhodder/status/393095985125421056"/>
		<document id="393121564012847104" url="https://twitter.com/andyhodder/status/393121564012847104"/>
		<document id="393123661626228736" url="https://twitter.com/andyhodder/status/393123661626228736"/>
		<document id="393657370129469440" url="https://twitter.com/andyhodder/status/393657370129469440"/>
		<document id="393713331594616832" url="https://twitter.com/andyhodder/status/393713331594616832"/>
		<document id="393808177864912896" url="https://twitter.com/andyhodder/status/393808177864912896"/>
		<document id="393836438317711360" url="https://twitter.com/andyhodder/status/393836438317711360"/>
		<document id="394012673027100672" url="https://twitter.com/andyhodder/status/394012673027100672"/>
		<document id="394129530472120321" url="https://twitter.com/andyhodder/status/394129530472120321"/>
		<document id="394130804244492288" url="https://twitter.com/andyhodder/status/394130804244492288"/>
		<document id="394158091706855424" url="https://twitter.com/andyhodder/status/394158091706855424"/>
		<document id="394174205740453888" url="https://twitter.com/andyhodder/status/394174205740453888"/>
		<document id="394189623779659776" url="https://twitter.com/andyhodder/status/394189623779659776"/>
		<document id="394190760939380736" url="https://twitter.com/andyhodder/status/394190760939380736"/>
		<document id="394192266077958144" url="https://twitter.com/andyhodder/status/394192266077958144"/>
		<document id="394193929740242944" url="https://twitter.com/andyhodder/status/394193929740242944"/>
		<document id="394194580109029376" url="https://twitter.com/andyhodder/status/394194580109029376"/>
		<document id="394195014760534016" url="https://twitter.com/andyhodder/status/394195014760534016"/>
		<document id="394195222856351744" url="https://twitter.com/andyhodder/status/394195222856351744"/>
		<document id="394203372913688576" url="https://twitter.com/andyhodder/status/394203372913688576"/>
		<document id="394204655808700416" url="https://twitter.com/andyhodder/status/394204655808700416"/>
		<document id="394205297180692480" url="https://twitter.com/andyhodder/status/394205297180692480"/>
		<document id="394211859236392960" url="https://twitter.com/andyhodder/status/394211859236392960"/>
		<document id="394212505624772608" url="https://twitter.com/andyhodder/status/394212505624772608"/>
		<document id="394219999298342912" url="https://twitter.com/andyhodder/status/394219999298342912"/>
		<document id="394225780026535937" url="https://twitter.com/andyhodder/status/394225780026535937"/>
		<document id="394227600148922369" url="https://twitter.com/andyhodder/status/394227600148922369"/>
		<document id="394361047030980608" url="https://twitter.com/andyhodder/status/394361047030980608"/>
		<document id="394411806061772800" url="https://twitter.com/andyhodder/status/394411806061772800"/>
		<document id="394451870074544128" url="https://twitter.com/andyhodder/status/394451870074544128"/>
		<document id="394452843484446720" url="https://twitter.com/andyhodder/status/394452843484446720"/>
		<document id="394457311999451136" url="https://twitter.com/andyhodder/status/394457311999451136"/>
		<document id="394461287947960320" url="https://twitter.com/andyhodder/status/394461287947960320"/>
		<document id="394550138829819904" url="https://twitter.com/andyhodder/status/394550138829819904"/>
		<document id="394551420764295168" url="https://twitter.com/andyhodder/status/394551420764295168"/>
		<document id="394552260950097920" url="https://twitter.com/andyhodder/status/394552260950097920"/>
		<document id="394553645716365312" url="https://twitter.com/andyhodder/status/394553645716365312"/>
		<document id="394561204393607169" url="https://twitter.com/andyhodder/status/394561204393607169"/>
		<document id="394561719953264640" url="https://twitter.com/andyhodder/status/394561719953264640"/>
		<document id="394562098598268928" url="https://twitter.com/andyhodder/status/394562098598268928"/>
		<document id="394562251510022144" url="https://twitter.com/andyhodder/status/394562251510022144"/>
		<document id="394562830944731136" url="https://twitter.com/andyhodder/status/394562830944731136"/>
		<document id="394576206466936832" url="https://twitter.com/andyhodder/status/394576206466936832"/>
		<document id="394742824492867584" url="https://twitter.com/andyhodder/status/394742824492867584"/>
		<document id="394748842715136000" url="https://twitter.com/andyhodder/status/394748842715136000"/>
		<document id="395291846215475200" url="https://twitter.com/andyhodder/status/395291846215475200"/>
		<document id="395296160262651904" url="https://twitter.com/andyhodder/status/395296160262651904"/>
		<document id="395312415724040192" url="https://twitter.com/andyhodder/status/395312415724040192"/>
		<document id="395312764983726080" url="https://twitter.com/andyhodder/status/395312764983726080"/>
		<document id="395466518030737408" url="https://twitter.com/andyhodder/status/395466518030737408"/>
		<document id="395466953072324608" url="https://twitter.com/andyhodder/status/395466953072324608"/>
		<document id="395467590858182656" url="https://twitter.com/andyhodder/status/395467590858182656"/>
		<document id="395474019061092352" url="https://twitter.com/andyhodder/status/395474019061092352"/>
		<document id="395474534197125120" url="https://twitter.com/andyhodder/status/395474534197125120"/>
		<document id="395626520561319936" url="https://twitter.com/andyhodder/status/395626520561319936"/>
		<document id="395654189160099840" url="https://twitter.com/andyhodder/status/395654189160099840"/>
		<document id="395654892188360704" url="https://twitter.com/andyhodder/status/395654892188360704"/>
		<document id="395671398456516608" url="https://twitter.com/andyhodder/status/395671398456516608"/>
		<document id="395672000892772352" url="https://twitter.com/andyhodder/status/395672000892772352"/>
		<document id="395672287015632896" url="https://twitter.com/andyhodder/status/395672287015632896"/>
		<document id="395897182337130496" url="https://twitter.com/andyhodder/status/395897182337130496"/>
		<document id="395897386775891968" url="https://twitter.com/andyhodder/status/395897386775891968"/>
		<document id="395897645493133312" url="https://twitter.com/andyhodder/status/395897645493133312"/>
		<document id="395973035129589760" url="https://twitter.com/andyhodder/status/395973035129589760"/>
		<document id="395984910676398080" url="https://twitter.com/andyhodder/status/395984910676398080"/>
		<document id="395990034400432128" url="https://twitter.com/andyhodder/status/395990034400432128"/>
		<document id="395997186858958848" url="https://twitter.com/andyhodder/status/395997186858958848"/>
		<document id="396173521560539136" url="https://twitter.com/andyhodder/status/396173521560539136"/>
		<document id="396175890423746561" url="https://twitter.com/andyhodder/status/396175890423746561"/>
		<document id="396183436895195136" url="https://twitter.com/andyhodder/status/396183436895195136"/>
		<document id="396188612188196864" url="https://twitter.com/andyhodder/status/396188612188196864"/>
		<document id="396201292168962048" url="https://twitter.com/andyhodder/status/396201292168962048"/>
		<document id="396235809034346496" url="https://twitter.com/andyhodder/status/396235809034346496"/>
		<document id="396254707737694208" url="https://twitter.com/andyhodder/status/396254707737694208"/>
		<document id="396267686659100672" url="https://twitter.com/andyhodder/status/396267686659100672"/>
		<document id="396306034211696640" url="https://twitter.com/andyhodder/status/396306034211696640"/>
		<document id="396318965653577728" url="https://twitter.com/andyhodder/status/396318965653577728"/>
		<document id="396321296222797824" url="https://twitter.com/andyhodder/status/396321296222797824"/>
		<document id="396325433593298944" url="https://twitter.com/andyhodder/status/396325433593298944"/>
		<document id="396334856416026626" url="https://twitter.com/andyhodder/status/396334856416026626"/>
		<document id="396335669536370689" url="https://twitter.com/andyhodder/status/396335669536370689"/>
		<document id="396344346884472834" url="https://twitter.com/andyhodder/status/396344346884472834"/>
		<document id="396345415228223488" url="https://twitter.com/andyhodder/status/396345415228223488"/>
		<document id="396345670493560832" url="https://twitter.com/andyhodder/status/396345670493560832"/>
		<document id="396350302112464896" url="https://twitter.com/andyhodder/status/396350302112464896"/>
		<document id="396350881509425152" url="https://twitter.com/andyhodder/status/396350881509425152"/>
		<document id="396385663899422720" url="https://twitter.com/andyhodder/status/396385663899422720"/>
		<document id="396385895148163072" url="https://twitter.com/andyhodder/status/396385895148163072"/>
		<document id="396394233856536576" url="https://twitter.com/andyhodder/status/396394233856536576"/>
		<document id="396395718279446528" url="https://twitter.com/andyhodder/status/396395718279446528"/>
		<document id="396395794762584064" url="https://twitter.com/andyhodder/status/396395794762584064"/>
		<document id="396396417373454336" url="https://twitter.com/andyhodder/status/396396417373454336"/>
		<document id="396401384071114752" url="https://twitter.com/andyhodder/status/396401384071114752"/>
		<document id="396403285831454721" url="https://twitter.com/andyhodder/status/396403285831454721"/>
		<document id="396408992941228033" url="https://twitter.com/andyhodder/status/396408992941228033"/>
		<document id="396409533704470528" url="https://twitter.com/andyhodder/status/396409533704470528"/>
		<document id="396409948311420929" url="https://twitter.com/andyhodder/status/396409948311420929"/>
		<document id="396413585460854784" url="https://twitter.com/andyhodder/status/396413585460854784"/>
		<document id="396419170969337856" url="https://twitter.com/andyhodder/status/396419170969337856"/>
		<document id="396422191690293248" url="https://twitter.com/andyhodder/status/396422191690293248"/>
		<document id="396543688442396672" url="https://twitter.com/andyhodder/status/396543688442396672"/>
		<document id="396555630607368192" url="https://twitter.com/andyhodder/status/396555630607368192"/>
		<document id="396557732129816576" url="https://twitter.com/andyhodder/status/396557732129816576"/>
		<document id="396629784593465344" url="https://twitter.com/andyhodder/status/396629784593465344"/>
		<document id="396630189981319168" url="https://twitter.com/andyhodder/status/396630189981319168"/>
		<document id="396639413184520192" url="https://twitter.com/andyhodder/status/396639413184520192"/>
		<document id="396664830763225088" url="https://twitter.com/andyhodder/status/396664830763225088"/>
		<document id="396669750413377536" url="https://twitter.com/andyhodder/status/396669750413377536"/>
		<document id="396670308599746560" url="https://twitter.com/andyhodder/status/396670308599746560"/>
		<document id="396670951049662465" url="https://twitter.com/andyhodder/status/396670951049662465"/>
		<document id="396684116022026240" url="https://twitter.com/andyhodder/status/396684116022026240"/>
		<document id="396700204139040768" url="https://twitter.com/andyhodder/status/396700204139040768"/>
		<document id="396744874244206592" url="https://twitter.com/andyhodder/status/396744874244206592"/>
		<document id="396745364361216001" url="https://twitter.com/andyhodder/status/396745364361216001"/>
		<document id="396937122399391745" url="https://twitter.com/andyhodder/status/396937122399391745"/>
		<document id="396941472953810944" url="https://twitter.com/andyhodder/status/396941472953810944"/>
		<document id="396942151055339520" url="https://twitter.com/andyhodder/status/396942151055339520"/>
		<document id="396963420299624448" url="https://twitter.com/andyhodder/status/396963420299624448"/>
		<document id="396963503950405632" url="https://twitter.com/andyhodder/status/396963503950405632"/>
		<document id="396963890250395648" url="https://twitter.com/andyhodder/status/396963890250395648"/>
		<document id="396978672928047105" url="https://twitter.com/andyhodder/status/396978672928047105"/>
		<document id="396978932941340672" url="https://twitter.com/andyhodder/status/396978932941340672"/>
		<document id="396979716441534464" url="https://twitter.com/andyhodder/status/396979716441534464"/>
		<document id="396980359956799488" url="https://twitter.com/andyhodder/status/396980359956799488"/>
		<document id="396981799026700288" url="https://twitter.com/andyhodder/status/396981799026700288"/>
		<document id="397125652148932608" url="https://twitter.com/andyhodder/status/397125652148932608"/>
		<document id="397126764604170242" url="https://twitter.com/andyhodder/status/397126764604170242"/>
		<document id="397126809864912896" url="https://twitter.com/andyhodder/status/397126809864912896"/>
		<document id="397128284904771585" url="https://twitter.com/andyhodder/status/397128284904771585"/>
		<document id="397473671226613760" url="https://twitter.com/andyhodder/status/397473671226613760"/>
		<document id="397476464263954432" url="https://twitter.com/andyhodder/status/397476464263954432"/>
		<document id="397479596599574528" url="https://twitter.com/andyhodder/status/397479596599574528"/>
		<document id="397479789696925696" url="https://twitter.com/andyhodder/status/397479789696925696"/>
		<document id="397481194172198912" url="https://twitter.com/andyhodder/status/397481194172198912"/>
		<document id="397481264833654784" url="https://twitter.com/andyhodder/status/397481264833654784"/>
		<document id="397482366362734593" url="https://twitter.com/andyhodder/status/397482366362734593"/>
		<document id="397482740347842560" url="https://twitter.com/andyhodder/status/397482740347842560"/>
		<document id="397485397087105025" url="https://twitter.com/andyhodder/status/397485397087105025"/>
		<document id="397625148310040576" url="https://twitter.com/andyhodder/status/397625148310040576"/>
		<document id="397639897886228480" url="https://twitter.com/andyhodder/status/397639897886228480"/>
		<document id="397640330201550848" url="https://twitter.com/andyhodder/status/397640330201550848"/>
		<document id="397640679016259584" url="https://twitter.com/andyhodder/status/397640679016259584"/>
		<document id="397656072737263616" url="https://twitter.com/andyhodder/status/397656072737263616"/>
		<document id="397989276727926784" url="https://twitter.com/andyhodder/status/397989276727926784"/>
		<document id="397990367637024768" url="https://twitter.com/andyhodder/status/397990367637024768"/>
		<document id="398172521209810946" url="https://twitter.com/andyhodder/status/398172521209810946"/>
		<document id="398173507504582656" url="https://twitter.com/andyhodder/status/398173507504582656"/>
		<document id="398173701914783744" url="https://twitter.com/andyhodder/status/398173701914783744"/>
		<document id="398180442794643456" url="https://twitter.com/andyhodder/status/398180442794643456"/>
		<document id="398180949634322432" url="https://twitter.com/andyhodder/status/398180949634322432"/>
		<document id="398186567858388993" url="https://twitter.com/andyhodder/status/398186567858388993"/>
		<document id="398206521466949633" url="https://twitter.com/andyhodder/status/398206521466949633"/>
		<document id="398206661560893440" url="https://twitter.com/andyhodder/status/398206661560893440"/>
		<document id="398206687351689217" url="https://twitter.com/andyhodder/status/398206687351689217"/>
		<document id="398462658363805696" url="https://twitter.com/andyhodder/status/398462658363805696"/>
		<document id="398520424629555201" url="https://twitter.com/andyhodder/status/398520424629555201"/>
		<document id="398576159044415489" url="https://twitter.com/andyhodder/status/398576159044415489"/>
		<document id="398791191124529152" url="https://twitter.com/andyhodder/status/398791191124529152"/>
		<document id="398793534012395520" url="https://twitter.com/andyhodder/status/398793534012395520"/>
		<document id="398793904654659584" url="https://twitter.com/andyhodder/status/398793904654659584"/>
		<document id="398794500866572288" url="https://twitter.com/andyhodder/status/398794500866572288"/>
		<document id="398877445535051777" url="https://twitter.com/andyhodder/status/398877445535051777"/>
		<document id="398878097862561792" url="https://twitter.com/andyhodder/status/398878097862561792"/>
		<document id="398880532718956544" url="https://twitter.com/andyhodder/status/398880532718956544"/>
		<document id="398880987050168320" url="https://twitter.com/andyhodder/status/398880987050168320"/>
		<document id="399089119667957760" url="https://twitter.com/andyhodder/status/399089119667957760"/>
		<document id="399105522118701056" url="https://twitter.com/andyhodder/status/399105522118701056"/>
		<document id="399148352857964544" url="https://twitter.com/andyhodder/status/399148352857964544"/>
		<document id="399169653572112384" url="https://twitter.com/andyhodder/status/399169653572112384"/>
		<document id="399183262494785536" url="https://twitter.com/andyhodder/status/399183262494785536"/>
		<document id="399183540111548416" url="https://twitter.com/andyhodder/status/399183540111548416"/>
		<document id="399183596873068544" url="https://twitter.com/andyhodder/status/399183596873068544"/>
		<document id="399201752056344576" url="https://twitter.com/andyhodder/status/399201752056344576"/>
		<document id="399211079676751872" url="https://twitter.com/andyhodder/status/399211079676751872"/>
		<document id="399217818975350784" url="https://twitter.com/andyhodder/status/399217818975350784"/>
		<document id="399220515354988545" url="https://twitter.com/andyhodder/status/399220515354988545"/>
		<document id="399226798560788480" url="https://twitter.com/andyhodder/status/399226798560788480"/>
		<document id="399226971710054400" url="https://twitter.com/andyhodder/status/399226971710054400"/>
		<document id="399266323286745088" url="https://twitter.com/andyhodder/status/399266323286745088"/>
		<document id="399268146064162816" url="https://twitter.com/andyhodder/status/399268146064162816"/>
		<document id="399269578142150656" url="https://twitter.com/andyhodder/status/399269578142150656"/>
		<document id="399282799095869440" url="https://twitter.com/andyhodder/status/399282799095869440"/>
		<document id="399284005235093504" url="https://twitter.com/andyhodder/status/399284005235093504"/>
		<document id="399284817923407872" url="https://twitter.com/andyhodder/status/399284817923407872"/>
		<document id="399438883752263680" url="https://twitter.com/andyhodder/status/399438883752263680"/>
		<document id="399448311280988160" url="https://twitter.com/andyhodder/status/399448311280988160"/>
		<document id="399464022262960128" url="https://twitter.com/andyhodder/status/399464022262960128"/>
		<document id="399469450271141888" url="https://twitter.com/andyhodder/status/399469450271141888"/>
		<document id="399469858733457408" url="https://twitter.com/andyhodder/status/399469858733457408"/>
		<document id="399511560596758528" url="https://twitter.com/andyhodder/status/399511560596758528"/>
		<document id="399521026281054208" url="https://twitter.com/andyhodder/status/399521026281054208"/>
		<document id="399523294619385856" url="https://twitter.com/andyhodder/status/399523294619385856"/>
		<document id="399626061522403328" url="https://twitter.com/andyhodder/status/399626061522403328"/>
		<document id="399626283162009600" url="https://twitter.com/andyhodder/status/399626283162009600"/>
		<document id="399626858041733120" url="https://twitter.com/andyhodder/status/399626858041733120"/>
		<document id="399629446820679680" url="https://twitter.com/andyhodder/status/399629446820679680"/>
		<document id="399631358517338112" url="https://twitter.com/andyhodder/status/399631358517338112"/>
		<document id="399655337948893184" url="https://twitter.com/andyhodder/status/399655337948893184"/>
		<document id="399659293034967040" url="https://twitter.com/andyhodder/status/399659293034967040"/>
		<document id="399809713015390208" url="https://twitter.com/andyhodder/status/399809713015390208"/>
		<document id="399816538674716672" url="https://twitter.com/andyhodder/status/399816538674716672"/>
		<document id="399905305154551808" url="https://twitter.com/andyhodder/status/399905305154551808"/>
		<document id="400019997487267842" url="https://twitter.com/andyhodder/status/400019997487267842"/>
		<document id="400020252752629760" url="https://twitter.com/andyhodder/status/400020252752629760"/>
		<document id="400020361557073920" url="https://twitter.com/andyhodder/status/400020361557073920"/>
		<document id="400020519543918592" url="https://twitter.com/andyhodder/status/400020519543918592"/>
		<document id="400164018817859584" url="https://twitter.com/andyhodder/status/400164018817859584"/>
		<document id="400164359009492992" url="https://twitter.com/andyhodder/status/400164359009492992"/>
		<document id="400167964777152512" url="https://twitter.com/andyhodder/status/400167964777152512"/>
		<document id="400184884389756929" url="https://twitter.com/andyhodder/status/400184884389756929"/>
		<document id="400384259166568448" url="https://twitter.com/andyhodder/status/400384259166568448"/>
		<document id="400384511965663232" url="https://twitter.com/andyhodder/status/400384511965663232"/>
		<document id="400384936886431744" url="https://twitter.com/andyhodder/status/400384936886431744"/>
		<document id="400385455986049024" url="https://twitter.com/andyhodder/status/400385455986049024"/>
		<document id="400541802287333376" url="https://twitter.com/andyhodder/status/400541802287333376"/>
		<document id="400546004006891520" url="https://twitter.com/andyhodder/status/400546004006891520"/>
		<document id="400683916040105984" url="https://twitter.com/andyhodder/status/400683916040105984"/>
		<document id="400885831109730304" url="https://twitter.com/andyhodder/status/400885831109730304"/>
		<document id="401075004244496384" url="https://twitter.com/andyhodder/status/401075004244496384"/>
		<document id="401089486597410818" url="https://twitter.com/andyhodder/status/401089486597410818"/>
		<document id="401090623039885313" url="https://twitter.com/andyhodder/status/401090623039885313"/>
		<document id="401090727364804609" url="https://twitter.com/andyhodder/status/401090727364804609"/>
		<document id="401090883447435264" url="https://twitter.com/andyhodder/status/401090883447435264"/>
		<document id="401091658957475840" url="https://twitter.com/andyhodder/status/401091658957475840"/>
		<document id="401096865573511168" url="https://twitter.com/andyhodder/status/401096865573511168"/>
		<document id="401097669093122048" url="https://twitter.com/andyhodder/status/401097669093122048"/>
		<document id="401099976308449280" url="https://twitter.com/andyhodder/status/401099976308449280"/>
		<document id="401100209515945984" url="https://twitter.com/andyhodder/status/401100209515945984"/>
		<document id="401250942794092544" url="https://twitter.com/andyhodder/status/401250942794092544"/>
		<document id="401412342690643968" url="https://twitter.com/andyhodder/status/401412342690643968"/>
		<document id="401427325688250368" url="https://twitter.com/andyhodder/status/401427325688250368"/>
		<document id="401431049374556160" url="https://twitter.com/andyhodder/status/401431049374556160"/>
		<document id="401431501105266688" url="https://twitter.com/andyhodder/status/401431501105266688"/>
		<document id="401498780920737792" url="https://twitter.com/andyhodder/status/401498780920737792"/>
		<document id="401499381624758273" url="https://twitter.com/andyhodder/status/401499381624758273"/>
		<document id="401499963152400384" url="https://twitter.com/andyhodder/status/401499963152400384"/>
		<document id="401500131255910400" url="https://twitter.com/andyhodder/status/401500131255910400"/>
		<document id="401605373263892480" url="https://twitter.com/andyhodder/status/401605373263892480"/>
		<document id="401605423880753152" url="https://twitter.com/andyhodder/status/401605423880753152"/>
		<document id="401605544546697217" url="https://twitter.com/andyhodder/status/401605544546697217"/>
		<document id="401607301997797376" url="https://twitter.com/andyhodder/status/401607301997797376"/>
		<document id="401643437927436288" url="https://twitter.com/andyhodder/status/401643437927436288"/>
		<document id="401643536158052352" url="https://twitter.com/andyhodder/status/401643536158052352"/>
		<document id="401645991830749184" url="https://twitter.com/andyhodder/status/401645991830749184"/>
		<document id="402037285690277888" url="https://twitter.com/andyhodder/status/402037285690277888"/>
		<document id="402114800727375872" url="https://twitter.com/andyhodder/status/402114800727375872"/>
		<document id="402145996354105344" url="https://twitter.com/andyhodder/status/402145996354105344"/>
		<document id="402165902034337793" url="https://twitter.com/andyhodder/status/402165902034337793"/>
		<document id="402170616671125504" url="https://twitter.com/andyhodder/status/402170616671125504"/>
		<document id="402178933040623616" url="https://twitter.com/andyhodder/status/402178933040623616"/>
		<document id="402180750617096192" url="https://twitter.com/andyhodder/status/402180750617096192"/>
		<document id="402181433978265600" url="https://twitter.com/andyhodder/status/402181433978265600"/>
		<document id="402182614385459200" url="https://twitter.com/andyhodder/status/402182614385459200"/>
		<document id="402190281908695040" url="https://twitter.com/andyhodder/status/402190281908695040"/>
		<document id="402349426792218624" url="https://twitter.com/andyhodder/status/402349426792218624"/>
		<document id="402548433028136960" url="https://twitter.com/andyhodder/status/402548433028136960"/>
		<document id="402550362454122496" url="https://twitter.com/andyhodder/status/402550362454122496"/>
		<document id="402551152086351873" url="https://twitter.com/andyhodder/status/402551152086351873"/>
		<document id="402556266322886656" url="https://twitter.com/andyhodder/status/402556266322886656"/>
		<document id="402556588650930176" url="https://twitter.com/andyhodder/status/402556588650930176"/>
		<document id="402717375046619136" url="https://twitter.com/andyhodder/status/402717375046619136"/>
		<document id="402718949907111936" url="https://twitter.com/andyhodder/status/402718949907111936"/>
		<document id="402841632200212480" url="https://twitter.com/andyhodder/status/402841632200212480"/>
		<document id="402861865459793921" url="https://twitter.com/andyhodder/status/402861865459793921"/>
		<document id="403267893800210432" url="https://twitter.com/andyhodder/status/403267893800210432"/>
		<document id="403274965958819840" url="https://twitter.com/andyhodder/status/403274965958819840"/>
		<document id="403275110783926272" url="https://twitter.com/andyhodder/status/403275110783926272"/>
		<document id="403641450325622784" url="https://twitter.com/andyhodder/status/403641450325622784"/>
		<document id="403641600938881025" url="https://twitter.com/andyhodder/status/403641600938881025"/>
		<document id="403642738044055553" url="https://twitter.com/andyhodder/status/403642738044055553"/>
		<document id="403643940156743680" url="https://twitter.com/andyhodder/status/403643940156743680"/>
		<document id="403783405042556928" url="https://twitter.com/andyhodder/status/403783405042556928"/>
		<document id="403784875536547840" url="https://twitter.com/andyhodder/status/403784875536547840"/>
		<document id="403991363886534656" url="https://twitter.com/andyhodder/status/403991363886534656"/>
		<document id="404023638040788992" url="https://twitter.com/andyhodder/status/404023638040788992"/>
		<document id="404023709578829825" url="https://twitter.com/andyhodder/status/404023709578829825"/>
		<document id="404025623070670848" url="https://twitter.com/andyhodder/status/404025623070670848"/>
		<document id="404147956607365120" url="https://twitter.com/andyhodder/status/404147956607365120"/>
		<document id="404161061240459264" url="https://twitter.com/andyhodder/status/404161061240459264"/>
		<document id="404165169863204864" url="https://twitter.com/andyhodder/status/404165169863204864"/>
		<document id="405063909197225984" url="https://twitter.com/andyhodder/status/405063909197225984"/>
		<document id="405400422808309760" url="https://twitter.com/andyhodder/status/405400422808309760"/>
		<document id="405401031754125312" url="https://twitter.com/andyhodder/status/405401031754125312"/>
		<document id="405401320427098112" url="https://twitter.com/andyhodder/status/405401320427098112"/>
		<document id="405409613337866241" url="https://twitter.com/andyhodder/status/405409613337866241"/>
		<document id="405409997829701632" url="https://twitter.com/andyhodder/status/405409997829701632"/>
		<document id="405419437362122755" url="https://twitter.com/andyhodder/status/405419437362122755"/>
		<document id="405787122655035392" url="https://twitter.com/andyhodder/status/405787122655035392"/>
		<document id="405787829034577920" url="https://twitter.com/andyhodder/status/405787829034577920"/>
		<document id="405823068087808000" url="https://twitter.com/andyhodder/status/405823068087808000"/>
		<document id="405989367107584000" url="https://twitter.com/andyhodder/status/405989367107584000"/>
		<document id="406111473497550848" url="https://twitter.com/andyhodder/status/406111473497550848"/>
		<document id="406129997364334592" url="https://twitter.com/andyhodder/status/406129997364334592"/>
		<document id="406328309002567680" url="https://twitter.com/andyhodder/status/406328309002567680"/>
		<document id="406366536329601024" url="https://twitter.com/andyhodder/status/406366536329601024"/>
		<document id="406403242206449664" url="https://twitter.com/andyhodder/status/406403242206449664"/>
		<document id="406785918444785664" url="https://twitter.com/andyhodder/status/406785918444785664"/>
		<document id="407179819835994113" url="https://twitter.com/andyhodder/status/407179819835994113"/>
		<document id="407207825254121472" url="https://twitter.com/andyhodder/status/407207825254121472"/>
		<document id="407218668603727873" url="https://twitter.com/andyhodder/status/407218668603727873"/>
		<document id="407231707512061952" url="https://twitter.com/andyhodder/status/407231707512061952"/>
		<document id="407232641713569792" url="https://twitter.com/andyhodder/status/407232641713569792"/>
		<document id="407237349819813888" url="https://twitter.com/andyhodder/status/407237349819813888"/>
		<document id="407242768843808770" url="https://twitter.com/andyhodder/status/407242768843808770"/>
		<document id="407430605891448832" url="https://twitter.com/andyhodder/status/407430605891448832"/>
		<document id="407430910309859328" url="https://twitter.com/andyhodder/status/407430910309859328"/>
		<document id="407540354146373632" url="https://twitter.com/andyhodder/status/407540354146373632"/>
		<document id="407588186496716800" url="https://twitter.com/andyhodder/status/407588186496716800"/>
		<document id="407599680416387072" url="https://twitter.com/andyhodder/status/407599680416387072"/>
		<document id="407599862155599872" url="https://twitter.com/andyhodder/status/407599862155599872"/>
		<document id="407601054852079616" url="https://twitter.com/andyhodder/status/407601054852079616"/>
		<document id="407611738830667777" url="https://twitter.com/andyhodder/status/407611738830667777"/>
		<document id="407614299105132544" url="https://twitter.com/andyhodder/status/407614299105132544"/>
		<document id="407629799067500544" url="https://twitter.com/andyhodder/status/407629799067500544"/>
		<document id="407630454372970496" url="https://twitter.com/andyhodder/status/407630454372970496"/>
		<document id="407630752445382656" url="https://twitter.com/andyhodder/status/407630752445382656"/>
		<document id="407922717066018816" url="https://twitter.com/andyhodder/status/407922717066018816"/>
		<document id="407981041300033538" url="https://twitter.com/andyhodder/status/407981041300033538"/>
		<document id="408300749643595777" url="https://twitter.com/andyhodder/status/408300749643595777"/>
		<document id="408302714691801089" url="https://twitter.com/andyhodder/status/408302714691801089"/>
		<document id="408711125250093058" url="https://twitter.com/andyhodder/status/408711125250093058"/>
		<document id="408722381042380800" url="https://twitter.com/andyhodder/status/408722381042380800"/>
		<document id="408722729672925184" url="https://twitter.com/andyhodder/status/408722729672925184"/>
		<document id="408885890493472768" url="https://twitter.com/andyhodder/status/408885890493472768"/>
		<document id="408886122463653889" url="https://twitter.com/andyhodder/status/408886122463653889"/>
		<document id="409068902795448320" url="https://twitter.com/andyhodder/status/409068902795448320"/>
		<document id="409086699579662336" url="https://twitter.com/andyhodder/status/409086699579662336"/>
		<document id="409282262019358720" url="https://twitter.com/andyhodder/status/409282262019358720"/>
		<document id="409297182505050112" url="https://twitter.com/andyhodder/status/409297182505050112"/>
		<document id="409368024941363200" url="https://twitter.com/andyhodder/status/409368024941363200"/>
		<document id="409422669504053248" url="https://twitter.com/andyhodder/status/409422669504053248"/>
		<document id="409437372766781440" url="https://twitter.com/andyhodder/status/409437372766781440"/>
		<document id="409452528729071616" url="https://twitter.com/andyhodder/status/409452528729071616"/>
		<document id="409624312950566912" url="https://twitter.com/andyhodder/status/409624312950566912"/>
		<document id="409639638991896576" url="https://twitter.com/andyhodder/status/409639638991896576"/>
		<document id="409640388660842496" url="https://twitter.com/andyhodder/status/409640388660842496"/>
		<document id="409744934988972032" url="https://twitter.com/andyhodder/status/409744934988972032"/>
		<document id="411172862712901633" url="https://twitter.com/andyhodder/status/411172862712901633"/>
		<document id="411174194601549824" url="https://twitter.com/andyhodder/status/411174194601549824"/>
		<document id="411202488944316418" url="https://twitter.com/andyhodder/status/411202488944316418"/>
		<document id="411205661977239552" url="https://twitter.com/andyhodder/status/411205661977239552"/>
		<document id="411212310121025536" url="https://twitter.com/andyhodder/status/411212310121025536"/>
		<document id="411213054068940800" url="https://twitter.com/andyhodder/status/411213054068940800"/>
		<document id="411232840429621249" url="https://twitter.com/andyhodder/status/411232840429621249"/>
		<document id="411249917869715456" url="https://twitter.com/andyhodder/status/411249917869715456"/>
		<document id="411251924068225024" url="https://twitter.com/andyhodder/status/411251924068225024"/>
		<document id="411260219935981568" url="https://twitter.com/andyhodder/status/411260219935981568"/>
		<document id="411260756647510019" url="https://twitter.com/andyhodder/status/411260756647510019"/>
		<document id="411261341970989056" url="https://twitter.com/andyhodder/status/411261341970989056"/>
		<document id="411272860855173120" url="https://twitter.com/andyhodder/status/411272860855173120"/>
		<document id="411393142911668226" url="https://twitter.com/andyhodder/status/411393142911668226"/>
		<document id="411515124219125760" url="https://twitter.com/andyhodder/status/411515124219125760"/>
		<document id="411776243361931264" url="https://twitter.com/andyhodder/status/411776243361931264"/>
		<document id="411780196132728832" url="https://twitter.com/andyhodder/status/411780196132728832"/>
		<document id="411784247931052032" url="https://twitter.com/andyhodder/status/411784247931052032"/>
		<document id="411789430027218944" url="https://twitter.com/andyhodder/status/411789430027218944"/>
		<document id="411966067234590720" url="https://twitter.com/andyhodder/status/411966067234590720"/>
		<document id="411967537254248448" url="https://twitter.com/andyhodder/status/411967537254248448"/>
		<document id="411971233811820544" url="https://twitter.com/andyhodder/status/411971233811820544"/>
		<document id="411974573706731520" url="https://twitter.com/andyhodder/status/411974573706731520"/>
		<document id="411978893550440448" url="https://twitter.com/andyhodder/status/411978893550440448"/>
		<document id="412117414521085952" url="https://twitter.com/andyhodder/status/412117414521085952"/>
		<document id="412118889649414144" url="https://twitter.com/andyhodder/status/412118889649414144"/>
		<document id="412139164277424128" url="https://twitter.com/andyhodder/status/412139164277424128"/>
		<document id="412139317016817664" url="https://twitter.com/andyhodder/status/412139317016817664"/>
		<document id="412140574578573312" url="https://twitter.com/andyhodder/status/412140574578573312"/>
		<document id="412140630056660992" url="https://twitter.com/andyhodder/status/412140630056660992"/>
		<document id="412141887815172096" url="https://twitter.com/andyhodder/status/412141887815172096"/>
		<document id="412143190725394432" url="https://twitter.com/andyhodder/status/412143190725394432"/>
		<document id="412144095445139456" url="https://twitter.com/andyhodder/status/412144095445139456"/>
		<document id="412144433774469120" url="https://twitter.com/andyhodder/status/412144433774469120"/>
		<document id="412167041161129984" url="https://twitter.com/andyhodder/status/412167041161129984"/>
		<document id="412311301311180801" url="https://twitter.com/andyhodder/status/412311301311180801"/>
		<document id="412317640540299264" url="https://twitter.com/andyhodder/status/412317640540299264"/>
		<document id="412318632656769024" url="https://twitter.com/andyhodder/status/412318632656769024"/>
		<document id="412321406127730689" url="https://twitter.com/andyhodder/status/412321406127730689"/>
		<document id="412328694947282944" url="https://twitter.com/andyhodder/status/412328694947282944"/>
		<document id="412329386315366400" url="https://twitter.com/andyhodder/status/412329386315366400"/>
		<document id="412329677026766848" url="https://twitter.com/andyhodder/status/412329677026766848"/>
		<document id="412330878065704960" url="https://twitter.com/andyhodder/status/412330878065704960"/>
		<document id="412331515826429952" url="https://twitter.com/andyhodder/status/412331515826429952"/>
		<document id="412331715777265664" url="https://twitter.com/andyhodder/status/412331715777265664"/>
		<document id="412331762606690305" url="https://twitter.com/andyhodder/status/412331762606690305"/>
		<document id="412332191923048448" url="https://twitter.com/andyhodder/status/412332191923048448"/>
		<document id="412332436027375616" url="https://twitter.com/andyhodder/status/412332436027375616"/>
		<document id="412334722707369985" url="https://twitter.com/andyhodder/status/412334722707369985"/>
		<document id="412338833410498560" url="https://twitter.com/andyhodder/status/412338833410498560"/>
		<document id="412349579544514560" url="https://twitter.com/andyhodder/status/412349579544514560"/>
		<document id="412655911954825216" url="https://twitter.com/andyhodder/status/412655911954825216"/>
		<document id="412657181323190274" url="https://twitter.com/andyhodder/status/412657181323190274"/>
		<document id="412676386244268032" url="https://twitter.com/andyhodder/status/412676386244268032"/>
		<document id="412697301418012672" url="https://twitter.com/andyhodder/status/412697301418012672"/>
		<document id="412699354487869440" url="https://twitter.com/andyhodder/status/412699354487869440"/>
		<document id="412702665098162176" url="https://twitter.com/andyhodder/status/412702665098162176"/>
		<document id="412868285525684224" url="https://twitter.com/andyhodder/status/412868285525684224"/>
		<document id="413055621718888448" url="https://twitter.com/andyhodder/status/413055621718888448"/>
		<document id="413421694628687872" url="https://twitter.com/andyhodder/status/413421694628687872"/>
		<document id="413422893016809472" url="https://twitter.com/andyhodder/status/413422893016809472"/>
		<document id="413423331158011904" url="https://twitter.com/andyhodder/status/413423331158011904"/>
		<document id="413423924144513024" url="https://twitter.com/andyhodder/status/413423924144513024"/>
		<document id="413565265327443968" url="https://twitter.com/andyhodder/status/413565265327443968"/>
		<document id="413573363748311040" url="https://twitter.com/andyhodder/status/413573363748311040"/>
		<document id="413573602320347136" url="https://twitter.com/andyhodder/status/413573602320347136"/>
		<document id="413575531788259328" url="https://twitter.com/andyhodder/status/413575531788259328"/>
		<document id="413578142415355904" url="https://twitter.com/andyhodder/status/413578142415355904"/>
		<document id="413578615767711744" url="https://twitter.com/andyhodder/status/413578615767711744"/>
		<document id="413734084498964480" url="https://twitter.com/andyhodder/status/413734084498964480"/>
		<document id="413734627392901120" url="https://twitter.com/andyhodder/status/413734627392901120"/>
		<document id="413735343759040512" url="https://twitter.com/andyhodder/status/413735343759040512"/>
		<document id="413744513585545216" url="https://twitter.com/andyhodder/status/413744513585545216"/>
		<document id="413744889814589441" url="https://twitter.com/andyhodder/status/413744889814589441"/>
		<document id="413749287970156544" url="https://twitter.com/andyhodder/status/413749287970156544"/>
		<document id="413794131925024768" url="https://twitter.com/andyhodder/status/413794131925024768"/>
		<document id="413794676693798912" url="https://twitter.com/andyhodder/status/413794676693798912"/>
		<document id="413794985763676160" url="https://twitter.com/andyhodder/status/413794985763676160"/>
		<document id="413933148746301440" url="https://twitter.com/andyhodder/status/413933148746301440"/>
		<document id="413947012753932288" url="https://twitter.com/andyhodder/status/413947012753932288"/>
		<document id="413948048860250112" url="https://twitter.com/andyhodder/status/413948048860250112"/>
		<document id="414081214153510912" url="https://twitter.com/andyhodder/status/414081214153510912"/>
		<document id="414102438283870208" url="https://twitter.com/andyhodder/status/414102438283870208"/>
		<document id="414102621633658880" url="https://twitter.com/andyhodder/status/414102621633658880"/>
		<document id="414103823809282048" url="https://twitter.com/andyhodder/status/414103823809282048"/>
		<document id="414110699309506560" url="https://twitter.com/andyhodder/status/414110699309506560"/>
		<document id="414329338189058048" url="https://twitter.com/andyhodder/status/414329338189058048"/>
		<document id="414330804098314240" url="https://twitter.com/andyhodder/status/414330804098314240"/>
		<document id="414356823966515200" url="https://twitter.com/andyhodder/status/414356823966515200"/>
		<document id="414366070011887616" url="https://twitter.com/andyhodder/status/414366070011887616"/>
		<document id="414371315215515648" url="https://twitter.com/andyhodder/status/414371315215515648"/>
		<document id="414404065834332160" url="https://twitter.com/andyhodder/status/414404065834332160"/>
		<document id="414444304216895488" url="https://twitter.com/andyhodder/status/414444304216895488"/>
		<document id="414450687947599872" url="https://twitter.com/andyhodder/status/414450687947599872"/>
		<document id="414476135251341312" url="https://twitter.com/andyhodder/status/414476135251341312"/>
		<document id="414477050259705856" url="https://twitter.com/andyhodder/status/414477050259705856"/>
		<document id="414477454867443714" url="https://twitter.com/andyhodder/status/414477454867443714"/>
		<document id="414478115227041792" url="https://twitter.com/andyhodder/status/414478115227041792"/>
		<document id="414478264372314112" url="https://twitter.com/andyhodder/status/414478264372314112"/>
		<document id="414478554349719552" url="https://twitter.com/andyhodder/status/414478554349719552"/>
		<document id="414481884065054720" url="https://twitter.com/andyhodder/status/414481884065054720"/>
		<document id="414510255318794240" url="https://twitter.com/andyhodder/status/414510255318794240"/>
		<document id="414518139477831680" url="https://twitter.com/andyhodder/status/414518139477831680"/>
		<document id="414769916567646208" url="https://twitter.com/andyhodder/status/414769916567646208"/>
		<document id="414842783690932224" url="https://twitter.com/andyhodder/status/414842783690932224"/>
		<document id="414879396148027392" url="https://twitter.com/andyhodder/status/414879396148027392"/>
		<document id="415036563123609600" url="https://twitter.com/andyhodder/status/415036563123609600"/>
		<document id="415039597232803840" url="https://twitter.com/andyhodder/status/415039597232803840"/>
		<document id="415061970547920898" url="https://twitter.com/andyhodder/status/415061970547920898"/>
		<document id="415062242070372352" url="https://twitter.com/andyhodder/status/415062242070372352"/>
		<document id="415062422685515776" url="https://twitter.com/andyhodder/status/415062422685515776"/>
		<document id="415062631209517056" url="https://twitter.com/andyhodder/status/415062631209517056"/>
		<document id="415062808091697152" url="https://twitter.com/andyhodder/status/415062808091697152"/>
		<document id="415074642471436288" url="https://twitter.com/andyhodder/status/415074642471436288"/>
		<document id="415119791343804416" url="https://twitter.com/andyhodder/status/415119791343804416"/>
		<document id="415122456563945472" url="https://twitter.com/andyhodder/status/415122456563945472"/>
		<document id="415140116957769728" url="https://twitter.com/andyhodder/status/415140116957769728"/>
		<document id="415140648711626754" url="https://twitter.com/andyhodder/status/415140648711626754"/>
		<document id="415146475577159680" url="https://twitter.com/andyhodder/status/415146475577159680"/>
		<document id="415165749037375488" url="https://twitter.com/andyhodder/status/415165749037375488"/>
		<document id="415178052138962944" url="https://twitter.com/andyhodder/status/415178052138962944"/>
		<document id="415178900369866752" url="https://twitter.com/andyhodder/status/415178900369866752"/>
		<document id="415188787317465088" url="https://twitter.com/andyhodder/status/415188787317465088"/>
		<document id="415198074865483776" url="https://twitter.com/andyhodder/status/415198074865483776"/>
		<document id="415210224598138881" url="https://twitter.com/andyhodder/status/415210224598138881"/>
		<document id="415212321720795136" url="https://twitter.com/andyhodder/status/415212321720795136"/>
		<document id="415213739252940801" url="https://twitter.com/andyhodder/status/415213739252940801"/>
		<document id="415221724121432066" url="https://twitter.com/andyhodder/status/415221724121432066"/>
		<document id="415232601054793728" url="https://twitter.com/andyhodder/status/415232601054793728"/>
		<document id="415233153226514432" url="https://twitter.com/andyhodder/status/415233153226514432"/>
		<document id="415240813015478272" url="https://twitter.com/andyhodder/status/415240813015478272"/>
		<document id="415243167995539456" url="https://twitter.com/andyhodder/status/415243167995539456"/>
		<document id="415249438744281088" url="https://twitter.com/andyhodder/status/415249438744281088"/>
		<document id="415392082468282368" url="https://twitter.com/andyhodder/status/415392082468282368"/>
		<document id="415392219194220544" url="https://twitter.com/andyhodder/status/415392219194220544"/>
		<document id="415398702610923520" url="https://twitter.com/andyhodder/status/415398702610923520"/>
		<document id="415401166659674112" url="https://twitter.com/andyhodder/status/415401166659674112"/>
		<document id="415409563039703040" url="https://twitter.com/andyhodder/status/415409563039703040"/>
		<document id="415440874584436736" url="https://twitter.com/andyhodder/status/415440874584436736"/>
		<document id="415443851361648642" url="https://twitter.com/andyhodder/status/415443851361648642"/>
		<document id="415445453845831680" url="https://twitter.com/andyhodder/status/415445453845831680"/>
		<document id="415447199347384320" url="https://twitter.com/andyhodder/status/415447199347384320"/>
		<document id="415452861766832128" url="https://twitter.com/andyhodder/status/415452861766832128"/>
		<document id="415452927621599232" url="https://twitter.com/andyhodder/status/415452927621599232"/>
		<document id="415455745736704000" url="https://twitter.com/andyhodder/status/415455745736704000"/>
		<document id="415456747437191168" url="https://twitter.com/andyhodder/status/415456747437191168"/>
		<document id="415467348641218560" url="https://twitter.com/andyhodder/status/415467348641218560"/>
		<document id="415468703741132800" url="https://twitter.com/andyhodder/status/415468703741132800"/>
		<document id="415468886747013120" url="https://twitter.com/andyhodder/status/415468886747013120"/>
		<document id="415477882476322816" url="https://twitter.com/andyhodder/status/415477882476322816"/>
		<document id="415478727968321536" url="https://twitter.com/andyhodder/status/415478727968321536"/>
		<document id="415498329574096896" url="https://twitter.com/andyhodder/status/415498329574096896"/>
		<document id="415537726403117056" url="https://twitter.com/andyhodder/status/415537726403117056"/>
		<document id="415537878320812032" url="https://twitter.com/andyhodder/status/415537878320812032"/>
		<document id="415541019024035840" url="https://twitter.com/andyhodder/status/415541019024035840"/>
		<document id="415543891753193472" url="https://twitter.com/andyhodder/status/415543891753193472"/>
		<document id="415544286118436864" url="https://twitter.com/andyhodder/status/415544286118436864"/>
		<document id="415545760235945984" url="https://twitter.com/andyhodder/status/415545760235945984"/>
		<document id="415571292340125696" url="https://twitter.com/andyhodder/status/415571292340125696"/>
		<document id="415571682066448384" url="https://twitter.com/andyhodder/status/415571682066448384"/>
		<document id="415572778939858945" url="https://twitter.com/andyhodder/status/415572778939858945"/>
		<document id="415576848580751360" url="https://twitter.com/andyhodder/status/415576848580751360"/>
		<document id="415578157845331968" url="https://twitter.com/andyhodder/status/415578157845331968"/>
		<document id="415582428120743936" url="https://twitter.com/andyhodder/status/415582428120743936"/>
		<document id="415595702442786816" url="https://twitter.com/andyhodder/status/415595702442786816"/>
		<document id="415599437999009792" url="https://twitter.com/andyhodder/status/415599437999009792"/>
		<document id="415599661077250048" url="https://twitter.com/andyhodder/status/415599661077250048"/>
		<document id="415611020280102912" url="https://twitter.com/andyhodder/status/415611020280102912"/>
		<document id="415611899045093376" url="https://twitter.com/andyhodder/status/415611899045093376"/>
		<document id="415743363942739968" url="https://twitter.com/andyhodder/status/415743363942739968"/>
		<document id="415743661385998336" url="https://twitter.com/andyhodder/status/415743661385998336"/>
		<document id="415745557169438720" url="https://twitter.com/andyhodder/status/415745557169438720"/>
		<document id="415747518254034944" url="https://twitter.com/andyhodder/status/415747518254034944"/>
		<document id="415749825737818112" url="https://twitter.com/andyhodder/status/415749825737818112"/>
		<document id="415775074906804224" url="https://twitter.com/andyhodder/status/415775074906804224"/>
		<document id="415780133828829184" url="https://twitter.com/andyhodder/status/415780133828829184"/>
		<document id="415922976987828224" url="https://twitter.com/andyhodder/status/415922976987828224"/>
		<document id="415931517702266880" url="https://twitter.com/andyhodder/status/415931517702266880"/>
		<document id="415932389110865920" url="https://twitter.com/andyhodder/status/415932389110865920"/>
		<document id="415934210705485824" url="https://twitter.com/andyhodder/status/415934210705485824"/>
		<document id="415935843359260672" url="https://twitter.com/andyhodder/status/415935843359260672"/>
		<document id="415941747114799105" url="https://twitter.com/andyhodder/status/415941747114799105"/>
		<document id="415955046795579392" url="https://twitter.com/andyhodder/status/415955046795579392"/>
		<document id="416117220595740672" url="https://twitter.com/andyhodder/status/416117220595740672"/>
		<document id="416134776417189888" url="https://twitter.com/andyhodder/status/416134776417189888"/>
		<document id="416138684904538112" url="https://twitter.com/andyhodder/status/416138684904538112"/>
		<document id="416138972386304001" url="https://twitter.com/andyhodder/status/416138972386304001"/>
		<document id="416139634478153728" url="https://twitter.com/andyhodder/status/416139634478153728"/>
		<document id="416142408062349312" url="https://twitter.com/andyhodder/status/416142408062349312"/>
		<document id="416307614046515201" url="https://twitter.com/andyhodder/status/416307614046515201"/>
		<document id="416310301739737088" url="https://twitter.com/andyhodder/status/416310301739737088"/>
		<document id="416323612246020096" url="https://twitter.com/andyhodder/status/416323612246020096"/>
		<document id="416325189459521536" url="https://twitter.com/andyhodder/status/416325189459521536"/>
		<document id="416325320535719936" url="https://twitter.com/andyhodder/status/416325320535719936"/>
		<document id="416326453077491712" url="https://twitter.com/andyhodder/status/416326453077491712"/>
		<document id="416326731424071681" url="https://twitter.com/andyhodder/status/416326731424071681"/>
		<document id="416327363631534080" url="https://twitter.com/andyhodder/status/416327363631534080"/>
		<document id="416327576517627904" url="https://twitter.com/andyhodder/status/416327576517627904"/>
		<document id="416328279684313088" url="https://twitter.com/andyhodder/status/416328279684313088"/>
		<document id="416518788574879744" url="https://twitter.com/andyhodder/status/416518788574879744"/>
		<document id="416548663264292864" url="https://twitter.com/andyhodder/status/416548663264292864"/>
		<document id="416566858733867008" url="https://twitter.com/andyhodder/status/416566858733867008"/>
		<document id="416569424360247296" url="https://twitter.com/andyhodder/status/416569424360247296"/>
		<document id="416606399607869440" url="https://twitter.com/andyhodder/status/416606399607869440"/>
		<document id="416640823976288256" url="https://twitter.com/andyhodder/status/416640823976288256"/>
		<document id="416641115342008320" url="https://twitter.com/andyhodder/status/416641115342008320"/>
		<document id="416644384869089280" url="https://twitter.com/andyhodder/status/416644384869089280"/>
		<document id="416645864367865858" url="https://twitter.com/andyhodder/status/416645864367865858"/>
		<document id="416646419966341121" url="https://twitter.com/andyhodder/status/416646419966341121"/>
		<document id="416658680076320768" url="https://twitter.com/andyhodder/status/416658680076320768"/>
		<document id="416658811290943488" url="https://twitter.com/andyhodder/status/416658811290943488"/>
		<document id="416659670791897088" url="https://twitter.com/andyhodder/status/416659670791897088"/>
		<document id="416660836460298240" url="https://twitter.com/andyhodder/status/416660836460298240"/>
		<document id="416667901702455296" url="https://twitter.com/andyhodder/status/416667901702455296"/>
		<document id="416672553999298561" url="https://twitter.com/andyhodder/status/416672553999298561"/>
		<document id="416680139561648128" url="https://twitter.com/andyhodder/status/416680139561648128"/>
		<document id="416681711611965440" url="https://twitter.com/andyhodder/status/416681711611965440"/>
		<document id="417033871482707968" url="https://twitter.com/andyhodder/status/417033871482707968"/>
		<document id="417237386373136384" url="https://twitter.com/andyhodder/status/417237386373136384"/>
		<document id="417269219026542592" url="https://twitter.com/andyhodder/status/417269219026542592"/>
		<document id="417276381077458944" url="https://twitter.com/andyhodder/status/417276381077458944"/>
		<document id="417381029293592578" url="https://twitter.com/andyhodder/status/417381029293592578"/>
		<document id="417384128393531392" url="https://twitter.com/andyhodder/status/417384128393531392"/>
		<document id="417396905954795520" url="https://twitter.com/andyhodder/status/417396905954795520"/>
		<document id="417709811858677760" url="https://twitter.com/andyhodder/status/417709811858677760"/>
		<document id="417730275758866432" url="https://twitter.com/andyhodder/status/417730275758866432"/>
		<document id="417738494266863616" url="https://twitter.com/andyhodder/status/417738494266863616"/>
		<document id="417745171988508672" url="https://twitter.com/andyhodder/status/417745171988508672"/>
		<document id="417746587163828224" url="https://twitter.com/andyhodder/status/417746587163828224"/>
		<document id="417746860959604736" url="https://twitter.com/andyhodder/status/417746860959604736"/>
		<document id="417747342738325504" url="https://twitter.com/andyhodder/status/417747342738325504"/>
		<document id="417748917938569216" url="https://twitter.com/andyhodder/status/417748917938569216"/>
		<document id="417749093562482688" url="https://twitter.com/andyhodder/status/417749093562482688"/>
		<document id="417750356870045697" url="https://twitter.com/andyhodder/status/417750356870045697"/>
		<document id="417750876531752960" url="https://twitter.com/andyhodder/status/417750876531752960"/>
		<document id="417753379629441024" url="https://twitter.com/andyhodder/status/417753379629441024"/>
		<document id="417755046714310656" url="https://twitter.com/andyhodder/status/417755046714310656"/>
		<document id="417757056666701824" url="https://twitter.com/andyhodder/status/417757056666701824"/>
		<document id="417771892473622528" url="https://twitter.com/andyhodder/status/417771892473622528"/>
		<document id="417783868213977088" url="https://twitter.com/andyhodder/status/417783868213977088"/>
		<document id="417785668400857089" url="https://twitter.com/andyhodder/status/417785668400857089"/>
		<document id="417786033116557314" url="https://twitter.com/andyhodder/status/417786033116557314"/>
		<document id="417786356715503616" url="https://twitter.com/andyhodder/status/417786356715503616"/>
		<document id="417935040224714752" url="https://twitter.com/andyhodder/status/417935040224714752"/>
		<document id="417935210307932160" url="https://twitter.com/andyhodder/status/417935210307932160"/>
		<document id="417938001684353025" url="https://twitter.com/andyhodder/status/417938001684353025"/>
		<document id="417968625346416640" url="https://twitter.com/andyhodder/status/417968625346416640"/>
		<document id="417974786284085248" url="https://twitter.com/andyhodder/status/417974786284085248"/>
		<document id="418020925091885056" url="https://twitter.com/andyhodder/status/418020925091885056"/>
		<document id="418026636177862656" url="https://twitter.com/andyhodder/status/418026636177862656"/>
		<document id="418028088547901440" url="https://twitter.com/andyhodder/status/418028088547901440"/>
		<document id="418029505455083520" url="https://twitter.com/andyhodder/status/418029505455083520"/>
		<document id="418058459700269056" url="https://twitter.com/andyhodder/status/418058459700269056"/>
		<document id="418066416047501312" url="https://twitter.com/andyhodder/status/418066416047501312"/>
		<document id="418076538643701761" url="https://twitter.com/andyhodder/status/418076538643701761"/>
		<document id="418092349013901312" url="https://twitter.com/andyhodder/status/418092349013901312"/>
		<document id="418166752087126016" url="https://twitter.com/andyhodder/status/418166752087126016"/>
		<document id="418183267742134272" url="https://twitter.com/andyhodder/status/418183267742134272"/>
		<document id="418184114802798593" url="https://twitter.com/andyhodder/status/418184114802798593"/>
		<document id="418185947705278464" url="https://twitter.com/andyhodder/status/418185947705278464"/>
		<document id="418194743617916928" url="https://twitter.com/andyhodder/status/418194743617916928"/>
		<document id="418201319389020160" url="https://twitter.com/andyhodder/status/418201319389020160"/>
		<document id="418306697615405056" url="https://twitter.com/andyhodder/status/418306697615405056"/>
		<document id="418322657298640896" url="https://twitter.com/andyhodder/status/418322657298640896"/>
		<document id="418335908367060992" url="https://twitter.com/andyhodder/status/418335908367060992"/>
		<document id="418344063163985920" url="https://twitter.com/andyhodder/status/418344063163985920"/>
		<document id="418344144772562944" url="https://twitter.com/andyhodder/status/418344144772562944"/>
		<document id="418344460876259328" url="https://twitter.com/andyhodder/status/418344460876259328"/>
		<document id="418349662513676288" url="https://twitter.com/andyhodder/status/418349662513676288"/>
		<document id="418389898958475264" url="https://twitter.com/andyhodder/status/418389898958475264"/>
		<document id="418487939740762115" url="https://twitter.com/andyhodder/status/418487939740762115"/>
		<document id="418818082388606977" url="https://twitter.com/andyhodder/status/418818082388606977"/>
		<document id="418819273038266369" url="https://twitter.com/andyhodder/status/418819273038266369"/>
		<document id="418820452216500224" url="https://twitter.com/andyhodder/status/418820452216500224"/>
		<document id="418820655149494273" url="https://twitter.com/andyhodder/status/418820655149494273"/>
		<document id="418852897422864384" url="https://twitter.com/andyhodder/status/418852897422864384"/>
		<document id="418853374168420352" url="https://twitter.com/andyhodder/status/418853374168420352"/>
		<document id="418878821157580800" url="https://twitter.com/andyhodder/status/418878821157580800"/>
		<document id="418878945162199040" url="https://twitter.com/andyhodder/status/418878945162199040"/>
		<document id="418879619623026688" url="https://twitter.com/andyhodder/status/418879619623026688"/>
		<document id="419081733007757313" url="https://twitter.com/andyhodder/status/419081733007757313"/>
		<document id="419152567504220161" url="https://twitter.com/andyhodder/status/419152567504220161"/>
		<document id="419188531597434880" url="https://twitter.com/andyhodder/status/419188531597434880"/>
		<document id="419192355829592064" url="https://twitter.com/andyhodder/status/419192355829592064"/>
		<document id="419210622027702272" url="https://twitter.com/andyhodder/status/419210622027702272"/>
		<document id="419569139674783744" url="https://twitter.com/andyhodder/status/419569139674783744"/>
		<document id="419569910583668736" url="https://twitter.com/andyhodder/status/419569910583668736"/>
		<document id="419570131300548608" url="https://twitter.com/andyhodder/status/419570131300548608"/>
		<document id="419570982647791618" url="https://twitter.com/andyhodder/status/419570982647791618"/>
		<document id="419576037752987649" url="https://twitter.com/andyhodder/status/419576037752987649"/>
		<document id="419582131095212032" url="https://twitter.com/andyhodder/status/419582131095212032"/>
		<document id="419582211256758272" url="https://twitter.com/andyhodder/status/419582211256758272"/>
		<document id="419582276138459136" url="https://twitter.com/andyhodder/status/419582276138459136"/>
		<document id="419582901337219072" url="https://twitter.com/andyhodder/status/419582901337219072"/>
		<document id="419583432663265280" url="https://twitter.com/andyhodder/status/419583432663265280"/>
		<document id="419585643497680896" url="https://twitter.com/andyhodder/status/419585643497680896"/>
		<document id="419586121115656192" url="https://twitter.com/andyhodder/status/419586121115656192"/>
		<document id="419754819386363904" url="https://twitter.com/andyhodder/status/419754819386363904"/>
		<document id="419762504827691008" url="https://twitter.com/andyhodder/status/419762504827691008"/>
		<document id="419768533338574848" url="https://twitter.com/andyhodder/status/419768533338574848"/>
		<document id="419815408586469376" url="https://twitter.com/andyhodder/status/419815408586469376"/>
		<document id="419815852926844928" url="https://twitter.com/andyhodder/status/419815852926844928"/>
		<document id="419821190346452992" url="https://twitter.com/andyhodder/status/419821190346452992"/>
		<document id="419867712777879552" url="https://twitter.com/andyhodder/status/419867712777879552"/>
		<document id="419900338158985216" url="https://twitter.com/andyhodder/status/419900338158985216"/>
		<document id="419951619967823872" url="https://twitter.com/andyhodder/status/419951619967823872"/>
		<document id="420092777985474560" url="https://twitter.com/andyhodder/status/420092777985474560"/>
		<document id="420262842596859904" url="https://twitter.com/andyhodder/status/420262842596859904"/>
		<document id="420281796736352256" url="https://twitter.com/andyhodder/status/420281796736352256"/>
		<document id="420282257296072704" url="https://twitter.com/andyhodder/status/420282257296072704"/>
		<document id="420286659398492160" url="https://twitter.com/andyhodder/status/420286659398492160"/>
		<document id="420300085139083264" url="https://twitter.com/andyhodder/status/420300085139083264"/>
		<document id="420302094135226368" url="https://twitter.com/andyhodder/status/420302094135226368"/>
		<document id="420304789231386624" url="https://twitter.com/andyhodder/status/420304789231386624"/>
		<document id="420305782371278848" url="https://twitter.com/andyhodder/status/420305782371278848"/>
		<document id="420309110555693056" url="https://twitter.com/andyhodder/status/420309110555693056"/>
		<document id="420316140867706880" url="https://twitter.com/andyhodder/status/420316140867706880"/>
		<document id="420318094809374720" url="https://twitter.com/andyhodder/status/420318094809374720"/>
		<document id="420318537958567939" url="https://twitter.com/andyhodder/status/420318537958567939"/>
		<document id="420320195857879040" url="https://twitter.com/andyhodder/status/420320195857879040"/>
		<document id="420323766724747265" url="https://twitter.com/andyhodder/status/420323766724747265"/>
		<document id="420521540158238720" url="https://twitter.com/andyhodder/status/420521540158238720"/>
		<document id="420547989900644352" url="https://twitter.com/andyhodder/status/420547989900644352"/>
		<document id="420680796098539520" url="https://twitter.com/andyhodder/status/420680796098539520"/>
		<document id="420681734943158272" url="https://twitter.com/andyhodder/status/420681734943158272"/>
		<document id="420684713217785856" url="https://twitter.com/andyhodder/status/420684713217785856"/>
		<document id="420685270573658112" url="https://twitter.com/andyhodder/status/420685270573658112"/>
		<document id="420686647689502720" url="https://twitter.com/andyhodder/status/420686647689502720"/>
		<document id="420686777826160640" url="https://twitter.com/andyhodder/status/420686777826160640"/>
		<document id="420687117183090688" url="https://twitter.com/andyhodder/status/420687117183090688"/>
		<document id="420687710412894208" url="https://twitter.com/andyhodder/status/420687710412894208"/>
		<document id="420688310231891968" url="https://twitter.com/andyhodder/status/420688310231891968"/>
		<document id="420688700105043968" url="https://twitter.com/andyhodder/status/420688700105043968"/>
		<document id="420689345155436544" url="https://twitter.com/andyhodder/status/420689345155436544"/>
		<document id="420690764705050625" url="https://twitter.com/andyhodder/status/420690764705050625"/>
		<document id="420692153476866048" url="https://twitter.com/andyhodder/status/420692153476866048"/>
		<document id="421023952321118208" url="https://twitter.com/andyhodder/status/421023952321118208"/>
		<document id="421024104519827457" url="https://twitter.com/andyhodder/status/421024104519827457"/>
		<document id="421202059569164288" url="https://twitter.com/andyhodder/status/421202059569164288"/>
		<document id="421385699183837184" url="https://twitter.com/andyhodder/status/421385699183837184"/>
		<document id="421386372596129792" url="https://twitter.com/andyhodder/status/421386372596129792"/>
		<document id="421386567576731648" url="https://twitter.com/andyhodder/status/421386567576731648"/>
		<document id="421390341229780994" url="https://twitter.com/andyhodder/status/421390341229780994"/>
		<document id="421390444816519168" url="https://twitter.com/andyhodder/status/421390444816519168"/>
		<document id="421392095384174594" url="https://twitter.com/andyhodder/status/421392095384174594"/>
		<document id="421393139099009024" url="https://twitter.com/andyhodder/status/421393139099009024"/>
		<document id="421393645267587072" url="https://twitter.com/andyhodder/status/421393645267587072"/>
		<document id="421394074592370688" url="https://twitter.com/andyhodder/status/421394074592370688"/>
		<document id="421399966532517890" url="https://twitter.com/andyhodder/status/421399966532517890"/>
		<document id="421400450169315328" url="https://twitter.com/andyhodder/status/421400450169315328"/>
		<document id="421401186370338816" url="https://twitter.com/andyhodder/status/421401186370338816"/>
		<document id="421401956838821888" url="https://twitter.com/andyhodder/status/421401956838821888"/>
		<document id="421416113684357120" url="https://twitter.com/andyhodder/status/421416113684357120"/>
		<document id="421747378946080768" url="https://twitter.com/andyhodder/status/421747378946080768"/>
		<document id="421749853723828224" url="https://twitter.com/andyhodder/status/421749853723828224"/>
		<document id="421750556672425984" url="https://twitter.com/andyhodder/status/421750556672425984"/>
		<document id="421751142943817728" url="https://twitter.com/andyhodder/status/421751142943817728"/>
		<document id="421765829488050176" url="https://twitter.com/andyhodder/status/421765829488050176"/>
		<document id="421766458805592064" url="https://twitter.com/andyhodder/status/421766458805592064"/>
		<document id="421952448220393472" url="https://twitter.com/andyhodder/status/421952448220393472"/>
		<document id="421953422968238080" url="https://twitter.com/andyhodder/status/421953422968238080"/>
		<document id="421979338264035328" url="https://twitter.com/andyhodder/status/421979338264035328"/>
		<document id="421979918684422145" url="https://twitter.com/andyhodder/status/421979918684422145"/>
		<document id="422044263854399489" url="https://twitter.com/andyhodder/status/422044263854399489"/>
		<document id="422044563336069120" url="https://twitter.com/andyhodder/status/422044563336069120"/>
		<document id="422063275208351744" url="https://twitter.com/andyhodder/status/422063275208351744"/>
		<document id="422063892119162880" url="https://twitter.com/andyhodder/status/422063892119162880"/>
		<document id="422064661455208448" url="https://twitter.com/andyhodder/status/422064661455208448"/>
		<document id="422065409408659457" url="https://twitter.com/andyhodder/status/422065409408659457"/>
		<document id="422291362621702144" url="https://twitter.com/andyhodder/status/422291362621702144"/>
		<document id="422409493155426304" url="https://twitter.com/andyhodder/status/422409493155426304"/>
		<document id="422732173683458048" url="https://twitter.com/andyhodder/status/422732173683458048"/>
		<document id="422806635124649984" url="https://twitter.com/andyhodder/status/422806635124649984"/>
		<document id="422835778151276544" url="https://twitter.com/andyhodder/status/422835778151276544"/>
		<document id="422836314724401152" url="https://twitter.com/andyhodder/status/422836314724401152"/>
		<document id="422837628233601024" url="https://twitter.com/andyhodder/status/422837628233601024"/>
		<document id="422847139451244545" url="https://twitter.com/andyhodder/status/422847139451244545"/>
		<document id="423210174615408640" url="https://twitter.com/andyhodder/status/423210174615408640"/>
		<document id="423213993059430400" url="https://twitter.com/andyhodder/status/423213993059430400"/>
		<document id="423218364992225280" url="https://twitter.com/andyhodder/status/423218364992225280"/>
		<document id="423449539551694848" url="https://twitter.com/andyhodder/status/423449539551694848"/>
		<document id="423527644701806592" url="https://twitter.com/andyhodder/status/423527644701806592"/>
		<document id="423535936366841856" url="https://twitter.com/andyhodder/status/423535936366841856"/>
		<document id="423546821974433792" url="https://twitter.com/andyhodder/status/423546821974433792"/>
		<document id="423548136129560576" url="https://twitter.com/andyhodder/status/423548136129560576"/>
		<document id="423552208328986624" url="https://twitter.com/andyhodder/status/423552208328986624"/>
		<document id="423570462346858496" url="https://twitter.com/andyhodder/status/423570462346858496"/>
		<document id="423571059305369602" url="https://twitter.com/andyhodder/status/423571059305369602"/>
		<document id="423577785828126720" url="https://twitter.com/andyhodder/status/423577785828126720"/>
		<document id="423733700481011712" url="https://twitter.com/andyhodder/status/423733700481011712"/>
		<document id="423821593635467264" url="https://twitter.com/andyhodder/status/423821593635467264"/>
		<document id="423925885901996032" url="https://twitter.com/andyhodder/status/423925885901996032"/>
		<document id="423930186934288384" url="https://twitter.com/andyhodder/status/423930186934288384"/>
		<document id="423930638836981760" url="https://twitter.com/andyhodder/status/423930638836981760"/>
		<document id="423932225730924544" url="https://twitter.com/andyhodder/status/423932225730924544"/>
		<document id="423937534771863552" url="https://twitter.com/andyhodder/status/423937534771863552"/>
		<document id="423942266089373697" url="https://twitter.com/andyhodder/status/423942266089373697"/>
		<document id="423944370791145472" url="https://twitter.com/andyhodder/status/423944370791145472"/>
		<document id="423946720117280768" url="https://twitter.com/andyhodder/status/423946720117280768"/>
		<document id="424247461453238272" url="https://twitter.com/andyhodder/status/424247461453238272"/>
		<document id="424281133485137920" url="https://twitter.com/andyhodder/status/424281133485137920"/>
		<document id="424283051045433344" url="https://twitter.com/andyhodder/status/424283051045433344"/>
		<document id="424287101841342464" url="https://twitter.com/andyhodder/status/424287101841342464"/>
		<document id="424290265462218752" url="https://twitter.com/andyhodder/status/424290265462218752"/>
		<document id="424296373438402560" url="https://twitter.com/andyhodder/status/424296373438402560"/>
		<document id="424308340773380096" url="https://twitter.com/andyhodder/status/424308340773380096"/>
		<document id="424439854735560704" url="https://twitter.com/andyhodder/status/424439854735560704"/>
		<document id="424447935347433472" url="https://twitter.com/andyhodder/status/424447935347433472"/>
		<document id="424450833183674368" url="https://twitter.com/andyhodder/status/424450833183674368"/>
		<document id="424454527623102464" url="https://twitter.com/andyhodder/status/424454527623102464"/>
		<document id="424454744179240960" url="https://twitter.com/andyhodder/status/424454744179240960"/>
		<document id="424455322460516352" url="https://twitter.com/andyhodder/status/424455322460516352"/>
		<document id="424476131224739840" url="https://twitter.com/andyhodder/status/424476131224739840"/>
		<document id="424493711868035073" url="https://twitter.com/andyhodder/status/424493711868035073"/>
		<document id="424494612724858880" url="https://twitter.com/andyhodder/status/424494612724858880"/>
		<document id="424494672523034624" url="https://twitter.com/andyhodder/status/424494672523034624"/>
		<document id="424494732656775169" url="https://twitter.com/andyhodder/status/424494732656775169"/>
		<document id="424494772112609281" url="https://twitter.com/andyhodder/status/424494772112609281"/>
		<document id="424555886288568321" url="https://twitter.com/andyhodder/status/424555886288568321"/>
		<document id="424908850199031808" url="https://twitter.com/andyhodder/status/424908850199031808"/>
		<document id="425316702679609344" url="https://twitter.com/andyhodder/status/425316702679609344"/>
		<document id="425345191231619072" url="https://twitter.com/andyhodder/status/425345191231619072"/>
		<document id="425375297308205057" url="https://twitter.com/andyhodder/status/425375297308205057"/>
		<document id="425390918418833408" url="https://twitter.com/andyhodder/status/425390918418833408"/>
		<document id="425560186993254400" url="https://twitter.com/andyhodder/status/425560186993254400"/>
		<document id="425736602900774913" url="https://twitter.com/andyhodder/status/425736602900774913"/>
		<document id="426095351456890880" url="https://twitter.com/andyhodder/status/426095351456890880"/>
		<document id="426416650758656000" url="https://twitter.com/andyhodder/status/426416650758656000"/>
	</documents>
</author>