<?xml version="1.0" encoding="UTF-8" standalone="no"?><author age_group="xx" gender="xx" lang="EN" type="twitter" url="https://twitter.com/Juancmselma">
	<documents count="374">
		<document id="321638134205014018" url="https://twitter.com/Juancmselma/status/321638134205014018"/>
		<document id="322030281890603008" url="https://twitter.com/Juancmselma/status/322030281890603008"/>
		<document id="322705891734466561" url="https://twitter.com/Juancmselma/status/322705891734466561"/>
		<document id="324791498086436864" url="https://twitter.com/Juancmselma/status/324791498086436864"/>
		<document id="324791635454083072" url="https://twitter.com/Juancmselma/status/324791635454083072"/>
		<document id="329503456584925185" url="https://twitter.com/Juancmselma/status/329503456584925185"/>
		<document id="330038169594630146" url="https://twitter.com/Juancmselma/status/330038169594630146"/>
		<document id="338896669359869952" url="https://twitter.com/Juancmselma/status/338896669359869952"/>
		<document id="339129843436363776" url="https://twitter.com/Juancmselma/status/339129843436363776"/>
		<document id="339493517921484801" url="https://twitter.com/Juancmselma/status/339493517921484801"/>
		<document id="339859104854073344" url="https://twitter.com/Juancmselma/status/339859104854073344"/>
		<document id="340105884707454977" url="https://twitter.com/Juancmselma/status/340105884707454977"/>
		<document id="341133629101072384" url="https://twitter.com/Juancmselma/status/341133629101072384"/>
		<document id="341226031585308674" url="https://twitter.com/Juancmselma/status/341226031585308674"/>
		<document id="342018564208877568" url="https://twitter.com/Juancmselma/status/342018564208877568"/>
		<document id="342386432410791936" url="https://twitter.com/Juancmselma/status/342386432410791936"/>
		<document id="342728005950517248" url="https://twitter.com/Juancmselma/status/342728005950517248"/>
		<document id="349633930015670272" url="https://twitter.com/Juancmselma/status/349633930015670272"/>
		<document id="349768870439043072" url="https://twitter.com/Juancmselma/status/349768870439043072"/>
		<document id="350015874326994944" url="https://twitter.com/Juancmselma/status/350015874326994944"/>
		<document id="350209186916868096" url="https://twitter.com/Juancmselma/status/350209186916868096"/>
		<document id="350333345504309248" url="https://twitter.com/Juancmselma/status/350333345504309248"/>
		<document id="350991493923749888" url="https://twitter.com/Juancmselma/status/350991493923749888"/>
		<document id="351109459747160065" url="https://twitter.com/Juancmselma/status/351109459747160065"/>
		<document id="351243186162769920" url="https://twitter.com/Juancmselma/status/351243186162769920"/>
		<document id="351797776398561281" url="https://twitter.com/Juancmselma/status/351797776398561281"/>
		<document id="356817610370854914" url="https://twitter.com/Juancmselma/status/356817610370854914"/>
		<document id="357039677900988417" url="https://twitter.com/Juancmselma/status/357039677900988417"/>
		<document id="357210817868988417" url="https://twitter.com/Juancmselma/status/357210817868988417"/>
		<document id="357572732600328192" url="https://twitter.com/Juancmselma/status/357572732600328192"/>
		<document id="357806001925263360" url="https://twitter.com/Juancmselma/status/357806001925263360"/>
		<document id="358105273874919425" url="https://twitter.com/Juancmselma/status/358105273874919425"/>
		<document id="358652533377478656" url="https://twitter.com/Juancmselma/status/358652533377478656"/>
		<document id="358652570232815617" url="https://twitter.com/Juancmselma/status/358652570232815617"/>
		<document id="358855062912634880" url="https://twitter.com/Juancmselma/status/358855062912634880"/>
		<document id="359432231577587713" url="https://twitter.com/Juancmselma/status/359432231577587713"/>
		<document id="361601636566708224" url="https://twitter.com/Juancmselma/status/361601636566708224"/>
		<document id="361605028722655235" url="https://twitter.com/Juancmselma/status/361605028722655235"/>
		<document id="362215061248417794" url="https://twitter.com/Juancmselma/status/362215061248417794"/>
		<document id="362701185599279105" url="https://twitter.com/Juancmselma/status/362701185599279105"/>
		<document id="363062840543817728" url="https://twitter.com/Juancmselma/status/363062840543817728"/>
		<document id="363371737670369280" url="https://twitter.com/Juancmselma/status/363371737670369280"/>
		<document id="363581826226331648" url="https://twitter.com/Juancmselma/status/363581826226331648"/>
		<document id="363722675237031936" url="https://twitter.com/Juancmselma/status/363722675237031936"/>
		<document id="363787978855825409" url="https://twitter.com/Juancmselma/status/363787978855825409"/>
		<document id="364477896850964480" url="https://twitter.com/Juancmselma/status/364477896850964480"/>
		<document id="364805209861537792" url="https://twitter.com/Juancmselma/status/364805209861537792"/>
		<document id="364856468048056320" url="https://twitter.com/Juancmselma/status/364856468048056320"/>
		<document id="365711666811387904" url="https://twitter.com/Juancmselma/status/365711666811387904"/>
		<document id="366496945310670848" url="https://twitter.com/Juancmselma/status/366496945310670848"/>
		<document id="367008608308822016" url="https://twitter.com/Juancmselma/status/367008608308822016"/>
		<document id="367399262998781952" url="https://twitter.com/Juancmselma/status/367399262998781952"/>
		<document id="367553312675340288" url="https://twitter.com/Juancmselma/status/367553312675340288"/>
		<document id="367672211509100544" url="https://twitter.com/Juancmselma/status/367672211509100544"/>
		<document id="367940772597096448" url="https://twitter.com/Juancmselma/status/367940772597096448"/>
		<document id="368302392976363520" url="https://twitter.com/Juancmselma/status/368302392976363520"/>
		<document id="368829548109914112" url="https://twitter.com/Juancmselma/status/368829548109914112"/>
		<document id="368881188384944128" url="https://twitter.com/Juancmselma/status/368881188384944128"/>
		<document id="369198548127993857" url="https://twitter.com/Juancmselma/status/369198548127993857"/>
		<document id="369350597691965440" url="https://twitter.com/Juancmselma/status/369350597691965440"/>
		<document id="369456798563966976" url="https://twitter.com/Juancmselma/status/369456798563966976"/>
		<document id="369555854443687936" url="https://twitter.com/Juancmselma/status/369555854443687936"/>
		<document id="369732666729697280" url="https://twitter.com/Juancmselma/status/369732666729697280"/>
		<document id="370080603942957056" url="https://twitter.com/Juancmselma/status/370080603942957056"/>
		<document id="370660245607292928" url="https://twitter.com/Juancmselma/status/370660245607292928"/>
		<document id="370812345184178176" url="https://twitter.com/Juancmselma/status/370812345184178176"/>
		<document id="371050034311471104" url="https://twitter.com/Juancmselma/status/371050034311471104"/>
		<document id="371174434557935616" url="https://twitter.com/Juancmselma/status/371174434557935616"/>
		<document id="371174572638621696" url="https://twitter.com/Juancmselma/status/371174572638621696"/>
		<document id="371174727479750656" url="https://twitter.com/Juancmselma/status/371174727479750656"/>
		<document id="371375502982119424" url="https://twitter.com/Juancmselma/status/371375502982119424"/>
		<document id="372716544541097984" url="https://twitter.com/Juancmselma/status/372716544541097984"/>
		<document id="372965140519731200" url="https://twitter.com/Juancmselma/status/372965140519731200"/>
		<document id="373164373696851968" url="https://twitter.com/Juancmselma/status/373164373696851968"/>
		<document id="373559711297449984" url="https://twitter.com/Juancmselma/status/373559711297449984"/>
		<document id="375367137726324737" url="https://twitter.com/Juancmselma/status/375367137726324737"/>
		<document id="376305700852756480" url="https://twitter.com/Juancmselma/status/376305700852756480"/>
		<document id="376384084135936000" url="https://twitter.com/Juancmselma/status/376384084135936000"/>
		<document id="376818475983187969" url="https://twitter.com/Juancmselma/status/376818475983187969"/>
		<document id="377287496193040384" url="https://twitter.com/Juancmselma/status/377287496193040384"/>
		<document id="377675465567526912" url="https://twitter.com/Juancmselma/status/377675465567526912"/>
		<document id="377844214958391296" url="https://twitter.com/Juancmselma/status/377844214958391296"/>
		<document id="378254727194370048" url="https://twitter.com/Juancmselma/status/378254727194370048"/>
		<document id="378393657675886592" url="https://twitter.com/Juancmselma/status/378393657675886592"/>
		<document id="378619780305272832" url="https://twitter.com/Juancmselma/status/378619780305272832"/>
		<document id="378619993153626112" url="https://twitter.com/Juancmselma/status/378619993153626112"/>
		<document id="378620095519793152" url="https://twitter.com/Juancmselma/status/378620095519793152"/>
		<document id="379151934336561152" url="https://twitter.com/Juancmselma/status/379151934336561152"/>
		<document id="379678164165091328" url="https://twitter.com/Juancmselma/status/379678164165091328"/>
		<document id="380038055975190529" url="https://twitter.com/Juancmselma/status/380038055975190529"/>
		<document id="380435511594467328" url="https://twitter.com/Juancmselma/status/380435511594467328"/>
		<document id="380771350782443520" url="https://twitter.com/Juancmselma/status/380771350782443520"/>
		<document id="381160024212799489" url="https://twitter.com/Juancmselma/status/381160024212799489"/>
		<document id="381161207102963712" url="https://twitter.com/Juancmselma/status/381161207102963712"/>
		<document id="382984967971958784" url="https://twitter.com/Juancmselma/status/382984967971958784"/>
		<document id="383661341854425088" url="https://twitter.com/Juancmselma/status/383661341854425088"/>
		<document id="383708555108708352" url="https://twitter.com/Juancmselma/status/383708555108708352"/>
		<document id="385125781095333889" url="https://twitter.com/Juancmselma/status/385125781095333889"/>
		<document id="387301955829530625" url="https://twitter.com/Juancmselma/status/387301955829530625"/>
		<document id="390911806006652928" url="https://twitter.com/Juancmselma/status/390911806006652928"/>
		<document id="391464279276548096" url="https://twitter.com/Juancmselma/status/391464279276548096"/>
		<document id="391843714815246336" url="https://twitter.com/Juancmselma/status/391843714815246336"/>
		<document id="393057719407878144" url="https://twitter.com/Juancmselma/status/393057719407878144"/>
		<document id="393129033590136832" url="https://twitter.com/Juancmselma/status/393129033590136832"/>
		<document id="393129084152459264" url="https://twitter.com/Juancmselma/status/393129084152459264"/>
		<document id="393628990575218688" url="https://twitter.com/Juancmselma/status/393628990575218688"/>
		<document id="393629246159327232" url="https://twitter.com/Juancmselma/status/393629246159327232"/>
		<document id="393723331838754816" url="https://twitter.com/Juancmselma/status/393723331838754816"/>
		<document id="395633454412726272" url="https://twitter.com/Juancmselma/status/395633454412726272"/>
		<document id="396022271753859072" url="https://twitter.com/Juancmselma/status/396022271753859072"/>
		<document id="396045374546526208" url="https://twitter.com/Juancmselma/status/396045374546526208"/>
		<document id="396175999614078976" url="https://twitter.com/Juancmselma/status/396175999614078976"/>
		<document id="397009461082349569" url="https://twitter.com/Juancmselma/status/397009461082349569"/>
		<document id="397227657873858560" url="https://twitter.com/Juancmselma/status/397227657873858560"/>
		<document id="397465667714420736" url="https://twitter.com/Juancmselma/status/397465667714420736"/>
		<document id="397824156571807745" url="https://twitter.com/Juancmselma/status/397824156571807745"/>
		<document id="398189354251988994" url="https://twitter.com/Juancmselma/status/398189354251988994"/>
		<document id="398550026366238720" url="https://twitter.com/Juancmselma/status/398550026366238720"/>
		<document id="398550076018417665" url="https://twitter.com/Juancmselma/status/398550076018417665"/>
		<document id="398904530207002624" url="https://twitter.com/Juancmselma/status/398904530207002624"/>
		<document id="399127678814781440" url="https://twitter.com/Juancmselma/status/399127678814781440"/>
		<document id="399313885523484673" url="https://twitter.com/Juancmselma/status/399313885523484673"/>
		<document id="399655146772500481" url="https://twitter.com/Juancmselma/status/399655146772500481"/>
		<document id="399995049137954816" url="https://twitter.com/Juancmselma/status/399995049137954816"/>
		<document id="400289178019438592" url="https://twitter.com/Juancmselma/status/400289178019438592"/>
		<document id="400551041475039233" url="https://twitter.com/Juancmselma/status/400551041475039233"/>
		<document id="400737396402429952" url="https://twitter.com/Juancmselma/status/400737396402429952"/>
		<document id="400877462558875648" url="https://twitter.com/Juancmselma/status/400877462558875648"/>
		<document id="401999542260072448" url="https://twitter.com/Juancmselma/status/401999542260072448"/>
		<document id="406146899507683328" url="https://twitter.com/Juancmselma/status/406146899507683328"/>
		<document id="406528126467198976" url="https://twitter.com/Juancmselma/status/406528126467198976"/>
		<document id="410547852218474496" url="https://twitter.com/Juancmselma/status/410547852218474496"/>
		<document id="413433491549089792" url="https://twitter.com/Juancmselma/status/413433491549089792"/>
		<document id="413433493344223232" url="https://twitter.com/Juancmselma/status/413433493344223232"/>
		<document id="413922147556687872" url="https://twitter.com/Juancmselma/status/413922147556687872"/>
		<document id="418866615036682241" url="https://twitter.com/Juancmselma/status/418866615036682241"/>
		<document id="419007183087734784" url="https://twitter.com/Juancmselma/status/419007183087734784"/>
		<document id="321638134205014018" url="https://twitter.com/Juancmselma/status/321638134205014018"/>
		<document id="322030281890603008" url="https://twitter.com/Juancmselma/status/322030281890603008"/>
		<document id="322705891734466561" url="https://twitter.com/Juancmselma/status/322705891734466561"/>
		<document id="324791498086436864" url="https://twitter.com/Juancmselma/status/324791498086436864"/>
		<document id="324791635454083072" url="https://twitter.com/Juancmselma/status/324791635454083072"/>
		<document id="329503456584925185" url="https://twitter.com/Juancmselma/status/329503456584925185"/>
		<document id="330038169594630146" url="https://twitter.com/Juancmselma/status/330038169594630146"/>
		<document id="338896669359869952" url="https://twitter.com/Juancmselma/status/338896669359869952"/>
		<document id="339129843436363776" url="https://twitter.com/Juancmselma/status/339129843436363776"/>
		<document id="339493517921484801" url="https://twitter.com/Juancmselma/status/339493517921484801"/>
		<document id="339859104854073344" url="https://twitter.com/Juancmselma/status/339859104854073344"/>
		<document id="340105884707454977" url="https://twitter.com/Juancmselma/status/340105884707454977"/>
		<document id="341133629101072384" url="https://twitter.com/Juancmselma/status/341133629101072384"/>
		<document id="341226031585308674" url="https://twitter.com/Juancmselma/status/341226031585308674"/>
		<document id="342018564208877568" url="https://twitter.com/Juancmselma/status/342018564208877568"/>
		<document id="342386432410791936" url="https://twitter.com/Juancmselma/status/342386432410791936"/>
		<document id="342728005950517248" url="https://twitter.com/Juancmselma/status/342728005950517248"/>
		<document id="349633930015670272" url="https://twitter.com/Juancmselma/status/349633930015670272"/>
		<document id="349768870439043072" url="https://twitter.com/Juancmselma/status/349768870439043072"/>
		<document id="350015874326994944" url="https://twitter.com/Juancmselma/status/350015874326994944"/>
		<document id="350209186916868096" url="https://twitter.com/Juancmselma/status/350209186916868096"/>
		<document id="350333345504309248" url="https://twitter.com/Juancmselma/status/350333345504309248"/>
		<document id="350991493923749888" url="https://twitter.com/Juancmselma/status/350991493923749888"/>
		<document id="351109459747160065" url="https://twitter.com/Juancmselma/status/351109459747160065"/>
		<document id="351243186162769920" url="https://twitter.com/Juancmselma/status/351243186162769920"/>
		<document id="351797776398561281" url="https://twitter.com/Juancmselma/status/351797776398561281"/>
		<document id="356817610370854914" url="https://twitter.com/Juancmselma/status/356817610370854914"/>
		<document id="357039677900988417" url="https://twitter.com/Juancmselma/status/357039677900988417"/>
		<document id="357210817868988417" url="https://twitter.com/Juancmselma/status/357210817868988417"/>
		<document id="357572732600328192" url="https://twitter.com/Juancmselma/status/357572732600328192"/>
		<document id="357806001925263360" url="https://twitter.com/Juancmselma/status/357806001925263360"/>
		<document id="358105273874919425" url="https://twitter.com/Juancmselma/status/358105273874919425"/>
		<document id="358652533377478656" url="https://twitter.com/Juancmselma/status/358652533377478656"/>
		<document id="358652570232815617" url="https://twitter.com/Juancmselma/status/358652570232815617"/>
		<document id="358855062912634880" url="https://twitter.com/Juancmselma/status/358855062912634880"/>
		<document id="359432231577587713" url="https://twitter.com/Juancmselma/status/359432231577587713"/>
		<document id="361601636566708224" url="https://twitter.com/Juancmselma/status/361601636566708224"/>
		<document id="361605028722655235" url="https://twitter.com/Juancmselma/status/361605028722655235"/>
		<document id="362215061248417794" url="https://twitter.com/Juancmselma/status/362215061248417794"/>
		<document id="362701185599279105" url="https://twitter.com/Juancmselma/status/362701185599279105"/>
		<document id="363062840543817728" url="https://twitter.com/Juancmselma/status/363062840543817728"/>
		<document id="363371737670369280" url="https://twitter.com/Juancmselma/status/363371737670369280"/>
		<document id="363581826226331648" url="https://twitter.com/Juancmselma/status/363581826226331648"/>
		<document id="363722675237031936" url="https://twitter.com/Juancmselma/status/363722675237031936"/>
		<document id="363787978855825409" url="https://twitter.com/Juancmselma/status/363787978855825409"/>
		<document id="364477896850964480" url="https://twitter.com/Juancmselma/status/364477896850964480"/>
		<document id="364805209861537792" url="https://twitter.com/Juancmselma/status/364805209861537792"/>
		<document id="364856468048056320" url="https://twitter.com/Juancmselma/status/364856468048056320"/>
		<document id="365711666811387904" url="https://twitter.com/Juancmselma/status/365711666811387904"/>
		<document id="366496945310670848" url="https://twitter.com/Juancmselma/status/366496945310670848"/>
		<document id="367008608308822016" url="https://twitter.com/Juancmselma/status/367008608308822016"/>
		<document id="367399262998781952" url="https://twitter.com/Juancmselma/status/367399262998781952"/>
		<document id="367553312675340288" url="https://twitter.com/Juancmselma/status/367553312675340288"/>
		<document id="367672211509100544" url="https://twitter.com/Juancmselma/status/367672211509100544"/>
		<document id="367940772597096448" url="https://twitter.com/Juancmselma/status/367940772597096448"/>
		<document id="368302392976363520" url="https://twitter.com/Juancmselma/status/368302392976363520"/>
		<document id="368829548109914112" url="https://twitter.com/Juancmselma/status/368829548109914112"/>
		<document id="368881188384944128" url="https://twitter.com/Juancmselma/status/368881188384944128"/>
		<document id="369198548127993857" url="https://twitter.com/Juancmselma/status/369198548127993857"/>
		<document id="369350597691965440" url="https://twitter.com/Juancmselma/status/369350597691965440"/>
		<document id="369456798563966976" url="https://twitter.com/Juancmselma/status/369456798563966976"/>
		<document id="369555854443687936" url="https://twitter.com/Juancmselma/status/369555854443687936"/>
		<document id="369732666729697280" url="https://twitter.com/Juancmselma/status/369732666729697280"/>
		<document id="370080603942957056" url="https://twitter.com/Juancmselma/status/370080603942957056"/>
		<document id="370660245607292928" url="https://twitter.com/Juancmselma/status/370660245607292928"/>
		<document id="370812345184178176" url="https://twitter.com/Juancmselma/status/370812345184178176"/>
		<document id="371050034311471104" url="https://twitter.com/Juancmselma/status/371050034311471104"/>
		<document id="371174434557935616" url="https://twitter.com/Juancmselma/status/371174434557935616"/>
		<document id="371174572638621696" url="https://twitter.com/Juancmselma/status/371174572638621696"/>
		<document id="371174727479750656" url="https://twitter.com/Juancmselma/status/371174727479750656"/>
		<document id="371375502982119424" url="https://twitter.com/Juancmselma/status/371375502982119424"/>
		<document id="372716544541097984" url="https://twitter.com/Juancmselma/status/372716544541097984"/>
		<document id="372965140519731200" url="https://twitter.com/Juancmselma/status/372965140519731200"/>
		<document id="373164373696851968" url="https://twitter.com/Juancmselma/status/373164373696851968"/>
		<document id="373559711297449984" url="https://twitter.com/Juancmselma/status/373559711297449984"/>
		<document id="375367137726324737" url="https://twitter.com/Juancmselma/status/375367137726324737"/>
		<document id="376305700852756480" url="https://twitter.com/Juancmselma/status/376305700852756480"/>
		<document id="376384084135936000" url="https://twitter.com/Juancmselma/status/376384084135936000"/>
		<document id="376818475983187969" url="https://twitter.com/Juancmselma/status/376818475983187969"/>
		<document id="377287496193040384" url="https://twitter.com/Juancmselma/status/377287496193040384"/>
		<document id="377675465567526912" url="https://twitter.com/Juancmselma/status/377675465567526912"/>
		<document id="377844214958391296" url="https://twitter.com/Juancmselma/status/377844214958391296"/>
		<document id="378254727194370048" url="https://twitter.com/Juancmselma/status/378254727194370048"/>
		<document id="378393657675886592" url="https://twitter.com/Juancmselma/status/378393657675886592"/>
		<document id="378619780305272832" url="https://twitter.com/Juancmselma/status/378619780305272832"/>
		<document id="378619993153626112" url="https://twitter.com/Juancmselma/status/378619993153626112"/>
		<document id="378620095519793152" url="https://twitter.com/Juancmselma/status/378620095519793152"/>
		<document id="379151934336561152" url="https://twitter.com/Juancmselma/status/379151934336561152"/>
		<document id="379678164165091328" url="https://twitter.com/Juancmselma/status/379678164165091328"/>
		<document id="380038055975190529" url="https://twitter.com/Juancmselma/status/380038055975190529"/>
		<document id="380435511594467328" url="https://twitter.com/Juancmselma/status/380435511594467328"/>
		<document id="380771350782443520" url="https://twitter.com/Juancmselma/status/380771350782443520"/>
		<document id="381160024212799489" url="https://twitter.com/Juancmselma/status/381160024212799489"/>
		<document id="381161207102963712" url="https://twitter.com/Juancmselma/status/381161207102963712"/>
		<document id="382984967971958784" url="https://twitter.com/Juancmselma/status/382984967971958784"/>
		<document id="383661341854425088" url="https://twitter.com/Juancmselma/status/383661341854425088"/>
		<document id="383708555108708352" url="https://twitter.com/Juancmselma/status/383708555108708352"/>
		<document id="385125781095333889" url="https://twitter.com/Juancmselma/status/385125781095333889"/>
		<document id="387301955829530625" url="https://twitter.com/Juancmselma/status/387301955829530625"/>
		<document id="390911806006652928" url="https://twitter.com/Juancmselma/status/390911806006652928"/>
		<document id="391464279276548096" url="https://twitter.com/Juancmselma/status/391464279276548096"/>
		<document id="391843714815246336" url="https://twitter.com/Juancmselma/status/391843714815246336"/>
		<document id="393057719407878144" url="https://twitter.com/Juancmselma/status/393057719407878144"/>
		<document id="393129033590136832" url="https://twitter.com/Juancmselma/status/393129033590136832"/>
		<document id="393129084152459264" url="https://twitter.com/Juancmselma/status/393129084152459264"/>
		<document id="393628990575218688" url="https://twitter.com/Juancmselma/status/393628990575218688"/>
		<document id="393629246159327232" url="https://twitter.com/Juancmselma/status/393629246159327232"/>
		<document id="393723331838754816" url="https://twitter.com/Juancmselma/status/393723331838754816"/>
		<document id="395633454412726272" url="https://twitter.com/Juancmselma/status/395633454412726272"/>
		<document id="396022271753859072" url="https://twitter.com/Juancmselma/status/396022271753859072"/>
		<document id="396045374546526208" url="https://twitter.com/Juancmselma/status/396045374546526208"/>
		<document id="396175999614078976" url="https://twitter.com/Juancmselma/status/396175999614078976"/>
		<document id="397009461082349569" url="https://twitter.com/Juancmselma/status/397009461082349569"/>
		<document id="397227657873858560" url="https://twitter.com/Juancmselma/status/397227657873858560"/>
		<document id="397465667714420736" url="https://twitter.com/Juancmselma/status/397465667714420736"/>
		<document id="397824156571807745" url="https://twitter.com/Juancmselma/status/397824156571807745"/>
		<document id="398189354251988994" url="https://twitter.com/Juancmselma/status/398189354251988994"/>
		<document id="398550026366238720" url="https://twitter.com/Juancmselma/status/398550026366238720"/>
		<document id="398550076018417665" url="https://twitter.com/Juancmselma/status/398550076018417665"/>
		<document id="398904530207002624" url="https://twitter.com/Juancmselma/status/398904530207002624"/>
		<document id="399127678814781440" url="https://twitter.com/Juancmselma/status/399127678814781440"/>
		<document id="399313885523484673" url="https://twitter.com/Juancmselma/status/399313885523484673"/>
		<document id="399655146772500481" url="https://twitter.com/Juancmselma/status/399655146772500481"/>
		<document id="399995049137954816" url="https://twitter.com/Juancmselma/status/399995049137954816"/>
		<document id="400289178019438592" url="https://twitter.com/Juancmselma/status/400289178019438592"/>
		<document id="400551041475039233" url="https://twitter.com/Juancmselma/status/400551041475039233"/>
		<document id="400737396402429952" url="https://twitter.com/Juancmselma/status/400737396402429952"/>
		<document id="400877462558875648" url="https://twitter.com/Juancmselma/status/400877462558875648"/>
		<document id="401999542260072448" url="https://twitter.com/Juancmselma/status/401999542260072448"/>
		<document id="406146899507683328" url="https://twitter.com/Juancmselma/status/406146899507683328"/>
		<document id="406528126467198976" url="https://twitter.com/Juancmselma/status/406528126467198976"/>
		<document id="410547852218474496" url="https://twitter.com/Juancmselma/status/410547852218474496"/>
		<document id="413433491549089792" url="https://twitter.com/Juancmselma/status/413433491549089792"/>
		<document id="413433493344223232" url="https://twitter.com/Juancmselma/status/413433493344223232"/>
		<document id="413922147556687872" url="https://twitter.com/Juancmselma/status/413922147556687872"/>
		<document id="418866615036682241" url="https://twitter.com/Juancmselma/status/418866615036682241"/>
		<document id="419007183087734784" url="https://twitter.com/Juancmselma/status/419007183087734784"/>
	</documents>
</author>