<?xml version="1.0" encoding="UTF-8" standalone="no"?><author age_group="xx" gender="xx" lang="EN" type="twitter" url="https://twitter.com/TwittingMarina">
	<documents count="642">
		<document id="107407596373278720" url="https://twitter.com/TwittingMarina/status/107407596373278720"/>
		<document id="108039746005110784" url="https://twitter.com/TwittingMarina/status/108039746005110784"/>
		<document id="111392690125549568" url="https://twitter.com/TwittingMarina/status/111392690125549568"/>
		<document id="114685998595710976" url="https://twitter.com/TwittingMarina/status/114685998595710976"/>
		<document id="116180441265999872" url="https://twitter.com/TwittingMarina/status/116180441265999872"/>
		<document id="119710143305879552" url="https://twitter.com/TwittingMarina/status/119710143305879552"/>
		<document id="12222759679" url="https://twitter.com/TwittingMarina/status/12222759679"/>
		<document id="12222800559" url="https://twitter.com/TwittingMarina/status/12222800559"/>
		<document id="123446210781650944" url="https://twitter.com/TwittingMarina/status/123446210781650944"/>
		<document id="126203765773697025" url="https://twitter.com/TwittingMarina/status/126203765773697025"/>
		<document id="126577490482307072" url="https://twitter.com/TwittingMarina/status/126577490482307072"/>
		<document id="126588011197644800" url="https://twitter.com/TwittingMarina/status/126588011197644800"/>
		<document id="128111572244627456" url="https://twitter.com/TwittingMarina/status/128111572244627456"/>
		<document id="129487681641127936" url="https://twitter.com/TwittingMarina/status/129487681641127936"/>
		<document id="129901659949244416" url="https://twitter.com/TwittingMarina/status/129901659949244416"/>
		<document id="130921705194520576" url="https://twitter.com/TwittingMarina/status/130921705194520576"/>
		<document id="131312669943799808" url="https://twitter.com/TwittingMarina/status/131312669943799808"/>
		<document id="133830848658153472" url="https://twitter.com/TwittingMarina/status/133830848658153472"/>
		<document id="134925937379778560" url="https://twitter.com/TwittingMarina/status/134925937379778560"/>
		<document id="136351486924947456" url="https://twitter.com/TwittingMarina/status/136351486924947456"/>
		<document id="137107252464197632" url="https://twitter.com/TwittingMarina/status/137107252464197632"/>
		<document id="137451318603288576" url="https://twitter.com/TwittingMarina/status/137451318603288576"/>
		<document id="139258990654791680" url="https://twitter.com/TwittingMarina/status/139258990654791680"/>
		<document id="140020543691816961" url="https://twitter.com/TwittingMarina/status/140020543691816961"/>
		<document id="141411916936527872" url="https://twitter.com/TwittingMarina/status/141411916936527872"/>
		<document id="143452798175031296" url="https://twitter.com/TwittingMarina/status/143452798175031296"/>
		<document id="143618239224758272" url="https://twitter.com/TwittingMarina/status/143618239224758272"/>
		<document id="145870176083132416" url="https://twitter.com/TwittingMarina/status/145870176083132416"/>
		<document id="148333979056082944" url="https://twitter.com/TwittingMarina/status/148333979056082944"/>
		<document id="148425033834954754" url="https://twitter.com/TwittingMarina/status/148425033834954754"/>
		<document id="158652534930669569" url="https://twitter.com/TwittingMarina/status/158652534930669569"/>
		<document id="161010286994784256" url="https://twitter.com/TwittingMarina/status/161010286994784256"/>
		<document id="163557172100337664" url="https://twitter.com/TwittingMarina/status/163557172100337664"/>
		<document id="166083436698800128" url="https://twitter.com/TwittingMarina/status/166083436698800128"/>
		<document id="168971955171635200" url="https://twitter.com/TwittingMarina/status/168971955171635200"/>
		<document id="169887264594345985" url="https://twitter.com/TwittingMarina/status/169887264594345985"/>
		<document id="171141777036812289" url="https://twitter.com/TwittingMarina/status/171141777036812289"/>
		<document id="171143462270418944" url="https://twitter.com/TwittingMarina/status/171143462270418944"/>
		<document id="171488389797904385" url="https://twitter.com/TwittingMarina/status/171488389797904385"/>
		<document id="171533047655706624" url="https://twitter.com/TwittingMarina/status/171533047655706624"/>
		<document id="171559557347278848" url="https://twitter.com/TwittingMarina/status/171559557347278848"/>
		<document id="171961312702775297" url="https://twitter.com/TwittingMarina/status/171961312702775297"/>
		<document id="172319293705437185" url="https://twitter.com/TwittingMarina/status/172319293705437185"/>
		<document id="172935753645563904" url="https://twitter.com/TwittingMarina/status/172935753645563904"/>
		<document id="173134184892727296" url="https://twitter.com/TwittingMarina/status/173134184892727296"/>
		<document id="173693796238901248" url="https://twitter.com/TwittingMarina/status/173693796238901248"/>
		<document id="175858366877401088" url="https://twitter.com/TwittingMarina/status/175858366877401088"/>
		<document id="175861029866180610" url="https://twitter.com/TwittingMarina/status/175861029866180610"/>
		<document id="175994459098578944" url="https://twitter.com/TwittingMarina/status/175994459098578944"/>
		<document id="176592868624973824" url="https://twitter.com/TwittingMarina/status/176592868624973824"/>
		<document id="177028125430005762" url="https://twitter.com/TwittingMarina/status/177028125430005762"/>
		<document id="177114979789570048" url="https://twitter.com/TwittingMarina/status/177114979789570048"/>
		<document id="177660347489067009" url="https://twitter.com/TwittingMarina/status/177660347489067009"/>
		<document id="177990052964605953" url="https://twitter.com/TwittingMarina/status/177990052964605953"/>
		<document id="178755027098271744" url="https://twitter.com/TwittingMarina/status/178755027098271744"/>
		<document id="178765658954272769" url="https://twitter.com/TwittingMarina/status/178765658954272769"/>
		<document id="178896029964443648" url="https://twitter.com/TwittingMarina/status/178896029964443648"/>
		<document id="179580289717256192" url="https://twitter.com/TwittingMarina/status/179580289717256192"/>
		<document id="180360454890192897" url="https://twitter.com/TwittingMarina/status/180360454890192897"/>
		<document id="180618501696925696" url="https://twitter.com/TwittingMarina/status/180618501696925696"/>
		<document id="183589132474392579" url="https://twitter.com/TwittingMarina/status/183589132474392579"/>
		<document id="183590132367097857" url="https://twitter.com/TwittingMarina/status/183590132367097857"/>
		<document id="183927459845124097" url="https://twitter.com/TwittingMarina/status/183927459845124097"/>
		<document id="183934438374248450" url="https://twitter.com/TwittingMarina/status/183934438374248450"/>
		<document id="183987836800872449" url="https://twitter.com/TwittingMarina/status/183987836800872449"/>
		<document id="184155875211096064" url="https://twitter.com/TwittingMarina/status/184155875211096064"/>
		<document id="184882017513635840" url="https://twitter.com/TwittingMarina/status/184882017513635840"/>
		<document id="184885379583836160" url="https://twitter.com/TwittingMarina/status/184885379583836160"/>
		<document id="185334338718662658" url="https://twitter.com/TwittingMarina/status/185334338718662658"/>
		<document id="185335602202423296" url="https://twitter.com/TwittingMarina/status/185335602202423296"/>
		<document id="185361898974351363" url="https://twitter.com/TwittingMarina/status/185361898974351363"/>
		<document id="185766078679486464" url="https://twitter.com/TwittingMarina/status/185766078679486464"/>
		<document id="185772661098549249" url="https://twitter.com/TwittingMarina/status/185772661098549249"/>
		<document id="185776391999078400" url="https://twitter.com/TwittingMarina/status/185776391999078400"/>
		<document id="185785645699043328" url="https://twitter.com/TwittingMarina/status/185785645699043328"/>
		<document id="186003699921985537" url="https://twitter.com/TwittingMarina/status/186003699921985537"/>
		<document id="186354872378064897" url="https://twitter.com/TwittingMarina/status/186354872378064897"/>
		<document id="186355624014123010" url="https://twitter.com/TwittingMarina/status/186355624014123010"/>
		<document id="187575464133541889" url="https://twitter.com/TwittingMarina/status/187575464133541889"/>
		<document id="187585194998497280" url="https://twitter.com/TwittingMarina/status/187585194998497280"/>
		<document id="187588433894580225" url="https://twitter.com/TwittingMarina/status/187588433894580225"/>
		<document id="189617400679890945" url="https://twitter.com/TwittingMarina/status/189617400679890945"/>
		<document id="189631070289936385" url="https://twitter.com/TwittingMarina/status/189631070289936385"/>
		<document id="189641072207609856" url="https://twitter.com/TwittingMarina/status/189641072207609856"/>
		<document id="190708887547162624" url="https://twitter.com/TwittingMarina/status/190708887547162624"/>
		<document id="191072183978696704" url="https://twitter.com/TwittingMarina/status/191072183978696704"/>
		<document id="191566379487461376" url="https://twitter.com/TwittingMarina/status/191566379487461376"/>
		<document id="191895352545259520" url="https://twitter.com/TwittingMarina/status/191895352545259520"/>
		<document id="192154278268383232" url="https://twitter.com/TwittingMarina/status/192154278268383232"/>
		<document id="192155499305766912" url="https://twitter.com/TwittingMarina/status/192155499305766912"/>
		<document id="192163178220752896" url="https://twitter.com/TwittingMarina/status/192163178220752896"/>
		<document id="192261845124521987" url="https://twitter.com/TwittingMarina/status/192261845124521987"/>
		<document id="192270034373050369" url="https://twitter.com/TwittingMarina/status/192270034373050369"/>
		<document id="192276785843544064" url="https://twitter.com/TwittingMarina/status/192276785843544064"/>
		<document id="192302451293028352" url="https://twitter.com/TwittingMarina/status/192302451293028352"/>
		<document id="192317340573110272" url="https://twitter.com/TwittingMarina/status/192317340573110272"/>
		<document id="192496552839880704" url="https://twitter.com/TwittingMarina/status/192496552839880704"/>
		<document id="192497991804919808" url="https://twitter.com/TwittingMarina/status/192497991804919808"/>
		<document id="192589823431811072" url="https://twitter.com/TwittingMarina/status/192589823431811072"/>
		<document id="192764530382741507" url="https://twitter.com/TwittingMarina/status/192764530382741507"/>
		<document id="192854549621518336" url="https://twitter.com/TwittingMarina/status/192854549621518336"/>
		<document id="192869014341554176" url="https://twitter.com/TwittingMarina/status/192869014341554176"/>
		<document id="194147583688572928" url="https://twitter.com/TwittingMarina/status/194147583688572928"/>
		<document id="194149048838651906" url="https://twitter.com/TwittingMarina/status/194149048838651906"/>
		<document id="194309057929154560" url="https://twitter.com/TwittingMarina/status/194309057929154560"/>
		<document id="194317284704137217" url="https://twitter.com/TwittingMarina/status/194317284704137217"/>
		<document id="194701368630591488" url="https://twitter.com/TwittingMarina/status/194701368630591488"/>
		<document id="195142722758262784" url="https://twitter.com/TwittingMarina/status/195142722758262784"/>
		<document id="195244844275339264" url="https://twitter.com/TwittingMarina/status/195244844275339264"/>
		<document id="195425387923255296" url="https://twitter.com/TwittingMarina/status/195425387923255296"/>
		<document id="195512285790339072" url="https://twitter.com/TwittingMarina/status/195512285790339072"/>
		<document id="195735061767794688" url="https://twitter.com/TwittingMarina/status/195735061767794688"/>
		<document id="195735707195674624" url="https://twitter.com/TwittingMarina/status/195735707195674624"/>
		<document id="195738396545650688" url="https://twitter.com/TwittingMarina/status/195738396545650688"/>
		<document id="197611001305239553" url="https://twitter.com/TwittingMarina/status/197611001305239553"/>
		<document id="197925300527579136" url="https://twitter.com/TwittingMarina/status/197925300527579136"/>
		<document id="197958917492457472" url="https://twitter.com/TwittingMarina/status/197958917492457472"/>
		<document id="197960703787802624" url="https://twitter.com/TwittingMarina/status/197960703787802624"/>
		<document id="197966048656494593" url="https://twitter.com/TwittingMarina/status/197966048656494593"/>
		<document id="197967578084278272" url="https://twitter.com/TwittingMarina/status/197967578084278272"/>
		<document id="197971118387236865" url="https://twitter.com/TwittingMarina/status/197971118387236865"/>
		<document id="197976672488787970" url="https://twitter.com/TwittingMarina/status/197976672488787970"/>
		<document id="197977162471575552" url="https://twitter.com/TwittingMarina/status/197977162471575552"/>
		<document id="198283575760666625" url="https://twitter.com/TwittingMarina/status/198283575760666625"/>
		<document id="198351711612571648" url="https://twitter.com/TwittingMarina/status/198351711612571648"/>
		<document id="198374426289504256" url="https://twitter.com/TwittingMarina/status/198374426289504256"/>
		<document id="198377940449374208" url="https://twitter.com/TwittingMarina/status/198377940449374208"/>
		<document id="198622338852454400" url="https://twitter.com/TwittingMarina/status/198622338852454400"/>
		<document id="198748394540376064" url="https://twitter.com/TwittingMarina/status/198748394540376064"/>
		<document id="198749771924643841" url="https://twitter.com/TwittingMarina/status/198749771924643841"/>
		<document id="198808153356374017" url="https://twitter.com/TwittingMarina/status/198808153356374017"/>
		<document id="199019882304651265" url="https://twitter.com/TwittingMarina/status/199019882304651265"/>
		<document id="199048036389892096" url="https://twitter.com/TwittingMarina/status/199048036389892096"/>
		<document id="199353694049935360" url="https://twitter.com/TwittingMarina/status/199353694049935360"/>
		<document id="199518285258166273" url="https://twitter.com/TwittingMarina/status/199518285258166273"/>
		<document id="199843410755067907" url="https://twitter.com/TwittingMarina/status/199843410755067907"/>
		<document id="200106295720812544" url="https://twitter.com/TwittingMarina/status/200106295720812544"/>
		<document id="200109237614026752" url="https://twitter.com/TwittingMarina/status/200109237614026752"/>
		<document id="200111016049254401" url="https://twitter.com/TwittingMarina/status/200111016049254401"/>
		<document id="200112661239840768" url="https://twitter.com/TwittingMarina/status/200112661239840768"/>
		<document id="200297575205703680" url="https://twitter.com/TwittingMarina/status/200297575205703680"/>
		<document id="200307873706819584" url="https://twitter.com/TwittingMarina/status/200307873706819584"/>
		<document id="201604603723251712" url="https://twitter.com/TwittingMarina/status/201604603723251712"/>
		<document id="201605797149552640" url="https://twitter.com/TwittingMarina/status/201605797149552640"/>
		<document id="201606507840815105" url="https://twitter.com/TwittingMarina/status/201606507840815105"/>
		<document id="201606791153451009" url="https://twitter.com/TwittingMarina/status/201606791153451009"/>
		<document id="201608199156154370" url="https://twitter.com/TwittingMarina/status/201608199156154370"/>
		<document id="201608356421574656" url="https://twitter.com/TwittingMarina/status/201608356421574656"/>
		<document id="201608622558543872" url="https://twitter.com/TwittingMarina/status/201608622558543872"/>
		<document id="201608784450293761" url="https://twitter.com/TwittingMarina/status/201608784450293761"/>
		<document id="202063230225498112" url="https://twitter.com/TwittingMarina/status/202063230225498112"/>
		<document id="202064338335444992" url="https://twitter.com/TwittingMarina/status/202064338335444992"/>
		<document id="202064984103075842" url="https://twitter.com/TwittingMarina/status/202064984103075842"/>
		<document id="202775227904688130" url="https://twitter.com/TwittingMarina/status/202775227904688130"/>
		<document id="203464283265318912" url="https://twitter.com/TwittingMarina/status/203464283265318912"/>
		<document id="204087608693882880" url="https://twitter.com/TwittingMarina/status/204087608693882880"/>
		<document id="204485204876865536" url="https://twitter.com/TwittingMarina/status/204485204876865536"/>
		<document id="204486405538316289" url="https://twitter.com/TwittingMarina/status/204486405538316289"/>
		<document id="204518579981385728" url="https://twitter.com/TwittingMarina/status/204518579981385728"/>
		<document id="204912336903995392" url="https://twitter.com/TwittingMarina/status/204912336903995392"/>
		<document id="204917153709830145" url="https://twitter.com/TwittingMarina/status/204917153709830145"/>
		<document id="204929308131721216" url="https://twitter.com/TwittingMarina/status/204929308131721216"/>
		<document id="205273487588331520" url="https://twitter.com/TwittingMarina/status/205273487588331520"/>
		<document id="205280925024665600" url="https://twitter.com/TwittingMarina/status/205280925024665600"/>
		<document id="205545004175851520" url="https://twitter.com/TwittingMarina/status/205545004175851520"/>
		<document id="207006690586009600" url="https://twitter.com/TwittingMarina/status/207006690586009600"/>
		<document id="207007975028703233" url="https://twitter.com/TwittingMarina/status/207007975028703233"/>
		<document id="207397270713413634" url="https://twitter.com/TwittingMarina/status/207397270713413634"/>
		<document id="207401831947702272" url="https://twitter.com/TwittingMarina/status/207401831947702272"/>
		<document id="207402893907730433" url="https://twitter.com/TwittingMarina/status/207402893907730433"/>
		<document id="207756125368623104" url="https://twitter.com/TwittingMarina/status/207756125368623104"/>
		<document id="207782561915731968" url="https://twitter.com/TwittingMarina/status/207782561915731968"/>
		<document id="207787758922641408" url="https://twitter.com/TwittingMarina/status/207787758922641408"/>
		<document id="207793209852706816" url="https://twitter.com/TwittingMarina/status/207793209852706816"/>
		<document id="207808303701569536" url="https://twitter.com/TwittingMarina/status/207808303701569536"/>
		<document id="207812119146663936" url="https://twitter.com/TwittingMarina/status/207812119146663936"/>
		<document id="208114258419007488" url="https://twitter.com/TwittingMarina/status/208114258419007488"/>
		<document id="208849046171951107" url="https://twitter.com/TwittingMarina/status/208849046171951107"/>
		<document id="208852876146118657" url="https://twitter.com/TwittingMarina/status/208852876146118657"/>
		<document id="209165955228647424" url="https://twitter.com/TwittingMarina/status/209165955228647424"/>
		<document id="209180663511924736" url="https://twitter.com/TwittingMarina/status/209180663511924736"/>
		<document id="209183385975930881" url="https://twitter.com/TwittingMarina/status/209183385975930881"/>
		<document id="209187806310957058" url="https://twitter.com/TwittingMarina/status/209187806310957058"/>
		<document id="209188678814281728" url="https://twitter.com/TwittingMarina/status/209188678814281728"/>
		<document id="209224963192926208" url="https://twitter.com/TwittingMarina/status/209224963192926208"/>
		<document id="209225641118277633" url="https://twitter.com/TwittingMarina/status/209225641118277633"/>
		<document id="209512983599120384" url="https://twitter.com/TwittingMarina/status/209512983599120384"/>
		<document id="209668223078113283" url="https://twitter.com/TwittingMarina/status/209668223078113283"/>
		<document id="209672078205521920" url="https://twitter.com/TwittingMarina/status/209672078205521920"/>
		<document id="209903082786664448" url="https://twitter.com/TwittingMarina/status/209903082786664448"/>
		<document id="210248583306420226" url="https://twitter.com/TwittingMarina/status/210248583306420226"/>
		<document id="210595556542787584" url="https://twitter.com/TwittingMarina/status/210595556542787584"/>
		<document id="210659713090719744" url="https://twitter.com/TwittingMarina/status/210659713090719744"/>
		<document id="210665175819370497" url="https://twitter.com/TwittingMarina/status/210665175819370497"/>
		<document id="210666308092694528" url="https://twitter.com/TwittingMarina/status/210666308092694528"/>
		<document id="210974815052496896" url="https://twitter.com/TwittingMarina/status/210974815052496896"/>
		<document id="211714481322078208" url="https://twitter.com/TwittingMarina/status/211714481322078208"/>
		<document id="211715653885890560" url="https://twitter.com/TwittingMarina/status/211715653885890560"/>
		<document id="211728290979917824" url="https://twitter.com/TwittingMarina/status/211728290979917824"/>
		<document id="212410862168838145" url="https://twitter.com/TwittingMarina/status/212410862168838145"/>
		<document id="212453736029765632" url="https://twitter.com/TwittingMarina/status/212453736029765632"/>
		<document id="212453992129757184" url="https://twitter.com/TwittingMarina/status/212453992129757184"/>
		<document id="212911072561209344" url="https://twitter.com/TwittingMarina/status/212911072561209344"/>
		<document id="212912090095161345" url="https://twitter.com/TwittingMarina/status/212912090095161345"/>
		<document id="212914654345838592" url="https://twitter.com/TwittingMarina/status/212914654345838592"/>
		<document id="213699715202678785" url="https://twitter.com/TwittingMarina/status/213699715202678785"/>
		<document id="215898924530139137" url="https://twitter.com/TwittingMarina/status/215898924530139137"/>
		<document id="218259534462984192" url="https://twitter.com/TwittingMarina/status/218259534462984192"/>
		<document id="218265034856480768" url="https://twitter.com/TwittingMarina/status/218265034856480768"/>
		<document id="221234998785748992" url="https://twitter.com/TwittingMarina/status/221234998785748992"/>
		<document id="221237955673600000" url="https://twitter.com/TwittingMarina/status/221237955673600000"/>
		<document id="221239074336407552" url="https://twitter.com/TwittingMarina/status/221239074336407552"/>
		<document id="222311834584227841" url="https://twitter.com/TwittingMarina/status/222311834584227841"/>
		<document id="222313019605139457" url="https://twitter.com/TwittingMarina/status/222313019605139457"/>
		<document id="223020152663441409" url="https://twitter.com/TwittingMarina/status/223020152663441409"/>
		<document id="223026016048783361" url="https://twitter.com/TwittingMarina/status/223026016048783361"/>
		<document id="223026414436368385" url="https://twitter.com/TwittingMarina/status/223026414436368385"/>
		<document id="223026586117619713" url="https://twitter.com/TwittingMarina/status/223026586117619713"/>
		<document id="224809640142176257" url="https://twitter.com/TwittingMarina/status/224809640142176257"/>
		<document id="224814434399424512" url="https://twitter.com/TwittingMarina/status/224814434399424512"/>
		<document id="232578011495542784" url="https://twitter.com/TwittingMarina/status/232578011495542784"/>
		<document id="239427256068476929" url="https://twitter.com/TwittingMarina/status/239427256068476929"/>
		<document id="239691971868897281" url="https://twitter.com/TwittingMarina/status/239691971868897281"/>
		<document id="239813114646900738" url="https://twitter.com/TwittingMarina/status/239813114646900738"/>
		<document id="240010580134604800" url="https://twitter.com/TwittingMarina/status/240010580134604800"/>
		<document id="240010814004817920" url="https://twitter.com/TwittingMarina/status/240010814004817920"/>
		<document id="240699414052749312" url="https://twitter.com/TwittingMarina/status/240699414052749312"/>
		<document id="242526468972883968" url="https://twitter.com/TwittingMarina/status/242526468972883968"/>
		<document id="242528007489736704" url="https://twitter.com/TwittingMarina/status/242528007489736704"/>
		<document id="243291919906660353" url="https://twitter.com/TwittingMarina/status/243291919906660353"/>
		<document id="243333343003942912" url="https://twitter.com/TwittingMarina/status/243333343003942912"/>
		<document id="244035574170804224" url="https://twitter.com/TwittingMarina/status/244035574170804224"/>
		<document id="244040198818775040" url="https://twitter.com/TwittingMarina/status/244040198818775040"/>
		<document id="244539765486149632" url="https://twitter.com/TwittingMarina/status/244539765486149632"/>
		<document id="244543417164648448" url="https://twitter.com/TwittingMarina/status/244543417164648448"/>
		<document id="244543929284972544" url="https://twitter.com/TwittingMarina/status/244543929284972544"/>
		<document id="244550186314125312" url="https://twitter.com/TwittingMarina/status/244550186314125312"/>
		<document id="245445060836077568" url="https://twitter.com/TwittingMarina/status/245445060836077568"/>
		<document id="245550210904911872" url="https://twitter.com/TwittingMarina/status/245550210904911872"/>
		<document id="246211329151602688" url="https://twitter.com/TwittingMarina/status/246211329151602688"/>
		<document id="246211754466611201" url="https://twitter.com/TwittingMarina/status/246211754466611201"/>
		<document id="247222666212302848" url="https://twitter.com/TwittingMarina/status/247222666212302848"/>
		<document id="247951245912977408" url="https://twitter.com/TwittingMarina/status/247951245912977408"/>
		<document id="247992490311954432" url="https://twitter.com/TwittingMarina/status/247992490311954432"/>
		<document id="248359280569352192" url="https://twitter.com/TwittingMarina/status/248359280569352192"/>
		<document id="248430957399519232" url="https://twitter.com/TwittingMarina/status/248430957399519232"/>
		<document id="248684950730194944" url="https://twitter.com/TwittingMarina/status/248684950730194944"/>
		<document id="248685723266453504" url="https://twitter.com/TwittingMarina/status/248685723266453504"/>
		<document id="248751293605228544" url="https://twitter.com/TwittingMarina/status/248751293605228544"/>
		<document id="250164523204493312" url="https://twitter.com/TwittingMarina/status/250164523204493312"/>
		<document id="250167835400224768" url="https://twitter.com/TwittingMarina/status/250167835400224768"/>
		<document id="250846297341427712" url="https://twitter.com/TwittingMarina/status/250846297341427712"/>
		<document id="250860737298329600" url="https://twitter.com/TwittingMarina/status/250860737298329600"/>
		<document id="250864352280862720" url="https://twitter.com/TwittingMarina/status/250864352280862720"/>
		<document id="250867612362371072" url="https://twitter.com/TwittingMarina/status/250867612362371072"/>
		<document id="250948868659884032" url="https://twitter.com/TwittingMarina/status/250948868659884032"/>
		<document id="251192185565896704" url="https://twitter.com/TwittingMarina/status/251192185565896704"/>
		<document id="251219388735315968" url="https://twitter.com/TwittingMarina/status/251219388735315968"/>
		<document id="251222030349893632" url="https://twitter.com/TwittingMarina/status/251222030349893632"/>
		<document id="251584168826388480" url="https://twitter.com/TwittingMarina/status/251584168826388480"/>
		<document id="251584968583704576" url="https://twitter.com/TwittingMarina/status/251584968583704576"/>
		<document id="251586719625908224" url="https://twitter.com/TwittingMarina/status/251586719625908224"/>
		<document id="251592578116485120" url="https://twitter.com/TwittingMarina/status/251592578116485120"/>
		<document id="251702634757627905" url="https://twitter.com/TwittingMarina/status/251702634757627905"/>
		<document id="252663743203401729" url="https://twitter.com/TwittingMarina/status/252663743203401729"/>
		<document id="252739767857451008" url="https://twitter.com/TwittingMarina/status/252739767857451008"/>
		<document id="252740322336071682" url="https://twitter.com/TwittingMarina/status/252740322336071682"/>
		<document id="252996889870483458" url="https://twitter.com/TwittingMarina/status/252996889870483458"/>
		<document id="253016448795033600" url="https://twitter.com/TwittingMarina/status/253016448795033600"/>
		<document id="253067677197807616" url="https://twitter.com/TwittingMarina/status/253067677197807616"/>
		<document id="254128846767521792" url="https://twitter.com/TwittingMarina/status/254128846767521792"/>
		<document id="254131677209710592" url="https://twitter.com/TwittingMarina/status/254131677209710592"/>
		<document id="255232354359070721" url="https://twitter.com/TwittingMarina/status/255232354359070721"/>
		<document id="256657091949899776" url="https://twitter.com/TwittingMarina/status/256657091949899776"/>
		<document id="258486870512660481" url="https://twitter.com/TwittingMarina/status/258486870512660481"/>
		<document id="258487275443322880" url="https://twitter.com/TwittingMarina/status/258487275443322880"/>
		<document id="258488006950928386" url="https://twitter.com/TwittingMarina/status/258488006950928386"/>
		<document id="258488658045325312" url="https://twitter.com/TwittingMarina/status/258488658045325312"/>
		<document id="258490295975559169" url="https://twitter.com/TwittingMarina/status/258490295975559169"/>
		<document id="258505356341301249" url="https://twitter.com/TwittingMarina/status/258505356341301249"/>
		<document id="260289678945689600" url="https://twitter.com/TwittingMarina/status/260289678945689600"/>
		<document id="260292286745825280" url="https://twitter.com/TwittingMarina/status/260292286745825280"/>
		<document id="260995052954857472" url="https://twitter.com/TwittingMarina/status/260995052954857472"/>
		<document id="261132476297138176" url="https://twitter.com/TwittingMarina/status/261132476297138176"/>
		<document id="261748421499711488" url="https://twitter.com/TwittingMarina/status/261748421499711488"/>
		<document id="262870081908920322" url="https://twitter.com/TwittingMarina/status/262870081908920322"/>
		<document id="262874544665161728" url="https://twitter.com/TwittingMarina/status/262874544665161728"/>
		<document id="263214827927924736" url="https://twitter.com/TwittingMarina/status/263214827927924736"/>
		<document id="265443780281372672" url="https://twitter.com/TwittingMarina/status/265443780281372672"/>
		<document id="265444435331010560" url="https://twitter.com/TwittingMarina/status/265444435331010560"/>
		<document id="265733009636986880" url="https://twitter.com/TwittingMarina/status/265733009636986880"/>
		<document id="265738514346418176" url="https://twitter.com/TwittingMarina/status/265738514346418176"/>
		<document id="265738721138180096" url="https://twitter.com/TwittingMarina/status/265738721138180096"/>
		<document id="265748339386114050" url="https://twitter.com/TwittingMarina/status/265748339386114050"/>
		<document id="265748784737292288" url="https://twitter.com/TwittingMarina/status/265748784737292288"/>
		<document id="265766397517389824" url="https://twitter.com/TwittingMarina/status/265766397517389824"/>
		<document id="265770126404624384" url="https://twitter.com/TwittingMarina/status/265770126404624384"/>
		<document id="265794412871811072" url="https://twitter.com/TwittingMarina/status/265794412871811072"/>
		<document id="266473636704182272" url="https://twitter.com/TwittingMarina/status/266473636704182272"/>
		<document id="266474816238911489" url="https://twitter.com/TwittingMarina/status/266474816238911489"/>
		<document id="266477783033733121" url="https://twitter.com/TwittingMarina/status/266477783033733121"/>
		<document id="266478742199754752" url="https://twitter.com/TwittingMarina/status/266478742199754752"/>
		<document id="266849641365118976" url="https://twitter.com/TwittingMarina/status/266849641365118976"/>
		<document id="267930074190340096" url="https://twitter.com/TwittingMarina/status/267930074190340096"/>
		<document id="269387265556504576" url="https://twitter.com/TwittingMarina/status/269387265556504576"/>
		<document id="270890275155636224" url="https://twitter.com/TwittingMarina/status/270890275155636224"/>
		<document id="270894453059895298" url="https://twitter.com/TwittingMarina/status/270894453059895298"/>
		<document id="270895172412403713" url="https://twitter.com/TwittingMarina/status/270895172412403713"/>
		<document id="271482984950005760" url="https://twitter.com/TwittingMarina/status/271482984950005760"/>
		<document id="271598181320638465" url="https://twitter.com/TwittingMarina/status/271598181320638465"/>
		<document id="272288964482830336" url="https://twitter.com/TwittingMarina/status/272288964482830336"/>
		<document id="272401533562408961" url="https://twitter.com/TwittingMarina/status/272401533562408961"/>
		<document id="273690741610541056" url="https://twitter.com/TwittingMarina/status/273690741610541056"/>
		<document id="273755388124467200" url="https://twitter.com/TwittingMarina/status/273755388124467200"/>
		<document id="273791384559960064" url="https://twitter.com/TwittingMarina/status/273791384559960064"/>
		<document id="274416269829218304" url="https://twitter.com/TwittingMarina/status/274416269829218304"/>
		<document id="274478797284339713" url="https://twitter.com/TwittingMarina/status/274478797284339713"/>
		<document id="275917301893709824" url="https://twitter.com/TwittingMarina/status/275917301893709824"/>
		<document id="275917923061731328" url="https://twitter.com/TwittingMarina/status/275917923061731328"/>
		<document id="276255626617819136" url="https://twitter.com/TwittingMarina/status/276255626617819136"/>
		<document id="277357340179693569" url="https://twitter.com/TwittingMarina/status/277357340179693569"/>
		<document id="277357676432871424" url="https://twitter.com/TwittingMarina/status/277357676432871424"/>
		<document id="277357782741684224" url="https://twitter.com/TwittingMarina/status/277357782741684224"/>
		<document id="277357929479413760" url="https://twitter.com/TwittingMarina/status/277357929479413760"/>
		<document id="278792504567033857" url="https://twitter.com/TwittingMarina/status/278792504567033857"/>
		<document id="278805572105687040" url="https://twitter.com/TwittingMarina/status/278805572105687040"/>
		<document id="279538273033011201" url="https://twitter.com/TwittingMarina/status/279538273033011201"/>
		<document id="279564126844489729" url="https://twitter.com/TwittingMarina/status/279564126844489729"/>
		<document id="279962097553666048" url="https://twitter.com/TwittingMarina/status/279962097553666048"/>
		<document id="280724084281733121" url="https://twitter.com/TwittingMarina/status/280724084281733121"/>
		<document id="281362726163456001" url="https://twitter.com/TwittingMarina/status/281362726163456001"/>
		<document id="281776176303845376" url="https://twitter.com/TwittingMarina/status/281776176303845376"/>
		<document id="281777490060517377" url="https://twitter.com/TwittingMarina/status/281777490060517377"/>
		<document id="282778493903831040" url="https://twitter.com/TwittingMarina/status/282778493903831040"/>
		<document id="282780387179102209" url="https://twitter.com/TwittingMarina/status/282780387179102209"/>
		<document id="282787057758248962" url="https://twitter.com/TwittingMarina/status/282787057758248962"/>
		<document id="282787383966040064" url="https://twitter.com/TwittingMarina/status/282787383966040064"/>
		<document id="283104460018941952" url="https://twitter.com/TwittingMarina/status/283104460018941952"/>
		<document id="286207247296638976" url="https://twitter.com/TwittingMarina/status/286207247296638976"/>
		<document id="286512280454189056" url="https://twitter.com/TwittingMarina/status/286512280454189056"/>
		<document id="286773128921747456" url="https://twitter.com/TwittingMarina/status/286773128921747456"/>
		<document id="286774021171855361" url="https://twitter.com/TwittingMarina/status/286774021171855361"/>
		<document id="288714696096350208" url="https://twitter.com/TwittingMarina/status/288714696096350208"/>
		<document id="288715268241371136" url="https://twitter.com/TwittingMarina/status/288715268241371136"/>
		<document id="290468997932146688" url="https://twitter.com/TwittingMarina/status/290468997932146688"/>
		<document id="290470707605934081" url="https://twitter.com/TwittingMarina/status/290470707605934081"/>
		<document id="290827969197391872" url="https://twitter.com/TwittingMarina/status/290827969197391872"/>
		<document id="290895149163220993" url="https://twitter.com/TwittingMarina/status/290895149163220993"/>
		<document id="291121087025139712" url="https://twitter.com/TwittingMarina/status/291121087025139712"/>
		<document id="291122657833914368" url="https://twitter.com/TwittingMarina/status/291122657833914368"/>
		<document id="291125406814326784" url="https://twitter.com/TwittingMarina/status/291125406814326784"/>
		<document id="291126616116039680" url="https://twitter.com/TwittingMarina/status/291126616116039680"/>
		<document id="291179339129696256" url="https://twitter.com/TwittingMarina/status/291179339129696256"/>
		<document id="291523158962475010" url="https://twitter.com/TwittingMarina/status/291523158962475010"/>
		<document id="291525039646457856" url="https://twitter.com/TwittingMarina/status/291525039646457856"/>
		<document id="291618234350845952" url="https://twitter.com/TwittingMarina/status/291618234350845952"/>
		<document id="292956565030449152" url="https://twitter.com/TwittingMarina/status/292956565030449152"/>
		<document id="293352595358101504" url="https://twitter.com/TwittingMarina/status/293352595358101504"/>
		<document id="293818559547719681" url="https://twitter.com/TwittingMarina/status/293818559547719681"/>
		<document id="296697555436326912" url="https://twitter.com/TwittingMarina/status/296697555436326912"/>
		<document id="298695491594637312" url="https://twitter.com/TwittingMarina/status/298695491594637312"/>
		<document id="299175648595943424" url="https://twitter.com/TwittingMarina/status/299175648595943424"/>
		<document id="299176757725102080" url="https://twitter.com/TwittingMarina/status/299176757725102080"/>
		<document id="299259065102630912" url="https://twitter.com/TwittingMarina/status/299259065102630912"/>
		<document id="299259869704364032" url="https://twitter.com/TwittingMarina/status/299259869704364032"/>
		<document id="299441536637214720" url="https://twitter.com/TwittingMarina/status/299441536637214720"/>
		<document id="299453594053246977" url="https://twitter.com/TwittingMarina/status/299453594053246977"/>
		<document id="299455165499588610" url="https://twitter.com/TwittingMarina/status/299455165499588610"/>
		<document id="299962152410808320" url="https://twitter.com/TwittingMarina/status/299962152410808320"/>
		<document id="299966455879983104" url="https://twitter.com/TwittingMarina/status/299966455879983104"/>
		<document id="299969636924002304" url="https://twitter.com/TwittingMarina/status/299969636924002304"/>
		<document id="300189401986777089" url="https://twitter.com/TwittingMarina/status/300189401986777089"/>
		<document id="301002894189150209" url="https://twitter.com/TwittingMarina/status/301002894189150209"/>
		<document id="302318757274071040" url="https://twitter.com/TwittingMarina/status/302318757274071040"/>
		<document id="303763375068962816" url="https://twitter.com/TwittingMarina/status/303763375068962816"/>
		<document id="303765001427091456" url="https://twitter.com/TwittingMarina/status/303765001427091456"/>
		<document id="303801786593058818" url="https://twitter.com/TwittingMarina/status/303801786593058818"/>
		<document id="304152518261346305" url="https://twitter.com/TwittingMarina/status/304152518261346305"/>
		<document id="308567938087153665" url="https://twitter.com/TwittingMarina/status/308567938087153665"/>
		<document id="308582225119690753" url="https://twitter.com/TwittingMarina/status/308582225119690753"/>
		<document id="308871257586278400" url="https://twitter.com/TwittingMarina/status/308871257586278400"/>
		<document id="308933253258174465" url="https://twitter.com/TwittingMarina/status/308933253258174465"/>
		<document id="308961951214628864" url="https://twitter.com/TwittingMarina/status/308961951214628864"/>
		<document id="309202579651432448" url="https://twitter.com/TwittingMarina/status/309202579651432448"/>
		<document id="309212320419168256" url="https://twitter.com/TwittingMarina/status/309212320419168256"/>
		<document id="309289215307427840" url="https://twitter.com/TwittingMarina/status/309289215307427840"/>
		<document id="309296745857290240" url="https://twitter.com/TwittingMarina/status/309296745857290240"/>
		<document id="309566687223627777" url="https://twitter.com/TwittingMarina/status/309566687223627777"/>
		<document id="309567497479258112" url="https://twitter.com/TwittingMarina/status/309567497479258112"/>
		<document id="309771115385995264" url="https://twitter.com/TwittingMarina/status/309771115385995264"/>
		<document id="310642850767466496" url="https://twitter.com/TwittingMarina/status/310642850767466496"/>
		<document id="310657519250989056" url="https://twitter.com/TwittingMarina/status/310657519250989056"/>
		<document id="310657772503056384" url="https://twitter.com/TwittingMarina/status/310657772503056384"/>
		<document id="310657909996519424" url="https://twitter.com/TwittingMarina/status/310657909996519424"/>
		<document id="310658121091653632" url="https://twitter.com/TwittingMarina/status/310658121091653632"/>
		<document id="310658234212024321" url="https://twitter.com/TwittingMarina/status/310658234212024321"/>
		<document id="310683547637792768" url="https://twitter.com/TwittingMarina/status/310683547637792768"/>
		<document id="310683627203751936" url="https://twitter.com/TwittingMarina/status/310683627203751936"/>
		<document id="310694831154405377" url="https://twitter.com/TwittingMarina/status/310694831154405377"/>
		<document id="311004118242185216" url="https://twitter.com/TwittingMarina/status/311004118242185216"/>
		<document id="311004944796893184" url="https://twitter.com/TwittingMarina/status/311004944796893184"/>
		<document id="311007795736629248" url="https://twitter.com/TwittingMarina/status/311007795736629248"/>
		<document id="311008963061760002" url="https://twitter.com/TwittingMarina/status/311008963061760002"/>
		<document id="311012146035191808" url="https://twitter.com/TwittingMarina/status/311012146035191808"/>
		<document id="311878240908226561" url="https://twitter.com/TwittingMarina/status/311878240908226561"/>
		<document id="311897304640651264" url="https://twitter.com/TwittingMarina/status/311897304640651264"/>
		<document id="312821529522089984" url="https://twitter.com/TwittingMarina/status/312821529522089984"/>
		<document id="312822974954762240" url="https://twitter.com/TwittingMarina/status/312822974954762240"/>
		<document id="312825494364098560" url="https://twitter.com/TwittingMarina/status/312825494364098560"/>
		<document id="312826490490331137" url="https://twitter.com/TwittingMarina/status/312826490490331137"/>
		<document id="313739542878384128" url="https://twitter.com/TwittingMarina/status/313739542878384128"/>
		<document id="313740680432336897" url="https://twitter.com/TwittingMarina/status/313740680432336897"/>
		<document id="313910599228727296" url="https://twitter.com/TwittingMarina/status/313910599228727296"/>
		<document id="313911143636811777" url="https://twitter.com/TwittingMarina/status/313911143636811777"/>
		<document id="313911965426782208" url="https://twitter.com/TwittingMarina/status/313911965426782208"/>
		<document id="313912756996808704" url="https://twitter.com/TwittingMarina/status/313912756996808704"/>
		<document id="313913606519549953" url="https://twitter.com/TwittingMarina/status/313913606519549953"/>
		<document id="313925530372169729" url="https://twitter.com/TwittingMarina/status/313925530372169729"/>
		<document id="315353003173502976" url="https://twitter.com/TwittingMarina/status/315353003173502976"/>
		<document id="316449247119675392" url="https://twitter.com/TwittingMarina/status/316449247119675392"/>
		<document id="316450013729398784" url="https://twitter.com/TwittingMarina/status/316450013729398784"/>
		<document id="317187505432694784" url="https://twitter.com/TwittingMarina/status/317187505432694784"/>
		<document id="317229651942596608" url="https://twitter.com/TwittingMarina/status/317229651942596608"/>
		<document id="317231574485721089" url="https://twitter.com/TwittingMarina/status/317231574485721089"/>
		<document id="317235076696006656" url="https://twitter.com/TwittingMarina/status/317235076696006656"/>
		<document id="317235589550309376" url="https://twitter.com/TwittingMarina/status/317235589550309376"/>
		<document id="319384143727316992" url="https://twitter.com/TwittingMarina/status/319384143727316992"/>
		<document id="319385983021903873" url="https://twitter.com/TwittingMarina/status/319385983021903873"/>
		<document id="319386966699429888" url="https://twitter.com/TwittingMarina/status/319386966699429888"/>
		<document id="319741434909569025" url="https://twitter.com/TwittingMarina/status/319741434909569025"/>
		<document id="319746035121545217" url="https://twitter.com/TwittingMarina/status/319746035121545217"/>
		<document id="319882059604701185" url="https://twitter.com/TwittingMarina/status/319882059604701185"/>
		<document id="319886922887598080" url="https://twitter.com/TwittingMarina/status/319886922887598080"/>
		<document id="322609169804967937" url="https://twitter.com/TwittingMarina/status/322609169804967937"/>
		<document id="322615748369461249" url="https://twitter.com/TwittingMarina/status/322615748369461249"/>
		<document id="323394179172544512" url="https://twitter.com/TwittingMarina/status/323394179172544512"/>
		<document id="323416681294749696" url="https://twitter.com/TwittingMarina/status/323416681294749696"/>
		<document id="323423784524709888" url="https://twitter.com/TwittingMarina/status/323423784524709888"/>
		<document id="323776752071618561" url="https://twitter.com/TwittingMarina/status/323776752071618561"/>
		<document id="323782746814177280" url="https://twitter.com/TwittingMarina/status/323782746814177280"/>
		<document id="323846275365740546" url="https://twitter.com/TwittingMarina/status/323846275365740546"/>
		<document id="324052732170350592" url="https://twitter.com/TwittingMarina/status/324052732170350592"/>
		<document id="324052951834456064" url="https://twitter.com/TwittingMarina/status/324052951834456064"/>
		<document id="324068913627406337" url="https://twitter.com/TwittingMarina/status/324068913627406337"/>
		<document id="324161761106350080" url="https://twitter.com/TwittingMarina/status/324161761106350080"/>
		<document id="324432723877957632" url="https://twitter.com/TwittingMarina/status/324432723877957632"/>
		<document id="324434140499935232" url="https://twitter.com/TwittingMarina/status/324434140499935232"/>
		<document id="324438361878183936" url="https://twitter.com/TwittingMarina/status/324438361878183936"/>
		<document id="324498341452984322" url="https://twitter.com/TwittingMarina/status/324498341452984322"/>
		<document id="324790199806722048" url="https://twitter.com/TwittingMarina/status/324790199806722048"/>
		<document id="324793976823631873" url="https://twitter.com/TwittingMarina/status/324793976823631873"/>
		<document id="324949043518255105" url="https://twitter.com/TwittingMarina/status/324949043518255105"/>
		<document id="325126533318574082" url="https://twitter.com/TwittingMarina/status/325126533318574082"/>
		<document id="325140765544169473" url="https://twitter.com/TwittingMarina/status/325140765544169473"/>
		<document id="325317886254145538" url="https://twitter.com/TwittingMarina/status/325317886254145538"/>
		<document id="325927298534604800" url="https://twitter.com/TwittingMarina/status/325927298534604800"/>
		<document id="325927577824923649" url="https://twitter.com/TwittingMarina/status/325927577824923649"/>
		<document id="327001367518511104" url="https://twitter.com/TwittingMarina/status/327001367518511104"/>
		<document id="328760569702260736" url="https://twitter.com/TwittingMarina/status/328760569702260736"/>
		<document id="328762963282522112" url="https://twitter.com/TwittingMarina/status/328762963282522112"/>
		<document id="329121247554326528" url="https://twitter.com/TwittingMarina/status/329121247554326528"/>
		<document id="329133412898185217" url="https://twitter.com/TwittingMarina/status/329133412898185217"/>
		<document id="329137697446838272" url="https://twitter.com/TwittingMarina/status/329137697446838272"/>
		<document id="329586506622705666" url="https://twitter.com/TwittingMarina/status/329586506622705666"/>
		<document id="329589898157895681" url="https://twitter.com/TwittingMarina/status/329589898157895681"/>
		<document id="330245857708503040" url="https://twitter.com/TwittingMarina/status/330245857708503040"/>
		<document id="330587997756063745" url="https://twitter.com/TwittingMarina/status/330587997756063745"/>
		<document id="330588289490907137" url="https://twitter.com/TwittingMarina/status/330588289490907137"/>
		<document id="330612823774351360" url="https://twitter.com/TwittingMarina/status/330612823774351360"/>
		<document id="330659708870459392" url="https://twitter.com/TwittingMarina/status/330659708870459392"/>
		<document id="330663634353156097" url="https://twitter.com/TwittingMarina/status/330663634353156097"/>
		<document id="330664531397320705" url="https://twitter.com/TwittingMarina/status/330664531397320705"/>
		<document id="330665131220549632" url="https://twitter.com/TwittingMarina/status/330665131220549632"/>
		<document id="330667076400336897" url="https://twitter.com/TwittingMarina/status/330667076400336897"/>
		<document id="330957110357667840" url="https://twitter.com/TwittingMarina/status/330957110357667840"/>
		<document id="330995754518839296" url="https://twitter.com/TwittingMarina/status/330995754518839296"/>
		<document id="331823135970185216" url="https://twitter.com/TwittingMarina/status/331823135970185216"/>
		<document id="332754898326278144" url="https://twitter.com/TwittingMarina/status/332754898326278144"/>
		<document id="332756378714259456" url="https://twitter.com/TwittingMarina/status/332756378714259456"/>
		<document id="332805368163991553" url="https://twitter.com/TwittingMarina/status/332805368163991553"/>
		<document id="332825675092353024" url="https://twitter.com/TwittingMarina/status/332825675092353024"/>
		<document id="332826844791439361" url="https://twitter.com/TwittingMarina/status/332826844791439361"/>
		<document id="332866313229852674" url="https://twitter.com/TwittingMarina/status/332866313229852674"/>
		<document id="333501606752559104" url="https://twitter.com/TwittingMarina/status/333501606752559104"/>
		<document id="333503954757496832" url="https://twitter.com/TwittingMarina/status/333503954757496832"/>
		<document id="333505349816557569" url="https://twitter.com/TwittingMarina/status/333505349816557569"/>
		<document id="333506712977956864" url="https://twitter.com/TwittingMarina/status/333506712977956864"/>
		<document id="333513116166025217" url="https://twitter.com/TwittingMarina/status/333513116166025217"/>
		<document id="333552408678502400" url="https://twitter.com/TwittingMarina/status/333552408678502400"/>
		<document id="334177221688324099" url="https://twitter.com/TwittingMarina/status/334177221688324099"/>
		<document id="334557970266456065" url="https://twitter.com/TwittingMarina/status/334557970266456065"/>
		<document id="334616425975148544" url="https://twitter.com/TwittingMarina/status/334616425975148544"/>
		<document id="334660052520693760" url="https://twitter.com/TwittingMarina/status/334660052520693760"/>
		<document id="334661204331069440" url="https://twitter.com/TwittingMarina/status/334661204331069440"/>
		<document id="334918131220885504" url="https://twitter.com/TwittingMarina/status/334918131220885504"/>
		<document id="335097595947003905" url="https://twitter.com/TwittingMarina/status/335097595947003905"/>
		<document id="335643223932416000" url="https://twitter.com/TwittingMarina/status/335643223932416000"/>
		<document id="335644502867992577" url="https://twitter.com/TwittingMarina/status/335644502867992577"/>
		<document id="335683145368207362" url="https://twitter.com/TwittingMarina/status/335683145368207362"/>
		<document id="336134835275964416" url="https://twitter.com/TwittingMarina/status/336134835275964416"/>
		<document id="336386388838711296" url="https://twitter.com/TwittingMarina/status/336386388838711296"/>
		<document id="336735150304014336" url="https://twitter.com/TwittingMarina/status/336735150304014336"/>
		<document id="336736169914163201" url="https://twitter.com/TwittingMarina/status/336736169914163201"/>
		<document id="336758743859609600" url="https://twitter.com/TwittingMarina/status/336758743859609600"/>
		<document id="336759139399245824" url="https://twitter.com/TwittingMarina/status/336759139399245824"/>
		<document id="336759659518103552" url="https://twitter.com/TwittingMarina/status/336759659518103552"/>
		<document id="336848271144267777" url="https://twitter.com/TwittingMarina/status/336848271144267777"/>
		<document id="337108158025707520" url="https://twitter.com/TwittingMarina/status/337108158025707520"/>
		<document id="337109585586425856" url="https://twitter.com/TwittingMarina/status/337109585586425856"/>
		<document id="337113110164951040" url="https://twitter.com/TwittingMarina/status/337113110164951040"/>
		<document id="337115015444316160" url="https://twitter.com/TwittingMarina/status/337115015444316160"/>
		<document id="337878593701031937" url="https://twitter.com/TwittingMarina/status/337878593701031937"/>
		<document id="337881963799142400" url="https://twitter.com/TwittingMarina/status/337881963799142400"/>
		<document id="338143786028920833" url="https://twitter.com/TwittingMarina/status/338143786028920833"/>
		<document id="338144396069445632" url="https://twitter.com/TwittingMarina/status/338144396069445632"/>
		<document id="338203595189153792" url="https://twitter.com/TwittingMarina/status/338203595189153792"/>
		<document id="338205737023049728" url="https://twitter.com/TwittingMarina/status/338205737023049728"/>
		<document id="338218920643280897" url="https://twitter.com/TwittingMarina/status/338218920643280897"/>
		<document id="338363304001011712" url="https://twitter.com/TwittingMarina/status/338363304001011712"/>
		<document id="338663016436490241" url="https://twitter.com/TwittingMarina/status/338663016436490241"/>
		<document id="339028714396454913" url="https://twitter.com/TwittingMarina/status/339028714396454913"/>
		<document id="339614860180586496" url="https://twitter.com/TwittingMarina/status/339614860180586496"/>
		<document id="340377099934236672" url="https://twitter.com/TwittingMarina/status/340377099934236672"/>
		<document id="340390155804348416" url="https://twitter.com/TwittingMarina/status/340390155804348416"/>
		<document id="340392717731377153" url="https://twitter.com/TwittingMarina/status/340392717731377153"/>
		<document id="341410126281965568" url="https://twitter.com/TwittingMarina/status/341410126281965568"/>
		<document id="341609004868435968" url="https://twitter.com/TwittingMarina/status/341609004868435968"/>
		<document id="341609849790033920" url="https://twitter.com/TwittingMarina/status/341609849790033920"/>
		<document id="342165958758109184" url="https://twitter.com/TwittingMarina/status/342165958758109184"/>
		<document id="342166341471576064" url="https://twitter.com/TwittingMarina/status/342166341471576064"/>
		<document id="344764185567174656" url="https://twitter.com/TwittingMarina/status/344764185567174656"/>
		<document id="344792876229750784" url="https://twitter.com/TwittingMarina/status/344792876229750784"/>
		<document id="344793676012195840" url="https://twitter.com/TwittingMarina/status/344793676012195840"/>
		<document id="345192666973229056" url="https://twitter.com/TwittingMarina/status/345192666973229056"/>
		<document id="348681590865539073" url="https://twitter.com/TwittingMarina/status/348681590865539073"/>
		<document id="348682207025577985" url="https://twitter.com/TwittingMarina/status/348682207025577985"/>
		<document id="349475823625043969" url="https://twitter.com/TwittingMarina/status/349475823625043969"/>
		<document id="349476980745445376" url="https://twitter.com/TwittingMarina/status/349476980745445376"/>
		<document id="350656907024924673" url="https://twitter.com/TwittingMarina/status/350656907024924673"/>
		<document id="350885752609058816" url="https://twitter.com/TwittingMarina/status/350885752609058816"/>
		<document id="351250807171203072" url="https://twitter.com/TwittingMarina/status/351250807171203072"/>
		<document id="351744055119589377" url="https://twitter.com/TwittingMarina/status/351744055119589377"/>
		<document id="352363039703568386" url="https://twitter.com/TwittingMarina/status/352363039703568386"/>
		<document id="352746101075480576" url="https://twitter.com/TwittingMarina/status/352746101075480576"/>
		<document id="352747119226007555" url="https://twitter.com/TwittingMarina/status/352747119226007555"/>
		<document id="352760014420717570" url="https://twitter.com/TwittingMarina/status/352760014420717570"/>
		<document id="352762124382113792" url="https://twitter.com/TwittingMarina/status/352762124382113792"/>
		<document id="352816128566894592" url="https://twitter.com/TwittingMarina/status/352816128566894592"/>
		<document id="355940170182307844" url="https://twitter.com/TwittingMarina/status/355940170182307844"/>
		<document id="355942253975449602" url="https://twitter.com/TwittingMarina/status/355942253975449602"/>
		<document id="356308860274876416" url="https://twitter.com/TwittingMarina/status/356308860274876416"/>
		<document id="356310778808242176" url="https://twitter.com/TwittingMarina/status/356310778808242176"/>
		<document id="356641519605776384" url="https://twitter.com/TwittingMarina/status/356641519605776384"/>
		<document id="356642016219766786" url="https://twitter.com/TwittingMarina/status/356642016219766786"/>
		<document id="358313469168189441" url="https://twitter.com/TwittingMarina/status/358313469168189441"/>
		<document id="359009111184117761" url="https://twitter.com/TwittingMarina/status/359009111184117761"/>
		<document id="359009522880233473" url="https://twitter.com/TwittingMarina/status/359009522880233473"/>
		<document id="359240146278817794" url="https://twitter.com/TwittingMarina/status/359240146278817794"/>
		<document id="359353100722651140" url="https://twitter.com/TwittingMarina/status/359353100722651140"/>
		<document id="360087475508621312" url="https://twitter.com/TwittingMarina/status/360087475508621312"/>
		<document id="361805164874702848" url="https://twitter.com/TwittingMarina/status/361805164874702848"/>
		<document id="363578650878156801" url="https://twitter.com/TwittingMarina/status/363578650878156801"/>
		<document id="363970591100895232" url="https://twitter.com/TwittingMarina/status/363970591100895232"/>
		<document id="363971323594149888" url="https://twitter.com/TwittingMarina/status/363971323594149888"/>
		<document id="365062539534536704" url="https://twitter.com/TwittingMarina/status/365062539534536704"/>
		<document id="3684848313" url="https://twitter.com/TwittingMarina/status/3684848313"/>
		<document id="370894394963922945" url="https://twitter.com/TwittingMarina/status/370894394963922945"/>
		<document id="371341392972234752" url="https://twitter.com/TwittingMarina/status/371341392972234752"/>
		<document id="372253456901238784" url="https://twitter.com/TwittingMarina/status/372253456901238784"/>
		<document id="372307924246208514" url="https://twitter.com/TwittingMarina/status/372307924246208514"/>
		<document id="372356263222325248" url="https://twitter.com/TwittingMarina/status/372356263222325248"/>
		<document id="372356301201739777" url="https://twitter.com/TwittingMarina/status/372356301201739777"/>
		<document id="373346560987262976" url="https://twitter.com/TwittingMarina/status/373346560987262976"/>
		<document id="373349694698561536" url="https://twitter.com/TwittingMarina/status/373349694698561536"/>
		<document id="373839792976297984" url="https://twitter.com/TwittingMarina/status/373839792976297984"/>
		<document id="379592307273498625" url="https://twitter.com/TwittingMarina/status/379592307273498625"/>
		<document id="379608180092719104" url="https://twitter.com/TwittingMarina/status/379608180092719104"/>
		<document id="381763522427764736" url="https://twitter.com/TwittingMarina/status/381763522427764736"/>
		<document id="381825586059948033" url="https://twitter.com/TwittingMarina/status/381825586059948033"/>
		<document id="382034166348398592" url="https://twitter.com/TwittingMarina/status/382034166348398592"/>
		<document id="383509439845658625" url="https://twitter.com/TwittingMarina/status/383509439845658625"/>
		<document id="383511967853318145" url="https://twitter.com/TwittingMarina/status/383511967853318145"/>
		<document id="385690129018277888" url="https://twitter.com/TwittingMarina/status/385690129018277888"/>
		<document id="385724123583750144" url="https://twitter.com/TwittingMarina/status/385724123583750144"/>
		<document id="385727683373453312" url="https://twitter.com/TwittingMarina/status/385727683373453312"/>
		<document id="387544475385344000" url="https://twitter.com/TwittingMarina/status/387544475385344000"/>
		<document id="387566524677898241" url="https://twitter.com/TwittingMarina/status/387566524677898241"/>
		<document id="387841975908450304" url="https://twitter.com/TwittingMarina/status/387841975908450304"/>
		<document id="387845933695655936" url="https://twitter.com/TwittingMarina/status/387845933695655936"/>
		<document id="387846903150678016" url="https://twitter.com/TwittingMarina/status/387846903150678016"/>
		<document id="392194094555873280" url="https://twitter.com/TwittingMarina/status/392194094555873280"/>
		<document id="392552359701663744" url="https://twitter.com/TwittingMarina/status/392552359701663744"/>
		<document id="393281228415041536" url="https://twitter.com/TwittingMarina/status/393281228415041536"/>
		<document id="393676940420202496" url="https://twitter.com/TwittingMarina/status/393676940420202496"/>
		<document id="394560281944141824" url="https://twitter.com/TwittingMarina/status/394560281944141824"/>
		<document id="396563291155095553" url="https://twitter.com/TwittingMarina/status/396563291155095553"/>
		<document id="396566162625933312" url="https://twitter.com/TwittingMarina/status/396566162625933312"/>
		<document id="396566306524123136" url="https://twitter.com/TwittingMarina/status/396566306524123136"/>
		<document id="398012329922543616" url="https://twitter.com/TwittingMarina/status/398012329922543616"/>
		<document id="398495424295628800" url="https://twitter.com/TwittingMarina/status/398495424295628800"/>
		<document id="398519419367727104" url="https://twitter.com/TwittingMarina/status/398519419367727104"/>
		<document id="398524554701598720" url="https://twitter.com/TwittingMarina/status/398524554701598720"/>
		<document id="399868348126609408" url="https://twitter.com/TwittingMarina/status/399868348126609408"/>
		<document id="403078894325997568" url="https://twitter.com/TwittingMarina/status/403078894325997568"/>
		<document id="403165603625582592" url="https://twitter.com/TwittingMarina/status/403165603625582592"/>
		<document id="403167138048778240" url="https://twitter.com/TwittingMarina/status/403167138048778240"/>
		<document id="404539333295607808" url="https://twitter.com/TwittingMarina/status/404539333295607808"/>
		<document id="404693408708440064" url="https://twitter.com/TwittingMarina/status/404693408708440064"/>
		<document id="41434450420183040" url="https://twitter.com/TwittingMarina/status/41434450420183040"/>
		<document id="41924270712033280" url="https://twitter.com/TwittingMarina/status/41924270712033280"/>
		<document id="42309779279986688" url="https://twitter.com/TwittingMarina/status/42309779279986688"/>
		<document id="43756678704934912" url="https://twitter.com/TwittingMarina/status/43756678704934912"/>
		<document id="44843468434063360" url="https://twitter.com/TwittingMarina/status/44843468434063360"/>
		<document id="46165888054984705" url="https://twitter.com/TwittingMarina/status/46165888054984705"/>
		<document id="47228643948240896" url="https://twitter.com/TwittingMarina/status/47228643948240896"/>
		<document id="47667008560578561" url="https://twitter.com/TwittingMarina/status/47667008560578561"/>
		<document id="48422774162722816" url="https://twitter.com/TwittingMarina/status/48422774162722816"/>
		<document id="50985818856230912" url="https://twitter.com/TwittingMarina/status/50985818856230912"/>
		<document id="51901439760531457" url="https://twitter.com/TwittingMarina/status/51901439760531457"/>
		<document id="53043642453078016" url="https://twitter.com/TwittingMarina/status/53043642453078016"/>
		<document id="54086732618006528" url="https://twitter.com/TwittingMarina/status/54086732618006528"/>
		<document id="54924389057183744" url="https://twitter.com/TwittingMarina/status/54924389057183744"/>
		<document id="55979963089821696" url="https://twitter.com/TwittingMarina/status/55979963089821696"/>
		<document id="57867732523290625" url="https://twitter.com/TwittingMarina/status/57867732523290625"/>
		<document id="58232106802876416" url="https://twitter.com/TwittingMarina/status/58232106802876416"/>
		<document id="59619887454236672" url="https://twitter.com/TwittingMarina/status/59619887454236672"/>
		<document id="61086096129396737" url="https://twitter.com/TwittingMarina/status/61086096129396737"/>
		<document id="62915316543533057" url="https://twitter.com/TwittingMarina/status/62915316543533057"/>
		<document id="63295465478815744" url="https://twitter.com/TwittingMarina/status/63295465478815744"/>
		<document id="63459231965265921" url="https://twitter.com/TwittingMarina/status/63459231965265921"/>
		<document id="64784298955390976" url="https://twitter.com/TwittingMarina/status/64784298955390976"/>
		<document id="65728101031739393" url="https://twitter.com/TwittingMarina/status/65728101031739393"/>
		<document id="67955065910067200" url="https://twitter.com/TwittingMarina/status/67955065910067200"/>
		<document id="72284924937375744" url="https://twitter.com/TwittingMarina/status/72284924937375744"/>
		<document id="74549805640192000" url="https://twitter.com/TwittingMarina/status/74549805640192000"/>
		<document id="7473111124" url="https://twitter.com/TwittingMarina/status/7473111124"/>
		<document id="7473142374" url="https://twitter.com/TwittingMarina/status/7473142374"/>
		<document id="79236164833382400" url="https://twitter.com/TwittingMarina/status/79236164833382400"/>
		<document id="8020296621" url="https://twitter.com/TwittingMarina/status/8020296621"/>
		<document id="8145274016" url="https://twitter.com/TwittingMarina/status/8145274016"/>
		<document id="8145308371" url="https://twitter.com/TwittingMarina/status/8145308371"/>
		<document id="8687501846" url="https://twitter.com/TwittingMarina/status/8687501846"/>
	</documents>
</author>