<?xml version="1.0" encoding="UTF-8" standalone="no"?><author age_group="xx" gender="xx" lang="EN" type="twitter" url="https://twitter.com/hectormilla">
	<documents count="400">
		<document id="288281141864173572" url="https://twitter.com/hectormilla/status/288281141864173572"/>
		<document id="288332971709186048" url="https://twitter.com/hectormilla/status/288332971709186048"/>
		<document id="288367054279561216" url="https://twitter.com/hectormilla/status/288367054279561216"/>
		<document id="288710285584388096" url="https://twitter.com/hectormilla/status/288710285584388096"/>
		<document id="289096996256616449" url="https://twitter.com/hectormilla/status/289096996256616449"/>
		<document id="289139079273148416" url="https://twitter.com/hectormilla/status/289139079273148416"/>
		<document id="289509979755520001" url="https://twitter.com/hectormilla/status/289509979755520001"/>
		<document id="289514274106249218" url="https://twitter.com/hectormilla/status/289514274106249218"/>
		<document id="289694161374965760" url="https://twitter.com/hectormilla/status/289694161374965760"/>
		<document id="290043036677836800" url="https://twitter.com/hectormilla/status/290043036677836800"/>
		<document id="290391958583640064" url="https://twitter.com/hectormilla/status/290391958583640064"/>
		<document id="290884010345914369" url="https://twitter.com/hectormilla/status/290884010345914369"/>
		<document id="291901360532762625" url="https://twitter.com/hectormilla/status/291901360532762625"/>
		<document id="291983891860971523" url="https://twitter.com/hectormilla/status/291983891860971523"/>
		<document id="292235630153453569" url="https://twitter.com/hectormilla/status/292235630153453569"/>
		<document id="292911414279028736" url="https://twitter.com/hectormilla/status/292911414279028736"/>
		<document id="293336169654140928" url="https://twitter.com/hectormilla/status/293336169654140928"/>
		<document id="293336834010931202" url="https://twitter.com/hectormilla/status/293336834010931202"/>
		<document id="293337485315018752" url="https://twitter.com/hectormilla/status/293337485315018752"/>
		<document id="293768878314627072" url="https://twitter.com/hectormilla/status/293768878314627072"/>
		<document id="295969713345933312" url="https://twitter.com/hectormilla/status/295969713345933312"/>
		<document id="298853099945218048" url="https://twitter.com/hectormilla/status/298853099945218048"/>
		<document id="298853144660676608" url="https://twitter.com/hectormilla/status/298853144660676608"/>
		<document id="298874319658954752" url="https://twitter.com/hectormilla/status/298874319658954752"/>
		<document id="299475419411927040" url="https://twitter.com/hectormilla/status/299475419411927040"/>
		<document id="301389781865226240" url="https://twitter.com/hectormilla/status/301389781865226240"/>
		<document id="302083388041465856" url="https://twitter.com/hectormilla/status/302083388041465856"/>
		<document id="304534439629819904" url="https://twitter.com/hectormilla/status/304534439629819904"/>
		<document id="305653724062285824" url="https://twitter.com/hectormilla/status/305653724062285824"/>
		<document id="306851188958195713" url="https://twitter.com/hectormilla/status/306851188958195713"/>
		<document id="307435592675913728" url="https://twitter.com/hectormilla/status/307435592675913728"/>
		<document id="309622152607444992" url="https://twitter.com/hectormilla/status/309622152607444992"/>
		<document id="310512094267179008" url="https://twitter.com/hectormilla/status/310512094267179008"/>
		<document id="311045045501452288" url="https://twitter.com/hectormilla/status/311045045501452288"/>
		<document id="311174051932545024" url="https://twitter.com/hectormilla/status/311174051932545024"/>
		<document id="312132921655955456" url="https://twitter.com/hectormilla/status/312132921655955456"/>
		<document id="314331992382656512" url="https://twitter.com/hectormilla/status/314331992382656512"/>
		<document id="314348394577539074" url="https://twitter.com/hectormilla/status/314348394577539074"/>
		<document id="314350421693063168" url="https://twitter.com/hectormilla/status/314350421693063168"/>
		<document id="314410309878153216" url="https://twitter.com/hectormilla/status/314410309878153216"/>
		<document id="316163450978045952" url="https://twitter.com/hectormilla/status/316163450978045952"/>
		<document id="316962733125951488" url="https://twitter.com/hectormilla/status/316962733125951488"/>
		<document id="317569860169265152" url="https://twitter.com/hectormilla/status/317569860169265152"/>
		<document id="318014607547576320" url="https://twitter.com/hectormilla/status/318014607547576320"/>
		<document id="318756776839356416" url="https://twitter.com/hectormilla/status/318756776839356416"/>
		<document id="320207438441771009" url="https://twitter.com/hectormilla/status/320207438441771009"/>
		<document id="321309514823507970" url="https://twitter.com/hectormilla/status/321309514823507970"/>
		<document id="321310451495485440" url="https://twitter.com/hectormilla/status/321310451495485440"/>
		<document id="321558684612300800" url="https://twitter.com/hectormilla/status/321558684612300800"/>
		<document id="321575031211687936" url="https://twitter.com/hectormilla/status/321575031211687936"/>
		<document id="321710514336043009" url="https://twitter.com/hectormilla/status/321710514336043009"/>
		<document id="321946729995976705" url="https://twitter.com/hectormilla/status/321946729995976705"/>
		<document id="323066946981593088" url="https://twitter.com/hectormilla/status/323066946981593088"/>
		<document id="323840593086275588" url="https://twitter.com/hectormilla/status/323840593086275588"/>
		<document id="323941342038339584" url="https://twitter.com/hectormilla/status/323941342038339584"/>
		<document id="324874219697606657" url="https://twitter.com/hectormilla/status/324874219697606657"/>
		<document id="325309412233334784" url="https://twitter.com/hectormilla/status/325309412233334784"/>
		<document id="325520663215489024" url="https://twitter.com/hectormilla/status/325520663215489024"/>
		<document id="326622915317596160" url="https://twitter.com/hectormilla/status/326622915317596160"/>
		<document id="329727622256918528" url="https://twitter.com/hectormilla/status/329727622256918528"/>
		<document id="330756570151522305" url="https://twitter.com/hectormilla/status/330756570151522305"/>
		<document id="331394355967438848" url="https://twitter.com/hectormilla/status/331394355967438848"/>
		<document id="331397454459195392" url="https://twitter.com/hectormilla/status/331397454459195392"/>
		<document id="332170791108112385" url="https://twitter.com/hectormilla/status/332170791108112385"/>
		<document id="332559214373392385" url="https://twitter.com/hectormilla/status/332559214373392385"/>
		<document id="332845519737085953" url="https://twitter.com/hectormilla/status/332845519737085953"/>
		<document id="333144503378657280" url="https://twitter.com/hectormilla/status/333144503378657280"/>
		<document id="334086537996279809" url="https://twitter.com/hectormilla/status/334086537996279809"/>
		<document id="334324529247690753" url="https://twitter.com/hectormilla/status/334324529247690753"/>
		<document id="334449472522289152" url="https://twitter.com/hectormilla/status/334449472522289152"/>
		<document id="334657601650425856" url="https://twitter.com/hectormilla/status/334657601650425856"/>
		<document id="335010111418421249" url="https://twitter.com/hectormilla/status/335010111418421249"/>
		<document id="335129041508114433" url="https://twitter.com/hectormilla/status/335129041508114433"/>
		<document id="335291722106036224" url="https://twitter.com/hectormilla/status/335291722106036224"/>
		<document id="335334117447176192" url="https://twitter.com/hectormilla/status/335334117447176192"/>
		<document id="335638145947287553" url="https://twitter.com/hectormilla/status/335638145947287553"/>
		<document id="336205306952577025" url="https://twitter.com/hectormilla/status/336205306952577025"/>
		<document id="336860469719609345" url="https://twitter.com/hectormilla/status/336860469719609345"/>
		<document id="336861801385971712" url="https://twitter.com/hectormilla/status/336861801385971712"/>
		<document id="336950684043845633" url="https://twitter.com/hectormilla/status/336950684043845633"/>
		<document id="337297618214453249" url="https://twitter.com/hectormilla/status/337297618214453249"/>
		<document id="337968422061228033" url="https://twitter.com/hectormilla/status/337968422061228033"/>
		<document id="340582324053893120" url="https://twitter.com/hectormilla/status/340582324053893120"/>
		<document id="340712736545705984" url="https://twitter.com/hectormilla/status/340712736545705984"/>
		<document id="341991615893762048" url="https://twitter.com/hectormilla/status/341991615893762048"/>
		<document id="342059873086869505" url="https://twitter.com/hectormilla/status/342059873086869505"/>
		<document id="342723225354121216" url="https://twitter.com/hectormilla/status/342723225354121216"/>
		<document id="342723270690344960" url="https://twitter.com/hectormilla/status/342723270690344960"/>
		<document id="343487493829718016" url="https://twitter.com/hectormilla/status/343487493829718016"/>
		<document id="343684934373879809" url="https://twitter.com/hectormilla/status/343684934373879809"/>
		<document id="343752625264660480" url="https://twitter.com/hectormilla/status/343752625264660480"/>
		<document id="344606438523543552" url="https://twitter.com/hectormilla/status/344606438523543552"/>
		<document id="344608592227360768" url="https://twitter.com/hectormilla/status/344608592227360768"/>
		<document id="344788306778787840" url="https://twitter.com/hectormilla/status/344788306778787840"/>
		<document id="344802872736768001" url="https://twitter.com/hectormilla/status/344802872736768001"/>
		<document id="344944121628196865" url="https://twitter.com/hectormilla/status/344944121628196865"/>
		<document id="345576294660046848" url="https://twitter.com/hectormilla/status/345576294660046848"/>
		<document id="346971186330234880" url="https://twitter.com/hectormilla/status/346971186330234880"/>
		<document id="348195236830388225" url="https://twitter.com/hectormilla/status/348195236830388225"/>
		<document id="348203520593379329" url="https://twitter.com/hectormilla/status/348203520593379329"/>
		<document id="348341805600886784" url="https://twitter.com/hectormilla/status/348341805600886784"/>
		<document id="349261983830388736" url="https://twitter.com/hectormilla/status/349261983830388736"/>
		<document id="350221091228233729" url="https://twitter.com/hectormilla/status/350221091228233729"/>
		<document id="350591774051418112" url="https://twitter.com/hectormilla/status/350591774051418112"/>
		<document id="350616403553955840" url="https://twitter.com/hectormilla/status/350616403553955840"/>
		<document id="351339449512235008" url="https://twitter.com/hectormilla/status/351339449512235008"/>
		<document id="351347585509883904" url="https://twitter.com/hectormilla/status/351347585509883904"/>
		<document id="351434365001150464" url="https://twitter.com/hectormilla/status/351434365001150464"/>
		<document id="351747780131303424" url="https://twitter.com/hectormilla/status/351747780131303424"/>
		<document id="351829818758803456" url="https://twitter.com/hectormilla/status/351829818758803456"/>
		<document id="351829916637081600" url="https://twitter.com/hectormilla/status/351829916637081600"/>
		<document id="352035880866811905" url="https://twitter.com/hectormilla/status/352035880866811905"/>
		<document id="352419971315408896" url="https://twitter.com/hectormilla/status/352419971315408896"/>
		<document id="352902581128929280" url="https://twitter.com/hectormilla/status/352902581128929280"/>
		<document id="353273610070269954" url="https://twitter.com/hectormilla/status/353273610070269954"/>
		<document id="353449560431009792" url="https://twitter.com/hectormilla/status/353449560431009792"/>
		<document id="355078358519918592" url="https://twitter.com/hectormilla/status/355078358519918592"/>
		<document id="355216781926858753" url="https://twitter.com/hectormilla/status/355216781926858753"/>
		<document id="355821617223438336" url="https://twitter.com/hectormilla/status/355821617223438336"/>
		<document id="356378888361873408" url="https://twitter.com/hectormilla/status/356378888361873408"/>
		<document id="356442295601602561" url="https://twitter.com/hectormilla/status/356442295601602561"/>
		<document id="356673279118946304" url="https://twitter.com/hectormilla/status/356673279118946304"/>
		<document id="357483681939603458" url="https://twitter.com/hectormilla/status/357483681939603458"/>
		<document id="358995008172457985" url="https://twitter.com/hectormilla/status/358995008172457985"/>
		<document id="359058376656830465" url="https://twitter.com/hectormilla/status/359058376656830465"/>
		<document id="359708075424358402" url="https://twitter.com/hectormilla/status/359708075424358402"/>
		<document id="361860463912427520" url="https://twitter.com/hectormilla/status/361860463912427520"/>
		<document id="368000669493772288" url="https://twitter.com/hectormilla/status/368000669493772288"/>
		<document id="369855161927467008" url="https://twitter.com/hectormilla/status/369855161927467008"/>
		<document id="370616591538745344" url="https://twitter.com/hectormilla/status/370616591538745344"/>
		<document id="374988055469637632" url="https://twitter.com/hectormilla/status/374988055469637632"/>
		<document id="376440264753434624" url="https://twitter.com/hectormilla/status/376440264753434624"/>
		<document id="377111558922317826" url="https://twitter.com/hectormilla/status/377111558922317826"/>
		<document id="377377768033771520" url="https://twitter.com/hectormilla/status/377377768033771520"/>
		<document id="378818886168477696" url="https://twitter.com/hectormilla/status/378818886168477696"/>
		<document id="381799561729417216" url="https://twitter.com/hectormilla/status/381799561729417216"/>
		<document id="382553054018818048" url="https://twitter.com/hectormilla/status/382553054018818048"/>
		<document id="383534295781875713" url="https://twitter.com/hectormilla/status/383534295781875713"/>
		<document id="385690092054282240" url="https://twitter.com/hectormilla/status/385690092054282240"/>
		<document id="386438306588016640" url="https://twitter.com/hectormilla/status/386438306588016640"/>
		<document id="390457052503371776" url="https://twitter.com/hectormilla/status/390457052503371776"/>
		<document id="391126848362803200" url="https://twitter.com/hectormilla/status/391126848362803200"/>
		<document id="392706873394085888" url="https://twitter.com/hectormilla/status/392706873394085888"/>
		<document id="393047979198017537" url="https://twitter.com/hectormilla/status/393047979198017537"/>
		<document id="393401776982216704" url="https://twitter.com/hectormilla/status/393401776982216704"/>
		<document id="393758736293974016" url="https://twitter.com/hectormilla/status/393758736293974016"/>
		<document id="393763045010186240" url="https://twitter.com/hectormilla/status/393763045010186240"/>
		<document id="395855404577468416" url="https://twitter.com/hectormilla/status/395855404577468416"/>
		<document id="397852446057562112" url="https://twitter.com/hectormilla/status/397852446057562112"/>
		<document id="398736829685727232" url="https://twitter.com/hectormilla/status/398736829685727232"/>
		<document id="401760855487807488" url="https://twitter.com/hectormilla/status/401760855487807488"/>
		<document id="402472390711840768" url="https://twitter.com/hectormilla/status/402472390711840768"/>
		<document id="402472392364396544" url="https://twitter.com/hectormilla/status/402472392364396544"/>
		<document id="402472394004377601" url="https://twitter.com/hectormilla/status/402472394004377601"/>
		<document id="403570759106560000" url="https://twitter.com/hectormilla/status/403570759106560000"/>
		<document id="403692848564150272" url="https://twitter.com/hectormilla/status/403692848564150272"/>
		<document id="406178177778982912" url="https://twitter.com/hectormilla/status/406178177778982912"/>
		<document id="407450238635757568" url="https://twitter.com/hectormilla/status/407450238635757568"/>
		<document id="408162504582635520" url="https://twitter.com/hectormilla/status/408162504582635520"/>
		<document id="409732964160118784" url="https://twitter.com/hectormilla/status/409732964160118784"/>
		<document id="416342742894403585" url="https://twitter.com/hectormilla/status/416342742894403585"/>
		<document id="416967035286200320" url="https://twitter.com/hectormilla/status/416967035286200320"/>
		<document id="288281141864173572" url="https://twitter.com/hectormilla/status/288281141864173572"/>
		<document id="288332971709186048" url="https://twitter.com/hectormilla/status/288332971709186048"/>
		<document id="288367054279561216" url="https://twitter.com/hectormilla/status/288367054279561216"/>
		<document id="288710285584388096" url="https://twitter.com/hectormilla/status/288710285584388096"/>
		<document id="289096996256616449" url="https://twitter.com/hectormilla/status/289096996256616449"/>
		<document id="289139079273148416" url="https://twitter.com/hectormilla/status/289139079273148416"/>
		<document id="289509979755520001" url="https://twitter.com/hectormilla/status/289509979755520001"/>
		<document id="289514274106249218" url="https://twitter.com/hectormilla/status/289514274106249218"/>
		<document id="289694161374965760" url="https://twitter.com/hectormilla/status/289694161374965760"/>
		<document id="290043036677836800" url="https://twitter.com/hectormilla/status/290043036677836800"/>
		<document id="290391958583640064" url="https://twitter.com/hectormilla/status/290391958583640064"/>
		<document id="290884010345914369" url="https://twitter.com/hectormilla/status/290884010345914369"/>
		<document id="291901360532762625" url="https://twitter.com/hectormilla/status/291901360532762625"/>
		<document id="291983891860971523" url="https://twitter.com/hectormilla/status/291983891860971523"/>
		<document id="292235630153453569" url="https://twitter.com/hectormilla/status/292235630153453569"/>
		<document id="292911414279028736" url="https://twitter.com/hectormilla/status/292911414279028736"/>
		<document id="293336169654140928" url="https://twitter.com/hectormilla/status/293336169654140928"/>
		<document id="293336834010931202" url="https://twitter.com/hectormilla/status/293336834010931202"/>
		<document id="293337485315018752" url="https://twitter.com/hectormilla/status/293337485315018752"/>
		<document id="293768878314627072" url="https://twitter.com/hectormilla/status/293768878314627072"/>
		<document id="295969713345933312" url="https://twitter.com/hectormilla/status/295969713345933312"/>
		<document id="298853099945218048" url="https://twitter.com/hectormilla/status/298853099945218048"/>
		<document id="298853144660676608" url="https://twitter.com/hectormilla/status/298853144660676608"/>
		<document id="298874319658954752" url="https://twitter.com/hectormilla/status/298874319658954752"/>
		<document id="299475419411927040" url="https://twitter.com/hectormilla/status/299475419411927040"/>
		<document id="301389781865226240" url="https://twitter.com/hectormilla/status/301389781865226240"/>
		<document id="302083388041465856" url="https://twitter.com/hectormilla/status/302083388041465856"/>
		<document id="304534439629819904" url="https://twitter.com/hectormilla/status/304534439629819904"/>
		<document id="305653724062285824" url="https://twitter.com/hectormilla/status/305653724062285824"/>
		<document id="306851188958195713" url="https://twitter.com/hectormilla/status/306851188958195713"/>
		<document id="307435592675913728" url="https://twitter.com/hectormilla/status/307435592675913728"/>
		<document id="309622152607444992" url="https://twitter.com/hectormilla/status/309622152607444992"/>
		<document id="310512094267179008" url="https://twitter.com/hectormilla/status/310512094267179008"/>
		<document id="311045045501452288" url="https://twitter.com/hectormilla/status/311045045501452288"/>
		<document id="311174051932545024" url="https://twitter.com/hectormilla/status/311174051932545024"/>
		<document id="312132921655955456" url="https://twitter.com/hectormilla/status/312132921655955456"/>
		<document id="314331992382656512" url="https://twitter.com/hectormilla/status/314331992382656512"/>
		<document id="314348394577539074" url="https://twitter.com/hectormilla/status/314348394577539074"/>
		<document id="314350421693063168" url="https://twitter.com/hectormilla/status/314350421693063168"/>
		<document id="314410309878153216" url="https://twitter.com/hectormilla/status/314410309878153216"/>
		<document id="316163450978045952" url="https://twitter.com/hectormilla/status/316163450978045952"/>
		<document id="316962733125951488" url="https://twitter.com/hectormilla/status/316962733125951488"/>
		<document id="317569860169265152" url="https://twitter.com/hectormilla/status/317569860169265152"/>
		<document id="318014607547576320" url="https://twitter.com/hectormilla/status/318014607547576320"/>
		<document id="318756776839356416" url="https://twitter.com/hectormilla/status/318756776839356416"/>
		<document id="320207438441771009" url="https://twitter.com/hectormilla/status/320207438441771009"/>
		<document id="321309514823507970" url="https://twitter.com/hectormilla/status/321309514823507970"/>
		<document id="321310451495485440" url="https://twitter.com/hectormilla/status/321310451495485440"/>
		<document id="321558684612300800" url="https://twitter.com/hectormilla/status/321558684612300800"/>
		<document id="321575031211687936" url="https://twitter.com/hectormilla/status/321575031211687936"/>
		<document id="321710514336043009" url="https://twitter.com/hectormilla/status/321710514336043009"/>
		<document id="321946729995976705" url="https://twitter.com/hectormilla/status/321946729995976705"/>
		<document id="323066946981593088" url="https://twitter.com/hectormilla/status/323066946981593088"/>
		<document id="323840593086275588" url="https://twitter.com/hectormilla/status/323840593086275588"/>
		<document id="323941342038339584" url="https://twitter.com/hectormilla/status/323941342038339584"/>
		<document id="324874219697606657" url="https://twitter.com/hectormilla/status/324874219697606657"/>
		<document id="325309412233334784" url="https://twitter.com/hectormilla/status/325309412233334784"/>
		<document id="325520663215489024" url="https://twitter.com/hectormilla/status/325520663215489024"/>
		<document id="326622915317596160" url="https://twitter.com/hectormilla/status/326622915317596160"/>
		<document id="329727622256918528" url="https://twitter.com/hectormilla/status/329727622256918528"/>
		<document id="330756570151522305" url="https://twitter.com/hectormilla/status/330756570151522305"/>
		<document id="331394355967438848" url="https://twitter.com/hectormilla/status/331394355967438848"/>
		<document id="331397454459195392" url="https://twitter.com/hectormilla/status/331397454459195392"/>
		<document id="332170791108112385" url="https://twitter.com/hectormilla/status/332170791108112385"/>
		<document id="332559214373392385" url="https://twitter.com/hectormilla/status/332559214373392385"/>
		<document id="332845519737085953" url="https://twitter.com/hectormilla/status/332845519737085953"/>
		<document id="333144503378657280" url="https://twitter.com/hectormilla/status/333144503378657280"/>
		<document id="334086537996279809" url="https://twitter.com/hectormilla/status/334086537996279809"/>
		<document id="334324529247690753" url="https://twitter.com/hectormilla/status/334324529247690753"/>
		<document id="334449472522289152" url="https://twitter.com/hectormilla/status/334449472522289152"/>
		<document id="334657601650425856" url="https://twitter.com/hectormilla/status/334657601650425856"/>
		<document id="335010111418421249" url="https://twitter.com/hectormilla/status/335010111418421249"/>
		<document id="335129041508114433" url="https://twitter.com/hectormilla/status/335129041508114433"/>
		<document id="335291722106036224" url="https://twitter.com/hectormilla/status/335291722106036224"/>
		<document id="335334117447176192" url="https://twitter.com/hectormilla/status/335334117447176192"/>
		<document id="335638145947287553" url="https://twitter.com/hectormilla/status/335638145947287553"/>
		<document id="336205306952577025" url="https://twitter.com/hectormilla/status/336205306952577025"/>
		<document id="336860469719609345" url="https://twitter.com/hectormilla/status/336860469719609345"/>
		<document id="336861801385971712" url="https://twitter.com/hectormilla/status/336861801385971712"/>
		<document id="336950684043845633" url="https://twitter.com/hectormilla/status/336950684043845633"/>
		<document id="337297618214453249" url="https://twitter.com/hectormilla/status/337297618214453249"/>
		<document id="337968422061228033" url="https://twitter.com/hectormilla/status/337968422061228033"/>
		<document id="340582324053893120" url="https://twitter.com/hectormilla/status/340582324053893120"/>
		<document id="340712736545705984" url="https://twitter.com/hectormilla/status/340712736545705984"/>
		<document id="341991615893762048" url="https://twitter.com/hectormilla/status/341991615893762048"/>
		<document id="342059873086869505" url="https://twitter.com/hectormilla/status/342059873086869505"/>
		<document id="342723225354121216" url="https://twitter.com/hectormilla/status/342723225354121216"/>
		<document id="342723270690344960" url="https://twitter.com/hectormilla/status/342723270690344960"/>
		<document id="343487493829718016" url="https://twitter.com/hectormilla/status/343487493829718016"/>
		<document id="343684934373879809" url="https://twitter.com/hectormilla/status/343684934373879809"/>
		<document id="343752625264660480" url="https://twitter.com/hectormilla/status/343752625264660480"/>
		<document id="344606438523543552" url="https://twitter.com/hectormilla/status/344606438523543552"/>
		<document id="344608592227360768" url="https://twitter.com/hectormilla/status/344608592227360768"/>
		<document id="344788306778787840" url="https://twitter.com/hectormilla/status/344788306778787840"/>
		<document id="344802872736768001" url="https://twitter.com/hectormilla/status/344802872736768001"/>
		<document id="344944121628196865" url="https://twitter.com/hectormilla/status/344944121628196865"/>
		<document id="345576294660046848" url="https://twitter.com/hectormilla/status/345576294660046848"/>
		<document id="346971186330234880" url="https://twitter.com/hectormilla/status/346971186330234880"/>
		<document id="348195236830388225" url="https://twitter.com/hectormilla/status/348195236830388225"/>
		<document id="348203520593379329" url="https://twitter.com/hectormilla/status/348203520593379329"/>
		<document id="348341805600886784" url="https://twitter.com/hectormilla/status/348341805600886784"/>
		<document id="349261983830388736" url="https://twitter.com/hectormilla/status/349261983830388736"/>
		<document id="350221091228233729" url="https://twitter.com/hectormilla/status/350221091228233729"/>
		<document id="350591774051418112" url="https://twitter.com/hectormilla/status/350591774051418112"/>
		<document id="350616403553955840" url="https://twitter.com/hectormilla/status/350616403553955840"/>
		<document id="351339449512235008" url="https://twitter.com/hectormilla/status/351339449512235008"/>
		<document id="351347585509883904" url="https://twitter.com/hectormilla/status/351347585509883904"/>
		<document id="351434365001150464" url="https://twitter.com/hectormilla/status/351434365001150464"/>
		<document id="351747780131303424" url="https://twitter.com/hectormilla/status/351747780131303424"/>
		<document id="351829818758803456" url="https://twitter.com/hectormilla/status/351829818758803456"/>
		<document id="351829916637081600" url="https://twitter.com/hectormilla/status/351829916637081600"/>
		<document id="352035880866811905" url="https://twitter.com/hectormilla/status/352035880866811905"/>
		<document id="352419971315408896" url="https://twitter.com/hectormilla/status/352419971315408896"/>
		<document id="352902581128929280" url="https://twitter.com/hectormilla/status/352902581128929280"/>
		<document id="353273610070269954" url="https://twitter.com/hectormilla/status/353273610070269954"/>
		<document id="353449560431009792" url="https://twitter.com/hectormilla/status/353449560431009792"/>
		<document id="355078358519918592" url="https://twitter.com/hectormilla/status/355078358519918592"/>
		<document id="355216781926858753" url="https://twitter.com/hectormilla/status/355216781926858753"/>
		<document id="355821617223438336" url="https://twitter.com/hectormilla/status/355821617223438336"/>
		<document id="356378888361873408" url="https://twitter.com/hectormilla/status/356378888361873408"/>
		<document id="356442295601602561" url="https://twitter.com/hectormilla/status/356442295601602561"/>
		<document id="356673279118946304" url="https://twitter.com/hectormilla/status/356673279118946304"/>
		<document id="357483681939603458" url="https://twitter.com/hectormilla/status/357483681939603458"/>
		<document id="358995008172457985" url="https://twitter.com/hectormilla/status/358995008172457985"/>
		<document id="359058376656830465" url="https://twitter.com/hectormilla/status/359058376656830465"/>
		<document id="359708075424358402" url="https://twitter.com/hectormilla/status/359708075424358402"/>
		<document id="361860463912427520" url="https://twitter.com/hectormilla/status/361860463912427520"/>
		<document id="368000669493772288" url="https://twitter.com/hectormilla/status/368000669493772288"/>
		<document id="369855161927467008" url="https://twitter.com/hectormilla/status/369855161927467008"/>
		<document id="370616591538745344" url="https://twitter.com/hectormilla/status/370616591538745344"/>
		<document id="374988055469637632" url="https://twitter.com/hectormilla/status/374988055469637632"/>
		<document id="376440264753434624" url="https://twitter.com/hectormilla/status/376440264753434624"/>
		<document id="377111558922317826" url="https://twitter.com/hectormilla/status/377111558922317826"/>
		<document id="377377768033771520" url="https://twitter.com/hectormilla/status/377377768033771520"/>
		<document id="378818886168477696" url="https://twitter.com/hectormilla/status/378818886168477696"/>
		<document id="381799561729417216" url="https://twitter.com/hectormilla/status/381799561729417216"/>
		<document id="382553054018818048" url="https://twitter.com/hectormilla/status/382553054018818048"/>
		<document id="383534295781875713" url="https://twitter.com/hectormilla/status/383534295781875713"/>
		<document id="385690092054282240" url="https://twitter.com/hectormilla/status/385690092054282240"/>
		<document id="386438306588016640" url="https://twitter.com/hectormilla/status/386438306588016640"/>
		<document id="390457052503371776" url="https://twitter.com/hectormilla/status/390457052503371776"/>
		<document id="391126848362803200" url="https://twitter.com/hectormilla/status/391126848362803200"/>
		<document id="392706873394085888" url="https://twitter.com/hectormilla/status/392706873394085888"/>
		<document id="393047979198017537" url="https://twitter.com/hectormilla/status/393047979198017537"/>
		<document id="393401776982216704" url="https://twitter.com/hectormilla/status/393401776982216704"/>
		<document id="393758736293974016" url="https://twitter.com/hectormilla/status/393758736293974016"/>
		<document id="393763045010186240" url="https://twitter.com/hectormilla/status/393763045010186240"/>
		<document id="395855404577468416" url="https://twitter.com/hectormilla/status/395855404577468416"/>
		<document id="397852446057562112" url="https://twitter.com/hectormilla/status/397852446057562112"/>
		<document id="398736829685727232" url="https://twitter.com/hectormilla/status/398736829685727232"/>
		<document id="401760855487807488" url="https://twitter.com/hectormilla/status/401760855487807488"/>
		<document id="402472390711840768" url="https://twitter.com/hectormilla/status/402472390711840768"/>
		<document id="402472392364396544" url="https://twitter.com/hectormilla/status/402472392364396544"/>
		<document id="402472394004377601" url="https://twitter.com/hectormilla/status/402472394004377601"/>
		<document id="403570759106560000" url="https://twitter.com/hectormilla/status/403570759106560000"/>
		<document id="403692848564150272" url="https://twitter.com/hectormilla/status/403692848564150272"/>
		<document id="406178177778982912" url="https://twitter.com/hectormilla/status/406178177778982912"/>
		<document id="407450238635757568" url="https://twitter.com/hectormilla/status/407450238635757568"/>
		<document id="408162504582635520" url="https://twitter.com/hectormilla/status/408162504582635520"/>
		<document id="409732964160118784" url="https://twitter.com/hectormilla/status/409732964160118784"/>
		<document id="416342742894403585" url="https://twitter.com/hectormilla/status/416342742894403585"/>
		<document id="416967035286200320" url="https://twitter.com/hectormilla/status/416967035286200320"/>
	</documents>
</author>