<?xml version="1.0" encoding="UTF-8" standalone="no"?><author age_group="xx" gender="xx" lang="EN" type="twitter" url="https://twitter.com/csaavedrasexta">
	<documents count="58">
		<document id="326806656711270401" url="https://twitter.com/csaavedrasexta/status/326806656711270401"/>
		<document id="329325027868696576" url="https://twitter.com/csaavedrasexta/status/329325027868696576"/>
		<document id="338417079944355840" url="https://twitter.com/csaavedrasexta/status/338417079944355840"/>
		<document id="340829844948516864" url="https://twitter.com/csaavedrasexta/status/340829844948516864"/>
		<document id="349619204338630658" url="https://twitter.com/csaavedrasexta/status/349619204338630658"/>
		<document id="354369241069264898" url="https://twitter.com/csaavedrasexta/status/354369241069264898"/>
		<document id="354372753119395842" url="https://twitter.com/csaavedrasexta/status/354372753119395842"/>
		<document id="357244275383214080" url="https://twitter.com/csaavedrasexta/status/357244275383214080"/>
		<document id="357886000338452481" url="https://twitter.com/csaavedrasexta/status/357886000338452481"/>
		<document id="358005240278163457" url="https://twitter.com/csaavedrasexta/status/358005240278163457"/>
		<document id="358005579014348801" url="https://twitter.com/csaavedrasexta/status/358005579014348801"/>
		<document id="363318179189108736" url="https://twitter.com/csaavedrasexta/status/363318179189108736"/>
		<document id="371039618642501633" url="https://twitter.com/csaavedrasexta/status/371039618642501633"/>
		<document id="374637759581134848" url="https://twitter.com/csaavedrasexta/status/374637759581134848"/>
		<document id="380440629995909121" url="https://twitter.com/csaavedrasexta/status/380440629995909121"/>
		<document id="396300435688284160" url="https://twitter.com/csaavedrasexta/status/396300435688284160"/>
		<document id="400398118082342912" url="https://twitter.com/csaavedrasexta/status/400398118082342912"/>
		<document id="406182233255710720" url="https://twitter.com/csaavedrasexta/status/406182233255710720"/>
		<document id="326806656711270401" url="https://twitter.com/csaavedrasexta/status/326806656711270401"/>
		<document id="329325027868696576" url="https://twitter.com/csaavedrasexta/status/329325027868696576"/>
		<document id="338417079944355840" url="https://twitter.com/csaavedrasexta/status/338417079944355840"/>
		<document id="340829844948516864" url="https://twitter.com/csaavedrasexta/status/340829844948516864"/>
		<document id="349619204338630658" url="https://twitter.com/csaavedrasexta/status/349619204338630658"/>
		<document id="354369241069264898" url="https://twitter.com/csaavedrasexta/status/354369241069264898"/>
		<document id="354372753119395842" url="https://twitter.com/csaavedrasexta/status/354372753119395842"/>
		<document id="357244275383214080" url="https://twitter.com/csaavedrasexta/status/357244275383214080"/>
		<document id="357886000338452481" url="https://twitter.com/csaavedrasexta/status/357886000338452481"/>
		<document id="358005240278163457" url="https://twitter.com/csaavedrasexta/status/358005240278163457"/>
		<document id="358005579014348801" url="https://twitter.com/csaavedrasexta/status/358005579014348801"/>
		<document id="363318179189108736" url="https://twitter.com/csaavedrasexta/status/363318179189108736"/>
		<document id="371039618642501633" url="https://twitter.com/csaavedrasexta/status/371039618642501633"/>
		<document id="374637759581134848" url="https://twitter.com/csaavedrasexta/status/374637759581134848"/>
		<document id="380440629995909121" url="https://twitter.com/csaavedrasexta/status/380440629995909121"/>
		<document id="396300435688284160" url="https://twitter.com/csaavedrasexta/status/396300435688284160"/>
		<document id="400398118082342912" url="https://twitter.com/csaavedrasexta/status/400398118082342912"/>
		<document id="406182233255710720" url="https://twitter.com/csaavedrasexta/status/406182233255710720"/>
	</documents>
</author>