<?xml version="1.0" encoding="UTF-8" standalone="no"?><author age_group="xx" gender="xx" lang="EN" type="twitter" url="https://twitter.com/mihailupunet">
	<documents count="208">
		<document id="103520425404936192" url="https://twitter.com/mihailupunet/status/103520425404936192"/>
		<document id="108102676939669504" url="https://twitter.com/mihailupunet/status/108102676939669504"/>
		<document id="116551872550154240" url="https://twitter.com/mihailupunet/status/116551872550154240"/>
		<document id="118350181350649856" url="https://twitter.com/mihailupunet/status/118350181350649856"/>
		<document id="127290146721759232" url="https://twitter.com/mihailupunet/status/127290146721759232"/>
		<document id="128530746821451776" url="https://twitter.com/mihailupunet/status/128530746821451776"/>
		<document id="132389187000340480" url="https://twitter.com/mihailupunet/status/132389187000340480"/>
		<document id="133428838171553792" url="https://twitter.com/mihailupunet/status/133428838171553792"/>
		<document id="134256111313358848" url="https://twitter.com/mihailupunet/status/134256111313358848"/>
		<document id="137244568377769985" url="https://twitter.com/mihailupunet/status/137244568377769985"/>
		<document id="156378544530919424" url="https://twitter.com/mihailupunet/status/156378544530919424"/>
		<document id="157082854646497280" url="https://twitter.com/mihailupunet/status/157082854646497280"/>
		<document id="160283282028765184" url="https://twitter.com/mihailupunet/status/160283282028765184"/>
		<document id="161360106787840000" url="https://twitter.com/mihailupunet/status/161360106787840000"/>
		<document id="167545406438387712" url="https://twitter.com/mihailupunet/status/167545406438387712"/>
		<document id="167548040297709568" url="https://twitter.com/mihailupunet/status/167548040297709568"/>
		<document id="169345424572952576" url="https://twitter.com/mihailupunet/status/169345424572952576"/>
		<document id="182036002544685058" url="https://twitter.com/mihailupunet/status/182036002544685058"/>
		<document id="182092020574191616" url="https://twitter.com/mihailupunet/status/182092020574191616"/>
		<document id="182484964015751169" url="https://twitter.com/mihailupunet/status/182484964015751169"/>
		<document id="183105990340788226" url="https://twitter.com/mihailupunet/status/183105990340788226"/>
		<document id="183911072951054336" url="https://twitter.com/mihailupunet/status/183911072951054336"/>
		<document id="184327597918916608" url="https://twitter.com/mihailupunet/status/184327597918916608"/>
		<document id="184906628800319488" url="https://twitter.com/mihailupunet/status/184906628800319488"/>
		<document id="184916983375077376" url="https://twitter.com/mihailupunet/status/184916983375077376"/>
		<document id="184976551341850625" url="https://twitter.com/mihailupunet/status/184976551341850625"/>
		<document id="185013278957776898" url="https://twitter.com/mihailupunet/status/185013278957776898"/>
		<document id="185258474119249920" url="https://twitter.com/mihailupunet/status/185258474119249920"/>
		<document id="186878521723990016" url="https://twitter.com/mihailupunet/status/186878521723990016"/>
		<document id="191899776034422785" url="https://twitter.com/mihailupunet/status/191899776034422785"/>
		<document id="192956789501853696" url="https://twitter.com/mihailupunet/status/192956789501853696"/>
		<document id="192960191053037568" url="https://twitter.com/mihailupunet/status/192960191053037568"/>
		<document id="192963371572789248" url="https://twitter.com/mihailupunet/status/192963371572789248"/>
		<document id="193001260889280512" url="https://twitter.com/mihailupunet/status/193001260889280512"/>
		<document id="193370659143954433" url="https://twitter.com/mihailupunet/status/193370659143954433"/>
		<document id="195452625062346752" url="https://twitter.com/mihailupunet/status/195452625062346752"/>
		<document id="198298572364591104" url="https://twitter.com/mihailupunet/status/198298572364591104"/>
		<document id="205201402174255104" url="https://twitter.com/mihailupunet/status/205201402174255104"/>
		<document id="206060582053494784" url="https://twitter.com/mihailupunet/status/206060582053494784"/>
		<document id="209928915962167296" url="https://twitter.com/mihailupunet/status/209928915962167296"/>
		<document id="212073560339005440" url="https://twitter.com/mihailupunet/status/212073560339005440"/>
		<document id="214818030876753920" url="https://twitter.com/mihailupunet/status/214818030876753920"/>
		<document id="218071082752671744" url="https://twitter.com/mihailupunet/status/218071082752671744"/>
		<document id="218308368564105216" url="https://twitter.com/mihailupunet/status/218308368564105216"/>
		<document id="219695671672963072" url="https://twitter.com/mihailupunet/status/219695671672963072"/>
		<document id="219705698253148160" url="https://twitter.com/mihailupunet/status/219705698253148160"/>
		<document id="219706607985111040" url="https://twitter.com/mihailupunet/status/219706607985111040"/>
		<document id="219738378860638208" url="https://twitter.com/mihailupunet/status/219738378860638208"/>
		<document id="220050874544824320" url="https://twitter.com/mihailupunet/status/220050874544824320"/>
		<document id="220933520175009792" url="https://twitter.com/mihailupunet/status/220933520175009792"/>
		<document id="222273726270541824" url="https://twitter.com/mihailupunet/status/222273726270541824"/>
		<document id="226129230780588032" url="https://twitter.com/mihailupunet/status/226129230780588032"/>
		<document id="230937720183214080" url="https://twitter.com/mihailupunet/status/230937720183214080"/>
		<document id="233462528305410048" url="https://twitter.com/mihailupunet/status/233462528305410048"/>
		<document id="246532195915796480" url="https://twitter.com/mihailupunet/status/246532195915796480"/>
		<document id="246569294224314368" url="https://twitter.com/mihailupunet/status/246569294224314368"/>
		<document id="265527380062388224" url="https://twitter.com/mihailupunet/status/265527380062388224"/>
		<document id="268295582811058176" url="https://twitter.com/mihailupunet/status/268295582811058176"/>
		<document id="281695625224007680" url="https://twitter.com/mihailupunet/status/281695625224007680"/>
		<document id="286838888360734721" url="https://twitter.com/mihailupunet/status/286838888360734721"/>
		<document id="288618195395436544" url="https://twitter.com/mihailupunet/status/288618195395436544"/>
		<document id="291098914197757952" url="https://twitter.com/mihailupunet/status/291098914197757952"/>
		<document id="293312974259630080" url="https://twitter.com/mihailupunet/status/293312974259630080"/>
		<document id="294492290913808384" url="https://twitter.com/mihailupunet/status/294492290913808384"/>
		<document id="296284520028721152" url="https://twitter.com/mihailupunet/status/296284520028721152"/>
		<document id="299888429464944641" url="https://twitter.com/mihailupunet/status/299888429464944641"/>
		<document id="303781593447809024" url="https://twitter.com/mihailupunet/status/303781593447809024"/>
		<document id="306882827297898496" url="https://twitter.com/mihailupunet/status/306882827297898496"/>
		<document id="321250591911317506" url="https://twitter.com/mihailupunet/status/321250591911317506"/>
		<document id="324852600203792385" url="https://twitter.com/mihailupunet/status/324852600203792385"/>
		<document id="335371131395649536" url="https://twitter.com/mihailupunet/status/335371131395649536"/>
		<document id="335711717768167425" url="https://twitter.com/mihailupunet/status/335711717768167425"/>
		<document id="342271698671902721" url="https://twitter.com/mihailupunet/status/342271698671902721"/>
		<document id="346788129958686720" url="https://twitter.com/mihailupunet/status/346788129958686720"/>
		<document id="347150730697768960" url="https://twitter.com/mihailupunet/status/347150730697768960"/>
		<document id="347167313545551872" url="https://twitter.com/mihailupunet/status/347167313545551872"/>
		<document id="356282203321274368" url="https://twitter.com/mihailupunet/status/356282203321274368"/>
		<document id="370207201777819650" url="https://twitter.com/mihailupunet/status/370207201777819650"/>
		<document id="382054647026155520" url="https://twitter.com/mihailupunet/status/382054647026155520"/>
		<document id="383193084655198211" url="https://twitter.com/mihailupunet/status/383193084655198211"/>
		<document id="387577914575052800" url="https://twitter.com/mihailupunet/status/387577914575052800"/>
		<document id="388591839390875649" url="https://twitter.com/mihailupunet/status/388591839390875649"/>
		<document id="396300646514577409" url="https://twitter.com/mihailupunet/status/396300646514577409"/>
		<document id="400561938519703552" url="https://twitter.com/mihailupunet/status/400561938519703552"/>
		<document id="45255003564281857" url="https://twitter.com/mihailupunet/status/45255003564281857"/>
		<document id="45255837291249664" url="https://twitter.com/mihailupunet/status/45255837291249664"/>
		<document id="45860852011773953" url="https://twitter.com/mihailupunet/status/45860852011773953"/>
		<document id="46131874610950144" url="https://twitter.com/mihailupunet/status/46131874610950144"/>
		<document id="50160152929767424" url="https://twitter.com/mihailupunet/status/50160152929767424"/>
		<document id="52320299953299456" url="https://twitter.com/mihailupunet/status/52320299953299456"/>
		<document id="72585338777894913" url="https://twitter.com/mihailupunet/status/72585338777894913"/>
		<document id="73290787365994496" url="https://twitter.com/mihailupunet/status/73290787365994496"/>
		<document id="73292151215243265" url="https://twitter.com/mihailupunet/status/73292151215243265"/>
		<document id="73664285548621824" url="https://twitter.com/mihailupunet/status/73664285548621824"/>
		<document id="73983432740438016" url="https://twitter.com/mihailupunet/status/73983432740438016"/>
		<document id="78133807194181632" url="https://twitter.com/mihailupunet/status/78133807194181632"/>
		<document id="80898441298980864" url="https://twitter.com/mihailupunet/status/80898441298980864"/>
		<document id="81648416635097088" url="https://twitter.com/mihailupunet/status/81648416635097088"/>
		<document id="84177704198475777" url="https://twitter.com/mihailupunet/status/84177704198475777"/>
		<document id="85372661768798208" url="https://twitter.com/mihailupunet/status/85372661768798208"/>
		<document id="86705251985522688" url="https://twitter.com/mihailupunet/status/86705251985522688"/>
		<document id="93955274758553600" url="https://twitter.com/mihailupunet/status/93955274758553600"/>
		<document id="96503147136167937" url="https://twitter.com/mihailupunet/status/96503147136167937"/>
		<document id="103520425404936192" url="https://twitter.com/mihailupunet/status/103520425404936192"/>
		<document id="108102676939669504" url="https://twitter.com/mihailupunet/status/108102676939669504"/>
		<document id="116551872550154240" url="https://twitter.com/mihailupunet/status/116551872550154240"/>
		<document id="118350181350649856" url="https://twitter.com/mihailupunet/status/118350181350649856"/>
		<document id="127290146721759232" url="https://twitter.com/mihailupunet/status/127290146721759232"/>
		<document id="128530746821451776" url="https://twitter.com/mihailupunet/status/128530746821451776"/>
		<document id="132389187000340480" url="https://twitter.com/mihailupunet/status/132389187000340480"/>
		<document id="133428838171553792" url="https://twitter.com/mihailupunet/status/133428838171553792"/>
		<document id="134256111313358848" url="https://twitter.com/mihailupunet/status/134256111313358848"/>
		<document id="137244568377769985" url="https://twitter.com/mihailupunet/status/137244568377769985"/>
		<document id="156378544530919424" url="https://twitter.com/mihailupunet/status/156378544530919424"/>
		<document id="157082854646497280" url="https://twitter.com/mihailupunet/status/157082854646497280"/>
		<document id="160283282028765184" url="https://twitter.com/mihailupunet/status/160283282028765184"/>
		<document id="161360106787840000" url="https://twitter.com/mihailupunet/status/161360106787840000"/>
		<document id="167545406438387712" url="https://twitter.com/mihailupunet/status/167545406438387712"/>
		<document id="167548040297709568" url="https://twitter.com/mihailupunet/status/167548040297709568"/>
		<document id="169345424572952576" url="https://twitter.com/mihailupunet/status/169345424572952576"/>
		<document id="182036002544685058" url="https://twitter.com/mihailupunet/status/182036002544685058"/>
		<document id="182092020574191616" url="https://twitter.com/mihailupunet/status/182092020574191616"/>
		<document id="182484964015751169" url="https://twitter.com/mihailupunet/status/182484964015751169"/>
		<document id="183105990340788226" url="https://twitter.com/mihailupunet/status/183105990340788226"/>
		<document id="183911072951054336" url="https://twitter.com/mihailupunet/status/183911072951054336"/>
		<document id="184327597918916608" url="https://twitter.com/mihailupunet/status/184327597918916608"/>
		<document id="184906628800319488" url="https://twitter.com/mihailupunet/status/184906628800319488"/>
		<document id="184916983375077376" url="https://twitter.com/mihailupunet/status/184916983375077376"/>
		<document id="184976551341850625" url="https://twitter.com/mihailupunet/status/184976551341850625"/>
		<document id="185013278957776898" url="https://twitter.com/mihailupunet/status/185013278957776898"/>
		<document id="185258474119249920" url="https://twitter.com/mihailupunet/status/185258474119249920"/>
		<document id="186878521723990016" url="https://twitter.com/mihailupunet/status/186878521723990016"/>
		<document id="191899776034422785" url="https://twitter.com/mihailupunet/status/191899776034422785"/>
		<document id="192956789501853696" url="https://twitter.com/mihailupunet/status/192956789501853696"/>
		<document id="192960191053037568" url="https://twitter.com/mihailupunet/status/192960191053037568"/>
		<document id="192963371572789248" url="https://twitter.com/mihailupunet/status/192963371572789248"/>
		<document id="193001260889280512" url="https://twitter.com/mihailupunet/status/193001260889280512"/>
		<document id="193370659143954433" url="https://twitter.com/mihailupunet/status/193370659143954433"/>
		<document id="195452625062346752" url="https://twitter.com/mihailupunet/status/195452625062346752"/>
		<document id="198298572364591104" url="https://twitter.com/mihailupunet/status/198298572364591104"/>
		<document id="205201402174255104" url="https://twitter.com/mihailupunet/status/205201402174255104"/>
		<document id="206060582053494784" url="https://twitter.com/mihailupunet/status/206060582053494784"/>
		<document id="209928915962167296" url="https://twitter.com/mihailupunet/status/209928915962167296"/>
		<document id="212073560339005440" url="https://twitter.com/mihailupunet/status/212073560339005440"/>
		<document id="214818030876753920" url="https://twitter.com/mihailupunet/status/214818030876753920"/>
		<document id="218071082752671744" url="https://twitter.com/mihailupunet/status/218071082752671744"/>
		<document id="218308368564105216" url="https://twitter.com/mihailupunet/status/218308368564105216"/>
		<document id="219695671672963072" url="https://twitter.com/mihailupunet/status/219695671672963072"/>
		<document id="219705698253148160" url="https://twitter.com/mihailupunet/status/219705698253148160"/>
		<document id="219706607985111040" url="https://twitter.com/mihailupunet/status/219706607985111040"/>
		<document id="219738378860638208" url="https://twitter.com/mihailupunet/status/219738378860638208"/>
		<document id="220050874544824320" url="https://twitter.com/mihailupunet/status/220050874544824320"/>
		<document id="220933520175009792" url="https://twitter.com/mihailupunet/status/220933520175009792"/>
		<document id="222273726270541824" url="https://twitter.com/mihailupunet/status/222273726270541824"/>
		<document id="226129230780588032" url="https://twitter.com/mihailupunet/status/226129230780588032"/>
		<document id="230937720183214080" url="https://twitter.com/mihailupunet/status/230937720183214080"/>
		<document id="233462528305410048" url="https://twitter.com/mihailupunet/status/233462528305410048"/>
		<document id="246532195915796480" url="https://twitter.com/mihailupunet/status/246532195915796480"/>
		<document id="246569294224314368" url="https://twitter.com/mihailupunet/status/246569294224314368"/>
		<document id="265527380062388224" url="https://twitter.com/mihailupunet/status/265527380062388224"/>
		<document id="268295582811058176" url="https://twitter.com/mihailupunet/status/268295582811058176"/>
		<document id="281695625224007680" url="https://twitter.com/mihailupunet/status/281695625224007680"/>
		<document id="286838888360734721" url="https://twitter.com/mihailupunet/status/286838888360734721"/>
		<document id="288618195395436544" url="https://twitter.com/mihailupunet/status/288618195395436544"/>
		<document id="291098914197757952" url="https://twitter.com/mihailupunet/status/291098914197757952"/>
		<document id="293312974259630080" url="https://twitter.com/mihailupunet/status/293312974259630080"/>
		<document id="294492290913808384" url="https://twitter.com/mihailupunet/status/294492290913808384"/>
		<document id="296284520028721152" url="https://twitter.com/mihailupunet/status/296284520028721152"/>
		<document id="299888429464944641" url="https://twitter.com/mihailupunet/status/299888429464944641"/>
		<document id="303781593447809024" url="https://twitter.com/mihailupunet/status/303781593447809024"/>
		<document id="306882827297898496" url="https://twitter.com/mihailupunet/status/306882827297898496"/>
		<document id="321250591911317506" url="https://twitter.com/mihailupunet/status/321250591911317506"/>
		<document id="324852600203792385" url="https://twitter.com/mihailupunet/status/324852600203792385"/>
		<document id="335371131395649536" url="https://twitter.com/mihailupunet/status/335371131395649536"/>
		<document id="335711717768167425" url="https://twitter.com/mihailupunet/status/335711717768167425"/>
		<document id="342271698671902721" url="https://twitter.com/mihailupunet/status/342271698671902721"/>
		<document id="346788129958686720" url="https://twitter.com/mihailupunet/status/346788129958686720"/>
		<document id="347150730697768960" url="https://twitter.com/mihailupunet/status/347150730697768960"/>
		<document id="347167313545551872" url="https://twitter.com/mihailupunet/status/347167313545551872"/>
		<document id="356282203321274368" url="https://twitter.com/mihailupunet/status/356282203321274368"/>
		<document id="370207201777819650" url="https://twitter.com/mihailupunet/status/370207201777819650"/>
		<document id="382054647026155520" url="https://twitter.com/mihailupunet/status/382054647026155520"/>
		<document id="383193084655198211" url="https://twitter.com/mihailupunet/status/383193084655198211"/>
		<document id="387577914575052800" url="https://twitter.com/mihailupunet/status/387577914575052800"/>
		<document id="388591839390875649" url="https://twitter.com/mihailupunet/status/388591839390875649"/>
		<document id="396300646514577409" url="https://twitter.com/mihailupunet/status/396300646514577409"/>
		<document id="400561938519703552" url="https://twitter.com/mihailupunet/status/400561938519703552"/>
		<document id="45255003564281857" url="https://twitter.com/mihailupunet/status/45255003564281857"/>
		<document id="45255837291249664" url="https://twitter.com/mihailupunet/status/45255837291249664"/>
		<document id="45860852011773953" url="https://twitter.com/mihailupunet/status/45860852011773953"/>
		<document id="46131874610950144" url="https://twitter.com/mihailupunet/status/46131874610950144"/>
		<document id="50160152929767424" url="https://twitter.com/mihailupunet/status/50160152929767424"/>
		<document id="52320299953299456" url="https://twitter.com/mihailupunet/status/52320299953299456"/>
		<document id="72585338777894913" url="https://twitter.com/mihailupunet/status/72585338777894913"/>
		<document id="73290787365994496" url="https://twitter.com/mihailupunet/status/73290787365994496"/>
		<document id="73292151215243265" url="https://twitter.com/mihailupunet/status/73292151215243265"/>
		<document id="73664285548621824" url="https://twitter.com/mihailupunet/status/73664285548621824"/>
		<document id="73983432740438016" url="https://twitter.com/mihailupunet/status/73983432740438016"/>
		<document id="78133807194181632" url="https://twitter.com/mihailupunet/status/78133807194181632"/>
		<document id="80898441298980864" url="https://twitter.com/mihailupunet/status/80898441298980864"/>
		<document id="81648416635097088" url="https://twitter.com/mihailupunet/status/81648416635097088"/>
		<document id="84177704198475777" url="https://twitter.com/mihailupunet/status/84177704198475777"/>
		<document id="85372661768798208" url="https://twitter.com/mihailupunet/status/85372661768798208"/>
		<document id="86705251985522688" url="https://twitter.com/mihailupunet/status/86705251985522688"/>
		<document id="93955274758553600" url="https://twitter.com/mihailupunet/status/93955274758553600"/>
		<document id="96503147136167937" url="https://twitter.com/mihailupunet/status/96503147136167937"/>
	</documents>
</author>