<?xml version="1.0" encoding="UTF-8" standalone="no"?><author age_group="xx" gender="xx" lang="EN" type="twitter" url="https://twitter.com/yenialvarez">
	<documents count="542">
		<document id="102041515118968832" url="https://twitter.com/yenialvarez/status/102041515118968832"/>
		<document id="102041716441362433" url="https://twitter.com/yenialvarez/status/102041716441362433"/>
		<document id="1135714876" url="https://twitter.com/yenialvarez/status/1135714876"/>
		<document id="117002779372953600" url="https://twitter.com/yenialvarez/status/117002779372953600"/>
		<document id="118840902809698304" url="https://twitter.com/yenialvarez/status/118840902809698304"/>
		<document id="119167122315296768" url="https://twitter.com/yenialvarez/status/119167122315296768"/>
		<document id="121106604685926400" url="https://twitter.com/yenialvarez/status/121106604685926400"/>
		<document id="121106811943272448" url="https://twitter.com/yenialvarez/status/121106811943272448"/>
		<document id="123993017253232641" url="https://twitter.com/yenialvarez/status/123993017253232641"/>
		<document id="12993747960733696" url="https://twitter.com/yenialvarez/status/12993747960733696"/>
		<document id="13305071257255936" url="https://twitter.com/yenialvarez/status/13305071257255936"/>
		<document id="133367099425959936" url="https://twitter.com/yenialvarez/status/133367099425959936"/>
		<document id="13402402111627264" url="https://twitter.com/yenialvarez/status/13402402111627264"/>
		<document id="13402489713856512" url="https://twitter.com/yenialvarez/status/13402489713856512"/>
		<document id="13402630537609216" url="https://twitter.com/yenialvarez/status/13402630537609216"/>
		<document id="134865397643083777" url="https://twitter.com/yenialvarez/status/134865397643083777"/>
		<document id="15247862573043712" url="https://twitter.com/yenialvarez/status/15247862573043712"/>
		<document id="155795833864978434" url="https://twitter.com/yenialvarez/status/155795833864978434"/>
		<document id="156592273814073344" url="https://twitter.com/yenialvarez/status/156592273814073344"/>
		<document id="156597327166046208" url="https://twitter.com/yenialvarez/status/156597327166046208"/>
		<document id="159481733815873536" url="https://twitter.com/yenialvarez/status/159481733815873536"/>
		<document id="160625517018624000" url="https://twitter.com/yenialvarez/status/160625517018624000"/>
		<document id="1703187280" url="https://twitter.com/yenialvarez/status/1703187280"/>
		<document id="179780081382731776" url="https://twitter.com/yenialvarez/status/179780081382731776"/>
		<document id="179783100526632961" url="https://twitter.com/yenialvarez/status/179783100526632961"/>
		<document id="179783616669290496" url="https://twitter.com/yenialvarez/status/179783616669290496"/>
		<document id="179786883134537728" url="https://twitter.com/yenialvarez/status/179786883134537728"/>
		<document id="179787607239180288" url="https://twitter.com/yenialvarez/status/179787607239180288"/>
		<document id="187401686665539585" url="https://twitter.com/yenialvarez/status/187401686665539585"/>
		<document id="192087957539274752" url="https://twitter.com/yenialvarez/status/192087957539274752"/>
		<document id="194575136844816386" url="https://twitter.com/yenialvarez/status/194575136844816386"/>
		<document id="197457014081859586" url="https://twitter.com/yenialvarez/status/197457014081859586"/>
		<document id="197459220319305728" url="https://twitter.com/yenialvarez/status/197459220319305728"/>
		<document id="2080721193" url="https://twitter.com/yenialvarez/status/2080721193"/>
		<document id="2080730512" url="https://twitter.com/yenialvarez/status/2080730512"/>
		<document id="210609572325494784" url="https://twitter.com/yenialvarez/status/210609572325494784"/>
		<document id="2108883727" url="https://twitter.com/yenialvarez/status/2108883727"/>
		<document id="2108896021" url="https://twitter.com/yenialvarez/status/2108896021"/>
		<document id="2108898815" url="https://twitter.com/yenialvarez/status/2108898815"/>
		<document id="211163964615299072" url="https://twitter.com/yenialvarez/status/211163964615299072"/>
		<document id="2119010105" url="https://twitter.com/yenialvarez/status/2119010105"/>
		<document id="215301533796012032" url="https://twitter.com/yenialvarez/status/215301533796012032"/>
		<document id="216203027105853442" url="https://twitter.com/yenialvarez/status/216203027105853442"/>
		<document id="216565357350100992" url="https://twitter.com/yenialvarez/status/216565357350100992"/>
		<document id="216927757664399360" url="https://twitter.com/yenialvarez/status/216927757664399360"/>
		<document id="217290141415383043" url="https://twitter.com/yenialvarez/status/217290141415383043"/>
		<document id="217652539280203776" url="https://twitter.com/yenialvarez/status/217652539280203776"/>
		<document id="218014916118970368" url="https://twitter.com/yenialvarez/status/218014916118970368"/>
		<document id="218377291795939328" url="https://twitter.com/yenialvarez/status/218377291795939328"/>
		<document id="218740128124911616" url="https://twitter.com/yenialvarez/status/218740128124911616"/>
		<document id="219102529097711617" url="https://twitter.com/yenialvarez/status/219102529097711617"/>
		<document id="219464864563859458" url="https://twitter.com/yenialvarez/status/219464864563859458"/>
		<document id="219827237694869506" url="https://twitter.com/yenialvarez/status/219827237694869506"/>
		<document id="220189640005656577" url="https://twitter.com/yenialvarez/status/220189640005656577"/>
		<document id="220552014789214208" url="https://twitter.com/yenialvarez/status/220552014789214208"/>
		<document id="220914412918280192" url="https://twitter.com/yenialvarez/status/220914412918280192"/>
		<document id="221276774267498496" url="https://twitter.com/yenialvarez/status/221276774267498496"/>
		<document id="221639151047540736" url="https://twitter.com/yenialvarez/status/221639151047540736"/>
		<document id="222001499956461568" url="https://twitter.com/yenialvarez/status/222001499956461568"/>
		<document id="222363890640633858" url="https://twitter.com/yenialvarez/status/222363890640633858"/>
		<document id="222726288643866625" url="https://twitter.com/yenialvarez/status/222726288643866625"/>
		<document id="223088652669038592" url="https://twitter.com/yenialvarez/status/223088652669038592"/>
		<document id="223451041616760832" url="https://twitter.com/yenialvarez/status/223451041616760832"/>
		<document id="223813400050933761" url="https://twitter.com/yenialvarez/status/223813400050933761"/>
		<document id="224175820137185280" url="https://twitter.com/yenialvarez/status/224175820137185280"/>
		<document id="224538147663519744" url="https://twitter.com/yenialvarez/status/224538147663519744"/>
		<document id="224900513605492736" url="https://twitter.com/yenialvarez/status/224900513605492736"/>
		<document id="225262919594672128" url="https://twitter.com/yenialvarez/status/225262919594672128"/>
		<document id="225625281493352448" url="https://twitter.com/yenialvarez/status/225625281493352448"/>
		<document id="225987672043319296" url="https://twitter.com/yenialvarez/status/225987672043319296"/>
		<document id="226350077000679424" url="https://twitter.com/yenialvarez/status/226350077000679424"/>
		<document id="226712470864146432" url="https://twitter.com/yenialvarez/status/226712470864146432"/>
		<document id="227074817709461505" url="https://twitter.com/yenialvarez/status/227074817709461505"/>
		<document id="227437213527445504" url="https://twitter.com/yenialvarez/status/227437213527445504"/>
		<document id="227799562071457792" url="https://twitter.com/yenialvarez/status/227799562071457792"/>
		<document id="228161966101893120" url="https://twitter.com/yenialvarez/status/228161966101893120"/>
		<document id="228886512228511746" url="https://twitter.com/yenialvarez/status/228886512228511746"/>
		<document id="229248887301472256" url="https://twitter.com/yenialvarez/status/229248887301472256"/>
		<document id="229611279269117952" url="https://twitter.com/yenialvarez/status/229611279269117952"/>
		<document id="229973643919245312" url="https://twitter.com/yenialvarez/status/229973643919245312"/>
		<document id="230336008439332865" url="https://twitter.com/yenialvarez/status/230336008439332865"/>
		<document id="230698413669355520" url="https://twitter.com/yenialvarez/status/230698413669355520"/>
		<document id="231060769008144384" url="https://twitter.com/yenialvarez/status/231060769008144384"/>
		<document id="231423166419984385" url="https://twitter.com/yenialvarez/status/231423166419984385"/>
		<document id="231785545662083072" url="https://twitter.com/yenialvarez/status/231785545662083072"/>
		<document id="232147911763435521" url="https://twitter.com/yenialvarez/status/232147911763435521"/>
		<document id="232510288300216320" url="https://twitter.com/yenialvarez/status/232510288300216320"/>
		<document id="232872646755364864" url="https://twitter.com/yenialvarez/status/232872646755364864"/>
		<document id="233235049221328896" url="https://twitter.com/yenialvarez/status/233235049221328896"/>
		<document id="233710422811897857" url="https://twitter.com/yenialvarez/status/233710422811897857"/>
		<document id="233719215566229504" url="https://twitter.com/yenialvarez/status/233719215566229504"/>
		<document id="234770980503973889" url="https://twitter.com/yenialvarez/status/234770980503973889"/>
		<document id="235409371763466240" url="https://twitter.com/yenialvarez/status/235409371763466240"/>
		<document id="237945975858139136" url="https://twitter.com/yenialvarez/status/237945975858139136"/>
		<document id="239816621353480192" url="https://twitter.com/yenialvarez/status/239816621353480192"/>
		<document id="240208525295493122" url="https://twitter.com/yenialvarez/status/240208525295493122"/>
		<document id="240482610248286209" url="https://twitter.com/yenialvarez/status/240482610248286209"/>
		<document id="243019237197746176" url="https://twitter.com/yenialvarez/status/243019237197746176"/>
		<document id="245555890227384320" url="https://twitter.com/yenialvarez/status/245555890227384320"/>
		<document id="248092531156475904" url="https://twitter.com/yenialvarez/status/248092531156475904"/>
		<document id="250629558355763202" url="https://twitter.com/yenialvarez/status/250629558355763202"/>
		<document id="25065506570" url="https://twitter.com/yenialvarez/status/25065506570"/>
		<document id="253166198978662400" url="https://twitter.com/yenialvarez/status/253166198978662400"/>
		<document id="254610879981682688" url="https://twitter.com/yenialvarez/status/254610879981682688"/>
		<document id="255702870341582850" url="https://twitter.com/yenialvarez/status/255702870341582850"/>
		<document id="258239510687666176" url="https://twitter.com/yenialvarez/status/258239510687666176"/>
		<document id="260775414069338112" url="https://twitter.com/yenialvarez/status/260775414069338112"/>
		<document id="263311905727320064" url="https://twitter.com/yenialvarez/status/263311905727320064"/>
		<document id="265848521507364866" url="https://twitter.com/yenialvarez/status/265848521507364866"/>
		<document id="268385164932034561" url="https://twitter.com/yenialvarez/status/268385164932034561"/>
		<document id="270337611132968960" url="https://twitter.com/yenialvarez/status/270337611132968960"/>
		<document id="270363036055900160" url="https://twitter.com/yenialvarez/status/270363036055900160"/>
		<document id="270368386377195520" url="https://twitter.com/yenialvarez/status/270368386377195520"/>
		<document id="270921802602135553" url="https://twitter.com/yenialvarez/status/270921802602135553"/>
		<document id="273461768070778880" url="https://twitter.com/yenialvarez/status/273461768070778880"/>
		<document id="275998492063830016" url="https://twitter.com/yenialvarez/status/275998492063830016"/>
		<document id="276526393398013952" url="https://twitter.com/yenialvarez/status/276526393398013952"/>
		<document id="278535195962003458" url="https://twitter.com/yenialvarez/status/278535195962003458"/>
		<document id="279046937393651713" url="https://twitter.com/yenialvarez/status/279046937393651713"/>
		<document id="279049035749421057" url="https://twitter.com/yenialvarez/status/279049035749421057"/>
		<document id="279079414292156416" url="https://twitter.com/yenialvarez/status/279079414292156416"/>
		<document id="279080032503230464" url="https://twitter.com/yenialvarez/status/279080032503230464"/>
		<document id="279995606154493954" url="https://twitter.com/yenialvarez/status/279995606154493954"/>
		<document id="281071906428444672" url="https://twitter.com/yenialvarez/status/281071906428444672"/>
		<document id="283608621928038400" url="https://twitter.com/yenialvarez/status/283608621928038400"/>
		<document id="285138287427985408" url="https://twitter.com/yenialvarez/status/285138287427985408"/>
		<document id="286033612892151809" url="https://twitter.com/yenialvarez/status/286033612892151809"/>
		<document id="286038731293618176" url="https://twitter.com/yenialvarez/status/286038731293618176"/>
		<document id="286042094760513537" url="https://twitter.com/yenialvarez/status/286042094760513537"/>
		<document id="286145328686694400" url="https://twitter.com/yenialvarez/status/286145328686694400"/>
		<document id="28761352208" url="https://twitter.com/yenialvarez/status/28761352208"/>
		<document id="28761415380" url="https://twitter.com/yenialvarez/status/28761415380"/>
		<document id="28761706425" url="https://twitter.com/yenialvarez/status/28761706425"/>
		<document id="288682042332426240" url="https://twitter.com/yenialvarez/status/288682042332426240"/>
		<document id="289365287009136640" url="https://twitter.com/yenialvarez/status/289365287009136640"/>
		<document id="289365372883304450" url="https://twitter.com/yenialvarez/status/289365372883304450"/>
		<document id="289365700848529408" url="https://twitter.com/yenialvarez/status/289365700848529408"/>
		<document id="289369676641878016" url="https://twitter.com/yenialvarez/status/289369676641878016"/>
		<document id="291218785673822208" url="https://twitter.com/yenialvarez/status/291218785673822208"/>
		<document id="292897184079302657" url="https://twitter.com/yenialvarez/status/292897184079302657"/>
		<document id="293755486426247170" url="https://twitter.com/yenialvarez/status/293755486426247170"/>
		<document id="295033517061066753" url="https://twitter.com/yenialvarez/status/295033517061066753"/>
		<document id="296292099245109249" url="https://twitter.com/yenialvarez/status/296292099245109249"/>
		<document id="298828821438791681" url="https://twitter.com/yenialvarez/status/298828821438791681"/>
		<document id="299002177911934976" url="https://twitter.com/yenialvarez/status/299002177911934976"/>
		<document id="299005316337643520" url="https://twitter.com/yenialvarez/status/299005316337643520"/>
		<document id="299042045379620865" url="https://twitter.com/yenialvarez/status/299042045379620865"/>
		<document id="299066815420723200" url="https://twitter.com/yenialvarez/status/299066815420723200"/>
		<document id="301380610868527104" url="https://twitter.com/yenialvarez/status/301380610868527104"/>
		<document id="302504010060021760" url="https://twitter.com/yenialvarez/status/302504010060021760"/>
		<document id="302504043895459840" url="https://twitter.com/yenialvarez/status/302504043895459840"/>
		<document id="302504061951942656" url="https://twitter.com/yenialvarez/status/302504061951942656"/>
		<document id="302504089625952256" url="https://twitter.com/yenialvarez/status/302504089625952256"/>
		<document id="303917329333506048" url="https://twitter.com/yenialvarez/status/303917329333506048"/>
		<document id="304695809637765120" url="https://twitter.com/yenialvarez/status/304695809637765120"/>
		<document id="306453301208154112" url="https://twitter.com/yenialvarez/status/306453301208154112"/>
		<document id="308990011368411136" url="https://twitter.com/yenialvarez/status/308990011368411136"/>
		<document id="311526729200062465" url="https://twitter.com/yenialvarez/status/311526729200062465"/>
		<document id="313335211951792128" url="https://twitter.com/yenialvarez/status/313335211951792128"/>
		<document id="314063443818856448" url="https://twitter.com/yenialvarez/status/314063443818856448"/>
		<document id="316600147146571776" url="https://twitter.com/yenialvarez/status/316600147146571776"/>
		<document id="319136857076166656" url="https://twitter.com/yenialvarez/status/319136857076166656"/>
		<document id="319545718941573122" url="https://twitter.com/yenialvarez/status/319545718941573122"/>
		<document id="321673575092346881" url="https://twitter.com/yenialvarez/status/321673575092346881"/>
		<document id="324210282194956288" url="https://twitter.com/yenialvarez/status/324210282194956288"/>
		<document id="326746996729847809" url="https://twitter.com/yenialvarez/status/326746996729847809"/>
		<document id="329283718667710466" url="https://twitter.com/yenialvarez/status/329283718667710466"/>
		<document id="330900088492802048" url="https://twitter.com/yenialvarez/status/330900088492802048"/>
		<document id="331820443956834304" url="https://twitter.com/yenialvarez/status/331820443956834304"/>
		<document id="334357152187686912" url="https://twitter.com/yenialvarez/status/334357152187686912"/>
		<document id="336725258713313280" url="https://twitter.com/yenialvarez/status/336725258713313280"/>
		<document id="336725801603051520" url="https://twitter.com/yenialvarez/status/336725801603051520"/>
		<document id="336725975050117120" url="https://twitter.com/yenialvarez/status/336725975050117120"/>
		<document id="336893883566936064" url="https://twitter.com/yenialvarez/status/336893883566936064"/>
		<document id="337582800586825730" url="https://twitter.com/yenialvarez/status/337582800586825730"/>
		<document id="339430608713420801" url="https://twitter.com/yenialvarez/status/339430608713420801"/>
		<document id="339929949542703104" url="https://twitter.com/yenialvarez/status/339929949542703104"/>
		<document id="341642290395242496" url="https://twitter.com/yenialvarez/status/341642290395242496"/>
		<document id="341967321792909312" url="https://twitter.com/yenialvarez/status/341967321792909312"/>
		<document id="344504016329396224" url="https://twitter.com/yenialvarez/status/344504016329396224"/>
		<document id="347040738401456130" url="https://twitter.com/yenialvarez/status/347040738401456130"/>
		<document id="349577459378831360" url="https://twitter.com/yenialvarez/status/349577459378831360"/>
		<document id="351414753350021120" url="https://twitter.com/yenialvarez/status/351414753350021120"/>
		<document id="352114160114483201" url="https://twitter.com/yenialvarez/status/352114160114483201"/>
		<document id="354650875022680064" url="https://twitter.com/yenialvarez/status/354650875022680064"/>
		<document id="357187589616320512" url="https://twitter.com/yenialvarez/status/357187589616320512"/>
		<document id="359724330113966081" url="https://twitter.com/yenialvarez/status/359724330113966081"/>
		<document id="362261029935267842" url="https://twitter.com/yenialvarez/status/362261029935267842"/>
		<document id="363819518574874625" url="https://twitter.com/yenialvarez/status/363819518574874625"/>
		<document id="364096132026089472" url="https://twitter.com/yenialvarez/status/364096132026089472"/>
		<document id="364797742222028801" url="https://twitter.com/yenialvarez/status/364797742222028801"/>
		<document id="365507542593454080" url="https://twitter.com/yenialvarez/status/365507542593454080"/>
		<document id="365983531303833600" url="https://twitter.com/yenialvarez/status/365983531303833600"/>
		<document id="366280990492082177" url="https://twitter.com/yenialvarez/status/366280990492082177"/>
		<document id="366282772664422401" url="https://twitter.com/yenialvarez/status/366282772664422401"/>
		<document id="366435162587803648" url="https://twitter.com/yenialvarez/status/366435162587803648"/>
		<document id="367334455691976704" url="https://twitter.com/yenialvarez/status/367334455691976704"/>
		<document id="368082177801482240" url="https://twitter.com/yenialvarez/status/368082177801482240"/>
		<document id="369871189545877504" url="https://twitter.com/yenialvarez/status/369871189545877504"/>
		<document id="371827046717988864" url="https://twitter.com/yenialvarez/status/371827046717988864"/>
		<document id="372407883000188930" url="https://twitter.com/yenialvarez/status/372407883000188930"/>
		<document id="374518945606557696" url="https://twitter.com/yenialvarez/status/374518945606557696"/>
		<document id="374599791856353280" url="https://twitter.com/yenialvarez/status/374599791856353280"/>
		<document id="374944610529050624" url="https://twitter.com/yenialvarez/status/374944610529050624"/>
		<document id="377481315073142784" url="https://twitter.com/yenialvarez/status/377481315073142784"/>
		<document id="377989739065778176" url="https://twitter.com/yenialvarez/status/377989739065778176"/>
		<document id="378018465149243392" url="https://twitter.com/yenialvarez/status/378018465149243392"/>
		<document id="380018045777084416" url="https://twitter.com/yenialvarez/status/380018045777084416"/>
		<document id="380946236016041984" url="https://twitter.com/yenialvarez/status/380946236016041984"/>
		<document id="381108520717778944" url="https://twitter.com/yenialvarez/status/381108520717778944"/>
		<document id="382554764749598720" url="https://twitter.com/yenialvarez/status/382554764749598720"/>
		<document id="385091501455605760" url="https://twitter.com/yenialvarez/status/385091501455605760"/>
		<document id="38726581585190912" url="https://twitter.com/yenialvarez/status/38726581585190912"/>
		<document id="387628199112605696" url="https://twitter.com/yenialvarez/status/387628199112605696"/>
		<document id="390164910405324800" url="https://twitter.com/yenialvarez/status/390164910405324800"/>
		<document id="392701623346417664" url="https://twitter.com/yenialvarez/status/392701623346417664"/>
		<document id="395238335788384256" url="https://twitter.com/yenialvarez/status/395238335788384256"/>
		<document id="396334405280477184" url="https://twitter.com/yenialvarez/status/396334405280477184"/>
		<document id="397318421421240320" url="https://twitter.com/yenialvarez/status/397318421421240320"/>
		<document id="398968774755614720" url="https://twitter.com/yenialvarez/status/398968774755614720"/>
		<document id="398982691515015168" url="https://twitter.com/yenialvarez/status/398982691515015168"/>
		<document id="400311769278988289" url="https://twitter.com/yenialvarez/status/400311769278988289"/>
		<document id="402848491271368704" url="https://twitter.com/yenialvarez/status/402848491271368704"/>
		<document id="403742210492887040" url="https://twitter.com/yenialvarez/status/403742210492887040"/>
		<document id="405130949106487297" url="https://twitter.com/yenialvarez/status/405130949106487297"/>
		<document id="405385945161412608" url="https://twitter.com/yenialvarez/status/405385945161412608"/>
		<document id="406171034107138048" url="https://twitter.com/yenialvarez/status/406171034107138048"/>
		<document id="406869470687141889" url="https://twitter.com/yenialvarez/status/406869470687141889"/>
		<document id="407922685474504704" url="https://twitter.com/yenialvarez/status/407922685474504704"/>
		<document id="410459384108810240" url="https://twitter.com/yenialvarez/status/410459384108810240"/>
		<document id="411735862972395521" url="https://twitter.com/yenialvarez/status/411735862972395521"/>
		<document id="412292777775726592" url="https://twitter.com/yenialvarez/status/412292777775726592"/>
		<document id="412996097318322176" url="https://twitter.com/yenialvarez/status/412996097318322176"/>
		<document id="415532813996544000" url="https://twitter.com/yenialvarez/status/415532813996544000"/>
		<document id="418069545937809408" url="https://twitter.com/yenialvarez/status/418069545937809408"/>
		<document id="44933067500032000" url="https://twitter.com/yenialvarez/status/44933067500032000"/>
		<document id="51033755229499392" url="https://twitter.com/yenialvarez/status/51033755229499392"/>
		<document id="5981834801" url="https://twitter.com/yenialvarez/status/5981834801"/>
		<document id="6176722332" url="https://twitter.com/yenialvarez/status/6176722332"/>
		<document id="6176794060" url="https://twitter.com/yenialvarez/status/6176794060"/>
		<document id="6176859110" url="https://twitter.com/yenialvarez/status/6176859110"/>
		<document id="7305088127" url="https://twitter.com/yenialvarez/status/7305088127"/>
		<document id="7305123392" url="https://twitter.com/yenialvarez/status/7305123392"/>
		<document id="75631942816632832" url="https://twitter.com/yenialvarez/status/75631942816632832"/>
		<document id="7720751563" url="https://twitter.com/yenialvarez/status/7720751563"/>
		<document id="7720823402" url="https://twitter.com/yenialvarez/status/7720823402"/>
		<document id="7720843303" url="https://twitter.com/yenialvarez/status/7720843303"/>
		<document id="8244748794" url="https://twitter.com/yenialvarez/status/8244748794"/>
		<document id="84360357979758592" url="https://twitter.com/yenialvarez/status/84360357979758592"/>
		<document id="85628256816082944" url="https://twitter.com/yenialvarez/status/85628256816082944"/>
		<document id="85628546965446656" url="https://twitter.com/yenialvarez/status/85628546965446656"/>
		<document id="85713920987373568" url="https://twitter.com/yenialvarez/status/85713920987373568"/>
		<document id="89087320879415296" url="https://twitter.com/yenialvarez/status/89087320879415296"/>
		<document id="907083363" url="https://twitter.com/yenialvarez/status/907083363"/>
		<document id="907626646" url="https://twitter.com/yenialvarez/status/907626646"/>
		<document id="907628402" url="https://twitter.com/yenialvarez/status/907628402"/>
		<document id="914395828" url="https://twitter.com/yenialvarez/status/914395828"/>
		<document id="916087351" url="https://twitter.com/yenialvarez/status/916087351"/>
		<document id="916730451" url="https://twitter.com/yenialvarez/status/916730451"/>
		<document id="931926896" url="https://twitter.com/yenialvarez/status/931926896"/>
		<document id="932373978" url="https://twitter.com/yenialvarez/status/932373978"/>
		<document id="932374838" url="https://twitter.com/yenialvarez/status/932374838"/>
		<document id="934944733" url="https://twitter.com/yenialvarez/status/934944733"/>
		<document id="9906513643" url="https://twitter.com/yenialvarez/status/9906513643"/>
		<document id="9906599070" url="https://twitter.com/yenialvarez/status/9906599070"/>
		<document id="9907149890" url="https://twitter.com/yenialvarez/status/9907149890"/>
		<document id="9910623345" url="https://twitter.com/yenialvarez/status/9910623345"/>
		<document id="9911206412" url="https://twitter.com/yenialvarez/status/9911206412"/>
		<document id="9915186920" url="https://twitter.com/yenialvarez/status/9915186920"/>
		<document id="9933608988" url="https://twitter.com/yenialvarez/status/9933608988"/>
		<document id="102041515118968832" url="https://twitter.com/yenialvarez/status/102041515118968832"/>
		<document id="102041716441362433" url="https://twitter.com/yenialvarez/status/102041716441362433"/>
		<document id="1135714876" url="https://twitter.com/yenialvarez/status/1135714876"/>
		<document id="117002779372953600" url="https://twitter.com/yenialvarez/status/117002779372953600"/>
		<document id="118840902809698304" url="https://twitter.com/yenialvarez/status/118840902809698304"/>
		<document id="119167122315296768" url="https://twitter.com/yenialvarez/status/119167122315296768"/>
		<document id="121106604685926400" url="https://twitter.com/yenialvarez/status/121106604685926400"/>
		<document id="121106811943272448" url="https://twitter.com/yenialvarez/status/121106811943272448"/>
		<document id="123993017253232641" url="https://twitter.com/yenialvarez/status/123993017253232641"/>
		<document id="12993747960733696" url="https://twitter.com/yenialvarez/status/12993747960733696"/>
		<document id="13305071257255936" url="https://twitter.com/yenialvarez/status/13305071257255936"/>
		<document id="133367099425959936" url="https://twitter.com/yenialvarez/status/133367099425959936"/>
		<document id="13402402111627264" url="https://twitter.com/yenialvarez/status/13402402111627264"/>
		<document id="13402489713856512" url="https://twitter.com/yenialvarez/status/13402489713856512"/>
		<document id="13402630537609216" url="https://twitter.com/yenialvarez/status/13402630537609216"/>
		<document id="134865397643083777" url="https://twitter.com/yenialvarez/status/134865397643083777"/>
		<document id="15247862573043712" url="https://twitter.com/yenialvarez/status/15247862573043712"/>
		<document id="155795833864978434" url="https://twitter.com/yenialvarez/status/155795833864978434"/>
		<document id="156592273814073344" url="https://twitter.com/yenialvarez/status/156592273814073344"/>
		<document id="156597327166046208" url="https://twitter.com/yenialvarez/status/156597327166046208"/>
		<document id="159481733815873536" url="https://twitter.com/yenialvarez/status/159481733815873536"/>
		<document id="160625517018624000" url="https://twitter.com/yenialvarez/status/160625517018624000"/>
		<document id="1703187280" url="https://twitter.com/yenialvarez/status/1703187280"/>
		<document id="179780081382731776" url="https://twitter.com/yenialvarez/status/179780081382731776"/>
		<document id="179783100526632961" url="https://twitter.com/yenialvarez/status/179783100526632961"/>
		<document id="179783616669290496" url="https://twitter.com/yenialvarez/status/179783616669290496"/>
		<document id="179786883134537728" url="https://twitter.com/yenialvarez/status/179786883134537728"/>
		<document id="179787607239180288" url="https://twitter.com/yenialvarez/status/179787607239180288"/>
		<document id="187401686665539585" url="https://twitter.com/yenialvarez/status/187401686665539585"/>
		<document id="192087957539274752" url="https://twitter.com/yenialvarez/status/192087957539274752"/>
		<document id="194575136844816386" url="https://twitter.com/yenialvarez/status/194575136844816386"/>
		<document id="197457014081859586" url="https://twitter.com/yenialvarez/status/197457014081859586"/>
		<document id="197459220319305728" url="https://twitter.com/yenialvarez/status/197459220319305728"/>
		<document id="2080721193" url="https://twitter.com/yenialvarez/status/2080721193"/>
		<document id="2080730512" url="https://twitter.com/yenialvarez/status/2080730512"/>
		<document id="210609572325494784" url="https://twitter.com/yenialvarez/status/210609572325494784"/>
		<document id="2108883727" url="https://twitter.com/yenialvarez/status/2108883727"/>
		<document id="2108896021" url="https://twitter.com/yenialvarez/status/2108896021"/>
		<document id="2108898815" url="https://twitter.com/yenialvarez/status/2108898815"/>
		<document id="211163964615299072" url="https://twitter.com/yenialvarez/status/211163964615299072"/>
		<document id="2119010105" url="https://twitter.com/yenialvarez/status/2119010105"/>
		<document id="215301533796012032" url="https://twitter.com/yenialvarez/status/215301533796012032"/>
		<document id="216203027105853442" url="https://twitter.com/yenialvarez/status/216203027105853442"/>
		<document id="216565357350100992" url="https://twitter.com/yenialvarez/status/216565357350100992"/>
		<document id="216927757664399360" url="https://twitter.com/yenialvarez/status/216927757664399360"/>
		<document id="217290141415383043" url="https://twitter.com/yenialvarez/status/217290141415383043"/>
		<document id="217652539280203776" url="https://twitter.com/yenialvarez/status/217652539280203776"/>
		<document id="218014916118970368" url="https://twitter.com/yenialvarez/status/218014916118970368"/>
		<document id="218377291795939328" url="https://twitter.com/yenialvarez/status/218377291795939328"/>
		<document id="218740128124911616" url="https://twitter.com/yenialvarez/status/218740128124911616"/>
		<document id="219102529097711617" url="https://twitter.com/yenialvarez/status/219102529097711617"/>
		<document id="219464864563859458" url="https://twitter.com/yenialvarez/status/219464864563859458"/>
		<document id="219827237694869506" url="https://twitter.com/yenialvarez/status/219827237694869506"/>
		<document id="220189640005656577" url="https://twitter.com/yenialvarez/status/220189640005656577"/>
		<document id="220552014789214208" url="https://twitter.com/yenialvarez/status/220552014789214208"/>
		<document id="220914412918280192" url="https://twitter.com/yenialvarez/status/220914412918280192"/>
		<document id="221276774267498496" url="https://twitter.com/yenialvarez/status/221276774267498496"/>
		<document id="221639151047540736" url="https://twitter.com/yenialvarez/status/221639151047540736"/>
		<document id="222001499956461568" url="https://twitter.com/yenialvarez/status/222001499956461568"/>
		<document id="222363890640633858" url="https://twitter.com/yenialvarez/status/222363890640633858"/>
		<document id="222726288643866625" url="https://twitter.com/yenialvarez/status/222726288643866625"/>
		<document id="223088652669038592" url="https://twitter.com/yenialvarez/status/223088652669038592"/>
		<document id="223451041616760832" url="https://twitter.com/yenialvarez/status/223451041616760832"/>
		<document id="223813400050933761" url="https://twitter.com/yenialvarez/status/223813400050933761"/>
		<document id="224175820137185280" url="https://twitter.com/yenialvarez/status/224175820137185280"/>
		<document id="224538147663519744" url="https://twitter.com/yenialvarez/status/224538147663519744"/>
		<document id="224900513605492736" url="https://twitter.com/yenialvarez/status/224900513605492736"/>
		<document id="225262919594672128" url="https://twitter.com/yenialvarez/status/225262919594672128"/>
		<document id="225625281493352448" url="https://twitter.com/yenialvarez/status/225625281493352448"/>
		<document id="225987672043319296" url="https://twitter.com/yenialvarez/status/225987672043319296"/>
		<document id="226350077000679424" url="https://twitter.com/yenialvarez/status/226350077000679424"/>
		<document id="226712470864146432" url="https://twitter.com/yenialvarez/status/226712470864146432"/>
		<document id="227074817709461505" url="https://twitter.com/yenialvarez/status/227074817709461505"/>
		<document id="227437213527445504" url="https://twitter.com/yenialvarez/status/227437213527445504"/>
		<document id="227799562071457792" url="https://twitter.com/yenialvarez/status/227799562071457792"/>
		<document id="228161966101893120" url="https://twitter.com/yenialvarez/status/228161966101893120"/>
		<document id="228886512228511746" url="https://twitter.com/yenialvarez/status/228886512228511746"/>
		<document id="229248887301472256" url="https://twitter.com/yenialvarez/status/229248887301472256"/>
		<document id="229611279269117952" url="https://twitter.com/yenialvarez/status/229611279269117952"/>
		<document id="229973643919245312" url="https://twitter.com/yenialvarez/status/229973643919245312"/>
		<document id="230336008439332865" url="https://twitter.com/yenialvarez/status/230336008439332865"/>
		<document id="230698413669355520" url="https://twitter.com/yenialvarez/status/230698413669355520"/>
		<document id="231060769008144384" url="https://twitter.com/yenialvarez/status/231060769008144384"/>
		<document id="231423166419984385" url="https://twitter.com/yenialvarez/status/231423166419984385"/>
		<document id="231785545662083072" url="https://twitter.com/yenialvarez/status/231785545662083072"/>
		<document id="232147911763435521" url="https://twitter.com/yenialvarez/status/232147911763435521"/>
		<document id="232510288300216320" url="https://twitter.com/yenialvarez/status/232510288300216320"/>
		<document id="232872646755364864" url="https://twitter.com/yenialvarez/status/232872646755364864"/>
		<document id="233235049221328896" url="https://twitter.com/yenialvarez/status/233235049221328896"/>
		<document id="233710422811897857" url="https://twitter.com/yenialvarez/status/233710422811897857"/>
		<document id="233719215566229504" url="https://twitter.com/yenialvarez/status/233719215566229504"/>
		<document id="234770980503973889" url="https://twitter.com/yenialvarez/status/234770980503973889"/>
		<document id="235409371763466240" url="https://twitter.com/yenialvarez/status/235409371763466240"/>
		<document id="237945975858139136" url="https://twitter.com/yenialvarez/status/237945975858139136"/>
		<document id="239816621353480192" url="https://twitter.com/yenialvarez/status/239816621353480192"/>
		<document id="240208525295493122" url="https://twitter.com/yenialvarez/status/240208525295493122"/>
		<document id="240482610248286209" url="https://twitter.com/yenialvarez/status/240482610248286209"/>
		<document id="243019237197746176" url="https://twitter.com/yenialvarez/status/243019237197746176"/>
		<document id="245555890227384320" url="https://twitter.com/yenialvarez/status/245555890227384320"/>
		<document id="248092531156475904" url="https://twitter.com/yenialvarez/status/248092531156475904"/>
		<document id="250629558355763202" url="https://twitter.com/yenialvarez/status/250629558355763202"/>
		<document id="25065506570" url="https://twitter.com/yenialvarez/status/25065506570"/>
		<document id="253166198978662400" url="https://twitter.com/yenialvarez/status/253166198978662400"/>
		<document id="254610879981682688" url="https://twitter.com/yenialvarez/status/254610879981682688"/>
		<document id="255702870341582850" url="https://twitter.com/yenialvarez/status/255702870341582850"/>
		<document id="258239510687666176" url="https://twitter.com/yenialvarez/status/258239510687666176"/>
		<document id="260775414069338112" url="https://twitter.com/yenialvarez/status/260775414069338112"/>
		<document id="263311905727320064" url="https://twitter.com/yenialvarez/status/263311905727320064"/>
		<document id="265848521507364866" url="https://twitter.com/yenialvarez/status/265848521507364866"/>
		<document id="268385164932034561" url="https://twitter.com/yenialvarez/status/268385164932034561"/>
		<document id="270337611132968960" url="https://twitter.com/yenialvarez/status/270337611132968960"/>
		<document id="270363036055900160" url="https://twitter.com/yenialvarez/status/270363036055900160"/>
		<document id="270368386377195520" url="https://twitter.com/yenialvarez/status/270368386377195520"/>
		<document id="270921802602135553" url="https://twitter.com/yenialvarez/status/270921802602135553"/>
		<document id="273461768070778880" url="https://twitter.com/yenialvarez/status/273461768070778880"/>
		<document id="275998492063830016" url="https://twitter.com/yenialvarez/status/275998492063830016"/>
		<document id="276526393398013952" url="https://twitter.com/yenialvarez/status/276526393398013952"/>
		<document id="278535195962003458" url="https://twitter.com/yenialvarez/status/278535195962003458"/>
		<document id="279046937393651713" url="https://twitter.com/yenialvarez/status/279046937393651713"/>
		<document id="279049035749421057" url="https://twitter.com/yenialvarez/status/279049035749421057"/>
		<document id="279079414292156416" url="https://twitter.com/yenialvarez/status/279079414292156416"/>
		<document id="279080032503230464" url="https://twitter.com/yenialvarez/status/279080032503230464"/>
		<document id="279995606154493954" url="https://twitter.com/yenialvarez/status/279995606154493954"/>
		<document id="281071906428444672" url="https://twitter.com/yenialvarez/status/281071906428444672"/>
		<document id="283608621928038400" url="https://twitter.com/yenialvarez/status/283608621928038400"/>
		<document id="285138287427985408" url="https://twitter.com/yenialvarez/status/285138287427985408"/>
		<document id="286033612892151809" url="https://twitter.com/yenialvarez/status/286033612892151809"/>
		<document id="286038731293618176" url="https://twitter.com/yenialvarez/status/286038731293618176"/>
		<document id="286042094760513537" url="https://twitter.com/yenialvarez/status/286042094760513537"/>
		<document id="286145328686694400" url="https://twitter.com/yenialvarez/status/286145328686694400"/>
		<document id="28761352208" url="https://twitter.com/yenialvarez/status/28761352208"/>
		<document id="28761415380" url="https://twitter.com/yenialvarez/status/28761415380"/>
		<document id="28761706425" url="https://twitter.com/yenialvarez/status/28761706425"/>
		<document id="288682042332426240" url="https://twitter.com/yenialvarez/status/288682042332426240"/>
		<document id="289365287009136640" url="https://twitter.com/yenialvarez/status/289365287009136640"/>
		<document id="289365372883304450" url="https://twitter.com/yenialvarez/status/289365372883304450"/>
		<document id="289365700848529408" url="https://twitter.com/yenialvarez/status/289365700848529408"/>
		<document id="289369676641878016" url="https://twitter.com/yenialvarez/status/289369676641878016"/>
		<document id="291218785673822208" url="https://twitter.com/yenialvarez/status/291218785673822208"/>
		<document id="292897184079302657" url="https://twitter.com/yenialvarez/status/292897184079302657"/>
		<document id="293755486426247170" url="https://twitter.com/yenialvarez/status/293755486426247170"/>
		<document id="295033517061066753" url="https://twitter.com/yenialvarez/status/295033517061066753"/>
		<document id="296292099245109249" url="https://twitter.com/yenialvarez/status/296292099245109249"/>
		<document id="298828821438791681" url="https://twitter.com/yenialvarez/status/298828821438791681"/>
		<document id="299002177911934976" url="https://twitter.com/yenialvarez/status/299002177911934976"/>
		<document id="299005316337643520" url="https://twitter.com/yenialvarez/status/299005316337643520"/>
		<document id="299042045379620865" url="https://twitter.com/yenialvarez/status/299042045379620865"/>
		<document id="299066815420723200" url="https://twitter.com/yenialvarez/status/299066815420723200"/>
		<document id="301380610868527104" url="https://twitter.com/yenialvarez/status/301380610868527104"/>
		<document id="302504010060021760" url="https://twitter.com/yenialvarez/status/302504010060021760"/>
		<document id="302504043895459840" url="https://twitter.com/yenialvarez/status/302504043895459840"/>
		<document id="302504061951942656" url="https://twitter.com/yenialvarez/status/302504061951942656"/>
		<document id="302504089625952256" url="https://twitter.com/yenialvarez/status/302504089625952256"/>
		<document id="303917329333506048" url="https://twitter.com/yenialvarez/status/303917329333506048"/>
		<document id="304695809637765120" url="https://twitter.com/yenialvarez/status/304695809637765120"/>
		<document id="306453301208154112" url="https://twitter.com/yenialvarez/status/306453301208154112"/>
		<document id="308990011368411136" url="https://twitter.com/yenialvarez/status/308990011368411136"/>
		<document id="311526729200062465" url="https://twitter.com/yenialvarez/status/311526729200062465"/>
		<document id="313335211951792128" url="https://twitter.com/yenialvarez/status/313335211951792128"/>
		<document id="314063443818856448" url="https://twitter.com/yenialvarez/status/314063443818856448"/>
		<document id="316600147146571776" url="https://twitter.com/yenialvarez/status/316600147146571776"/>
		<document id="319136857076166656" url="https://twitter.com/yenialvarez/status/319136857076166656"/>
		<document id="319545718941573122" url="https://twitter.com/yenialvarez/status/319545718941573122"/>
		<document id="321673575092346881" url="https://twitter.com/yenialvarez/status/321673575092346881"/>
		<document id="324210282194956288" url="https://twitter.com/yenialvarez/status/324210282194956288"/>
		<document id="326746996729847809" url="https://twitter.com/yenialvarez/status/326746996729847809"/>
		<document id="329283718667710466" url="https://twitter.com/yenialvarez/status/329283718667710466"/>
		<document id="330900088492802048" url="https://twitter.com/yenialvarez/status/330900088492802048"/>
		<document id="331820443956834304" url="https://twitter.com/yenialvarez/status/331820443956834304"/>
		<document id="334357152187686912" url="https://twitter.com/yenialvarez/status/334357152187686912"/>
		<document id="336725258713313280" url="https://twitter.com/yenialvarez/status/336725258713313280"/>
		<document id="336725801603051520" url="https://twitter.com/yenialvarez/status/336725801603051520"/>
		<document id="336725975050117120" url="https://twitter.com/yenialvarez/status/336725975050117120"/>
		<document id="336893883566936064" url="https://twitter.com/yenialvarez/status/336893883566936064"/>
		<document id="337582800586825730" url="https://twitter.com/yenialvarez/status/337582800586825730"/>
		<document id="339430608713420801" url="https://twitter.com/yenialvarez/status/339430608713420801"/>
		<document id="339929949542703104" url="https://twitter.com/yenialvarez/status/339929949542703104"/>
		<document id="341642290395242496" url="https://twitter.com/yenialvarez/status/341642290395242496"/>
		<document id="341967321792909312" url="https://twitter.com/yenialvarez/status/341967321792909312"/>
		<document id="344504016329396224" url="https://twitter.com/yenialvarez/status/344504016329396224"/>
		<document id="347040738401456130" url="https://twitter.com/yenialvarez/status/347040738401456130"/>
		<document id="349577459378831360" url="https://twitter.com/yenialvarez/status/349577459378831360"/>
		<document id="351414753350021120" url="https://twitter.com/yenialvarez/status/351414753350021120"/>
		<document id="352114160114483201" url="https://twitter.com/yenialvarez/status/352114160114483201"/>
		<document id="354650875022680064" url="https://twitter.com/yenialvarez/status/354650875022680064"/>
		<document id="357187589616320512" url="https://twitter.com/yenialvarez/status/357187589616320512"/>
		<document id="359724330113966081" url="https://twitter.com/yenialvarez/status/359724330113966081"/>
		<document id="362261029935267842" url="https://twitter.com/yenialvarez/status/362261029935267842"/>
		<document id="363819518574874625" url="https://twitter.com/yenialvarez/status/363819518574874625"/>
		<document id="364096132026089472" url="https://twitter.com/yenialvarez/status/364096132026089472"/>
		<document id="364797742222028801" url="https://twitter.com/yenialvarez/status/364797742222028801"/>
		<document id="365507542593454080" url="https://twitter.com/yenialvarez/status/365507542593454080"/>
		<document id="365983531303833600" url="https://twitter.com/yenialvarez/status/365983531303833600"/>
		<document id="366280990492082177" url="https://twitter.com/yenialvarez/status/366280990492082177"/>
		<document id="366282772664422401" url="https://twitter.com/yenialvarez/status/366282772664422401"/>
		<document id="366435162587803648" url="https://twitter.com/yenialvarez/status/366435162587803648"/>
		<document id="367334455691976704" url="https://twitter.com/yenialvarez/status/367334455691976704"/>
		<document id="368082177801482240" url="https://twitter.com/yenialvarez/status/368082177801482240"/>
		<document id="369871189545877504" url="https://twitter.com/yenialvarez/status/369871189545877504"/>
		<document id="371827046717988864" url="https://twitter.com/yenialvarez/status/371827046717988864"/>
		<document id="372407883000188930" url="https://twitter.com/yenialvarez/status/372407883000188930"/>
		<document id="374518945606557696" url="https://twitter.com/yenialvarez/status/374518945606557696"/>
		<document id="374599791856353280" url="https://twitter.com/yenialvarez/status/374599791856353280"/>
		<document id="374944610529050624" url="https://twitter.com/yenialvarez/status/374944610529050624"/>
		<document id="377481315073142784" url="https://twitter.com/yenialvarez/status/377481315073142784"/>
		<document id="377989739065778176" url="https://twitter.com/yenialvarez/status/377989739065778176"/>
		<document id="378018465149243392" url="https://twitter.com/yenialvarez/status/378018465149243392"/>
		<document id="380018045777084416" url="https://twitter.com/yenialvarez/status/380018045777084416"/>
		<document id="380946236016041984" url="https://twitter.com/yenialvarez/status/380946236016041984"/>
		<document id="381108520717778944" url="https://twitter.com/yenialvarez/status/381108520717778944"/>
		<document id="382554764749598720" url="https://twitter.com/yenialvarez/status/382554764749598720"/>
		<document id="385091501455605760" url="https://twitter.com/yenialvarez/status/385091501455605760"/>
		<document id="38726581585190912" url="https://twitter.com/yenialvarez/status/38726581585190912"/>
		<document id="387628199112605696" url="https://twitter.com/yenialvarez/status/387628199112605696"/>
		<document id="390164910405324800" url="https://twitter.com/yenialvarez/status/390164910405324800"/>
		<document id="392701623346417664" url="https://twitter.com/yenialvarez/status/392701623346417664"/>
		<document id="395238335788384256" url="https://twitter.com/yenialvarez/status/395238335788384256"/>
		<document id="396334405280477184" url="https://twitter.com/yenialvarez/status/396334405280477184"/>
		<document id="397318421421240320" url="https://twitter.com/yenialvarez/status/397318421421240320"/>
		<document id="398968774755614720" url="https://twitter.com/yenialvarez/status/398968774755614720"/>
		<document id="398982691515015168" url="https://twitter.com/yenialvarez/status/398982691515015168"/>
		<document id="400311769278988289" url="https://twitter.com/yenialvarez/status/400311769278988289"/>
		<document id="402848491271368704" url="https://twitter.com/yenialvarez/status/402848491271368704"/>
		<document id="403742210492887040" url="https://twitter.com/yenialvarez/status/403742210492887040"/>
		<document id="405130949106487297" url="https://twitter.com/yenialvarez/status/405130949106487297"/>
		<document id="405385945161412608" url="https://twitter.com/yenialvarez/status/405385945161412608"/>
		<document id="406171034107138048" url="https://twitter.com/yenialvarez/status/406171034107138048"/>
		<document id="406869470687141889" url="https://twitter.com/yenialvarez/status/406869470687141889"/>
		<document id="407922685474504704" url="https://twitter.com/yenialvarez/status/407922685474504704"/>
		<document id="410459384108810240" url="https://twitter.com/yenialvarez/status/410459384108810240"/>
		<document id="411735862972395521" url="https://twitter.com/yenialvarez/status/411735862972395521"/>
		<document id="412292777775726592" url="https://twitter.com/yenialvarez/status/412292777775726592"/>
		<document id="412996097318322176" url="https://twitter.com/yenialvarez/status/412996097318322176"/>
		<document id="415532813996544000" url="https://twitter.com/yenialvarez/status/415532813996544000"/>
		<document id="418069545937809408" url="https://twitter.com/yenialvarez/status/418069545937809408"/>
		<document id="44933067500032000" url="https://twitter.com/yenialvarez/status/44933067500032000"/>
		<document id="51033755229499392" url="https://twitter.com/yenialvarez/status/51033755229499392"/>
		<document id="5981834801" url="https://twitter.com/yenialvarez/status/5981834801"/>
		<document id="6176722332" url="https://twitter.com/yenialvarez/status/6176722332"/>
		<document id="6176794060" url="https://twitter.com/yenialvarez/status/6176794060"/>
		<document id="6176859110" url="https://twitter.com/yenialvarez/status/6176859110"/>
		<document id="7305088127" url="https://twitter.com/yenialvarez/status/7305088127"/>
		<document id="7305123392" url="https://twitter.com/yenialvarez/status/7305123392"/>
		<document id="75631942816632832" url="https://twitter.com/yenialvarez/status/75631942816632832"/>
		<document id="7720751563" url="https://twitter.com/yenialvarez/status/7720751563"/>
		<document id="7720823402" url="https://twitter.com/yenialvarez/status/7720823402"/>
		<document id="7720843303" url="https://twitter.com/yenialvarez/status/7720843303"/>
		<document id="8244748794" url="https://twitter.com/yenialvarez/status/8244748794"/>
		<document id="84360357979758592" url="https://twitter.com/yenialvarez/status/84360357979758592"/>
		<document id="85628256816082944" url="https://twitter.com/yenialvarez/status/85628256816082944"/>
		<document id="85628546965446656" url="https://twitter.com/yenialvarez/status/85628546965446656"/>
		<document id="85713920987373568" url="https://twitter.com/yenialvarez/status/85713920987373568"/>
		<document id="89087320879415296" url="https://twitter.com/yenialvarez/status/89087320879415296"/>
		<document id="907083363" url="https://twitter.com/yenialvarez/status/907083363"/>
		<document id="907626646" url="https://twitter.com/yenialvarez/status/907626646"/>
		<document id="907628402" url="https://twitter.com/yenialvarez/status/907628402"/>
		<document id="914395828" url="https://twitter.com/yenialvarez/status/914395828"/>
		<document id="916087351" url="https://twitter.com/yenialvarez/status/916087351"/>
		<document id="916730451" url="https://twitter.com/yenialvarez/status/916730451"/>
		<document id="931926896" url="https://twitter.com/yenialvarez/status/931926896"/>
		<document id="932373978" url="https://twitter.com/yenialvarez/status/932373978"/>
		<document id="932374838" url="https://twitter.com/yenialvarez/status/932374838"/>
		<document id="934944733" url="https://twitter.com/yenialvarez/status/934944733"/>
		<document id="9906513643" url="https://twitter.com/yenialvarez/status/9906513643"/>
		<document id="9906599070" url="https://twitter.com/yenialvarez/status/9906599070"/>
		<document id="9907149890" url="https://twitter.com/yenialvarez/status/9907149890"/>
		<document id="9910623345" url="https://twitter.com/yenialvarez/status/9910623345"/>
		<document id="9911206412" url="https://twitter.com/yenialvarez/status/9911206412"/>
		<document id="9915186920" url="https://twitter.com/yenialvarez/status/9915186920"/>
		<document id="9933608988" url="https://twitter.com/yenialvarez/status/9933608988"/>
	</documents>
</author>