<?xml version="1.0" encoding="UTF-8" standalone="no"?><author age_group="xx" gender="xx" lang="EN" type="twitter" url="https://twitter.com/xllinares">
	<documents count="188">
		<document id="10116330644574208" url="https://twitter.com/xllinares/status/10116330644574208"/>
		<document id="10284631939" url="https://twitter.com/xllinares/status/10284631939"/>
		<document id="107035958687449088" url="https://twitter.com/xllinares/status/107035958687449088"/>
		<document id="11472964780" url="https://twitter.com/xllinares/status/11472964780"/>
		<document id="118032006130040832" url="https://twitter.com/xllinares/status/118032006130040832"/>
		<document id="119707295662878720" url="https://twitter.com/xllinares/status/119707295662878720"/>
		<document id="119708422152261632" url="https://twitter.com/xllinares/status/119708422152261632"/>
		<document id="12013044323" url="https://twitter.com/xllinares/status/12013044323"/>
		<document id="12014135725" url="https://twitter.com/xllinares/status/12014135725"/>
		<document id="12118301750" url="https://twitter.com/xllinares/status/12118301750"/>
		<document id="12118301919" url="https://twitter.com/xllinares/status/12118301919"/>
		<document id="1241425108" url="https://twitter.com/xllinares/status/1241425108"/>
		<document id="126730469176901632" url="https://twitter.com/xllinares/status/126730469176901632"/>
		<document id="13438891126" url="https://twitter.com/xllinares/status/13438891126"/>
		<document id="136521691051466752" url="https://twitter.com/xllinares/status/136521691051466752"/>
		<document id="138200492189827072" url="https://twitter.com/xllinares/status/138200492189827072"/>
		<document id="138200492206596096" url="https://twitter.com/xllinares/status/138200492206596096"/>
		<document id="13974602999" url="https://twitter.com/xllinares/status/13974602999"/>
		<document id="14087171884" url="https://twitter.com/xllinares/status/14087171884"/>
		<document id="14087171966" url="https://twitter.com/xllinares/status/14087171966"/>
		<document id="143979175458504704" url="https://twitter.com/xllinares/status/143979175458504704"/>
		<document id="153096199866548224" url="https://twitter.com/xllinares/status/153096199866548224"/>
		<document id="160077103843381249" url="https://twitter.com/xllinares/status/160077103843381249"/>
		<document id="160077106078945280" url="https://twitter.com/xllinares/status/160077106078945280"/>
		<document id="164094210381852672" url="https://twitter.com/xllinares/status/164094210381852672"/>
		<document id="164822179723223040" url="https://twitter.com/xllinares/status/164822179723223040"/>
		<document id="16840903870" url="https://twitter.com/xllinares/status/16840903870"/>
		<document id="168819019221172224" url="https://twitter.com/xllinares/status/168819019221172224"/>
		<document id="168819932438609921" url="https://twitter.com/xllinares/status/168819932438609921"/>
		<document id="17849631651" url="https://twitter.com/xllinares/status/17849631651"/>
		<document id="18146828152" url="https://twitter.com/xllinares/status/18146828152"/>
		<document id="184985806082031617" url="https://twitter.com/xllinares/status/184985806082031617"/>
		<document id="210366184175050752" url="https://twitter.com/xllinares/status/210366184175050752"/>
		<document id="21055842395" url="https://twitter.com/xllinares/status/21055842395"/>
		<document id="218793613633662976" url="https://twitter.com/xllinares/status/218793613633662976"/>
		<document id="220108118334513152" url="https://twitter.com/xllinares/status/220108118334513152"/>
		<document id="220108118506475520" url="https://twitter.com/xllinares/status/220108118506475520"/>
		<document id="231726349310627840" url="https://twitter.com/xllinares/status/231726349310627840"/>
		<document id="233876589656559616" url="https://twitter.com/xllinares/status/233876589656559616"/>
		<document id="25191987263" url="https://twitter.com/xllinares/status/25191987263"/>
		<document id="289343472530513920" url="https://twitter.com/xllinares/status/289343472530513920"/>
		<document id="312319151437930496" url="https://twitter.com/xllinares/status/312319151437930496"/>
		<document id="324573120222605313" url="https://twitter.com/xllinares/status/324573120222605313"/>
		<document id="324573900820328448" url="https://twitter.com/xllinares/status/324573900820328448"/>
		<document id="324626807154438144" url="https://twitter.com/xllinares/status/324626807154438144"/>
		<document id="3263556993" url="https://twitter.com/xllinares/status/3263556993"/>
		<document id="353645142068047873" url="https://twitter.com/xllinares/status/353645142068047873"/>
		<document id="358675514250113024" url="https://twitter.com/xllinares/status/358675514250113024"/>
		<document id="358679611606970368" url="https://twitter.com/xllinares/status/358679611606970368"/>
		<document id="358680792970436609" url="https://twitter.com/xllinares/status/358680792970436609"/>
		<document id="3777841722" url="https://twitter.com/xllinares/status/3777841722"/>
		<document id="384248407701078016" url="https://twitter.com/xllinares/status/384248407701078016"/>
		<document id="415798865137524736" url="https://twitter.com/xllinares/status/415798865137524736"/>
		<document id="59595856554364928" url="https://twitter.com/xllinares/status/59595856554364928"/>
		<document id="60320424311009280" url="https://twitter.com/xllinares/status/60320424311009280"/>
		<document id="62279202619129859" url="https://twitter.com/xllinares/status/62279202619129859"/>
		<document id="65351910613454848" url="https://twitter.com/xllinares/status/65351910613454848"/>
		<document id="67531879498256384" url="https://twitter.com/xllinares/status/67531879498256384"/>
		<document id="67876660862652416" url="https://twitter.com/xllinares/status/67876660862652416"/>
		<document id="67876661223370752" url="https://twitter.com/xllinares/status/67876661223370752"/>
		<document id="72350368251641856" url="https://twitter.com/xllinares/status/72350368251641856"/>
		<document id="72789077967110145" url="https://twitter.com/xllinares/status/72789077967110145"/>
		<document id="74948389300731904" url="https://twitter.com/xllinares/status/74948389300731904"/>
		<document id="75476014054121472" url="https://twitter.com/xllinares/status/75476014054121472"/>
		<document id="75689492207513601" url="https://twitter.com/xllinares/status/75689492207513601"/>
		<document id="76299301453692928" url="https://twitter.com/xllinares/status/76299301453692928"/>
		<document id="7639592114" url="https://twitter.com/xllinares/status/7639592114"/>
		<document id="78410223064317952" url="https://twitter.com/xllinares/status/78410223064317952"/>
		<document id="78410223416643585" url="https://twitter.com/xllinares/status/78410223416643585"/>
		<document id="81310131240964097" url="https://twitter.com/xllinares/status/81310131240964097"/>
		<document id="82135930034601984" url="https://twitter.com/xllinares/status/82135930034601984"/>
		<document id="8232885281" url="https://twitter.com/xllinares/status/8232885281"/>
		<document id="83650014710210560" url="https://twitter.com/xllinares/status/83650014710210560"/>
		<document id="83846170274828289" url="https://twitter.com/xllinares/status/83846170274828289"/>
		<document id="84222481019310080" url="https://twitter.com/xllinares/status/84222481019310080"/>
		<document id="84612812541923328" url="https://twitter.com/xllinares/status/84612812541923328"/>
		<document id="85593797630771200" url="https://twitter.com/xllinares/status/85593797630771200"/>
		<document id="8827991448" url="https://twitter.com/xllinares/status/8827991448"/>
		<document id="89097247777763328" url="https://twitter.com/xllinares/status/89097247777763328"/>
		<document id="9001140266" url="https://twitter.com/xllinares/status/9001140266"/>
		<document id="9031372815" url="https://twitter.com/xllinares/status/9031372815"/>
		<document id="9067461352" url="https://twitter.com/xllinares/status/9067461352"/>
		<document id="9115676878" url="https://twitter.com/xllinares/status/9115676878"/>
		<document id="91553400793214976" url="https://twitter.com/xllinares/status/91553400793214976"/>
		<document id="92951708388425728" url="https://twitter.com/xllinares/status/92951708388425728"/>
		<document id="98820003528310784" url="https://twitter.com/xllinares/status/98820003528310784"/>
		<document id="10116330644574208" url="https://twitter.com/xllinares/status/10116330644574208"/>
		<document id="10284631939" url="https://twitter.com/xllinares/status/10284631939"/>
		<document id="107035958687449088" url="https://twitter.com/xllinares/status/107035958687449088"/>
		<document id="11472964780" url="https://twitter.com/xllinares/status/11472964780"/>
		<document id="118032006130040832" url="https://twitter.com/xllinares/status/118032006130040832"/>
		<document id="119707295662878720" url="https://twitter.com/xllinares/status/119707295662878720"/>
		<document id="119708422152261632" url="https://twitter.com/xllinares/status/119708422152261632"/>
		<document id="12013044323" url="https://twitter.com/xllinares/status/12013044323"/>
		<document id="12014135725" url="https://twitter.com/xllinares/status/12014135725"/>
		<document id="12118301750" url="https://twitter.com/xllinares/status/12118301750"/>
		<document id="12118301919" url="https://twitter.com/xllinares/status/12118301919"/>
		<document id="1241425108" url="https://twitter.com/xllinares/status/1241425108"/>
		<document id="126730469176901632" url="https://twitter.com/xllinares/status/126730469176901632"/>
		<document id="13438891126" url="https://twitter.com/xllinares/status/13438891126"/>
		<document id="136521691051466752" url="https://twitter.com/xllinares/status/136521691051466752"/>
		<document id="138200492189827072" url="https://twitter.com/xllinares/status/138200492189827072"/>
		<document id="138200492206596096" url="https://twitter.com/xllinares/status/138200492206596096"/>
		<document id="13974602999" url="https://twitter.com/xllinares/status/13974602999"/>
		<document id="14087171884" url="https://twitter.com/xllinares/status/14087171884"/>
		<document id="14087171966" url="https://twitter.com/xllinares/status/14087171966"/>
		<document id="143979175458504704" url="https://twitter.com/xllinares/status/143979175458504704"/>
		<document id="153096199866548224" url="https://twitter.com/xllinares/status/153096199866548224"/>
		<document id="160077103843381249" url="https://twitter.com/xllinares/status/160077103843381249"/>
		<document id="160077106078945280" url="https://twitter.com/xllinares/status/160077106078945280"/>
		<document id="164094210381852672" url="https://twitter.com/xllinares/status/164094210381852672"/>
		<document id="164822179723223040" url="https://twitter.com/xllinares/status/164822179723223040"/>
		<document id="16840903870" url="https://twitter.com/xllinares/status/16840903870"/>
		<document id="168819019221172224" url="https://twitter.com/xllinares/status/168819019221172224"/>
		<document id="168819932438609921" url="https://twitter.com/xllinares/status/168819932438609921"/>
		<document id="17849631651" url="https://twitter.com/xllinares/status/17849631651"/>
		<document id="18146828152" url="https://twitter.com/xllinares/status/18146828152"/>
		<document id="184985806082031617" url="https://twitter.com/xllinares/status/184985806082031617"/>
		<document id="210366184175050752" url="https://twitter.com/xllinares/status/210366184175050752"/>
		<document id="21055842395" url="https://twitter.com/xllinares/status/21055842395"/>
		<document id="218793613633662976" url="https://twitter.com/xllinares/status/218793613633662976"/>
		<document id="220108118334513152" url="https://twitter.com/xllinares/status/220108118334513152"/>
		<document id="220108118506475520" url="https://twitter.com/xllinares/status/220108118506475520"/>
		<document id="231726349310627840" url="https://twitter.com/xllinares/status/231726349310627840"/>
		<document id="233876589656559616" url="https://twitter.com/xllinares/status/233876589656559616"/>
		<document id="25191987263" url="https://twitter.com/xllinares/status/25191987263"/>
		<document id="289343472530513920" url="https://twitter.com/xllinares/status/289343472530513920"/>
		<document id="312319151437930496" url="https://twitter.com/xllinares/status/312319151437930496"/>
		<document id="324573120222605313" url="https://twitter.com/xllinares/status/324573120222605313"/>
		<document id="324573900820328448" url="https://twitter.com/xllinares/status/324573900820328448"/>
		<document id="324626807154438144" url="https://twitter.com/xllinares/status/324626807154438144"/>
		<document id="3263556993" url="https://twitter.com/xllinares/status/3263556993"/>
		<document id="353645142068047873" url="https://twitter.com/xllinares/status/353645142068047873"/>
		<document id="358675514250113024" url="https://twitter.com/xllinares/status/358675514250113024"/>
		<document id="358679611606970368" url="https://twitter.com/xllinares/status/358679611606970368"/>
		<document id="358680792970436609" url="https://twitter.com/xllinares/status/358680792970436609"/>
		<document id="3777841722" url="https://twitter.com/xllinares/status/3777841722"/>
		<document id="384248407701078016" url="https://twitter.com/xllinares/status/384248407701078016"/>
		<document id="415798865137524736" url="https://twitter.com/xllinares/status/415798865137524736"/>
		<document id="59595856554364928" url="https://twitter.com/xllinares/status/59595856554364928"/>
		<document id="60320424311009280" url="https://twitter.com/xllinares/status/60320424311009280"/>
		<document id="62279202619129859" url="https://twitter.com/xllinares/status/62279202619129859"/>
		<document id="65351910613454848" url="https://twitter.com/xllinares/status/65351910613454848"/>
		<document id="67531879498256384" url="https://twitter.com/xllinares/status/67531879498256384"/>
		<document id="67876660862652416" url="https://twitter.com/xllinares/status/67876660862652416"/>
		<document id="67876661223370752" url="https://twitter.com/xllinares/status/67876661223370752"/>
		<document id="72350368251641856" url="https://twitter.com/xllinares/status/72350368251641856"/>
		<document id="72789077967110145" url="https://twitter.com/xllinares/status/72789077967110145"/>
		<document id="74948389300731904" url="https://twitter.com/xllinares/status/74948389300731904"/>
		<document id="75476014054121472" url="https://twitter.com/xllinares/status/75476014054121472"/>
		<document id="75689492207513601" url="https://twitter.com/xllinares/status/75689492207513601"/>
		<document id="76299301453692928" url="https://twitter.com/xllinares/status/76299301453692928"/>
		<document id="7639592114" url="https://twitter.com/xllinares/status/7639592114"/>
		<document id="78410223064317952" url="https://twitter.com/xllinares/status/78410223064317952"/>
		<document id="78410223416643585" url="https://twitter.com/xllinares/status/78410223416643585"/>
		<document id="81310131240964097" url="https://twitter.com/xllinares/status/81310131240964097"/>
		<document id="82135930034601984" url="https://twitter.com/xllinares/status/82135930034601984"/>
		<document id="8232885281" url="https://twitter.com/xllinares/status/8232885281"/>
		<document id="83650014710210560" url="https://twitter.com/xllinares/status/83650014710210560"/>
		<document id="83846170274828289" url="https://twitter.com/xllinares/status/83846170274828289"/>
		<document id="84222481019310080" url="https://twitter.com/xllinares/status/84222481019310080"/>
		<document id="84612812541923328" url="https://twitter.com/xllinares/status/84612812541923328"/>
		<document id="85593797630771200" url="https://twitter.com/xllinares/status/85593797630771200"/>
		<document id="8827991448" url="https://twitter.com/xllinares/status/8827991448"/>
		<document id="89097247777763328" url="https://twitter.com/xllinares/status/89097247777763328"/>
		<document id="9001140266" url="https://twitter.com/xllinares/status/9001140266"/>
		<document id="9031372815" url="https://twitter.com/xllinares/status/9031372815"/>
		<document id="9067461352" url="https://twitter.com/xllinares/status/9067461352"/>
		<document id="9115676878" url="https://twitter.com/xllinares/status/9115676878"/>
		<document id="91553400793214976" url="https://twitter.com/xllinares/status/91553400793214976"/>
		<document id="92951708388425728" url="https://twitter.com/xllinares/status/92951708388425728"/>
		<document id="98820003528310784" url="https://twitter.com/xllinares/status/98820003528310784"/>
	</documents>
</author>