<?xml version="1.0" encoding="UTF-8" standalone="no"?><author age_group="xx" gender="xx" lang="EN" type="twitter" url="https://twitter.com/survivingstores">
	<documents count="941">
		<document id="337611303919177728" url="https://twitter.com/survivingstores/status/337611303919177728"/>
		<document id="337618543866703872" url="https://twitter.com/survivingstores/status/337618543866703872"/>
		<document id="337646062867197952" url="https://twitter.com/survivingstores/status/337646062867197952"/>
		<document id="337706960453525504" url="https://twitter.com/survivingstores/status/337706960453525504"/>
		<document id="337709469251293184" url="https://twitter.com/survivingstores/status/337709469251293184"/>
		<document id="337921995058581505" url="https://twitter.com/survivingstores/status/337921995058581505"/>
		<document id="337927371166461953" url="https://twitter.com/survivingstores/status/337927371166461953"/>
		<document id="337935395360759808" url="https://twitter.com/survivingstores/status/337935395360759808"/>
		<document id="337939021877616641" url="https://twitter.com/survivingstores/status/337939021877616641"/>
		<document id="337947632569815041" url="https://twitter.com/survivingstores/status/337947632569815041"/>
		<document id="337957559946334208" url="https://twitter.com/survivingstores/status/337957559946334208"/>
		<document id="337958016370491392" url="https://twitter.com/survivingstores/status/337958016370491392"/>
		<document id="337962566267576320" url="https://twitter.com/survivingstores/status/337962566267576320"/>
		<document id="337965574623748096" url="https://twitter.com/survivingstores/status/337965574623748096"/>
		<document id="337988700266958849" url="https://twitter.com/survivingstores/status/337988700266958849"/>
		<document id="338018837247164417" url="https://twitter.com/survivingstores/status/338018837247164417"/>
		<document id="338021966361546752" url="https://twitter.com/survivingstores/status/338021966361546752"/>
		<document id="338028874006933504" url="https://twitter.com/survivingstores/status/338028874006933504"/>
		<document id="338031913417703424" url="https://twitter.com/survivingstores/status/338031913417703424"/>
		<document id="338033752720695296" url="https://twitter.com/survivingstores/status/338033752720695296"/>
		<document id="338047612139741184" url="https://twitter.com/survivingstores/status/338047612139741184"/>
		<document id="338053567778791424" url="https://twitter.com/survivingstores/status/338053567778791424"/>
		<document id="338063759404838912" url="https://twitter.com/survivingstores/status/338063759404838912"/>
		<document id="338278554653581313" url="https://twitter.com/survivingstores/status/338278554653581313"/>
		<document id="338328965250945024" url="https://twitter.com/survivingstores/status/338328965250945024"/>
		<document id="338341493603446784" url="https://twitter.com/survivingstores/status/338341493603446784"/>
		<document id="338365540680732672" url="https://twitter.com/survivingstores/status/338365540680732672"/>
		<document id="338388764101603329" url="https://twitter.com/survivingstores/status/338388764101603329"/>
		<document id="338399835818438657" url="https://twitter.com/survivingstores/status/338399835818438657"/>
		<document id="338667667072376832" url="https://twitter.com/survivingstores/status/338667667072376832"/>
		<document id="338678597831258112" url="https://twitter.com/survivingstores/status/338678597831258112"/>
		<document id="338858451839094784" url="https://twitter.com/survivingstores/status/338858451839094784"/>
		<document id="338995625465106432" url="https://twitter.com/survivingstores/status/338995625465106432"/>
		<document id="338999460292091904" url="https://twitter.com/survivingstores/status/338999460292091904"/>
		<document id="339021119090749440" url="https://twitter.com/survivingstores/status/339021119090749440"/>
		<document id="339024020844474368" url="https://twitter.com/survivingstores/status/339024020844474368"/>
		<document id="339031255028994049" url="https://twitter.com/survivingstores/status/339031255028994049"/>
		<document id="339038112778969088" url="https://twitter.com/survivingstores/status/339038112778969088"/>
		<document id="339043858530848770" url="https://twitter.com/survivingstores/status/339043858530848770"/>
		<document id="339048489587703808" url="https://twitter.com/survivingstores/status/339048489587703808"/>
		<document id="339056927206154240" url="https://twitter.com/survivingstores/status/339056927206154240"/>
		<document id="339074470801182720" url="https://twitter.com/survivingstores/status/339074470801182720"/>
		<document id="339117069092134912" url="https://twitter.com/survivingstores/status/339117069092134912"/>
		<document id="339124067510657024" url="https://twitter.com/survivingstores/status/339124067510657024"/>
		<document id="339126634210795520" url="https://twitter.com/survivingstores/status/339126634210795520"/>
		<document id="339131556872482816" url="https://twitter.com/survivingstores/status/339131556872482816"/>
		<document id="339362228262285313" url="https://twitter.com/survivingstores/status/339362228262285313"/>
		<document id="339373254017945600" url="https://twitter.com/survivingstores/status/339373254017945600"/>
		<document id="339380299731460096" url="https://twitter.com/survivingstores/status/339380299731460096"/>
		<document id="339392158278766592" url="https://twitter.com/survivingstores/status/339392158278766592"/>
		<document id="339399066087727104" url="https://twitter.com/survivingstores/status/339399066087727104"/>
		<document id="339423944660643840" url="https://twitter.com/survivingstores/status/339423944660643840"/>
		<document id="339438384130969600" url="https://twitter.com/survivingstores/status/339438384130969600"/>
		<document id="339440522848530432" url="https://twitter.com/survivingstores/status/339440522848530432"/>
		<document id="339443760243027969" url="https://twitter.com/survivingstores/status/339443760243027969"/>
		<document id="339453562885136384" url="https://twitter.com/survivingstores/status/339453562885136384"/>
		<document id="339471346394345472" url="https://twitter.com/survivingstores/status/339471346394345472"/>
		<document id="339476389415768064" url="https://twitter.com/survivingstores/status/339476389415768064"/>
		<document id="339480146165780480" url="https://twitter.com/survivingstores/status/339480146165780480"/>
		<document id="339486394483372033" url="https://twitter.com/survivingstores/status/339486394483372033"/>
		<document id="339493827540832257" url="https://twitter.com/survivingstores/status/339493827540832257"/>
		<document id="339500408793870337" url="https://twitter.com/survivingstores/status/339500408793870337"/>
		<document id="339505830149890048" url="https://twitter.com/survivingstores/status/339505830149890048"/>
		<document id="339506653823107072" url="https://twitter.com/survivingstores/status/339506653823107072"/>
		<document id="339524291685126144" url="https://twitter.com/survivingstores/status/339524291685126144"/>
		<document id="339560513971318784" url="https://twitter.com/survivingstores/status/339560513971318784"/>
		<document id="339736680783286272" url="https://twitter.com/survivingstores/status/339736680783286272"/>
		<document id="339739161495998464" url="https://twitter.com/survivingstores/status/339739161495998464"/>
		<document id="339745778614546433" url="https://twitter.com/survivingstores/status/339745778614546433"/>
		<document id="339761197069000704" url="https://twitter.com/survivingstores/status/339761197069000704"/>
		<document id="339763035222708225" url="https://twitter.com/survivingstores/status/339763035222708225"/>
		<document id="339763197181562880" url="https://twitter.com/survivingstores/status/339763197181562880"/>
		<document id="339768298428321792" url="https://twitter.com/survivingstores/status/339768298428321792"/>
		<document id="339777152960585729" url="https://twitter.com/survivingstores/status/339777152960585729"/>
		<document id="339779094269018112" url="https://twitter.com/survivingstores/status/339779094269018112"/>
		<document id="339783544652066816" url="https://twitter.com/survivingstores/status/339783544652066816"/>
		<document id="339786048164986880" url="https://twitter.com/survivingstores/status/339786048164986880"/>
		<document id="339790611408359424" url="https://twitter.com/survivingstores/status/339790611408359424"/>
		<document id="339793367074496512" url="https://twitter.com/survivingstores/status/339793367074496512"/>
		<document id="339806372470353922" url="https://twitter.com/survivingstores/status/339806372470353922"/>
		<document id="339817634952531970" url="https://twitter.com/survivingstores/status/339817634952531970"/>
		<document id="339821891898458113" url="https://twitter.com/survivingstores/status/339821891898458113"/>
		<document id="339847619343941632" url="https://twitter.com/survivingstores/status/339847619343941632"/>
		<document id="339848666611347456" url="https://twitter.com/survivingstores/status/339848666611347456"/>
		<document id="339856371619086336" url="https://twitter.com/survivingstores/status/339856371619086336"/>
		<document id="339879435698335748" url="https://twitter.com/survivingstores/status/339879435698335748"/>
		<document id="339891568368566273" url="https://twitter.com/survivingstores/status/339891568368566273"/>
		<document id="340083318181752832" url="https://twitter.com/survivingstores/status/340083318181752832"/>
		<document id="340097339656138752" url="https://twitter.com/survivingstores/status/340097339656138752"/>
		<document id="340122969210757120" url="https://twitter.com/survivingstores/status/340122969210757120"/>
		<document id="340129778784948224" url="https://twitter.com/survivingstores/status/340129778784948224"/>
		<document id="340132264803442688" url="https://twitter.com/survivingstores/status/340132264803442688"/>
		<document id="340132338258284545" url="https://twitter.com/survivingstores/status/340132338258284545"/>
		<document id="340137307778719744" url="https://twitter.com/survivingstores/status/340137307778719744"/>
		<document id="340141980317274112" url="https://twitter.com/survivingstores/status/340141980317274112"/>
		<document id="340145000182583297" url="https://twitter.com/survivingstores/status/340145000182583297"/>
		<document id="340151318477950976" url="https://twitter.com/survivingstores/status/340151318477950976"/>
		<document id="340183369755279361" url="https://twitter.com/survivingstores/status/340183369755279361"/>
		<document id="340193905733681152" url="https://twitter.com/survivingstores/status/340193905733681152"/>
		<document id="340199204309856256" url="https://twitter.com/survivingstores/status/340199204309856256"/>
		<document id="340205476350423040" url="https://twitter.com/survivingstores/status/340205476350423040"/>
		<document id="340211236484550656" url="https://twitter.com/survivingstores/status/340211236484550656"/>
		<document id="340218630719553536" url="https://twitter.com/survivingstores/status/340218630719553536"/>
		<document id="340220440612065280" url="https://twitter.com/survivingstores/status/340220440612065280"/>
		<document id="340460934009069572" url="https://twitter.com/survivingstores/status/340460934009069572"/>
		<document id="340466765861617664" url="https://twitter.com/survivingstores/status/340466765861617664"/>
		<document id="340482918604496896" url="https://twitter.com/survivingstores/status/340482918604496896"/>
		<document id="340500176483524608" url="https://twitter.com/survivingstores/status/340500176483524608"/>
		<document id="340506969993539587" url="https://twitter.com/survivingstores/status/340506969993539587"/>
		<document id="340516986566111235" url="https://twitter.com/survivingstores/status/340516986566111235"/>
		<document id="340529923666104320" url="https://twitter.com/survivingstores/status/340529923666104320"/>
		<document id="340537463464415232" url="https://twitter.com/survivingstores/status/340537463464415232"/>
		<document id="340549222527016960" url="https://twitter.com/survivingstores/status/340549222527016960"/>
		<document id="340551001901776896" url="https://twitter.com/survivingstores/status/340551001901776896"/>
		<document id="340571286155698177" url="https://twitter.com/survivingstores/status/340571286155698177"/>
		<document id="340584911373205506" url="https://twitter.com/survivingstores/status/340584911373205506"/>
		<document id="340587411849486336" url="https://twitter.com/survivingstores/status/340587411849486336"/>
		<document id="340594143879389184" url="https://twitter.com/survivingstores/status/340594143879389184"/>
		<document id="340601293439647744" url="https://twitter.com/survivingstores/status/340601293439647744"/>
		<document id="340605790001975296" url="https://twitter.com/survivingstores/status/340605790001975296"/>
		<document id="340807608019587074" url="https://twitter.com/survivingstores/status/340807608019587074"/>
		<document id="340815205258907648" url="https://twitter.com/survivingstores/status/340815205258907648"/>
		<document id="340822803202834432" url="https://twitter.com/survivingstores/status/340822803202834432"/>
		<document id="340928268297449473" url="https://twitter.com/survivingstores/status/340928268297449473"/>
		<document id="340929837222985728" url="https://twitter.com/survivingstores/status/340929837222985728"/>
		<document id="341234817913987075" url="https://twitter.com/survivingstores/status/341234817913987075"/>
		<document id="341404485781946368" url="https://twitter.com/survivingstores/status/341404485781946368"/>
		<document id="341420866351009793" url="https://twitter.com/survivingstores/status/341420866351009793"/>
		<document id="341532370870079488" url="https://twitter.com/survivingstores/status/341532370870079488"/>
		<document id="341562991185113088" url="https://twitter.com/survivingstores/status/341562991185113088"/>
		<document id="341573493160308737" url="https://twitter.com/survivingstores/status/341573493160308737"/>
		<document id="341578486319837184" url="https://twitter.com/survivingstores/status/341578486319837184"/>
		<document id="341579403312128000" url="https://twitter.com/survivingstores/status/341579403312128000"/>
		<document id="341591669352841216" url="https://twitter.com/survivingstores/status/341591669352841216"/>
		<document id="341594310719979520" url="https://twitter.com/survivingstores/status/341594310719979520"/>
		<document id="341602780244504577" url="https://twitter.com/survivingstores/status/341602780244504577"/>
		<document id="341606811792711680" url="https://twitter.com/survivingstores/status/341606811792711680"/>
		<document id="341630848598147072" url="https://twitter.com/survivingstores/status/341630848598147072"/>
		<document id="341660645407735809" url="https://twitter.com/survivingstores/status/341660645407735809"/>
		<document id="341664217184759809" url="https://twitter.com/survivingstores/status/341664217184759809"/>
		<document id="341677711015682049" url="https://twitter.com/survivingstores/status/341677711015682049"/>
		<document id="341690074196504576" url="https://twitter.com/survivingstores/status/341690074196504576"/>
		<document id="341690190647136257" url="https://twitter.com/survivingstores/status/341690190647136257"/>
		<document id="341935321765797888" url="https://twitter.com/survivingstores/status/341935321765797888"/>
		<document id="341939758861262848" url="https://twitter.com/survivingstores/status/341939758861262848"/>
		<document id="341942241553702912" url="https://twitter.com/survivingstores/status/341942241553702912"/>
		<document id="341950054388613120" url="https://twitter.com/survivingstores/status/341950054388613120"/>
		<document id="341955366562705408" url="https://twitter.com/survivingstores/status/341955366562705408"/>
		<document id="341963071180394497" url="https://twitter.com/survivingstores/status/341963071180394497"/>
		<document id="341968193063092224" url="https://twitter.com/survivingstores/status/341968193063092224"/>
		<document id="341974834173050880" url="https://twitter.com/survivingstores/status/341974834173050880"/>
		<document id="341977820345540608" url="https://twitter.com/survivingstores/status/341977820345540608"/>
		<document id="341981064677441537" url="https://twitter.com/survivingstores/status/341981064677441537"/>
		<document id="341982521464061952" url="https://twitter.com/survivingstores/status/341982521464061952"/>
		<document id="341983321728884736" url="https://twitter.com/survivingstores/status/341983321728884736"/>
		<document id="341992412350124032" url="https://twitter.com/survivingstores/status/341992412350124032"/>
		<document id="341994939527352320" url="https://twitter.com/survivingstores/status/341994939527352320"/>
		<document id="342002062197927936" url="https://twitter.com/survivingstores/status/342002062197927936"/>
		<document id="342004380196827136" url="https://twitter.com/survivingstores/status/342004380196827136"/>
		<document id="342006973119741953" url="https://twitter.com/survivingstores/status/342006973119741953"/>
		<document id="342023157990973441" url="https://twitter.com/survivingstores/status/342023157990973441"/>
		<document id="342027211131461633" url="https://twitter.com/survivingstores/status/342027211131461633"/>
		<document id="342031410925797377" url="https://twitter.com/survivingstores/status/342031410925797377"/>
		<document id="342264624382636032" url="https://twitter.com/survivingstores/status/342264624382636032"/>
		<document id="342286141950668801" url="https://twitter.com/survivingstores/status/342286141950668801"/>
		<document id="342286875375058944" url="https://twitter.com/survivingstores/status/342286875375058944"/>
		<document id="342287796179968000" url="https://twitter.com/survivingstores/status/342287796179968000"/>
		<document id="342297347897819136" url="https://twitter.com/survivingstores/status/342297347897819136"/>
		<document id="342303194912796673" url="https://twitter.com/survivingstores/status/342303194912796673"/>
		<document id="342310573612085251" url="https://twitter.com/survivingstores/status/342310573612085251"/>
		<document id="342315355391283200" url="https://twitter.com/survivingstores/status/342315355391283200"/>
		<document id="342319808135704577" url="https://twitter.com/survivingstores/status/342319808135704577"/>
		<document id="342323727540813824" url="https://twitter.com/survivingstores/status/342323727540813824"/>
		<document id="342341652351946752" url="https://twitter.com/survivingstores/status/342341652351946752"/>
		<document id="342385602165088256" url="https://twitter.com/survivingstores/status/342385602165088256"/>
		<document id="342392959498600448" url="https://twitter.com/survivingstores/status/342392959498600448"/>
		<document id="342412232015085570" url="https://twitter.com/survivingstores/status/342412232015085570"/>
		<document id="342468749397483520" url="https://twitter.com/survivingstores/status/342468749397483520"/>
		<document id="342473146538016771" url="https://twitter.com/survivingstores/status/342473146538016771"/>
		<document id="342644911641874432" url="https://twitter.com/survivingstores/status/342644911641874432"/>
		<document id="342647842902511617" url="https://twitter.com/survivingstores/status/342647842902511617"/>
		<document id="342651005550358528" url="https://twitter.com/survivingstores/status/342651005550358528"/>
		<document id="342655279407702017" url="https://twitter.com/survivingstores/status/342655279407702017"/>
		<document id="342665979463086080" url="https://twitter.com/survivingstores/status/342665979463086080"/>
		<document id="342681907097645056" url="https://twitter.com/survivingstores/status/342681907097645056"/>
		<document id="342688996687740928" url="https://twitter.com/survivingstores/status/342688996687740928"/>
		<document id="342698304758505472" url="https://twitter.com/survivingstores/status/342698304758505472"/>
		<document id="342704572227284992" url="https://twitter.com/survivingstores/status/342704572227284992"/>
		<document id="342715220193587201" url="https://twitter.com/survivingstores/status/342715220193587201"/>
		<document id="342722712415899649" url="https://twitter.com/survivingstores/status/342722712415899649"/>
		<document id="342726581212561408" url="https://twitter.com/survivingstores/status/342726581212561408"/>
		<document id="342728576778530817" url="https://twitter.com/survivingstores/status/342728576778530817"/>
		<document id="342747921625804801" url="https://twitter.com/survivingstores/status/342747921625804801"/>
		<document id="342751214796156928" url="https://twitter.com/survivingstores/status/342751214796156928"/>
		<document id="342752921999536128" url="https://twitter.com/survivingstores/status/342752921999536128"/>
		<document id="342989541612871680" url="https://twitter.com/survivingstores/status/342989541612871680"/>
		<document id="343010631751958530" url="https://twitter.com/survivingstores/status/343010631751958530"/>
		<document id="343021981945446400" url="https://twitter.com/survivingstores/status/343021981945446400"/>
		<document id="343027925764956160" url="https://twitter.com/survivingstores/status/343027925764956160"/>
		<document id="343030877070172160" url="https://twitter.com/survivingstores/status/343030877070172160"/>
		<document id="343034143963242496" url="https://twitter.com/survivingstores/status/343034143963242496"/>
		<document id="343044502023446529" url="https://twitter.com/survivingstores/status/343044502023446529"/>
		<document id="343045515304394753" url="https://twitter.com/survivingstores/status/343045515304394753"/>
		<document id="343069384006303744" url="https://twitter.com/survivingstores/status/343069384006303744"/>
		<document id="343072522775969793" url="https://twitter.com/survivingstores/status/343072522775969793"/>
		<document id="343073325142142976" url="https://twitter.com/survivingstores/status/343073325142142976"/>
		<document id="343075478392954880" url="https://twitter.com/survivingstores/status/343075478392954880"/>
		<document id="343086716434931713" url="https://twitter.com/survivingstores/status/343086716434931713"/>
		<document id="343090344663060480" url="https://twitter.com/survivingstores/status/343090344663060480"/>
		<document id="343099125467840512" url="https://twitter.com/survivingstores/status/343099125467840512"/>
		<document id="343104406952226816" url="https://twitter.com/survivingstores/status/343104406952226816"/>
		<document id="343108597850456066" url="https://twitter.com/survivingstores/status/343108597850456066"/>
		<document id="343121312098701312" url="https://twitter.com/survivingstores/status/343121312098701312"/>
		<document id="343125476279201792" url="https://twitter.com/survivingstores/status/343125476279201792"/>
		<document id="343157686562590720" url="https://twitter.com/survivingstores/status/343157686562590720"/>
		<document id="343373105122643968" url="https://twitter.com/survivingstores/status/343373105122643968"/>
		<document id="343398248955928577" url="https://twitter.com/survivingstores/status/343398248955928577"/>
		<document id="343483282123522048" url="https://twitter.com/survivingstores/status/343483282123522048"/>
		<document id="343493927137054720" url="https://twitter.com/survivingstores/status/343493927137054720"/>
		<document id="343828954802712578" url="https://twitter.com/survivingstores/status/343828954802712578"/>
		<document id="344061568096542721" url="https://twitter.com/survivingstores/status/344061568096542721"/>
		<document id="344073166542495744" url="https://twitter.com/survivingstores/status/344073166542495744"/>
		<document id="344084653122134016" url="https://twitter.com/survivingstores/status/344084653122134016"/>
		<document id="344085380489961472" url="https://twitter.com/survivingstores/status/344085380489961472"/>
		<document id="344104669058068482" url="https://twitter.com/survivingstores/status/344104669058068482"/>
		<document id="344110284505485312" url="https://twitter.com/survivingstores/status/344110284505485312"/>
		<document id="344121118237540353" url="https://twitter.com/survivingstores/status/344121118237540353"/>
		<document id="344122705680936961" url="https://twitter.com/survivingstores/status/344122705680936961"/>
		<document id="344131431955562496" url="https://twitter.com/survivingstores/status/344131431955562496"/>
		<document id="344139457341050880" url="https://twitter.com/survivingstores/status/344139457341050880"/>
		<document id="344148868579090433" url="https://twitter.com/survivingstores/status/344148868579090433"/>
		<document id="344155772848062464" url="https://twitter.com/survivingstores/status/344155772848062464"/>
		<document id="344160156365516800" url="https://twitter.com/survivingstores/status/344160156365516800"/>
		<document id="344168934410444800" url="https://twitter.com/survivingstores/status/344168934410444800"/>
		<document id="344174961700786176" url="https://twitter.com/survivingstores/status/344174961700786176"/>
		<document id="344178597675794432" url="https://twitter.com/survivingstores/status/344178597675794432"/>
		<document id="344178643431460864" url="https://twitter.com/survivingstores/status/344178643431460864"/>
		<document id="344189615474896896" url="https://twitter.com/survivingstores/status/344189615474896896"/>
		<document id="344195734989594624" url="https://twitter.com/survivingstores/status/344195734989594624"/>
		<document id="344197323854860288" url="https://twitter.com/survivingstores/status/344197323854860288"/>
		<document id="344205046625480706" url="https://twitter.com/survivingstores/status/344205046625480706"/>
		<document id="344211336173068288" url="https://twitter.com/survivingstores/status/344211336173068288"/>
		<document id="344352257409683456" url="https://twitter.com/survivingstores/status/344352257409683456"/>
		<document id="344458968741072897" url="https://twitter.com/survivingstores/status/344458968741072897"/>
		<document id="344462553319100416" url="https://twitter.com/survivingstores/status/344462553319100416"/>
		<document id="344465005900611584" url="https://twitter.com/survivingstores/status/344465005900611584"/>
		<document id="344470599768346625" url="https://twitter.com/survivingstores/status/344470599768346625"/>
		<document id="344473706887790594" url="https://twitter.com/survivingstores/status/344473706887790594"/>
		<document id="344478802686124033" url="https://twitter.com/survivingstores/status/344478802686124033"/>
		<document id="344479317016854529" url="https://twitter.com/survivingstores/status/344479317016854529"/>
		<document id="344480950937346048" url="https://twitter.com/survivingstores/status/344480950937346048"/>
		<document id="344483351643697153" url="https://twitter.com/survivingstores/status/344483351643697153"/>
		<document id="344488663230582784" url="https://twitter.com/survivingstores/status/344488663230582784"/>
		<document id="344491057561612289" url="https://twitter.com/survivingstores/status/344491057561612289"/>
		<document id="344495253287485441" url="https://twitter.com/survivingstores/status/344495253287485441"/>
		<document id="344501355668463616" url="https://twitter.com/survivingstores/status/344501355668463616"/>
		<document id="344516938006937601" url="https://twitter.com/survivingstores/status/344516938006937601"/>
		<document id="344520888126955520" url="https://twitter.com/survivingstores/status/344520888126955520"/>
		<document id="344541462786093057" url="https://twitter.com/survivingstores/status/344541462786093057"/>
		<document id="344556315064037376" url="https://twitter.com/survivingstores/status/344556315064037376"/>
		<document id="344561259309563904" url="https://twitter.com/survivingstores/status/344561259309563904"/>
		<document id="344563833177796608" url="https://twitter.com/survivingstores/status/344563833177796608"/>
		<document id="344565260608499712" url="https://twitter.com/survivingstores/status/344565260608499712"/>
		<document id="345246883398172673" url="https://twitter.com/survivingstores/status/345246883398172673"/>
		<document id="345560112896811008" url="https://twitter.com/survivingstores/status/345560112896811008"/>
		<document id="345571409847795713" url="https://twitter.com/survivingstores/status/345571409847795713"/>
		<document id="345576444094717954" url="https://twitter.com/survivingstores/status/345576444094717954"/>
		<document id="345603561247346689" url="https://twitter.com/survivingstores/status/345603561247346689"/>
		<document id="345608295807066112" url="https://twitter.com/survivingstores/status/345608295807066112"/>
		<document id="345623497055297537" url="https://twitter.com/survivingstores/status/345623497055297537"/>
		<document id="345665432398737408" url="https://twitter.com/survivingstores/status/345665432398737408"/>
		<document id="346668867034173441" url="https://twitter.com/survivingstores/status/346668867034173441"/>
		<document id="346671401660452866" url="https://twitter.com/survivingstores/status/346671401660452866"/>
		<document id="346676855203586049" url="https://twitter.com/survivingstores/status/346676855203586049"/>
		<document id="347010368268279809" url="https://twitter.com/survivingstores/status/347010368268279809"/>
		<document id="347040643190771712" url="https://twitter.com/survivingstores/status/347040643190771712"/>
		<document id="347070687602671616" url="https://twitter.com/survivingstores/status/347070687602671616"/>
		<document id="347085485631475713" url="https://twitter.com/survivingstores/status/347085485631475713"/>
		<document id="347115850563735552" url="https://twitter.com/survivingstores/status/347115850563735552"/>
		<document id="347313656083664896" url="https://twitter.com/survivingstores/status/347313656083664896"/>
		<document id="347319344700747776" url="https://twitter.com/survivingstores/status/347319344700747776"/>
		<document id="347322029516656642" url="https://twitter.com/survivingstores/status/347322029516656642"/>
		<document id="347331612796665856" url="https://twitter.com/survivingstores/status/347331612796665856"/>
		<document id="347335823567511553" url="https://twitter.com/survivingstores/status/347335823567511553"/>
		<document id="347341955895816196" url="https://twitter.com/survivingstores/status/347341955895816196"/>
		<document id="347350904464367617" url="https://twitter.com/survivingstores/status/347350904464367617"/>
		<document id="347416335816474624" url="https://twitter.com/survivingstores/status/347416335816474624"/>
		<document id="347419643557838848" url="https://twitter.com/survivingstores/status/347419643557838848"/>
		<document id="347422560100683777" url="https://twitter.com/survivingstores/status/347422560100683777"/>
		<document id="347435869847842816" url="https://twitter.com/survivingstores/status/347435869847842816"/>
		<document id="347441560683675648" url="https://twitter.com/survivingstores/status/347441560683675648"/>
		<document id="347452485968998401" url="https://twitter.com/survivingstores/status/347452485968998401"/>
		<document id="347458267842240512" url="https://twitter.com/survivingstores/status/347458267842240512"/>
		<document id="347460692149932032" url="https://twitter.com/survivingstores/status/347460692149932032"/>
		<document id="347465272107597824" url="https://twitter.com/survivingstores/status/347465272107597824"/>
		<document id="347472315543588865" url="https://twitter.com/survivingstores/status/347472315543588865"/>
		<document id="347478742098128896" url="https://twitter.com/survivingstores/status/347478742098128896"/>
		<document id="347728615930216449" url="https://twitter.com/survivingstores/status/347728615930216449"/>
		<document id="347733922714624000" url="https://twitter.com/survivingstores/status/347733922714624000"/>
		<document id="347751245123051520" url="https://twitter.com/survivingstores/status/347751245123051520"/>
		<document id="347763581896507393" url="https://twitter.com/survivingstores/status/347763581896507393"/>
		<document id="347764296048050178" url="https://twitter.com/survivingstores/status/347764296048050178"/>
		<document id="347773520400498689" url="https://twitter.com/survivingstores/status/347773520400498689"/>
		<document id="347781201400045569" url="https://twitter.com/survivingstores/status/347781201400045569"/>
		<document id="347786894672789506" url="https://twitter.com/survivingstores/status/347786894672789506"/>
		<document id="347793686714806272" url="https://twitter.com/survivingstores/status/347793686714806272"/>
		<document id="347800283805532160" url="https://twitter.com/survivingstores/status/347800283805532160"/>
		<document id="347806726109659136" url="https://twitter.com/survivingstores/status/347806726109659136"/>
		<document id="347821032813502464" url="https://twitter.com/survivingstores/status/347821032813502464"/>
		<document id="347822833558253568" url="https://twitter.com/survivingstores/status/347822833558253568"/>
		<document id="347830979206987776" url="https://twitter.com/survivingstores/status/347830979206987776"/>
		<document id="347859969942622208" url="https://twitter.com/survivingstores/status/347859969942622208"/>
		<document id="348082096163659779" url="https://twitter.com/survivingstores/status/348082096163659779"/>
		<document id="348101654580690946" url="https://twitter.com/survivingstores/status/348101654580690946"/>
		<document id="348112982296903680" url="https://twitter.com/survivingstores/status/348112982296903680"/>
		<document id="348121429209911296" url="https://twitter.com/survivingstores/status/348121429209911296"/>
		<document id="348126718260830208" url="https://twitter.com/survivingstores/status/348126718260830208"/>
		<document id="348147008361607169" url="https://twitter.com/survivingstores/status/348147008361607169"/>
		<document id="348152026322071552" url="https://twitter.com/survivingstores/status/348152026322071552"/>
		<document id="348167229780672513" url="https://twitter.com/survivingstores/status/348167229780672513"/>
		<document id="348187016506245121" url="https://twitter.com/survivingstores/status/348187016506245121"/>
		<document id="348197427037216768" url="https://twitter.com/survivingstores/status/348197427037216768"/>
		<document id="348204002921562113" url="https://twitter.com/survivingstores/status/348204002921562113"/>
		<document id="348243695650357249" url="https://twitter.com/survivingstores/status/348243695650357249"/>
		<document id="348506936163045376" url="https://twitter.com/survivingstores/status/348506936163045376"/>
		<document id="348508374264074240" url="https://twitter.com/survivingstores/status/348508374264074240"/>
		<document id="348537427880726528" url="https://twitter.com/survivingstores/status/348537427880726528"/>
		<document id="348553157275693057" url="https://twitter.com/survivingstores/status/348553157275693057"/>
		<document id="348558739068039169" url="https://twitter.com/survivingstores/status/348558739068039169"/>
		<document id="348562695894740992" url="https://twitter.com/survivingstores/status/348562695894740992"/>
		<document id="349019852427640832" url="https://twitter.com/survivingstores/status/349019852427640832"/>
		<document id="349020087149285376" url="https://twitter.com/survivingstores/status/349020087149285376"/>
		<document id="349165655049785345" url="https://twitter.com/survivingstores/status/349165655049785345"/>
		<document id="349221038787272704" url="https://twitter.com/survivingstores/status/349221038787272704"/>
		<document id="349250039895425026" url="https://twitter.com/survivingstores/status/349250039895425026"/>
		<document id="349256013611925507" url="https://twitter.com/survivingstores/status/349256013611925507"/>
		<document id="349257669783207936" url="https://twitter.com/survivingstores/status/349257669783207936"/>
		<document id="349265634909106181" url="https://twitter.com/survivingstores/status/349265634909106181"/>
		<document id="349269325414273026" url="https://twitter.com/survivingstores/status/349269325414273026"/>
		<document id="349274792840527873" url="https://twitter.com/survivingstores/status/349274792840527873"/>
		<document id="349275467376893954" url="https://twitter.com/survivingstores/status/349275467376893954"/>
		<document id="349284794640769024" url="https://twitter.com/survivingstores/status/349284794640769024"/>
		<document id="349288511557484544" url="https://twitter.com/survivingstores/status/349288511557484544"/>
		<document id="349290962138312704" url="https://twitter.com/survivingstores/status/349290962138312704"/>
		<document id="349293667690885121" url="https://twitter.com/survivingstores/status/349293667690885121"/>
		<document id="349302697461157888" url="https://twitter.com/survivingstores/status/349302697461157888"/>
		<document id="349309611641286656" url="https://twitter.com/survivingstores/status/349309611641286656"/>
		<document id="349319266086039552" url="https://twitter.com/survivingstores/status/349319266086039552"/>
		<document id="349528631028092931" url="https://twitter.com/survivingstores/status/349528631028092931"/>
		<document id="349537227866505217" url="https://twitter.com/survivingstores/status/349537227866505217"/>
		<document id="349549251887501315" url="https://twitter.com/survivingstores/status/349549251887501315"/>
		<document id="349561052205297664" url="https://twitter.com/survivingstores/status/349561052205297664"/>
		<document id="349571978442702849" url="https://twitter.com/survivingstores/status/349571978442702849"/>
		<document id="349610802736672768" url="https://twitter.com/survivingstores/status/349610802736672768"/>
		<document id="349614751896178690" url="https://twitter.com/survivingstores/status/349614751896178690"/>
		<document id="349632887026491393" url="https://twitter.com/survivingstores/status/349632887026491393"/>
		<document id="349634836731932672" url="https://twitter.com/survivingstores/status/349634836731932672"/>
		<document id="349640895857045505" url="https://twitter.com/survivingstores/status/349640895857045505"/>
		<document id="349641859569688577" url="https://twitter.com/survivingstores/status/349641859569688577"/>
		<document id="349663565315182593" url="https://twitter.com/survivingstores/status/349663565315182593"/>
		<document id="349693635488526338" url="https://twitter.com/survivingstores/status/349693635488526338"/>
		<document id="349694998092058624" url="https://twitter.com/survivingstores/status/349694998092058624"/>
		<document id="349695587819593728" url="https://twitter.com/survivingstores/status/349695587819593728"/>
		<document id="349695835824590848" url="https://twitter.com/survivingstores/status/349695835824590848"/>
		<document id="349696752284205056" url="https://twitter.com/survivingstores/status/349696752284205056"/>
		<document id="349697711198580736" url="https://twitter.com/survivingstores/status/349697711198580736"/>
		<document id="349698683425665024" url="https://twitter.com/survivingstores/status/349698683425665024"/>
		<document id="349698961310892032" url="https://twitter.com/survivingstores/status/349698961310892032"/>
		<document id="349699446524739584" url="https://twitter.com/survivingstores/status/349699446524739584"/>
		<document id="349702850621882368" url="https://twitter.com/survivingstores/status/349702850621882368"/>
		<document id="349703948371886081" url="https://twitter.com/survivingstores/status/349703948371886081"/>
		<document id="349705348568977410" url="https://twitter.com/survivingstores/status/349705348568977410"/>
		<document id="349705528051634176" url="https://twitter.com/survivingstores/status/349705528051634176"/>
		<document id="349707881198792704" url="https://twitter.com/survivingstores/status/349707881198792704"/>
		<document id="349709932628684801" url="https://twitter.com/survivingstores/status/349709932628684801"/>
		<document id="349887183945076736" url="https://twitter.com/survivingstores/status/349887183945076736"/>
		<document id="349888963533733889" url="https://twitter.com/survivingstores/status/349888963533733889"/>
		<document id="349892262592909312" url="https://twitter.com/survivingstores/status/349892262592909312"/>
		<document id="349898841975304192" url="https://twitter.com/survivingstores/status/349898841975304192"/>
		<document id="349904187691237377" url="https://twitter.com/survivingstores/status/349904187691237377"/>
		<document id="349911254418198529" url="https://twitter.com/survivingstores/status/349911254418198529"/>
		<document id="349916661186437121" url="https://twitter.com/survivingstores/status/349916661186437121"/>
		<document id="349919479507075072" url="https://twitter.com/survivingstores/status/349919479507075072"/>
		<document id="349919628438413312" url="https://twitter.com/survivingstores/status/349919628438413312"/>
		<document id="349929261504798723" url="https://twitter.com/survivingstores/status/349929261504798723"/>
		<document id="349938468593475584" url="https://twitter.com/survivingstores/status/349938468593475584"/>
		<document id="349965263044747264" url="https://twitter.com/survivingstores/status/349965263044747264"/>
		<document id="349967240772329473" url="https://twitter.com/survivingstores/status/349967240772329473"/>
		<document id="349987825158078464" url="https://twitter.com/survivingstores/status/349987825158078464"/>
		<document id="349992447788597249" url="https://twitter.com/survivingstores/status/349992447788597249"/>
		<document id="349999703838035969" url="https://twitter.com/survivingstores/status/349999703838035969"/>
		<document id="350001706785972225" url="https://twitter.com/survivingstores/status/350001706785972225"/>
		<document id="350007452630134784" url="https://twitter.com/survivingstores/status/350007452630134784"/>
		<document id="350249798982582272" url="https://twitter.com/survivingstores/status/350249798982582272"/>
		<document id="350251150118891522" url="https://twitter.com/survivingstores/status/350251150118891522"/>
		<document id="350292051318935552" url="https://twitter.com/survivingstores/status/350292051318935552"/>
		<document id="350294953596960768" url="https://twitter.com/survivingstores/status/350294953596960768"/>
		<document id="350296977449291777" url="https://twitter.com/survivingstores/status/350296977449291777"/>
		<document id="350306415434407936" url="https://twitter.com/survivingstores/status/350306415434407936"/>
		<document id="350346779939704834" url="https://twitter.com/survivingstores/status/350346779939704834"/>
		<document id="351010111176712192" url="https://twitter.com/survivingstores/status/351010111176712192"/>
		<document id="351021458618724352" url="https://twitter.com/survivingstores/status/351021458618724352"/>
		<document id="351027460403511296" url="https://twitter.com/survivingstores/status/351027460403511296"/>
		<document id="351079272166858752" url="https://twitter.com/survivingstores/status/351079272166858752"/>
		<document id="351704583908753409" url="https://twitter.com/survivingstores/status/351704583908753409"/>
		<document id="351717134734327810" url="https://twitter.com/survivingstores/status/351717134734327810"/>
		<document id="351725456174755846" url="https://twitter.com/survivingstores/status/351725456174755846"/>
		<document id="351733565345644544" url="https://twitter.com/survivingstores/status/351733565345644544"/>
		<document id="351737687939624960" url="https://twitter.com/survivingstores/status/351737687939624960"/>
		<document id="351739275999584257" url="https://twitter.com/survivingstores/status/351739275999584257"/>
		<document id="351748625174495232" url="https://twitter.com/survivingstores/status/351748625174495232"/>
		<document id="351774975897767937" url="https://twitter.com/survivingstores/status/351774975897767937"/>
		<document id="351807094657269760" url="https://twitter.com/survivingstores/status/351807094657269760"/>
		<document id="352074913990979584" url="https://twitter.com/survivingstores/status/352074913990979584"/>
		<document id="352081909813227522" url="https://twitter.com/survivingstores/status/352081909813227522"/>
		<document id="352095385021456384" url="https://twitter.com/survivingstores/status/352095385021456384"/>
		<document id="352107603112894464" url="https://twitter.com/survivingstores/status/352107603112894464"/>
		<document id="352117268555116544" url="https://twitter.com/survivingstores/status/352117268555116544"/>
		<document id="352133422191349760" url="https://twitter.com/survivingstores/status/352133422191349760"/>
		<document id="352155823788670976" url="https://twitter.com/survivingstores/status/352155823788670976"/>
		<document id="352163810896920576" url="https://twitter.com/survivingstores/status/352163810896920576"/>
		<document id="352164550247849985" url="https://twitter.com/survivingstores/status/352164550247849985"/>
		<document id="352184184963465218" url="https://twitter.com/survivingstores/status/352184184963465218"/>
		<document id="352189068190285824" url="https://twitter.com/survivingstores/status/352189068190285824"/>
		<document id="352190172743479299" url="https://twitter.com/survivingstores/status/352190172743479299"/>
		<document id="352215623562039297" url="https://twitter.com/survivingstores/status/352215623562039297"/>
		<document id="352455759772139521" url="https://twitter.com/survivingstores/status/352455759772139521"/>
		<document id="352461066166472704" url="https://twitter.com/survivingstores/status/352461066166472704"/>
		<document id="352487520015106048" url="https://twitter.com/survivingstores/status/352487520015106048"/>
		<document id="352524137798971393" url="https://twitter.com/survivingstores/status/352524137798971393"/>
		<document id="352527649836507137" url="https://twitter.com/survivingstores/status/352527649836507137"/>
		<document id="352540067316764672" url="https://twitter.com/survivingstores/status/352540067316764672"/>
		<document id="352556864057245698" url="https://twitter.com/survivingstores/status/352556864057245698"/>
		<document id="352589358601224192" url="https://twitter.com/survivingstores/status/352589358601224192"/>
		<document id="352793415672532992" url="https://twitter.com/survivingstores/status/352793415672532992"/>
		<document id="352801144935956482" url="https://twitter.com/survivingstores/status/352801144935956482"/>
		<document id="352816468993380352" url="https://twitter.com/survivingstores/status/352816468993380352"/>
		<document id="352830170270412800" url="https://twitter.com/survivingstores/status/352830170270412800"/>
		<document id="353150904926617601" url="https://twitter.com/survivingstores/status/353150904926617601"/>
		<document id="353164419171225601" url="https://twitter.com/survivingstores/status/353164419171225601"/>
		<document id="353165758408302595" url="https://twitter.com/survivingstores/status/353165758408302595"/>
		<document id="353179427116552193" url="https://twitter.com/survivingstores/status/353179427116552193"/>
		<document id="353208680163971072" url="https://twitter.com/survivingstores/status/353208680163971072"/>
		<document id="353225041237901312" url="https://twitter.com/survivingstores/status/353225041237901312"/>
		<document id="353262118415503361" url="https://twitter.com/survivingstores/status/353262118415503361"/>
		<document id="353286310879965184" url="https://twitter.com/survivingstores/status/353286310879965184"/>
		<document id="353519285592801281" url="https://twitter.com/survivingstores/status/353519285592801281"/>
		<document id="353581349694750722" url="https://twitter.com/survivingstores/status/353581349694750722"/>
		<document id="353584554780532736" url="https://twitter.com/survivingstores/status/353584554780532736"/>
		<document id="354225100792414208" url="https://twitter.com/survivingstores/status/354225100792414208"/>
		<document id="354256574535053313" url="https://twitter.com/survivingstores/status/354256574535053313"/>
		<document id="354276686373728257" url="https://twitter.com/survivingstores/status/354276686373728257"/>
		<document id="354308550383775744" url="https://twitter.com/survivingstores/status/354308550383775744"/>
		<document id="354352084616884224" url="https://twitter.com/survivingstores/status/354352084616884224"/>
		<document id="354352678043791361" url="https://twitter.com/survivingstores/status/354352678043791361"/>
		<document id="354360567802249217" url="https://twitter.com/survivingstores/status/354360567802249217"/>
		<document id="354361811669221377" url="https://twitter.com/survivingstores/status/354361811669221377"/>
		<document id="354601437872930816" url="https://twitter.com/survivingstores/status/354601437872930816"/>
		<document id="354608650578444289" url="https://twitter.com/survivingstores/status/354608650578444289"/>
		<document id="354989722264797184" url="https://twitter.com/survivingstores/status/354989722264797184"/>
		<document id="354991865986154496" url="https://twitter.com/survivingstores/status/354991865986154496"/>
		<document id="355019800482816002" url="https://twitter.com/survivingstores/status/355019800482816002"/>
		<document id="355034549849309186" url="https://twitter.com/survivingstores/status/355034549849309186"/>
		<document id="355035824510869505" url="https://twitter.com/survivingstores/status/355035824510869505"/>
		<document id="355058552827691009" url="https://twitter.com/survivingstores/status/355058552827691009"/>
		<document id="355062998517301249" url="https://twitter.com/survivingstores/status/355062998517301249"/>
		<document id="355075497681620992" url="https://twitter.com/survivingstores/status/355075497681620992"/>
		<document id="355083404640915456" url="https://twitter.com/survivingstores/status/355083404640915456"/>
		<document id="355090236969197568" url="https://twitter.com/survivingstores/status/355090236969197568"/>
		<document id="355092047176278017" url="https://twitter.com/survivingstores/status/355092047176278017"/>
		<document id="355330744899485696" url="https://twitter.com/survivingstores/status/355330744899485696"/>
		<document id="355376432991580160" url="https://twitter.com/survivingstores/status/355376432991580160"/>
		<document id="355382447749332993" url="https://twitter.com/survivingstores/status/355382447749332993"/>
		<document id="355387492146491392" url="https://twitter.com/survivingstores/status/355387492146491392"/>
		<document id="355420571787460609" url="https://twitter.com/survivingstores/status/355420571787460609"/>
		<document id="355440012457807874" url="https://twitter.com/survivingstores/status/355440012457807874"/>
		<document id="355449874650644482" url="https://twitter.com/survivingstores/status/355449874650644482"/>
		<document id="355680802912206848" url="https://twitter.com/survivingstores/status/355680802912206848"/>
		<document id="355771753500385282" url="https://twitter.com/survivingstores/status/355771753500385282"/>
		<document id="355785872358129665" url="https://twitter.com/survivingstores/status/355785872358129665"/>
		<document id="355792126556123136" url="https://twitter.com/survivingstores/status/355792126556123136"/>
		<document id="355797946438127616" url="https://twitter.com/survivingstores/status/355797946438127616"/>
		<document id="355821970962657282" url="https://twitter.com/survivingstores/status/355821970962657282"/>
		<document id="355834875003146241" url="https://twitter.com/survivingstores/status/355834875003146241"/>
		<document id="356084203928031232" url="https://twitter.com/survivingstores/status/356084203928031232"/>
		<document id="356106624953356288" url="https://twitter.com/survivingstores/status/356106624953356288"/>
		<document id="356154122476589058" url="https://twitter.com/survivingstores/status/356154122476589058"/>
		<document id="356763168451731456" url="https://twitter.com/survivingstores/status/356763168451731456"/>
		<document id="356770756358705152" url="https://twitter.com/survivingstores/status/356770756358705152"/>
		<document id="356791925891801088" url="https://twitter.com/survivingstores/status/356791925891801088"/>
		<document id="356802601603448832" url="https://twitter.com/survivingstores/status/356802601603448832"/>
		<document id="356806898412032002" url="https://twitter.com/survivingstores/status/356806898412032002"/>
		<document id="356814808215064576" url="https://twitter.com/survivingstores/status/356814808215064576"/>
		<document id="356829116290441216" url="https://twitter.com/survivingstores/status/356829116290441216"/>
		<document id="356835863667277824" url="https://twitter.com/survivingstores/status/356835863667277824"/>
		<document id="356880469209530368" url="https://twitter.com/survivingstores/status/356880469209530368"/>
		<document id="356904338532208640" url="https://twitter.com/survivingstores/status/356904338532208640"/>
		<document id="356909086715019264" url="https://twitter.com/survivingstores/status/356909086715019264"/>
		<document id="357140013030445056" url="https://twitter.com/survivingstores/status/357140013030445056"/>
		<document id="357145012573712386" url="https://twitter.com/survivingstores/status/357145012573712386"/>
		<document id="357172809912434688" url="https://twitter.com/survivingstores/status/357172809912434688"/>
		<document id="357199229837520897" url="https://twitter.com/survivingstores/status/357199229837520897"/>
		<document id="357501438701740033" url="https://twitter.com/survivingstores/status/357501438701740033"/>
		<document id="357571812328083457" url="https://twitter.com/survivingstores/status/357571812328083457"/>
		<document id="357609935380553728" url="https://twitter.com/survivingstores/status/357609935380553728"/>
		<document id="358079077514620928" url="https://twitter.com/survivingstores/status/358079077514620928"/>
		<document id="359332836668489728" url="https://twitter.com/survivingstores/status/359332836668489728"/>
		<document id="359337624751710208" url="https://twitter.com/survivingstores/status/359337624751710208"/>
		<document id="359342790196469760" url="https://twitter.com/survivingstores/status/359342790196469760"/>
		<document id="359351083535052800" url="https://twitter.com/survivingstores/status/359351083535052800"/>
		<document id="359362002633752577" url="https://twitter.com/survivingstores/status/359362002633752577"/>
		<document id="359409020735463424" url="https://twitter.com/survivingstores/status/359409020735463424"/>
		<document id="359440272570064897" url="https://twitter.com/survivingstores/status/359440272570064897"/>
		<document id="359467650377719808" url="https://twitter.com/survivingstores/status/359467650377719808"/>
		<document id="359673519958794240" url="https://twitter.com/survivingstores/status/359673519958794240"/>
		<document id="359676961158742016" url="https://twitter.com/survivingstores/status/359676961158742016"/>
		<document id="359684413065404418" url="https://twitter.com/survivingstores/status/359684413065404418"/>
		<document id="359704262613270530" url="https://twitter.com/survivingstores/status/359704262613270530"/>
		<document id="359718968912646145" url="https://twitter.com/survivingstores/status/359718968912646145"/>
		<document id="359730582705549313" url="https://twitter.com/survivingstores/status/359730582705549313"/>
		<document id="359731640785842176" url="https://twitter.com/survivingstores/status/359731640785842176"/>
		<document id="359767029919649792" url="https://twitter.com/survivingstores/status/359767029919649792"/>
		<document id="359792306401972224" url="https://twitter.com/survivingstores/status/359792306401972224"/>
		<document id="360042821689937924" url="https://twitter.com/survivingstores/status/360042821689937924"/>
		<document id="360059008075309056" url="https://twitter.com/survivingstores/status/360059008075309056"/>
		<document id="360062426286260225" url="https://twitter.com/survivingstores/status/360062426286260225"/>
		<document id="360074761990184961" url="https://twitter.com/survivingstores/status/360074761990184961"/>
		<document id="360085328683479040" url="https://twitter.com/survivingstores/status/360085328683479040"/>
		<document id="360094171199057924" url="https://twitter.com/survivingstores/status/360094171199057924"/>
		<document id="360101628247941120" url="https://twitter.com/survivingstores/status/360101628247941120"/>
		<document id="360106260978352128" url="https://twitter.com/survivingstores/status/360106260978352128"/>
		<document id="360112050816557057" url="https://twitter.com/survivingstores/status/360112050816557057"/>
		<document id="360167553647124484" url="https://twitter.com/survivingstores/status/360167553647124484"/>
		<document id="360388640095997955" url="https://twitter.com/survivingstores/status/360388640095997955"/>
		<document id="360394331397435392" url="https://twitter.com/survivingstores/status/360394331397435392"/>
		<document id="360411344178122752" url="https://twitter.com/survivingstores/status/360411344178122752"/>
		<document id="360411804217774081" url="https://twitter.com/survivingstores/status/360411804217774081"/>
		<document id="360423000799068162" url="https://twitter.com/survivingstores/status/360423000799068162"/>
		<document id="360424645985439744" url="https://twitter.com/survivingstores/status/360424645985439744"/>
		<document id="360428814196686850" url="https://twitter.com/survivingstores/status/360428814196686850"/>
		<document id="360433360373424129" url="https://twitter.com/survivingstores/status/360433360373424129"/>
		<document id="360449906223230976" url="https://twitter.com/survivingstores/status/360449906223230976"/>
		<document id="360469140651249666" url="https://twitter.com/survivingstores/status/360469140651249666"/>
		<document id="360489927412170752" url="https://twitter.com/survivingstores/status/360489927412170752"/>
		<document id="360493655519268864" url="https://twitter.com/survivingstores/status/360493655519268864"/>
		<document id="360522350174814211" url="https://twitter.com/survivingstores/status/360522350174814211"/>
		<document id="360868888113721346" url="https://twitter.com/survivingstores/status/360868888113721346"/>
		<document id="361189535922659328" url="https://twitter.com/survivingstores/status/361189535922659328"/>
		<document id="361197521441259520" url="https://twitter.com/survivingstores/status/361197521441259520"/>
		<document id="361211166674010113" url="https://twitter.com/survivingstores/status/361211166674010113"/>
		<document id="361214996723671040" url="https://twitter.com/survivingstores/status/361214996723671040"/>
		<document id="361845020451540992" url="https://twitter.com/survivingstores/status/361845020451540992"/>
		<document id="361854400777568258" url="https://twitter.com/survivingstores/status/361854400777568258"/>
		<document id="361863541122277378" url="https://twitter.com/survivingstores/status/361863541122277378"/>
		<document id="361880108807634945" url="https://twitter.com/survivingstores/status/361880108807634945"/>
		<document id="361882819275915265" url="https://twitter.com/survivingstores/status/361882819275915265"/>
		<document id="361888300547575808" url="https://twitter.com/survivingstores/status/361888300547575808"/>
		<document id="361895563010121730" url="https://twitter.com/survivingstores/status/361895563010121730"/>
		<document id="361913168567607297" url="https://twitter.com/survivingstores/status/361913168567607297"/>
		<document id="361920288860028928" url="https://twitter.com/survivingstores/status/361920288860028928"/>
		<document id="361930180102590464" url="https://twitter.com/survivingstores/status/361930180102590464"/>
		<document id="361957008271867904" url="https://twitter.com/survivingstores/status/361957008271867904"/>
		<document id="361960882709860353" url="https://twitter.com/survivingstores/status/361960882709860353"/>
		<document id="361967660684165121" url="https://twitter.com/survivingstores/status/361967660684165121"/>
		<document id="361969546724245504" url="https://twitter.com/survivingstores/status/361969546724245504"/>
		<document id="362032598110830593" url="https://twitter.com/survivingstores/status/362032598110830593"/>
		<document id="362190142443765760" url="https://twitter.com/survivingstores/status/362190142443765760"/>
		<document id="362197608615256064" url="https://twitter.com/survivingstores/status/362197608615256064"/>
		<document id="362209788303638529" url="https://twitter.com/survivingstores/status/362209788303638529"/>
		<document id="362226534053974016" url="https://twitter.com/survivingstores/status/362226534053974016"/>
		<document id="362231077512822788" url="https://twitter.com/survivingstores/status/362231077512822788"/>
		<document id="362240848131391488" url="https://twitter.com/survivingstores/status/362240848131391488"/>
		<document id="362245286141231104" url="https://twitter.com/survivingstores/status/362245286141231104"/>
		<document id="362268341940912128" url="https://twitter.com/survivingstores/status/362268341940912128"/>
		<document id="362288833217302528" url="https://twitter.com/survivingstores/status/362288833217302528"/>
		<document id="362294440737513472" url="https://twitter.com/survivingstores/status/362294440737513472"/>
		<document id="362306976765583360" url="https://twitter.com/survivingstores/status/362306976765583360"/>
		<document id="362343199307599874" url="https://twitter.com/survivingstores/status/362343199307599874"/>
		<document id="362348100653809665" url="https://twitter.com/survivingstores/status/362348100653809665"/>
		<document id="362562837496864769" url="https://twitter.com/survivingstores/status/362562837496864769"/>
		<document id="362572298114445315" url="https://twitter.com/survivingstores/status/362572298114445315"/>
		<document id="362583982640087041" url="https://twitter.com/survivingstores/status/362583982640087041"/>
		<document id="362593283358195713" url="https://twitter.com/survivingstores/status/362593283358195713"/>
		<document id="362601272920129537" url="https://twitter.com/survivingstores/status/362601272920129537"/>
		<document id="362612683335409664" url="https://twitter.com/survivingstores/status/362612683335409664"/>
		<document id="362621750271426561" url="https://twitter.com/survivingstores/status/362621750271426561"/>
		<document id="362631331626237954" url="https://twitter.com/survivingstores/status/362631331626237954"/>
		<document id="362644649711636480" url="https://twitter.com/survivingstores/status/362644649711636480"/>
		<document id="362675758969257984" url="https://twitter.com/survivingstores/status/362675758969257984"/>
		<document id="362691660259393536" url="https://twitter.com/survivingstores/status/362691660259393536"/>
		<document id="362691780472356866" url="https://twitter.com/survivingstores/status/362691780472356866"/>
		<document id="362706748269793280" url="https://twitter.com/survivingstores/status/362706748269793280"/>
		<document id="362768693937192961" url="https://twitter.com/survivingstores/status/362768693937192961"/>
		<document id="362958757531099137" url="https://twitter.com/survivingstores/status/362958757531099137"/>
		<document id="362973428665425920" url="https://twitter.com/survivingstores/status/362973428665425920"/>
		<document id="362978509200691200" url="https://twitter.com/survivingstores/status/362978509200691200"/>
		<document id="362993585282498560" url="https://twitter.com/survivingstores/status/362993585282498560"/>
		<document id="363049054260822016" url="https://twitter.com/survivingstores/status/363049054260822016"/>
		<document id="363059357874786304" url="https://twitter.com/survivingstores/status/363059357874786304"/>
		<document id="363318894762528768" url="https://twitter.com/survivingstores/status/363318894762528768"/>
		<document id="363326727876902912" url="https://twitter.com/survivingstores/status/363326727876902912"/>
		<document id="363345186165755905" url="https://twitter.com/survivingstores/status/363345186165755905"/>
		<document id="363422258515030016" url="https://twitter.com/survivingstores/status/363422258515030016"/>
		<document id="363647348640976897" url="https://twitter.com/survivingstores/status/363647348640976897"/>
		<document id="363668800635281408" url="https://twitter.com/survivingstores/status/363668800635281408"/>
		<document id="363702596394950656" url="https://twitter.com/survivingstores/status/363702596394950656"/>
		<document id="364432982695612416" url="https://twitter.com/survivingstores/status/364432982695612416"/>
		<document id="364449934507917312" url="https://twitter.com/survivingstores/status/364449934507917312"/>
		<document id="364778828662439936" url="https://twitter.com/survivingstores/status/364778828662439936"/>
		<document id="365100780463718405" url="https://twitter.com/survivingstores/status/365100780463718405"/>
		<document id="365135334507425792" url="https://twitter.com/survivingstores/status/365135334507425792"/>
		<document id="365301494163058688" url="https://twitter.com/survivingstores/status/365301494163058688"/>
		<document id="365926379528781824" url="https://twitter.com/survivingstores/status/365926379528781824"/>
		<document id="365943516121145344" url="https://twitter.com/survivingstores/status/365943516121145344"/>
		<document id="366279806444244993" url="https://twitter.com/survivingstores/status/366279806444244993"/>
		<document id="366892500918599680" url="https://twitter.com/survivingstores/status/366892500918599680"/>
		<document id="366915510467690496" url="https://twitter.com/survivingstores/status/366915510467690496"/>
		<document id="367008818233737216" url="https://twitter.com/survivingstores/status/367008818233737216"/>
		<document id="367063407473602561" url="https://twitter.com/survivingstores/status/367063407473602561"/>
		<document id="367338082544001024" url="https://twitter.com/survivingstores/status/367338082544001024"/>
		<document id="367673714466242561" url="https://twitter.com/survivingstores/status/367673714466242561"/>
		<document id="367766991165063169" url="https://twitter.com/survivingstores/status/367766991165063169"/>
		<document id="367807881237639168" url="https://twitter.com/survivingstores/status/367807881237639168"/>
		<document id="368053518780751873" url="https://twitter.com/survivingstores/status/368053518780751873"/>
		<document id="369494498100781056" url="https://twitter.com/survivingstores/status/369494498100781056"/>
		<document id="369515553016143872" url="https://twitter.com/survivingstores/status/369515553016143872"/>
		<document id="369540718785622016" url="https://twitter.com/survivingstores/status/369540718785622016"/>
		<document id="369582928298115072" url="https://twitter.com/survivingstores/status/369582928298115072"/>
		<document id="369983774194278400" url="https://twitter.com/survivingstores/status/369983774194278400"/>
		<document id="372095648406847488" url="https://twitter.com/survivingstores/status/372095648406847488"/>
		<document id="374363921169141760" url="https://twitter.com/survivingstores/status/374363921169141760"/>
		<document id="374609641847537664" url="https://twitter.com/survivingstores/status/374609641847537664"/>
		<document id="374882967182524416" url="https://twitter.com/survivingstores/status/374882967182524416"/>
		<document id="375016080067932160" url="https://twitter.com/survivingstores/status/375016080067932160"/>
		<document id="375265394438578177" url="https://twitter.com/survivingstores/status/375265394438578177"/>
		<document id="377820216354295808" url="https://twitter.com/survivingstores/status/377820216354295808"/>
		<document id="377842177717456897" url="https://twitter.com/survivingstores/status/377842177717456897"/>
		<document id="377846293084655616" url="https://twitter.com/survivingstores/status/377846293084655616"/>
		<document id="379756460122468352" url="https://twitter.com/survivingstores/status/379756460122468352"/>
		<document id="379956305277902848" url="https://twitter.com/survivingstores/status/379956305277902848"/>
		<document id="379983312984367104" url="https://twitter.com/survivingstores/status/379983312984367104"/>
		<document id="380002312262918144" url="https://twitter.com/survivingstores/status/380002312262918144"/>
		<document id="380087938911965184" url="https://twitter.com/survivingstores/status/380087938911965184"/>
		<document id="380339577455509504" url="https://twitter.com/survivingstores/status/380339577455509504"/>
		<document id="380342019417051136" url="https://twitter.com/survivingstores/status/380342019417051136"/>
		<document id="380348394473943040" url="https://twitter.com/survivingstores/status/380348394473943040"/>
		<document id="380350438849015808" url="https://twitter.com/survivingstores/status/380350438849015808"/>
		<document id="380378216038285312" url="https://twitter.com/survivingstores/status/380378216038285312"/>
		<document id="380389438603272192" url="https://twitter.com/survivingstores/status/380389438603272192"/>
		<document id="380688496509194240" url="https://twitter.com/survivingstores/status/380688496509194240"/>
		<document id="380692108186628096" url="https://twitter.com/survivingstores/status/380692108186628096"/>
		<document id="380712904791556096" url="https://twitter.com/survivingstores/status/380712904791556096"/>
		<document id="380719550716575744" url="https://twitter.com/survivingstores/status/380719550716575744"/>
		<document id="380727993099751424" url="https://twitter.com/survivingstores/status/380727993099751424"/>
		<document id="380770742842826752" url="https://twitter.com/survivingstores/status/380770742842826752"/>
		<document id="380787528124465155" url="https://twitter.com/survivingstores/status/380787528124465155"/>
		<document id="380795779968819201" url="https://twitter.com/survivingstores/status/380795779968819201"/>
		<document id="380815345138671616" url="https://twitter.com/survivingstores/status/380815345138671616"/>
		<document id="381045038580367360" url="https://twitter.com/survivingstores/status/381045038580367360"/>
		<document id="381061334139277314" url="https://twitter.com/survivingstores/status/381061334139277314"/>
		<document id="381085901595504640" url="https://twitter.com/survivingstores/status/381085901595504640"/>
		<document id="381091064892755968" url="https://twitter.com/survivingstores/status/381091064892755968"/>
		<document id="381138680800235522" url="https://twitter.com/survivingstores/status/381138680800235522"/>
		<document id="381148689550430208" url="https://twitter.com/survivingstores/status/381148689550430208"/>
		<document id="381172744835981312" url="https://twitter.com/survivingstores/status/381172744835981312"/>
		<document id="381178047728087040" url="https://twitter.com/survivingstores/status/381178047728087040"/>
		<document id="381430605549817856" url="https://twitter.com/survivingstores/status/381430605549817856"/>
		<document id="381436356821409792" url="https://twitter.com/survivingstores/status/381436356821409792"/>
		<document id="381454667823075328" url="https://twitter.com/survivingstores/status/381454667823075328"/>
		<document id="381468438784249856" url="https://twitter.com/survivingstores/status/381468438784249856"/>
		<document id="381531499012444162" url="https://twitter.com/survivingstores/status/381531499012444162"/>
		<document id="381558515824742400" url="https://twitter.com/survivingstores/status/381558515824742400"/>
		<document id="382153932295794688" url="https://twitter.com/survivingstores/status/382153932295794688"/>
		<document id="382155652832849921" url="https://twitter.com/survivingstores/status/382155652832849921"/>
		<document id="382158750015946752" url="https://twitter.com/survivingstores/status/382158750015946752"/>
		<document id="382161886550052864" url="https://twitter.com/survivingstores/status/382161886550052864"/>
		<document id="382172602963218432" url="https://twitter.com/survivingstores/status/382172602963218432"/>
		<document id="382182212533100546" url="https://twitter.com/survivingstores/status/382182212533100546"/>
		<document id="382190351617781760" url="https://twitter.com/survivingstores/status/382190351617781760"/>
		<document id="382204972453994496" url="https://twitter.com/survivingstores/status/382204972453994496"/>
		<document id="382241747536838656" url="https://twitter.com/survivingstores/status/382241747536838656"/>
		<document id="382265143448457216" url="https://twitter.com/survivingstores/status/382265143448457216"/>
		<document id="382279088531992576" url="https://twitter.com/survivingstores/status/382279088531992576"/>
		<document id="382310028083863552" url="https://twitter.com/survivingstores/status/382310028083863552"/>
		<document id="382494031814459394" url="https://twitter.com/survivingstores/status/382494031814459394"/>
		<document id="382499094414897152" url="https://twitter.com/survivingstores/status/382499094414897152"/>
		<document id="382508419782938625" url="https://twitter.com/survivingstores/status/382508419782938625"/>
		<document id="382518651670110208" url="https://twitter.com/survivingstores/status/382518651670110208"/>
		<document id="382531976336375810" url="https://twitter.com/survivingstores/status/382531976336375810"/>
		<document id="382540655240560640" url="https://twitter.com/survivingstores/status/382540655240560640"/>
		<document id="382568447483187202" url="https://twitter.com/survivingstores/status/382568447483187202"/>
		<document id="382606049741529088" url="https://twitter.com/survivingstores/status/382606049741529088"/>
		<document id="382609564111101952" url="https://twitter.com/survivingstores/status/382609564111101952"/>
		<document id="382613396375359490" url="https://twitter.com/survivingstores/status/382613396375359490"/>
		<document id="382619456838438912" url="https://twitter.com/survivingstores/status/382619456838438912"/>
		<document id="382624495430676480" url="https://twitter.com/survivingstores/status/382624495430676480"/>
		<document id="382867935103959041" url="https://twitter.com/survivingstores/status/382867935103959041"/>
		<document id="382886616978558976" url="https://twitter.com/survivingstores/status/382886616978558976"/>
		<document id="382901039264837633" url="https://twitter.com/survivingstores/status/382901039264837633"/>
		<document id="382914015397048320" url="https://twitter.com/survivingstores/status/382914015397048320"/>
		<document id="382926816396062720" url="https://twitter.com/survivingstores/status/382926816396062720"/>
		<document id="382934554190684160" url="https://twitter.com/survivingstores/status/382934554190684160"/>
		<document id="382960602458505216" url="https://twitter.com/survivingstores/status/382960602458505216"/>
		<document id="382965162736484352" url="https://twitter.com/survivingstores/status/382965162736484352"/>
		<document id="382968065454915584" url="https://twitter.com/survivingstores/status/382968065454915584"/>
		<document id="382983516759158784" url="https://twitter.com/survivingstores/status/382983516759158784"/>
		<document id="383001246493204480" url="https://twitter.com/survivingstores/status/383001246493204480"/>
		<document id="383243344131788800" url="https://twitter.com/survivingstores/status/383243344131788800"/>
		<document id="383258556025143296" url="https://twitter.com/survivingstores/status/383258556025143296"/>
		<document id="383265205926371328" url="https://twitter.com/survivingstores/status/383265205926371328"/>
		<document id="383273127678980096" url="https://twitter.com/survivingstores/status/383273127678980096"/>
		<document id="383292219853004800" url="https://twitter.com/survivingstores/status/383292219853004800"/>
		<document id="383294357752651776" url="https://twitter.com/survivingstores/status/383294357752651776"/>
		<document id="383300182336479232" url="https://twitter.com/survivingstores/status/383300182336479232"/>
		<document id="383319086320472065" url="https://twitter.com/survivingstores/status/383319086320472065"/>
		<document id="383336264771960834" url="https://twitter.com/survivingstores/status/383336264771960834"/>
		<document id="383336375199612929" url="https://twitter.com/survivingstores/status/383336375199612929"/>
		<document id="383595831657390080" url="https://twitter.com/survivingstores/status/383595831657390080"/>
		<document id="383644399856398337" url="https://twitter.com/survivingstores/status/383644399856398337"/>
		<document id="383684848864329728" url="https://twitter.com/survivingstores/status/383684848864329728"/>
		<document id="383688658336768001" url="https://twitter.com/survivingstores/status/383688658336768001"/>
		<document id="383691132888039424" url="https://twitter.com/survivingstores/status/383691132888039424"/>
		<document id="383693051580805120" url="https://twitter.com/survivingstores/status/383693051580805120"/>
		<document id="383706227202457601" url="https://twitter.com/survivingstores/status/383706227202457601"/>
		<document id="383716645891362816" url="https://twitter.com/survivingstores/status/383716645891362816"/>
		<document id="383721848745119744" url="https://twitter.com/survivingstores/status/383721848745119744"/>
		<document id="383747024950013953" url="https://twitter.com/survivingstores/status/383747024950013953"/>
		<document id="383958866523738112" url="https://twitter.com/survivingstores/status/383958866523738112"/>
		<document id="384003891492159488" url="https://twitter.com/survivingstores/status/384003891492159488"/>
		<document id="384679598727778304" url="https://twitter.com/survivingstores/status/384679598727778304"/>
		<document id="384681853262651392" url="https://twitter.com/survivingstores/status/384681853262651392"/>
		<document id="384686980019142656" url="https://twitter.com/survivingstores/status/384686980019142656"/>
		<document id="384694058615963649" url="https://twitter.com/survivingstores/status/384694058615963649"/>
		<document id="384698845344444417" url="https://twitter.com/survivingstores/status/384698845344444417"/>
		<document id="384711139336019968" url="https://twitter.com/survivingstores/status/384711139336019968"/>
		<document id="384727572279328768" url="https://twitter.com/survivingstores/status/384727572279328768"/>
		<document id="384751972793868289" url="https://twitter.com/survivingstores/status/384751972793868289"/>
		<document id="384801494165229569" url="https://twitter.com/survivingstores/status/384801494165229569"/>
		<document id="384830036500426753" url="https://twitter.com/survivingstores/status/384830036500426753"/>
		<document id="384834463995146240" url="https://twitter.com/survivingstores/status/384834463995146240"/>
		<document id="384837951571521536" url="https://twitter.com/survivingstores/status/384837951571521536"/>
		<document id="385030661955792896" url="https://twitter.com/survivingstores/status/385030661955792896"/>
		<document id="385044104712712193" url="https://twitter.com/survivingstores/status/385044104712712193"/>
		<document id="385054735981490177" url="https://twitter.com/survivingstores/status/385054735981490177"/>
		<document id="385059869012676608" url="https://twitter.com/survivingstores/status/385059869012676608"/>
		<document id="385085867305340928" url="https://twitter.com/survivingstores/status/385085867305340928"/>
		<document id="385091382060150784" url="https://twitter.com/survivingstores/status/385091382060150784"/>
		<document id="385151668418904064" url="https://twitter.com/survivingstores/status/385151668418904064"/>
		<document id="385394344422674432" url="https://twitter.com/survivingstores/status/385394344422674432"/>
		<document id="385405010994933760" url="https://twitter.com/survivingstores/status/385405010994933760"/>
		<document id="385421218360213504" url="https://twitter.com/survivingstores/status/385421218360213504"/>
		<document id="385448402210680833" url="https://twitter.com/survivingstores/status/385448402210680833"/>
		<document id="385509305916456960" url="https://twitter.com/survivingstores/status/385509305916456960"/>
		<document id="385518206758055937" url="https://twitter.com/survivingstores/status/385518206758055937"/>
		<document id="385765301737885697" url="https://twitter.com/survivingstores/status/385765301737885697"/>
		<document id="385775470781800449" url="https://twitter.com/survivingstores/status/385775470781800449"/>
		<document id="385781366387793920" url="https://twitter.com/survivingstores/status/385781366387793920"/>
		<document id="385783660491714560" url="https://twitter.com/survivingstores/status/385783660491714560"/>
		<document id="385787463639117825" url="https://twitter.com/survivingstores/status/385787463639117825"/>
		<document id="385804945527537664" url="https://twitter.com/survivingstores/status/385804945527537664"/>
		<document id="385817252924108800" url="https://twitter.com/survivingstores/status/385817252924108800"/>
		<document id="385850809348390912" url="https://twitter.com/survivingstores/status/385850809348390912"/>
		<document id="386136521918541826" url="https://twitter.com/survivingstores/status/386136521918541826"/>
		<document id="386139995091656705" url="https://twitter.com/survivingstores/status/386139995091656705"/>
		<document id="386209004193456128" url="https://twitter.com/survivingstores/status/386209004193456128"/>
		<document id="386224802555387904" url="https://twitter.com/survivingstores/status/386224802555387904"/>
		<document id="386250096209186816" url="https://twitter.com/survivingstores/status/386250096209186816"/>
		<document id="386256138133467136" url="https://twitter.com/survivingstores/status/386256138133467136"/>
		<document id="387206799390035968" url="https://twitter.com/survivingstores/status/387206799390035968"/>
		<document id="387208550956531712" url="https://twitter.com/survivingstores/status/387208550956531712"/>
		<document id="387237536776482817" url="https://twitter.com/survivingstores/status/387237536776482817"/>
		<document id="387241357858729984" url="https://twitter.com/survivingstores/status/387241357858729984"/>
		<document id="387253988220878848" url="https://twitter.com/survivingstores/status/387253988220878848"/>
		<document id="387613880647573504" url="https://twitter.com/survivingstores/status/387613880647573504"/>
		<document id="387666258293825536" url="https://twitter.com/survivingstores/status/387666258293825536"/>
		<document id="387986860070281216" url="https://twitter.com/survivingstores/status/387986860070281216"/>
		<document id="388011657932206080" url="https://twitter.com/survivingstores/status/388011657932206080"/>
		<document id="388062988353011712" url="https://twitter.com/survivingstores/status/388062988353011712"/>
		<document id="388077728546557952" url="https://twitter.com/survivingstores/status/388077728546557952"/>
		<document id="388320449332908032" url="https://twitter.com/survivingstores/status/388320449332908032"/>
		<document id="388666078349361152" url="https://twitter.com/survivingstores/status/388666078349361152"/>
		<document id="388670447862042624" url="https://twitter.com/survivingstores/status/388670447862042624"/>
		<document id="388691697602793472" url="https://twitter.com/survivingstores/status/388691697602793472"/>
		<document id="389776526754852867" url="https://twitter.com/survivingstores/status/389776526754852867"/>
		<document id="389778767972823040" url="https://twitter.com/survivingstores/status/389778767972823040"/>
		<document id="389787125010268161" url="https://twitter.com/survivingstores/status/389787125010268161"/>
		<document id="389796585741107200" url="https://twitter.com/survivingstores/status/389796585741107200"/>
		<document id="389838239239921665" url="https://twitter.com/survivingstores/status/389838239239921665"/>
		<document id="390111636582703105" url="https://twitter.com/survivingstores/status/390111636582703105"/>
		<document id="390129463100313600" url="https://twitter.com/survivingstores/status/390129463100313600"/>
		<document id="390131052540203011" url="https://twitter.com/survivingstores/status/390131052540203011"/>
		<document id="390144542768250881" url="https://twitter.com/survivingstores/status/390144542768250881"/>
		<document id="390147483973611520" url="https://twitter.com/survivingstores/status/390147483973611520"/>
		<document id="390164408392900608" url="https://twitter.com/survivingstores/status/390164408392900608"/>
		<document id="390170010154307587" url="https://twitter.com/survivingstores/status/390170010154307587"/>
		<document id="390179918358646784" url="https://twitter.com/survivingstores/status/390179918358646784"/>
		<document id="390199592823709697" url="https://twitter.com/survivingstores/status/390199592823709697"/>
		<document id="390202594129240064" url="https://twitter.com/survivingstores/status/390202594129240064"/>
		<document id="390254882113859584" url="https://twitter.com/survivingstores/status/390254882113859584"/>
		<document id="390474488027963392" url="https://twitter.com/survivingstores/status/390474488027963392"/>
		<document id="390501733459185664" url="https://twitter.com/survivingstores/status/390501733459185664"/>
		<document id="390508969644421120" url="https://twitter.com/survivingstores/status/390508969644421120"/>
		<document id="390514211891056640" url="https://twitter.com/survivingstores/status/390514211891056640"/>
		<document id="390518364906344448" url="https://twitter.com/survivingstores/status/390518364906344448"/>
		<document id="390552868727439360" url="https://twitter.com/survivingstores/status/390552868727439360"/>
		<document id="390561000715350016" url="https://twitter.com/survivingstores/status/390561000715350016"/>
		<document id="390585400906891264" url="https://twitter.com/survivingstores/status/390585400906891264"/>
		<document id="390596545038409728" url="https://twitter.com/survivingstores/status/390596545038409728"/>
		<document id="390598721152364544" url="https://twitter.com/survivingstores/status/390598721152364544"/>
		<document id="390605496098357248" url="https://twitter.com/survivingstores/status/390605496098357248"/>
		<document id="390623537225936896" url="https://twitter.com/survivingstores/status/390623537225936896"/>
		<document id="390854442125250560" url="https://twitter.com/survivingstores/status/390854442125250560"/>
		<document id="390866075379707905" url="https://twitter.com/survivingstores/status/390866075379707905"/>
		<document id="390879126271180800" url="https://twitter.com/survivingstores/status/390879126271180800"/>
		<document id="390885394977259520" url="https://twitter.com/survivingstores/status/390885394977259520"/>
		<document id="390889807900966912" url="https://twitter.com/survivingstores/status/390889807900966912"/>
		<document id="390894244870627328" url="https://twitter.com/survivingstores/status/390894244870627328"/>
		<document id="390908008823132161" url="https://twitter.com/survivingstores/status/390908008823132161"/>
		<document id="390922948682326016" url="https://twitter.com/survivingstores/status/390922948682326016"/>
		<document id="390925508193435648" url="https://twitter.com/survivingstores/status/390925508193435648"/>
		<document id="390934078196690944" url="https://twitter.com/survivingstores/status/390934078196690944"/>
		<document id="390956652104777729" url="https://twitter.com/survivingstores/status/390956652104777729"/>
		<document id="390969081371054080" url="https://twitter.com/survivingstores/status/390969081371054080"/>
		<document id="390973206909030400" url="https://twitter.com/survivingstores/status/390973206909030400"/>
		<document id="391269631937089536" url="https://twitter.com/survivingstores/status/391269631937089536"/>
		<document id="391283917786841088" url="https://twitter.com/survivingstores/status/391283917786841088"/>
		<document id="391289568047030272" url="https://twitter.com/survivingstores/status/391289568047030272"/>
		<document id="391294857320210432" url="https://twitter.com/survivingstores/status/391294857320210432"/>
		<document id="391300562202791936" url="https://twitter.com/survivingstores/status/391300562202791936"/>
		<document id="391310139451375616" url="https://twitter.com/survivingstores/status/391310139451375616"/>
		<document id="391313876651761664" url="https://twitter.com/survivingstores/status/391313876651761664"/>
		<document id="391608815256211456" url="https://twitter.com/survivingstores/status/391608815256211456"/>
		<document id="391627045337182208" url="https://twitter.com/survivingstores/status/391627045337182208"/>
		<document id="391633534449750016" url="https://twitter.com/survivingstores/status/391633534449750016"/>
		<document id="392307729273847808" url="https://twitter.com/survivingstores/status/392307729273847808"/>
		<document id="392312876586651649" url="https://twitter.com/survivingstores/status/392312876586651649"/>
		<document id="392324449229238272" url="https://twitter.com/survivingstores/status/392324449229238272"/>
		<document id="392328955098722304" url="https://twitter.com/survivingstores/status/392328955098722304"/>
		<document id="392360186511257600" url="https://twitter.com/survivingstores/status/392360186511257600"/>
		<document id="392364379338862592" url="https://twitter.com/survivingstores/status/392364379338862592"/>
		<document id="392382106619228160" url="https://twitter.com/survivingstores/status/392382106619228160"/>
		<document id="392475259758059522" url="https://twitter.com/survivingstores/status/392475259758059522"/>
		<document id="392685658449256448" url="https://twitter.com/survivingstores/status/392685658449256448"/>
		<document id="392761417348042753" url="https://twitter.com/survivingstores/status/392761417348042753"/>
		<document id="393022237726367744" url="https://twitter.com/survivingstores/status/393022237726367744"/>
		<document id="393045303269392384" url="https://twitter.com/survivingstores/status/393045303269392384"/>
		<document id="393072394564153344" url="https://twitter.com/survivingstores/status/393072394564153344"/>
		<document id="393082612945666048" url="https://twitter.com/survivingstores/status/393082612945666048"/>
		<document id="393107070699843584" url="https://twitter.com/survivingstores/status/393107070699843584"/>
		<document id="393376233381052417" url="https://twitter.com/survivingstores/status/393376233381052417"/>
		<document id="393411457179590657" url="https://twitter.com/survivingstores/status/393411457179590657"/>
		<document id="393736761743925248" url="https://twitter.com/survivingstores/status/393736761743925248"/>
		<document id="394106121520037888" url="https://twitter.com/survivingstores/status/394106121520037888"/>
		<document id="394204472932438016" url="https://twitter.com/survivingstores/status/394204472932438016"/>
		<document id="394891734250840064" url="https://twitter.com/survivingstores/status/394891734250840064"/>
		<document id="395230359966588928" url="https://twitter.com/survivingstores/status/395230359966588928"/>
		<document id="395272372346826753" url="https://twitter.com/survivingstores/status/395272372346826753"/>
		<document id="395284551397679104" url="https://twitter.com/survivingstores/status/395284551397679104"/>
		<document id="395307775472852992" url="https://twitter.com/survivingstores/status/395307775472852992"/>
		<document id="395549088050987008" url="https://twitter.com/survivingstores/status/395549088050987008"/>
		<document id="395626134601089024" url="https://twitter.com/survivingstores/status/395626134601089024"/>
		<document id="395699283959103488" url="https://twitter.com/survivingstores/status/395699283959103488"/>
		<document id="395905407337521152" url="https://twitter.com/survivingstores/status/395905407337521152"/>
		<document id="395966536231301120" url="https://twitter.com/survivingstores/status/395966536231301120"/>
		<document id="396416094887346176" url="https://twitter.com/survivingstores/status/396416094887346176"/>
		<document id="396638934584655873" url="https://twitter.com/survivingstores/status/396638934584655873"/>
		<document id="396656579333734402" url="https://twitter.com/survivingstores/status/396656579333734402"/>
		<document id="396702082087923712" url="https://twitter.com/survivingstores/status/396702082087923712"/>
		<document id="396759541204783104" url="https://twitter.com/survivingstores/status/396759541204783104"/>
		<document id="397458153211564032" url="https://twitter.com/survivingstores/status/397458153211564032"/>
		<document id="397483556789710848" url="https://twitter.com/survivingstores/status/397483556789710848"/>
		<document id="397721083672928257" url="https://twitter.com/survivingstores/status/397721083672928257"/>
		<document id="397738449110716417" url="https://twitter.com/survivingstores/status/397738449110716417"/>
		<document id="397860032504541184" url="https://twitter.com/survivingstores/status/397860032504541184"/>
		<document id="398101121912152064" url="https://twitter.com/survivingstores/status/398101121912152064"/>
		<document id="398110703057260545" url="https://twitter.com/survivingstores/status/398110703057260545"/>
		<document id="398116100052758529" url="https://twitter.com/survivingstores/status/398116100052758529"/>
		<document id="398223674332819456" url="https://twitter.com/survivingstores/status/398223674332819456"/>
		<document id="398581447176376320" url="https://twitter.com/survivingstores/status/398581447176376320"/>
		<document id="398659425033932800" url="https://twitter.com/survivingstores/status/398659425033932800"/>
		<document id="398848552031367168" url="https://twitter.com/survivingstores/status/398848552031367168"/>
		<document id="398926029495861248" url="https://twitter.com/survivingstores/status/398926029495861248"/>
		<document id="398972149555142656" url="https://twitter.com/survivingstores/status/398972149555142656"/>
		<document id="398993070395383808" url="https://twitter.com/survivingstores/status/398993070395383808"/>
		<document id="399199111041150977" url="https://twitter.com/survivingstores/status/399199111041150977"/>
		<document id="400054507544924160" url="https://twitter.com/survivingstores/status/400054507544924160"/>
		<document id="400781247896489984" url="https://twitter.com/survivingstores/status/400781247896489984"/>
		<document id="401527795777429504" url="https://twitter.com/survivingstores/status/401527795777429504"/>
		<document id="401527992523845633" url="https://twitter.com/survivingstores/status/401527992523845633"/>
		<document id="401731302350544896" url="https://twitter.com/survivingstores/status/401731302350544896"/>
		<document id="402590609069723648" url="https://twitter.com/survivingstores/status/402590609069723648"/>
		<document id="402938878719295488" url="https://twitter.com/survivingstores/status/402938878719295488"/>
		<document id="403377001777487872" url="https://twitter.com/survivingstores/status/403377001777487872"/>
		<document id="405745475434721280" url="https://twitter.com/survivingstores/status/405745475434721280"/>
		<document id="406139432098480128" url="https://twitter.com/survivingstores/status/406139432098480128"/>
		<document id="407359243331723264" url="https://twitter.com/survivingstores/status/407359243331723264"/>
		<document id="407653361173819392" url="https://twitter.com/survivingstores/status/407653361173819392"/>
		<document id="408018572447723521" url="https://twitter.com/survivingstores/status/408018572447723521"/>
		<document id="408050432217325569" url="https://twitter.com/survivingstores/status/408050432217325569"/>
		<document id="408102542988435456" url="https://twitter.com/survivingstores/status/408102542988435456"/>
		<document id="408353815243415555" url="https://twitter.com/survivingstores/status/408353815243415555"/>
		<document id="408374659495628801" url="https://twitter.com/survivingstores/status/408374659495628801"/>
		<document id="409028740790751233" url="https://twitter.com/survivingstores/status/409028740790751233"/>
		<document id="409784282563887106" url="https://twitter.com/survivingstores/status/409784282563887106"/>
		<document id="409901412567777280" url="https://twitter.com/survivingstores/status/409901412567777280"/>
		<document id="410135100534173696" url="https://twitter.com/survivingstores/status/410135100534173696"/>
		<document id="410196597180727296" url="https://twitter.com/survivingstores/status/410196597180727296"/>
		<document id="410449114661277696" url="https://twitter.com/survivingstores/status/410449114661277696"/>
		<document id="410469742529372160" url="https://twitter.com/survivingstores/status/410469742529372160"/>
		<document id="410471512894750721" url="https://twitter.com/survivingstores/status/410471512894750721"/>
		<document id="410472469280342016" url="https://twitter.com/survivingstores/status/410472469280342016"/>
		<document id="410472818779119616" url="https://twitter.com/survivingstores/status/410472818779119616"/>
		<document id="410473207104536578" url="https://twitter.com/survivingstores/status/410473207104536578"/>
		<document id="410474742567940096" url="https://twitter.com/survivingstores/status/410474742567940096"/>
		<document id="410474959577047040" url="https://twitter.com/survivingstores/status/410474959577047040"/>
		<document id="410475480526368769" url="https://twitter.com/survivingstores/status/410475480526368769"/>
		<document id="410476022682112000" url="https://twitter.com/survivingstores/status/410476022682112000"/>
		<document id="410476219403362304" url="https://twitter.com/survivingstores/status/410476219403362304"/>
		<document id="410476487700385792" url="https://twitter.com/survivingstores/status/410476487700385792"/>
		<document id="410477587878932480" url="https://twitter.com/survivingstores/status/410477587878932480"/>
		<document id="410478984871555072" url="https://twitter.com/survivingstores/status/410478984871555072"/>
		<document id="410480380127752193" url="https://twitter.com/survivingstores/status/410480380127752193"/>
		<document id="410483423737024513" url="https://twitter.com/survivingstores/status/410483423737024513"/>
		<document id="410897056350224384" url="https://twitter.com/survivingstores/status/410897056350224384"/>
		<document id="411323485890170880" url="https://twitter.com/survivingstores/status/411323485890170880"/>
		<document id="412046498164006912" url="https://twitter.com/survivingstores/status/412046498164006912"/>
		<document id="412608596514308096" url="https://twitter.com/survivingstores/status/412608596514308096"/>
		<document id="412643135198478336" url="https://twitter.com/survivingstores/status/412643135198478336"/>
		<document id="412679014818390016" url="https://twitter.com/survivingstores/status/412679014818390016"/>
		<document id="412961311610650624" url="https://twitter.com/survivingstores/status/412961311610650624"/>
		<document id="413103843052769281" url="https://twitter.com/survivingstores/status/413103843052769281"/>
		<document id="413412791752458240" url="https://twitter.com/survivingstores/status/413412791752458240"/>
		<document id="413446747965243395" url="https://twitter.com/survivingstores/status/413446747965243395"/>
		<document id="418060674653122560" url="https://twitter.com/survivingstores/status/418060674653122560"/>
		<document id="418800607596519424" url="https://twitter.com/survivingstores/status/418800607596519424"/>
		<document id="418815270736494592" url="https://twitter.com/survivingstores/status/418815270736494592"/>
		<document id="418920204932898816" url="https://twitter.com/survivingstores/status/418920204932898816"/>
		<document id="419174802234957825" url="https://twitter.com/survivingstores/status/419174802234957825"/>
		<document id="419191909756571648" url="https://twitter.com/survivingstores/status/419191909756571648"/>
		<document id="419844487813550080" url="https://twitter.com/survivingstores/status/419844487813550080"/>
		<document id="419845208357208065" url="https://twitter.com/survivingstores/status/419845208357208065"/>
	</documents>
</author>