<?xml version="1.0" encoding="UTF-8" standalone="no"?><author age_group="xx" gender="xx" lang="EN" type="twitter" url="https://twitter.com/LauraHarders">
	<documents count="51">
		<document id="212168393015562240" url="https://twitter.com/LauraHarders/status/212168393015562240"/>
		<document id="215257012580261889" url="https://twitter.com/LauraHarders/status/215257012580261889"/>
		<document id="227377599821778946" url="https://twitter.com/LauraHarders/status/227377599821778946"/>
		<document id="227871246841421824" url="https://twitter.com/LauraHarders/status/227871246841421824"/>
		<document id="228616655125745665" url="https://twitter.com/LauraHarders/status/228616655125745665"/>
		<document id="240163361051000833" url="https://twitter.com/LauraHarders/status/240163361051000833"/>
		<document id="256609549832830977" url="https://twitter.com/LauraHarders/status/256609549832830977"/>
		<document id="257893512194961408" url="https://twitter.com/LauraHarders/status/257893512194961408"/>
		<document id="258941604205838336" url="https://twitter.com/LauraHarders/status/258941604205838336"/>
		<document id="258943651420446720" url="https://twitter.com/LauraHarders/status/258943651420446720"/>
		<document id="258946177150619648" url="https://twitter.com/LauraHarders/status/258946177150619648"/>
		<document id="258963794993233920" url="https://twitter.com/LauraHarders/status/258963794993233920"/>
		<document id="258995938117423105" url="https://twitter.com/LauraHarders/status/258995938117423105"/>
		<document id="259042899461824512" url="https://twitter.com/LauraHarders/status/259042899461824512"/>
		<document id="261184462883266560" url="https://twitter.com/LauraHarders/status/261184462883266560"/>
		<document id="264723847746555904" url="https://twitter.com/LauraHarders/status/264723847746555904"/>
		<document id="268799408357920770" url="https://twitter.com/LauraHarders/status/268799408357920770"/>
		<document id="270548187373268992" url="https://twitter.com/LauraHarders/status/270548187373268992"/>
		<document id="270901172611723269" url="https://twitter.com/LauraHarders/status/270901172611723269"/>
		<document id="271276882748637184" url="https://twitter.com/LauraHarders/status/271276882748637184"/>
		<document id="273946212535767041" url="https://twitter.com/LauraHarders/status/273946212535767041"/>
		<document id="276417868155994112" url="https://twitter.com/LauraHarders/status/276417868155994112"/>
		<document id="296691884418560001" url="https://twitter.com/LauraHarders/status/296691884418560001"/>
		<document id="296692508954619904" url="https://twitter.com/LauraHarders/status/296692508954619904"/>
		<document id="298822849316134912" url="https://twitter.com/LauraHarders/status/298822849316134912"/>
		<document id="304633386973143040" url="https://twitter.com/LauraHarders/status/304633386973143040"/>
		<document id="312009880347222016" url="https://twitter.com/LauraHarders/status/312009880347222016"/>
		<document id="314117529306025984" url="https://twitter.com/LauraHarders/status/314117529306025984"/>
		<document id="319822326642380803" url="https://twitter.com/LauraHarders/status/319822326642380803"/>
		<document id="326162134255943680" url="https://twitter.com/LauraHarders/status/326162134255943680"/>
		<document id="339532070151921664" url="https://twitter.com/LauraHarders/status/339532070151921664"/>
		<document id="341291356460814336" url="https://twitter.com/LauraHarders/status/341291356460814336"/>
		<document id="344622922033422337" url="https://twitter.com/LauraHarders/status/344622922033422337"/>
		<document id="357242539889270785" url="https://twitter.com/LauraHarders/status/357242539889270785"/>
		<document id="368810502182281217" url="https://twitter.com/LauraHarders/status/368810502182281217"/>
		<document id="381011951075487744" url="https://twitter.com/LauraHarders/status/381011951075487744"/>
		<document id="383231461383733248" url="https://twitter.com/LauraHarders/status/383231461383733248"/>
		<document id="387395126546694144" url="https://twitter.com/LauraHarders/status/387395126546694144"/>
		<document id="387905374810284033" url="https://twitter.com/LauraHarders/status/387905374810284033"/>
		<document id="389455611710427136" url="https://twitter.com/LauraHarders/status/389455611710427136"/>
		<document id="390497988197359617" url="https://twitter.com/LauraHarders/status/390497988197359617"/>
		<document id="391191358440226816" url="https://twitter.com/LauraHarders/status/391191358440226816"/>
		<document id="392068794530557952" url="https://twitter.com/LauraHarders/status/392068794530557952"/>
		<document id="392986835519299584" url="https://twitter.com/LauraHarders/status/392986835519299584"/>
		<document id="397792656979267585" url="https://twitter.com/LauraHarders/status/397792656979267585"/>
		<document id="397793476185571329" url="https://twitter.com/LauraHarders/status/397793476185571329"/>
		<document id="400670856197599232" url="https://twitter.com/LauraHarders/status/400670856197599232"/>
		<document id="405760584471171072" url="https://twitter.com/LauraHarders/status/405760584471171072"/>
		<document id="410053670458257408" url="https://twitter.com/LauraHarders/status/410053670458257408"/>
		<document id="410881802400976896" url="https://twitter.com/LauraHarders/status/410881802400976896"/>
		<document id="415894978255024129" url="https://twitter.com/LauraHarders/status/415894978255024129"/>
	</documents>
</author>