<?xml version="1.0" encoding="UTF-8" standalone="no"?><author age_group="xx" gender="xx" lang="EN" type="twitter" url="https://twitter.com/danichain_">
	<documents count="835">
		<document id="249233552535871488" url="https://twitter.com/danichain_/status/249233552535871488"/>
		<document id="249503793136427008" url="https://twitter.com/danichain_/status/249503793136427008"/>
		<document id="249574778942390272" url="https://twitter.com/danichain_/status/249574778942390272"/>
		<document id="249637909509074944" url="https://twitter.com/danichain_/status/249637909509074944"/>
		<document id="249714808327401472" url="https://twitter.com/danichain_/status/249714808327401472"/>
		<document id="249735749090566144" url="https://twitter.com/danichain_/status/249735749090566144"/>
		<document id="249740633005228032" url="https://twitter.com/danichain_/status/249740633005228032"/>
		<document id="249747284659691520" url="https://twitter.com/danichain_/status/249747284659691520"/>
		<document id="249782985275101184" url="https://twitter.com/danichain_/status/249782985275101184"/>
		<document id="249786416337387522" url="https://twitter.com/danichain_/status/249786416337387522"/>
		<document id="250227557130178560" url="https://twitter.com/danichain_/status/250227557130178560"/>
		<document id="250607010045915139" url="https://twitter.com/danichain_/status/250607010045915139"/>
		<document id="250756910855372800" url="https://twitter.com/danichain_/status/250756910855372800"/>
		<document id="250792507498188801" url="https://twitter.com/danichain_/status/250792507498188801"/>
		<document id="250821908889747456" url="https://twitter.com/danichain_/status/250821908889747456"/>
		<document id="250967841183002626" url="https://twitter.com/danichain_/status/250967841183002626"/>
		<document id="251129070241325056" url="https://twitter.com/danichain_/status/251129070241325056"/>
		<document id="251132420911423489" url="https://twitter.com/danichain_/status/251132420911423489"/>
		<document id="251133807472812033" url="https://twitter.com/danichain_/status/251133807472812033"/>
		<document id="251460245073838081" url="https://twitter.com/danichain_/status/251460245073838081"/>
		<document id="251816237296922625" url="https://twitter.com/danichain_/status/251816237296922625"/>
		<document id="252273067965964288" url="https://twitter.com/danichain_/status/252273067965964288"/>
		<document id="252449869111889920" url="https://twitter.com/danichain_/status/252449869111889920"/>
		<document id="252506059934154754" url="https://twitter.com/danichain_/status/252506059934154754"/>
		<document id="252523886770520064" url="https://twitter.com/danichain_/status/252523886770520064"/>
		<document id="252526710782820352" url="https://twitter.com/danichain_/status/252526710782820352"/>
		<document id="252530216067555328" url="https://twitter.com/danichain_/status/252530216067555328"/>
		<document id="252608803026128896" url="https://twitter.com/danichain_/status/252608803026128896"/>
		<document id="252821144984498176" url="https://twitter.com/danichain_/status/252821144984498176"/>
		<document id="252908807267680256" url="https://twitter.com/danichain_/status/252908807267680256"/>
		<document id="252933251319078912" url="https://twitter.com/danichain_/status/252933251319078912"/>
		<document id="252934253061472257" url="https://twitter.com/danichain_/status/252934253061472257"/>
		<document id="252939889279135745" url="https://twitter.com/danichain_/status/252939889279135745"/>
		<document id="252954728823148544" url="https://twitter.com/danichain_/status/252954728823148544"/>
		<document id="253490453767405569" url="https://twitter.com/danichain_/status/253490453767405569"/>
		<document id="253491018131963904" url="https://twitter.com/danichain_/status/253491018131963904"/>
		<document id="253544518320807936" url="https://twitter.com/danichain_/status/253544518320807936"/>
		<document id="253624709617442816" url="https://twitter.com/danichain_/status/253624709617442816"/>
		<document id="253671261505478658" url="https://twitter.com/danichain_/status/253671261505478658"/>
		<document id="253673659506511874" url="https://twitter.com/danichain_/status/253673659506511874"/>
		<document id="253676691338170369" url="https://twitter.com/danichain_/status/253676691338170369"/>
		<document id="253945807450013696" url="https://twitter.com/danichain_/status/253945807450013696"/>
		<document id="253995046137917440" url="https://twitter.com/danichain_/status/253995046137917440"/>
		<document id="254195957741281280" url="https://twitter.com/danichain_/status/254195957741281280"/>
		<document id="254196109373747201" url="https://twitter.com/danichain_/status/254196109373747201"/>
		<document id="254196655174328321" url="https://twitter.com/danichain_/status/254196655174328321"/>
		<document id="254239965721030656" url="https://twitter.com/danichain_/status/254239965721030656"/>
		<document id="254314653285507072" url="https://twitter.com/danichain_/status/254314653285507072"/>
		<document id="254354579980959744" url="https://twitter.com/danichain_/status/254354579980959744"/>
		<document id="254418870050365440" url="https://twitter.com/danichain_/status/254418870050365440"/>
		<document id="254426901886676992" url="https://twitter.com/danichain_/status/254426901886676992"/>
		<document id="254437641183973376" url="https://twitter.com/danichain_/status/254437641183973376"/>
		<document id="254666519928262656" url="https://twitter.com/danichain_/status/254666519928262656"/>
		<document id="254895280275734528" url="https://twitter.com/danichain_/status/254895280275734528"/>
		<document id="254900261137563648" url="https://twitter.com/danichain_/status/254900261137563648"/>
		<document id="255053095938162688" url="https://twitter.com/danichain_/status/255053095938162688"/>
		<document id="255090105541332993" url="https://twitter.com/danichain_/status/255090105541332993"/>
		<document id="255137531639758850" url="https://twitter.com/danichain_/status/255137531639758850"/>
		<document id="255143884445847554" url="https://twitter.com/danichain_/status/255143884445847554"/>
		<document id="255165088120586240" url="https://twitter.com/danichain_/status/255165088120586240"/>
		<document id="255466900090392576" url="https://twitter.com/danichain_/status/255466900090392576"/>
		<document id="255491927162642432" url="https://twitter.com/danichain_/status/255491927162642432"/>
		<document id="255502776417792000" url="https://twitter.com/danichain_/status/255502776417792000"/>
		<document id="255876967386193920" url="https://twitter.com/danichain_/status/255876967386193920"/>
		<document id="256541708215541761" url="https://twitter.com/danichain_/status/256541708215541761"/>
		<document id="256574783955804160" url="https://twitter.com/danichain_/status/256574783955804160"/>
		<document id="256578307720613889" url="https://twitter.com/danichain_/status/256578307720613889"/>
		<document id="256585925134528512" url="https://twitter.com/danichain_/status/256585925134528512"/>
		<document id="256940932711194624" url="https://twitter.com/danichain_/status/256940932711194624"/>
		<document id="256941583784607744" url="https://twitter.com/danichain_/status/256941583784607744"/>
		<document id="256950330510671872" url="https://twitter.com/danichain_/status/256950330510671872"/>
		<document id="256952440979607552" url="https://twitter.com/danichain_/status/256952440979607552"/>
		<document id="257126585793138688" url="https://twitter.com/danichain_/status/257126585793138688"/>
		<document id="257225437128822785" url="https://twitter.com/danichain_/status/257225437128822785"/>
		<document id="257244168911478784" url="https://twitter.com/danichain_/status/257244168911478784"/>
		<document id="257315555432878080" url="https://twitter.com/danichain_/status/257315555432878080"/>
		<document id="257328046724481024" url="https://twitter.com/danichain_/status/257328046724481024"/>
		<document id="258375665429118978" url="https://twitter.com/danichain_/status/258375665429118978"/>
		<document id="258403540144361472" url="https://twitter.com/danichain_/status/258403540144361472"/>
		<document id="258405555473895424" url="https://twitter.com/danichain_/status/258405555473895424"/>
		<document id="258406434486751233" url="https://twitter.com/danichain_/status/258406434486751233"/>
		<document id="258407000625528832" url="https://twitter.com/danichain_/status/258407000625528832"/>
		<document id="258408106755751939" url="https://twitter.com/danichain_/status/258408106755751939"/>
		<document id="258408595807424513" url="https://twitter.com/danichain_/status/258408595807424513"/>
		<document id="258667931066589185" url="https://twitter.com/danichain_/status/258667931066589185"/>
		<document id="258992841802526720" url="https://twitter.com/danichain_/status/258992841802526720"/>
		<document id="259039797895630848" url="https://twitter.com/danichain_/status/259039797895630848"/>
		<document id="259661699357999105" url="https://twitter.com/danichain_/status/259661699357999105"/>
		<document id="259663604524134400" url="https://twitter.com/danichain_/status/259663604524134400"/>
		<document id="259684083519586305" url="https://twitter.com/danichain_/status/259684083519586305"/>
		<document id="259735739204501504" url="https://twitter.com/danichain_/status/259735739204501504"/>
		<document id="260071525766533120" url="https://twitter.com/danichain_/status/260071525766533120"/>
		<document id="260568239929688066" url="https://twitter.com/danichain_/status/260568239929688066"/>
		<document id="261210738671120385" url="https://twitter.com/danichain_/status/261210738671120385"/>
		<document id="261834863466909696" url="https://twitter.com/danichain_/status/261834863466909696"/>
		<document id="262378950804766720" url="https://twitter.com/danichain_/status/262378950804766720"/>
		<document id="263710418898399232" url="https://twitter.com/danichain_/status/263710418898399232"/>
		<document id="263716172367806464" url="https://twitter.com/danichain_/status/263716172367806464"/>
		<document id="263789443238985728" url="https://twitter.com/danichain_/status/263789443238985728"/>
		<document id="263789538529398784" url="https://twitter.com/danichain_/status/263789538529398784"/>
		<document id="263819971262562304" url="https://twitter.com/danichain_/status/263819971262562304"/>
		<document id="263820052128739328" url="https://twitter.com/danichain_/status/263820052128739328"/>
		<document id="263821373145747457" url="https://twitter.com/danichain_/status/263821373145747457"/>
		<document id="264511111603314689" url="https://twitter.com/danichain_/status/264511111603314689"/>
		<document id="265811096500305920" url="https://twitter.com/danichain_/status/265811096500305920"/>
		<document id="265811096588410880" url="https://twitter.com/danichain_/status/265811096588410880"/>
		<document id="265989915475591168" url="https://twitter.com/danichain_/status/265989915475591168"/>
		<document id="266018791828357120" url="https://twitter.com/danichain_/status/266018791828357120"/>
		<document id="266032178255757313" url="https://twitter.com/danichain_/status/266032178255757313"/>
		<document id="266033837228822532" url="https://twitter.com/danichain_/status/266033837228822532"/>
		<document id="266034462612144129" url="https://twitter.com/danichain_/status/266034462612144129"/>
		<document id="266035215057686529" url="https://twitter.com/danichain_/status/266035215057686529"/>
		<document id="266036188727635969" url="https://twitter.com/danichain_/status/266036188727635969"/>
		<document id="266036648750485505" url="https://twitter.com/danichain_/status/266036648750485505"/>
		<document id="266037663537168387" url="https://twitter.com/danichain_/status/266037663537168387"/>
		<document id="266038316179259392" url="https://twitter.com/danichain_/status/266038316179259392"/>
		<document id="266042108077563904" url="https://twitter.com/danichain_/status/266042108077563904"/>
		<document id="266043156817117184" url="https://twitter.com/danichain_/status/266043156817117184"/>
		<document id="266044263572324353" url="https://twitter.com/danichain_/status/266044263572324353"/>
		<document id="266051952511700993" url="https://twitter.com/danichain_/status/266051952511700993"/>
		<document id="266054351238348800" url="https://twitter.com/danichain_/status/266054351238348800"/>
		<document id="266057566101045248" url="https://twitter.com/danichain_/status/266057566101045248"/>
		<document id="267018039525011456" url="https://twitter.com/danichain_/status/267018039525011456"/>
		<document id="267087468048838656" url="https://twitter.com/danichain_/status/267087468048838656"/>
		<document id="267090883881598976" url="https://twitter.com/danichain_/status/267090883881598976"/>
		<document id="267485408332500992" url="https://twitter.com/danichain_/status/267485408332500992"/>
		<document id="268213540211548161" url="https://twitter.com/danichain_/status/268213540211548161"/>
		<document id="268214771805995008" url="https://twitter.com/danichain_/status/268214771805995008"/>
		<document id="268409300693700609" url="https://twitter.com/danichain_/status/268409300693700609"/>
		<document id="268539490409250817" url="https://twitter.com/danichain_/status/268539490409250817"/>
		<document id="268815926370123776" url="https://twitter.com/danichain_/status/268815926370123776"/>
		<document id="268898813060714497" url="https://twitter.com/danichain_/status/268898813060714497"/>
		<document id="268899649446895616" url="https://twitter.com/danichain_/status/268899649446895616"/>
		<document id="268899775661883392" url="https://twitter.com/danichain_/status/268899775661883392"/>
		<document id="268900145171681281" url="https://twitter.com/danichain_/status/268900145171681281"/>
		<document id="268909929140719616" url="https://twitter.com/danichain_/status/268909929140719616"/>
		<document id="269255927390158850" url="https://twitter.com/danichain_/status/269255927390158850"/>
		<document id="269616807315398657" url="https://twitter.com/danichain_/status/269616807315398657"/>
		<document id="269618078139158529" url="https://twitter.com/danichain_/status/269618078139158529"/>
		<document id="269623157592322049" url="https://twitter.com/danichain_/status/269623157592322049"/>
		<document id="269637304920977408" url="https://twitter.com/danichain_/status/269637304920977408"/>
		<document id="269834133382000640" url="https://twitter.com/danichain_/status/269834133382000640"/>
		<document id="270917876955881472" url="https://twitter.com/danichain_/status/270917876955881472"/>
		<document id="270924616862674944" url="https://twitter.com/danichain_/status/270924616862674944"/>
		<document id="270955733116395520" url="https://twitter.com/danichain_/status/270955733116395520"/>
		<document id="271425998921297921" url="https://twitter.com/danichain_/status/271425998921297921"/>
		<document id="271445350420733952" url="https://twitter.com/danichain_/status/271445350420733952"/>
		<document id="272149940824858624" url="https://twitter.com/danichain_/status/272149940824858624"/>
		<document id="272897487700893697" url="https://twitter.com/danichain_/status/272897487700893697"/>
		<document id="273210846711250944" url="https://twitter.com/danichain_/status/273210846711250944"/>
		<document id="273995375273205760" url="https://twitter.com/danichain_/status/273995375273205760"/>
		<document id="274281435974746114" url="https://twitter.com/danichain_/status/274281435974746114"/>
		<document id="274332498144673793" url="https://twitter.com/danichain_/status/274332498144673793"/>
		<document id="274332904979578880" url="https://twitter.com/danichain_/status/274332904979578880"/>
		<document id="274412631308238848" url="https://twitter.com/danichain_/status/274412631308238848"/>
		<document id="274710530466390016" url="https://twitter.com/danichain_/status/274710530466390016"/>
		<document id="274733690653921281" url="https://twitter.com/danichain_/status/274733690653921281"/>
		<document id="274894049482260481" url="https://twitter.com/danichain_/status/274894049482260481"/>
		<document id="274909149924564992" url="https://twitter.com/danichain_/status/274909149924564992"/>
		<document id="275108590283534336" url="https://twitter.com/danichain_/status/275108590283534336"/>
		<document id="275256905864196098" url="https://twitter.com/danichain_/status/275256905864196098"/>
		<document id="275752683015655424" url="https://twitter.com/danichain_/status/275752683015655424"/>
		<document id="275995083118104578" url="https://twitter.com/danichain_/status/275995083118104578"/>
		<document id="275999112904728576" url="https://twitter.com/danichain_/status/275999112904728576"/>
		<document id="276159223669334016" url="https://twitter.com/danichain_/status/276159223669334016"/>
		<document id="276205389685616640" url="https://twitter.com/danichain_/status/276205389685616640"/>
		<document id="276350422392922113" url="https://twitter.com/danichain_/status/276350422392922113"/>
		<document id="276350502571241472" url="https://twitter.com/danichain_/status/276350502571241472"/>
		<document id="276501798754332675" url="https://twitter.com/danichain_/status/276501798754332675"/>
		<document id="276516994956787712" url="https://twitter.com/danichain_/status/276516994956787712"/>
		<document id="276528242876366848" url="https://twitter.com/danichain_/status/276528242876366848"/>
		<document id="276584580578934784" url="https://twitter.com/danichain_/status/276584580578934784"/>
		<document id="276695097448480768" url="https://twitter.com/danichain_/status/276695097448480768"/>
		<document id="276701169865351168" url="https://twitter.com/danichain_/status/276701169865351168"/>
		<document id="276824345060466689" url="https://twitter.com/danichain_/status/276824345060466689"/>
		<document id="276893693577924608" url="https://twitter.com/danichain_/status/276893693577924608"/>
		<document id="277091318407254016" url="https://twitter.com/danichain_/status/277091318407254016"/>
		<document id="277478939444772864" url="https://twitter.com/danichain_/status/277478939444772864"/>
		<document id="277483058565877760" url="https://twitter.com/danichain_/status/277483058565877760"/>
		<document id="277490908054831104" url="https://twitter.com/danichain_/status/277490908054831104"/>
		<document id="277568221610119168" url="https://twitter.com/danichain_/status/277568221610119168"/>
		<document id="277578863054319616" url="https://twitter.com/danichain_/status/277578863054319616"/>
		<document id="277582912562536448" url="https://twitter.com/danichain_/status/277582912562536448"/>
		<document id="277629610722742273" url="https://twitter.com/danichain_/status/277629610722742273"/>
		<document id="277816909142044672" url="https://twitter.com/danichain_/status/277816909142044672"/>
		<document id="277817731829620738" url="https://twitter.com/danichain_/status/277817731829620738"/>
		<document id="277818138744213504" url="https://twitter.com/danichain_/status/277818138744213504"/>
		<document id="277821292135215105" url="https://twitter.com/danichain_/status/277821292135215105"/>
		<document id="277854129932615681" url="https://twitter.com/danichain_/status/277854129932615681"/>
		<document id="277854649988567040" url="https://twitter.com/danichain_/status/277854649988567040"/>
		<document id="277873619936362498" url="https://twitter.com/danichain_/status/277873619936362498"/>
		<document id="277887679243378688" url="https://twitter.com/danichain_/status/277887679243378688"/>
		<document id="278554461302038528" url="https://twitter.com/danichain_/status/278554461302038528"/>
		<document id="278707237088792576" url="https://twitter.com/danichain_/status/278707237088792576"/>
		<document id="278869419415986176" url="https://twitter.com/danichain_/status/278869419415986176"/>
		<document id="278943365427494912" url="https://twitter.com/danichain_/status/278943365427494912"/>
		<document id="279025627988885504" url="https://twitter.com/danichain_/status/279025627988885504"/>
		<document id="279060931902836736" url="https://twitter.com/danichain_/status/279060931902836736"/>
		<document id="279062255834914816" url="https://twitter.com/danichain_/status/279062255834914816"/>
		<document id="279108352552861697" url="https://twitter.com/danichain_/status/279108352552861697"/>
		<document id="279257002100805633" url="https://twitter.com/danichain_/status/279257002100805633"/>
		<document id="279280757678145536" url="https://twitter.com/danichain_/status/279280757678145536"/>
		<document id="279485411405991936" url="https://twitter.com/danichain_/status/279485411405991936"/>
		<document id="279490481728126976" url="https://twitter.com/danichain_/status/279490481728126976"/>
		<document id="279632861131321344" url="https://twitter.com/danichain_/status/279632861131321344"/>
		<document id="280053676402429952" url="https://twitter.com/danichain_/status/280053676402429952"/>
		<document id="280053822225805313" url="https://twitter.com/danichain_/status/280053822225805313"/>
		<document id="280079997480357888" url="https://twitter.com/danichain_/status/280079997480357888"/>
		<document id="280119215258759168" url="https://twitter.com/danichain_/status/280119215258759168"/>
		<document id="280383351188238337" url="https://twitter.com/danichain_/status/280383351188238337"/>
		<document id="280400690684256256" url="https://twitter.com/danichain_/status/280400690684256256"/>
		<document id="280400838034345984" url="https://twitter.com/danichain_/status/280400838034345984"/>
		<document id="280411806550331394" url="https://twitter.com/danichain_/status/280411806550331394"/>
		<document id="280412057902403584" url="https://twitter.com/danichain_/status/280412057902403584"/>
		<document id="280432285881335808" url="https://twitter.com/danichain_/status/280432285881335808"/>
		<document id="280492252348956672" url="https://twitter.com/danichain_/status/280492252348956672"/>
		<document id="281153172494508033" url="https://twitter.com/danichain_/status/281153172494508033"/>
		<document id="281157125261119488" url="https://twitter.com/danichain_/status/281157125261119488"/>
		<document id="281217105288908801" url="https://twitter.com/danichain_/status/281217105288908801"/>
		<document id="281234891121754114" url="https://twitter.com/danichain_/status/281234891121754114"/>
		<document id="281278232878264320" url="https://twitter.com/danichain_/status/281278232878264320"/>
		<document id="281514020035510272" url="https://twitter.com/danichain_/status/281514020035510272"/>
		<document id="281577202863198209" url="https://twitter.com/danichain_/status/281577202863198209"/>
		<document id="281582857875513344" url="https://twitter.com/danichain_/status/281582857875513344"/>
		<document id="281898632553320448" url="https://twitter.com/danichain_/status/281898632553320448"/>
		<document id="282356206608211968" url="https://twitter.com/danichain_/status/282356206608211968"/>
		<document id="282543030844682241" url="https://twitter.com/danichain_/status/282543030844682241"/>
		<document id="282545353692164096" url="https://twitter.com/danichain_/status/282545353692164096"/>
		<document id="282545521032310784" url="https://twitter.com/danichain_/status/282545521032310784"/>
		<document id="282547393986187264" url="https://twitter.com/danichain_/status/282547393986187264"/>
		<document id="282687393226690560" url="https://twitter.com/danichain_/status/282687393226690560"/>
		<document id="282717597965889536" url="https://twitter.com/danichain_/status/282717597965889536"/>
		<document id="283000023883583488" url="https://twitter.com/danichain_/status/283000023883583488"/>
		<document id="283286543781724160" url="https://twitter.com/danichain_/status/283286543781724160"/>
		<document id="283311803969179648" url="https://twitter.com/danichain_/status/283311803969179648"/>
		<document id="283404032960233472" url="https://twitter.com/danichain_/status/283404032960233472"/>
		<document id="284006851236995075" url="https://twitter.com/danichain_/status/284006851236995075"/>
		<document id="284019600297951233" url="https://twitter.com/danichain_/status/284019600297951233"/>
		<document id="284050728878759936" url="https://twitter.com/danichain_/status/284050728878759936"/>
		<document id="284050835426660352" url="https://twitter.com/danichain_/status/284050835426660352"/>
		<document id="284077157783851008" url="https://twitter.com/danichain_/status/284077157783851008"/>
		<document id="284096517869031425" url="https://twitter.com/danichain_/status/284096517869031425"/>
		<document id="284110601062604800" url="https://twitter.com/danichain_/status/284110601062604800"/>
		<document id="284123362207338496" url="https://twitter.com/danichain_/status/284123362207338496"/>
		<document id="284162282110480384" url="https://twitter.com/danichain_/status/284162282110480384"/>
		<document id="284168838365458433" url="https://twitter.com/danichain_/status/284168838365458433"/>
		<document id="284202731256811520" url="https://twitter.com/danichain_/status/284202731256811520"/>
		<document id="284203648077135872" url="https://twitter.com/danichain_/status/284203648077135872"/>
		<document id="284219232013651968" url="https://twitter.com/danichain_/status/284219232013651968"/>
		<document id="284424695506419714" url="https://twitter.com/danichain_/status/284424695506419714"/>
		<document id="284490267141226497" url="https://twitter.com/danichain_/status/284490267141226497"/>
		<document id="284490294538407936" url="https://twitter.com/danichain_/status/284490294538407936"/>
		<document id="284718257720664066" url="https://twitter.com/danichain_/status/284718257720664066"/>
		<document id="284854715903246336" url="https://twitter.com/danichain_/status/284854715903246336"/>
		<document id="284947385682116608" url="https://twitter.com/danichain_/status/284947385682116608"/>
		<document id="285156084266704897" url="https://twitter.com/danichain_/status/285156084266704897"/>
		<document id="285450176787791872" url="https://twitter.com/danichain_/status/285450176787791872"/>
		<document id="285498776003690496" url="https://twitter.com/danichain_/status/285498776003690496"/>
		<document id="285605281042419712" url="https://twitter.com/danichain_/status/285605281042419712"/>
		<document id="285642809782964225" url="https://twitter.com/danichain_/status/285642809782964225"/>
		<document id="285645111294042112" url="https://twitter.com/danichain_/status/285645111294042112"/>
		<document id="285779058099376128" url="https://twitter.com/danichain_/status/285779058099376128"/>
		<document id="285819895780880385" url="https://twitter.com/danichain_/status/285819895780880385"/>
		<document id="285822700759437312" url="https://twitter.com/danichain_/status/285822700759437312"/>
		<document id="285961814762741760" url="https://twitter.com/danichain_/status/285961814762741760"/>
		<document id="285975474352562176" url="https://twitter.com/danichain_/status/285975474352562176"/>
		<document id="285975635715837952" url="https://twitter.com/danichain_/status/285975635715837952"/>
		<document id="286010660519813122" url="https://twitter.com/danichain_/status/286010660519813122"/>
		<document id="286031979814731776" url="https://twitter.com/danichain_/status/286031979814731776"/>
		<document id="286046768083394561" url="https://twitter.com/danichain_/status/286046768083394561"/>
		<document id="286078994724560897" url="https://twitter.com/danichain_/status/286078994724560897"/>
		<document id="286231147493588993" url="https://twitter.com/danichain_/status/286231147493588993"/>
		<document id="286336198388097025" url="https://twitter.com/danichain_/status/286336198388097025"/>
		<document id="287575156329689089" url="https://twitter.com/danichain_/status/287575156329689089"/>
		<document id="287655502056394752" url="https://twitter.com/danichain_/status/287655502056394752"/>
		<document id="287669042028871680" url="https://twitter.com/danichain_/status/287669042028871680"/>
		<document id="287801059622141955" url="https://twitter.com/danichain_/status/287801059622141955"/>
		<document id="288044869782470656" url="https://twitter.com/danichain_/status/288044869782470656"/>
		<document id="288071798078181376" url="https://twitter.com/danichain_/status/288071798078181376"/>
		<document id="288365823754661888" url="https://twitter.com/danichain_/status/288365823754661888"/>
		<document id="288900821129760768" url="https://twitter.com/danichain_/status/288900821129760768"/>
		<document id="289010777191501824" url="https://twitter.com/danichain_/status/289010777191501824"/>
		<document id="289105154861572096" url="https://twitter.com/danichain_/status/289105154861572096"/>
		<document id="289153948785455104" url="https://twitter.com/danichain_/status/289153948785455104"/>
		<document id="289242310959570945" url="https://twitter.com/danichain_/status/289242310959570945"/>
		<document id="289592943369654272" url="https://twitter.com/danichain_/status/289592943369654272"/>
		<document id="289827052905984000" url="https://twitter.com/danichain_/status/289827052905984000"/>
		<document id="289835806871408641" url="https://twitter.com/danichain_/status/289835806871408641"/>
		<document id="290607365915570178" url="https://twitter.com/danichain_/status/290607365915570178"/>
		<document id="290610406114852865" url="https://twitter.com/danichain_/status/290610406114852865"/>
		<document id="290614471859265538" url="https://twitter.com/danichain_/status/290614471859265538"/>
		<document id="290616923673202689" url="https://twitter.com/danichain_/status/290616923673202689"/>
		<document id="290638286987341826" url="https://twitter.com/danichain_/status/290638286987341826"/>
		<document id="290639198665453568" url="https://twitter.com/danichain_/status/290639198665453568"/>
		<document id="290660760550522880" url="https://twitter.com/danichain_/status/290660760550522880"/>
		<document id="290831101637824512" url="https://twitter.com/danichain_/status/290831101637824512"/>
		<document id="290888684247605249" url="https://twitter.com/danichain_/status/290888684247605249"/>
		<document id="291230380441366528" url="https://twitter.com/danichain_/status/291230380441366528"/>
		<document id="291266771128823808" url="https://twitter.com/danichain_/status/291266771128823808"/>
		<document id="291266820680327168" url="https://twitter.com/danichain_/status/291266820680327168"/>
		<document id="291267658438045696" url="https://twitter.com/danichain_/status/291267658438045696"/>
		<document id="291268277236285440" url="https://twitter.com/danichain_/status/291268277236285440"/>
		<document id="291270605288923137" url="https://twitter.com/danichain_/status/291270605288923137"/>
		<document id="291367155377778688" url="https://twitter.com/danichain_/status/291367155377778688"/>
		<document id="291391829251858432" url="https://twitter.com/danichain_/status/291391829251858432"/>
		<document id="291400158250418176" url="https://twitter.com/danichain_/status/291400158250418176"/>
		<document id="291659444432011265" url="https://twitter.com/danichain_/status/291659444432011265"/>
		<document id="291686436405669888" url="https://twitter.com/danichain_/status/291686436405669888"/>
		<document id="291739124568829952" url="https://twitter.com/danichain_/status/291739124568829952"/>
		<document id="291982955935588353" url="https://twitter.com/danichain_/status/291982955935588353"/>
		<document id="292030827624275968" url="https://twitter.com/danichain_/status/292030827624275968"/>
		<document id="292470310547103744" url="https://twitter.com/danichain_/status/292470310547103744"/>
		<document id="292759293021810688" url="https://twitter.com/danichain_/status/292759293021810688"/>
		<document id="292770359298650112" url="https://twitter.com/danichain_/status/292770359298650112"/>
		<document id="293022162774806532" url="https://twitter.com/danichain_/status/293022162774806532"/>
		<document id="293038188937752578" url="https://twitter.com/danichain_/status/293038188937752578"/>
		<document id="293191970665414656" url="https://twitter.com/danichain_/status/293191970665414656"/>
		<document id="293404056439885824" url="https://twitter.com/danichain_/status/293404056439885824"/>
		<document id="293404779655344128" url="https://twitter.com/danichain_/status/293404779655344128"/>
		<document id="293738641581301761" url="https://twitter.com/danichain_/status/293738641581301761"/>
		<document id="294195506240958465" url="https://twitter.com/danichain_/status/294195506240958465"/>
		<document id="294223288098512899" url="https://twitter.com/danichain_/status/294223288098512899"/>
		<document id="294565003867074560" url="https://twitter.com/danichain_/status/294565003867074560"/>
		<document id="294678671472611328" url="https://twitter.com/danichain_/status/294678671472611328"/>
		<document id="294680940364582912" url="https://twitter.com/danichain_/status/294680940364582912"/>
		<document id="294811204373848064" url="https://twitter.com/danichain_/status/294811204373848064"/>
		<document id="294925642112331777" url="https://twitter.com/danichain_/status/294925642112331777"/>
		<document id="295309452234592256" url="https://twitter.com/danichain_/status/295309452234592256"/>
		<document id="295408372595978240" url="https://twitter.com/danichain_/status/295408372595978240"/>
		<document id="295410894760984578" url="https://twitter.com/danichain_/status/295410894760984578"/>
		<document id="295654983754477569" url="https://twitter.com/danichain_/status/295654983754477569"/>
		<document id="296069719784583169" url="https://twitter.com/danichain_/status/296069719784583169"/>
		<document id="296713106833432576" url="https://twitter.com/danichain_/status/296713106833432576"/>
		<document id="296720142296051712" url="https://twitter.com/danichain_/status/296720142296051712"/>
		<document id="296726624047620097" url="https://twitter.com/danichain_/status/296726624047620097"/>
		<document id="296769828419674112" url="https://twitter.com/danichain_/status/296769828419674112"/>
		<document id="297067802131587073" url="https://twitter.com/danichain_/status/297067802131587073"/>
		<document id="297218591193980928" url="https://twitter.com/danichain_/status/297218591193980928"/>
		<document id="297239760131465216" url="https://twitter.com/danichain_/status/297239760131465216"/>
		<document id="297780173368082434" url="https://twitter.com/danichain_/status/297780173368082434"/>
		<document id="297935846630375424" url="https://twitter.com/danichain_/status/297935846630375424"/>
		<document id="297961759279554560" url="https://twitter.com/danichain_/status/297961759279554560"/>
		<document id="298137687418892288" url="https://twitter.com/danichain_/status/298137687418892288"/>
		<document id="298239469289615362" url="https://twitter.com/danichain_/status/298239469289615362"/>
		<document id="298239757782245377" url="https://twitter.com/danichain_/status/298239757782245377"/>
		<document id="298242333525307393" url="https://twitter.com/danichain_/status/298242333525307393"/>
		<document id="298264811114999808" url="https://twitter.com/danichain_/status/298264811114999808"/>
		<document id="298602754954362880" url="https://twitter.com/danichain_/status/298602754954362880"/>
		<document id="298920410764939265" url="https://twitter.com/danichain_/status/298920410764939265"/>
		<document id="298974222292758528" url="https://twitter.com/danichain_/status/298974222292758528"/>
		<document id="299209817770299392" url="https://twitter.com/danichain_/status/299209817770299392"/>
		<document id="299248245996146688" url="https://twitter.com/danichain_/status/299248245996146688"/>
		<document id="299756650556956672" url="https://twitter.com/danichain_/status/299756650556956672"/>
		<document id="300416626459807745" url="https://twitter.com/danichain_/status/300416626459807745"/>
		<document id="300467868309532672" url="https://twitter.com/danichain_/status/300467868309532672"/>
		<document id="300761444423716864" url="https://twitter.com/danichain_/status/300761444423716864"/>
		<document id="300774584196661249" url="https://twitter.com/danichain_/status/300774584196661249"/>
		<document id="300775051215663104" url="https://twitter.com/danichain_/status/300775051215663104"/>
		<document id="300775458541277184" url="https://twitter.com/danichain_/status/300775458541277184"/>
		<document id="300776219190886402" url="https://twitter.com/danichain_/status/300776219190886402"/>
		<document id="300776875922427905" url="https://twitter.com/danichain_/status/300776875922427905"/>
		<document id="300782983160414209" url="https://twitter.com/danichain_/status/300782983160414209"/>
		<document id="300783213851316224" url="https://twitter.com/danichain_/status/300783213851316224"/>
		<document id="300783675233153024" url="https://twitter.com/danichain_/status/300783675233153024"/>
		<document id="300784337006247937" url="https://twitter.com/danichain_/status/300784337006247937"/>
		<document id="300784978218868736" url="https://twitter.com/danichain_/status/300784978218868736"/>
		<document id="300788105454157824" url="https://twitter.com/danichain_/status/300788105454157824"/>
		<document id="300789755472408578" url="https://twitter.com/danichain_/status/300789755472408578"/>
		<document id="300791189601394688" url="https://twitter.com/danichain_/status/300791189601394688"/>
		<document id="300792604143013892" url="https://twitter.com/danichain_/status/300792604143013892"/>
		<document id="300794352203079680" url="https://twitter.com/danichain_/status/300794352203079680"/>
		<document id="300799039493005312" url="https://twitter.com/danichain_/status/300799039493005312"/>
		<document id="300803389456011264" url="https://twitter.com/danichain_/status/300803389456011264"/>
		<document id="300804427986653185" url="https://twitter.com/danichain_/status/300804427986653185"/>
		<document id="300808216428834816" url="https://twitter.com/danichain_/status/300808216428834816"/>
		<document id="300810737192951808" url="https://twitter.com/danichain_/status/300810737192951808"/>
		<document id="300811858154233856" url="https://twitter.com/danichain_/status/300811858154233856"/>
		<document id="300812453648949248" url="https://twitter.com/danichain_/status/300812453648949248"/>
		<document id="300816782116126721" url="https://twitter.com/danichain_/status/300816782116126721"/>
		<document id="301461033338425344" url="https://twitter.com/danichain_/status/301461033338425344"/>
		<document id="301547062149906432" url="https://twitter.com/danichain_/status/301547062149906432"/>
		<document id="302067071628505089" url="https://twitter.com/danichain_/status/302067071628505089"/>
		<document id="302135931241115648" url="https://twitter.com/danichain_/status/302135931241115648"/>
		<document id="302481915783557120" url="https://twitter.com/danichain_/status/302481915783557120"/>
		<document id="302970377871712256" url="https://twitter.com/danichain_/status/302970377871712256"/>
		<document id="303372933361958914" url="https://twitter.com/danichain_/status/303372933361958914"/>
		<document id="303373084386287616" url="https://twitter.com/danichain_/status/303373084386287616"/>
		<document id="303654259596075009" url="https://twitter.com/danichain_/status/303654259596075009"/>
		<document id="303654262129426432" url="https://twitter.com/danichain_/status/303654262129426432"/>
		<document id="303893540180750336" url="https://twitter.com/danichain_/status/303893540180750336"/>
		<document id="303932346904760321" url="https://twitter.com/danichain_/status/303932346904760321"/>
		<document id="304235874416214017" url="https://twitter.com/danichain_/status/304235874416214017"/>
		<document id="304239522294673408" url="https://twitter.com/danichain_/status/304239522294673408"/>
		<document id="304342117013127168" url="https://twitter.com/danichain_/status/304342117013127168"/>
		<document id="304342613648084992" url="https://twitter.com/danichain_/status/304342613648084992"/>
		<document id="304343920333176832" url="https://twitter.com/danichain_/status/304343920333176832"/>
		<document id="304344630550466560" url="https://twitter.com/danichain_/status/304344630550466560"/>
		<document id="304351556076183552" url="https://twitter.com/danichain_/status/304351556076183552"/>
		<document id="304441235391787008" url="https://twitter.com/danichain_/status/304441235391787008"/>
		<document id="304766631236730880" url="https://twitter.com/danichain_/status/304766631236730880"/>
		<document id="304776555668844544" url="https://twitter.com/danichain_/status/304776555668844544"/>
		<document id="304793696581349376" url="https://twitter.com/danichain_/status/304793696581349376"/>
		<document id="305015270651604992" url="https://twitter.com/danichain_/status/305015270651604992"/>
		<document id="305736356108312577" url="https://twitter.com/danichain_/status/305736356108312577"/>
		<document id="305807748724051970" url="https://twitter.com/danichain_/status/305807748724051970"/>
		<document id="305809084781846528" url="https://twitter.com/danichain_/status/305809084781846528"/>
		<document id="305825023606808578" url="https://twitter.com/danichain_/status/305825023606808578"/>
		<document id="305835386695974912" url="https://twitter.com/danichain_/status/305835386695974912"/>
		<document id="305835717400068096" url="https://twitter.com/danichain_/status/305835717400068096"/>
		<document id="305845595925540864" url="https://twitter.com/danichain_/status/305845595925540864"/>
		<document id="305851386770382848" url="https://twitter.com/danichain_/status/305851386770382848"/>
		<document id="305851585051893760" url="https://twitter.com/danichain_/status/305851585051893760"/>
		<document id="305883980509614081" url="https://twitter.com/danichain_/status/305883980509614081"/>
		<document id="305889473986699264" url="https://twitter.com/danichain_/status/305889473986699264"/>
		<document id="305893755825823744" url="https://twitter.com/danichain_/status/305893755825823744"/>
		<document id="305895549452816386" url="https://twitter.com/danichain_/status/305895549452816386"/>
		<document id="305905701404958720" url="https://twitter.com/danichain_/status/305905701404958720"/>
		<document id="306528246047047680" url="https://twitter.com/danichain_/status/306528246047047680"/>
		<document id="307110835342417920" url="https://twitter.com/danichain_/status/307110835342417920"/>
		<document id="307228259802812416" url="https://twitter.com/danichain_/status/307228259802812416"/>
		<document id="307510056889491456" url="https://twitter.com/danichain_/status/307510056889491456"/>
		<document id="307566243030892544" url="https://twitter.com/danichain_/status/307566243030892544"/>
		<document id="307712667680911362" url="https://twitter.com/danichain_/status/307712667680911362"/>
		<document id="307717552241508352" url="https://twitter.com/danichain_/status/307717552241508352"/>
		<document id="307953946553614336" url="https://twitter.com/danichain_/status/307953946553614336"/>
		<document id="307999170277568512" url="https://twitter.com/danichain_/status/307999170277568512"/>
		<document id="308007386432557056" url="https://twitter.com/danichain_/status/308007386432557056"/>
		<document id="308021427058114560" url="https://twitter.com/danichain_/status/308021427058114560"/>
		<document id="308052994472161280" url="https://twitter.com/danichain_/status/308052994472161280"/>
		<document id="308052994497335296" url="https://twitter.com/danichain_/status/308052994497335296"/>
		<document id="308099755773419520" url="https://twitter.com/danichain_/status/308099755773419520"/>
		<document id="308315340608241664" url="https://twitter.com/danichain_/status/308315340608241664"/>
		<document id="308317003809161218" url="https://twitter.com/danichain_/status/308317003809161218"/>
		<document id="308368411010932736" url="https://twitter.com/danichain_/status/308368411010932736"/>
		<document id="308584207989477376" url="https://twitter.com/danichain_/status/308584207989477376"/>
		<document id="309111119891546112" url="https://twitter.com/danichain_/status/309111119891546112"/>
		<document id="309294582233968640" url="https://twitter.com/danichain_/status/309294582233968640"/>
		<document id="309365571286335488" url="https://twitter.com/danichain_/status/309365571286335488"/>
		<document id="309367277827018752" url="https://twitter.com/danichain_/status/309367277827018752"/>
		<document id="309371218702770176" url="https://twitter.com/danichain_/status/309371218702770176"/>
		<document id="309396474142281728" url="https://twitter.com/danichain_/status/309396474142281728"/>
		<document id="309676765679325184" url="https://twitter.com/danichain_/status/309676765679325184"/>
		<document id="309718724238258176" url="https://twitter.com/danichain_/status/309718724238258176"/>
		<document id="309737964861284353" url="https://twitter.com/danichain_/status/309737964861284353"/>
		<document id="309806946985328640" url="https://twitter.com/danichain_/status/309806946985328640"/>
		<document id="309848488940802048" url="https://twitter.com/danichain_/status/309848488940802048"/>
		<document id="310052758235516928" url="https://twitter.com/danichain_/status/310052758235516928"/>
		<document id="310406737352065024" url="https://twitter.com/danichain_/status/310406737352065024"/>
		<document id="310431827930263552" url="https://twitter.com/danichain_/status/310431827930263552"/>
		<document id="310460574091857920" url="https://twitter.com/danichain_/status/310460574091857920"/>
		<document id="310576309787049984" url="https://twitter.com/danichain_/status/310576309787049984"/>
		<document id="310577185750654979" url="https://twitter.com/danichain_/status/310577185750654979"/>
		<document id="310581558119645186" url="https://twitter.com/danichain_/status/310581558119645186"/>
		<document id="310907983368441856" url="https://twitter.com/danichain_/status/310907983368441856"/>
		<document id="310909987369123840" url="https://twitter.com/danichain_/status/310909987369123840"/>
		<document id="310910436914638848" url="https://twitter.com/danichain_/status/310910436914638848"/>
		<document id="310912762631045120" url="https://twitter.com/danichain_/status/310912762631045120"/>
		<document id="310915969847533568" url="https://twitter.com/danichain_/status/310915969847533568"/>
		<document id="310926093576204288" url="https://twitter.com/danichain_/status/310926093576204288"/>
		<document id="310929851391557633" url="https://twitter.com/danichain_/status/310929851391557633"/>
		<document id="311107565490667520" url="https://twitter.com/danichain_/status/311107565490667520"/>
		<document id="311438727442481152" url="https://twitter.com/danichain_/status/311438727442481152"/>
		<document id="311569992334340096" url="https://twitter.com/danichain_/status/311569992334340096"/>
		<document id="312220166727553028" url="https://twitter.com/danichain_/status/312220166727553028"/>
		<document id="312551190426697728" url="https://twitter.com/danichain_/status/312551190426697728"/>
		<document id="312560244096131072" url="https://twitter.com/danichain_/status/312560244096131072"/>
		<document id="312644293321953281" url="https://twitter.com/danichain_/status/312644293321953281"/>
		<document id="313011353222774786" url="https://twitter.com/danichain_/status/313011353222774786"/>
		<document id="313048853031026688" url="https://twitter.com/danichain_/status/313048853031026688"/>
		<document id="313074697963204609" url="https://twitter.com/danichain_/status/313074697963204609"/>
		<document id="313096897353089024" url="https://twitter.com/danichain_/status/313096897353089024"/>
		<document id="313100395260043265" url="https://twitter.com/danichain_/status/313100395260043265"/>
		<document id="313100605579218944" url="https://twitter.com/danichain_/status/313100605579218944"/>
		<document id="313349484467871744" url="https://twitter.com/danichain_/status/313349484467871744"/>
		<document id="313423324506116098" url="https://twitter.com/danichain_/status/313423324506116098"/>
		<document id="313425058028724226" url="https://twitter.com/danichain_/status/313425058028724226"/>
		<document id="313439600859283458" url="https://twitter.com/danichain_/status/313439600859283458"/>
		<document id="313499409734303745" url="https://twitter.com/danichain_/status/313499409734303745"/>
		<document id="313825053261312000" url="https://twitter.com/danichain_/status/313825053261312000"/>
		<document id="313830780918956035" url="https://twitter.com/danichain_/status/313830780918956035"/>
		<document id="313976930338762752" url="https://twitter.com/danichain_/status/313976930338762752"/>
		<document id="314168605786927104" url="https://twitter.com/danichain_/status/314168605786927104"/>
		<document id="314356921937321984" url="https://twitter.com/danichain_/status/314356921937321984"/>
		<document id="314570152605782016" url="https://twitter.com/danichain_/status/314570152605782016"/>
		<document id="314571332501258240" url="https://twitter.com/danichain_/status/314571332501258240"/>
		<document id="314593285563904000" url="https://twitter.com/danichain_/status/314593285563904000"/>
		<document id="314727522904449024" url="https://twitter.com/danichain_/status/314727522904449024"/>
		<document id="315252516487036929" url="https://twitter.com/danichain_/status/315252516487036929"/>
		<document id="316355932068122624" url="https://twitter.com/danichain_/status/316355932068122624"/>
		<document id="316356301586305024" url="https://twitter.com/danichain_/status/316356301586305024"/>
		<document id="316356854362013697" url="https://twitter.com/danichain_/status/316356854362013697"/>
		<document id="316364723308343297" url="https://twitter.com/danichain_/status/316364723308343297"/>
		<document id="316505381780209664" url="https://twitter.com/danichain_/status/316505381780209664"/>
		<document id="316727336143818752" url="https://twitter.com/danichain_/status/316727336143818752"/>
		<document id="316938375020032001" url="https://twitter.com/danichain_/status/316938375020032001"/>
		<document id="317065697928806400" url="https://twitter.com/danichain_/status/317065697928806400"/>
		<document id="317107639236558848" url="https://twitter.com/danichain_/status/317107639236558848"/>
		<document id="317280349090627585" url="https://twitter.com/danichain_/status/317280349090627585"/>
		<document id="317379056872091649" url="https://twitter.com/danichain_/status/317379056872091649"/>
		<document id="317422118667186178" url="https://twitter.com/danichain_/status/317422118667186178"/>
		<document id="317444521090744321" url="https://twitter.com/danichain_/status/317444521090744321"/>
		<document id="317769424629280768" url="https://twitter.com/danichain_/status/317769424629280768"/>
		<document id="318067768425607168" url="https://twitter.com/danichain_/status/318067768425607168"/>
		<document id="318234512263897090" url="https://twitter.com/danichain_/status/318234512263897090"/>
		<document id="318237480803500032" url="https://twitter.com/danichain_/status/318237480803500032"/>
		<document id="318251003713581057" url="https://twitter.com/danichain_/status/318251003713581057"/>
		<document id="318273210686791680" url="https://twitter.com/danichain_/status/318273210686791680"/>
		<document id="318391624868691968" url="https://twitter.com/danichain_/status/318391624868691968"/>
		<document id="318474694573563904" url="https://twitter.com/danichain_/status/318474694573563904"/>
		<document id="318478771336409088" url="https://twitter.com/danichain_/status/318478771336409088"/>
		<document id="318479090489368579" url="https://twitter.com/danichain_/status/318479090489368579"/>
		<document id="318487889279324161" url="https://twitter.com/danichain_/status/318487889279324161"/>
		<document id="318892834172317696" url="https://twitter.com/danichain_/status/318892834172317696"/>
		<document id="318903888923209728" url="https://twitter.com/danichain_/status/318903888923209728"/>
		<document id="318912031279419394" url="https://twitter.com/danichain_/status/318912031279419394"/>
		<document id="319205909232492546" url="https://twitter.com/danichain_/status/319205909232492546"/>
		<document id="319512020527497217" url="https://twitter.com/danichain_/status/319512020527497217"/>
		<document id="319586544321187842" url="https://twitter.com/danichain_/status/319586544321187842"/>
		<document id="319838905316827138" url="https://twitter.com/danichain_/status/319838905316827138"/>
		<document id="319961129860337664" url="https://twitter.com/danichain_/status/319961129860337664"/>
		<document id="319994277730070528" url="https://twitter.com/danichain_/status/319994277730070528"/>
		<document id="320162161429196801" url="https://twitter.com/danichain_/status/320162161429196801"/>
		<document id="320163977772539906" url="https://twitter.com/danichain_/status/320163977772539906"/>
		<document id="320199321641439233" url="https://twitter.com/danichain_/status/320199321641439233"/>
		<document id="320581566164262912" url="https://twitter.com/danichain_/status/320581566164262912"/>
		<document id="320976835116666883" url="https://twitter.com/danichain_/status/320976835116666883"/>
		<document id="320988715130437632" url="https://twitter.com/danichain_/status/320988715130437632"/>
		<document id="320992796783833088" url="https://twitter.com/danichain_/status/320992796783833088"/>
		<document id="320993785364492288" url="https://twitter.com/danichain_/status/320993785364492288"/>
		<document id="321065082765312000" url="https://twitter.com/danichain_/status/321065082765312000"/>
		<document id="321065176256368642" url="https://twitter.com/danichain_/status/321065176256368642"/>
		<document id="321275860810346496" url="https://twitter.com/danichain_/status/321275860810346496"/>
		<document id="321377364787490816" url="https://twitter.com/danichain_/status/321377364787490816"/>
		<document id="322071042946396161" url="https://twitter.com/danichain_/status/322071042946396161"/>
		<document id="322339008178950144" url="https://twitter.com/danichain_/status/322339008178950144"/>
		<document id="322352667353550848" url="https://twitter.com/danichain_/status/322352667353550848"/>
		<document id="322352966159978497" url="https://twitter.com/danichain_/status/322352966159978497"/>
		<document id="322356170000068608" url="https://twitter.com/danichain_/status/322356170000068608"/>
		<document id="322356596938260482" url="https://twitter.com/danichain_/status/322356596938260482"/>
		<document id="322359490269810688" url="https://twitter.com/danichain_/status/322359490269810688"/>
		<document id="322359935759441921" url="https://twitter.com/danichain_/status/322359935759441921"/>
		<document id="322360618634076160" url="https://twitter.com/danichain_/status/322360618634076160"/>
		<document id="322364141065076737" url="https://twitter.com/danichain_/status/322364141065076737"/>
		<document id="322390675809251329" url="https://twitter.com/danichain_/status/322390675809251329"/>
		<document id="322451934390931456" url="https://twitter.com/danichain_/status/322451934390931456"/>
		<document id="322497158085500928" url="https://twitter.com/danichain_/status/322497158085500928"/>
		<document id="322508538838675456" url="https://twitter.com/danichain_/status/322508538838675456"/>
		<document id="322812750193627136" url="https://twitter.com/danichain_/status/322812750193627136"/>
		<document id="323573782910480388" url="https://twitter.com/danichain_/status/323573782910480388"/>
		<document id="323577077989269504" url="https://twitter.com/danichain_/status/323577077989269504"/>
		<document id="323582392201773056" url="https://twitter.com/danichain_/status/323582392201773056"/>
		<document id="323591464284205056" url="https://twitter.com/danichain_/status/323591464284205056"/>
		<document id="323592176288288768" url="https://twitter.com/danichain_/status/323592176288288768"/>
		<document id="323593821164298241" url="https://twitter.com/danichain_/status/323593821164298241"/>
		<document id="323602906077073408" url="https://twitter.com/danichain_/status/323602906077073408"/>
		<document id="323603146888851457" url="https://twitter.com/danichain_/status/323603146888851457"/>
		<document id="323611556506124289" url="https://twitter.com/danichain_/status/323611556506124289"/>
		<document id="323612252286615553" url="https://twitter.com/danichain_/status/323612252286615553"/>
		<document id="323612314429448192" url="https://twitter.com/danichain_/status/323612314429448192"/>
		<document id="323612569682182144" url="https://twitter.com/danichain_/status/323612569682182144"/>
		<document id="323622428641206272" url="https://twitter.com/danichain_/status/323622428641206272"/>
		<document id="323622650163388417" url="https://twitter.com/danichain_/status/323622650163388417"/>
		<document id="323623485404491777" url="https://twitter.com/danichain_/status/323623485404491777"/>
		<document id="323623595890847745" url="https://twitter.com/danichain_/status/323623595890847745"/>
		<document id="323624612200075266" url="https://twitter.com/danichain_/status/323624612200075266"/>
		<document id="323626663382499328" url="https://twitter.com/danichain_/status/323626663382499328"/>
		<document id="323627959145607169" url="https://twitter.com/danichain_/status/323627959145607169"/>
		<document id="323630574004736001" url="https://twitter.com/danichain_/status/323630574004736001"/>
		<document id="323632875520000000" url="https://twitter.com/danichain_/status/323632875520000000"/>
		<document id="323639067826847744" url="https://twitter.com/danichain_/status/323639067826847744"/>
		<document id="323642830016888832" url="https://twitter.com/danichain_/status/323642830016888832"/>
		<document id="323643159986962432" url="https://twitter.com/danichain_/status/323643159986962432"/>
		<document id="323643810938761218" url="https://twitter.com/danichain_/status/323643810938761218"/>
		<document id="323644386711842816" url="https://twitter.com/danichain_/status/323644386711842816"/>
		<document id="323644708268171264" url="https://twitter.com/danichain_/status/323644708268171264"/>
		<document id="323649601636810752" url="https://twitter.com/danichain_/status/323649601636810752"/>
		<document id="323650841028460544" url="https://twitter.com/danichain_/status/323650841028460544"/>
		<document id="323651010407047169" url="https://twitter.com/danichain_/status/323651010407047169"/>
		<document id="323651406848475136" url="https://twitter.com/danichain_/status/323651406848475136"/>
		<document id="323651895895932930" url="https://twitter.com/danichain_/status/323651895895932930"/>
		<document id="323652381411799040" url="https://twitter.com/danichain_/status/323652381411799040"/>
		<document id="323653747429478400" url="https://twitter.com/danichain_/status/323653747429478400"/>
		<document id="323660758938423296" url="https://twitter.com/danichain_/status/323660758938423296"/>
		<document id="323660844594524161" url="https://twitter.com/danichain_/status/323660844594524161"/>
		<document id="323661011334885376" url="https://twitter.com/danichain_/status/323661011334885376"/>
		<document id="323664440371326976" url="https://twitter.com/danichain_/status/323664440371326976"/>
		<document id="323887798031634432" url="https://twitter.com/danichain_/status/323887798031634432"/>
		<document id="323962357879545856" url="https://twitter.com/danichain_/status/323962357879545856"/>
		<document id="323981624201076736" url="https://twitter.com/danichain_/status/323981624201076736"/>
		<document id="324207836555010049" url="https://twitter.com/danichain_/status/324207836555010049"/>
		<document id="324347014764716032" url="https://twitter.com/danichain_/status/324347014764716032"/>
		<document id="324358717745270786" url="https://twitter.com/danichain_/status/324358717745270786"/>
		<document id="324376399953661952" url="https://twitter.com/danichain_/status/324376399953661952"/>
		<document id="324377907428466688" url="https://twitter.com/danichain_/status/324377907428466688"/>
		<document id="324584355999653889" url="https://twitter.com/danichain_/status/324584355999653889"/>
		<document id="324711458472620032" url="https://twitter.com/danichain_/status/324711458472620032"/>
		<document id="324713898244722688" url="https://twitter.com/danichain_/status/324713898244722688"/>
		<document id="324733020147965952" url="https://twitter.com/danichain_/status/324733020147965952"/>
		<document id="324912083093311488" url="https://twitter.com/danichain_/status/324912083093311488"/>
		<document id="327214853817245696" url="https://twitter.com/danichain_/status/327214853817245696"/>
		<document id="327478680169361408" url="https://twitter.com/danichain_/status/327478680169361408"/>
		<document id="327480919130771456" url="https://twitter.com/danichain_/status/327480919130771456"/>
		<document id="327597725661147136" url="https://twitter.com/danichain_/status/327597725661147136"/>
		<document id="327607567486435328" url="https://twitter.com/danichain_/status/327607567486435328"/>
		<document id="327779364072738816" url="https://twitter.com/danichain_/status/327779364072738816"/>
		<document id="328150370872356864" url="https://twitter.com/danichain_/status/328150370872356864"/>
		<document id="328221786917441536" url="https://twitter.com/danichain_/status/328221786917441536"/>
		<document id="328305878358978561" url="https://twitter.com/danichain_/status/328305878358978561"/>
		<document id="328332383017381888" url="https://twitter.com/danichain_/status/328332383017381888"/>
		<document id="328335193427566592" url="https://twitter.com/danichain_/status/328335193427566592"/>
		<document id="328389923885436928" url="https://twitter.com/danichain_/status/328389923885436928"/>
		<document id="328391729130635264" url="https://twitter.com/danichain_/status/328391729130635264"/>
		<document id="328579070021480448" url="https://twitter.com/danichain_/status/328579070021480448"/>
		<document id="328588354973220864" url="https://twitter.com/danichain_/status/328588354973220864"/>
		<document id="328590766702215168" url="https://twitter.com/danichain_/status/328590766702215168"/>
		<document id="328649323552337920" url="https://twitter.com/danichain_/status/328649323552337920"/>
		<document id="328880199691296768" url="https://twitter.com/danichain_/status/328880199691296768"/>
		<document id="329227086466260994" url="https://twitter.com/danichain_/status/329227086466260994"/>
		<document id="329261041215209473" url="https://twitter.com/danichain_/status/329261041215209473"/>
		<document id="329348921426055168" url="https://twitter.com/danichain_/status/329348921426055168"/>
		<document id="329348929542045696" url="https://twitter.com/danichain_/status/329348929542045696"/>
		<document id="329385679861735425" url="https://twitter.com/danichain_/status/329385679861735425"/>
		<document id="329398833467506688" url="https://twitter.com/danichain_/status/329398833467506688"/>
		<document id="329981782789349376" url="https://twitter.com/danichain_/status/329981782789349376"/>
		<document id="329982458596564992" url="https://twitter.com/danichain_/status/329982458596564992"/>
		<document id="329999855458058240" url="https://twitter.com/danichain_/status/329999855458058240"/>
		<document id="330003640624504833" url="https://twitter.com/danichain_/status/330003640624504833"/>
		<document id="330023431510831106" url="https://twitter.com/danichain_/status/330023431510831106"/>
		<document id="330056451466854400" url="https://twitter.com/danichain_/status/330056451466854400"/>
		<document id="330077360433029120" url="https://twitter.com/danichain_/status/330077360433029120"/>
		<document id="330126454069293057" url="https://twitter.com/danichain_/status/330126454069293057"/>
		<document id="330328807359791105" url="https://twitter.com/danichain_/status/330328807359791105"/>
		<document id="330328815043764226" url="https://twitter.com/danichain_/status/330328815043764226"/>
		<document id="330712039779614720" url="https://twitter.com/danichain_/status/330712039779614720"/>
		<document id="331126987257176065" url="https://twitter.com/danichain_/status/331126987257176065"/>
		<document id="331130005335728129" url="https://twitter.com/danichain_/status/331130005335728129"/>
		<document id="331162261722902529" url="https://twitter.com/danichain_/status/331162261722902529"/>
		<document id="331184328476352512" url="https://twitter.com/danichain_/status/331184328476352512"/>
		<document id="331185677012197376" url="https://twitter.com/danichain_/status/331185677012197376"/>
		<document id="331549674169315328" url="https://twitter.com/danichain_/status/331549674169315328"/>
		<document id="331567954183479296" url="https://twitter.com/danichain_/status/331567954183479296"/>
		<document id="331568533089710080" url="https://twitter.com/danichain_/status/331568533089710080"/>
		<document id="331569494935863296" url="https://twitter.com/danichain_/status/331569494935863296"/>
		<document id="331569957995442176" url="https://twitter.com/danichain_/status/331569957995442176"/>
		<document id="331570186350104576" url="https://twitter.com/danichain_/status/331570186350104576"/>
		<document id="331571196061704193" url="https://twitter.com/danichain_/status/331571196061704193"/>
		<document id="331572262945841152" url="https://twitter.com/danichain_/status/331572262945841152"/>
		<document id="331573717576609794" url="https://twitter.com/danichain_/status/331573717576609794"/>
		<document id="331574230938431489" url="https://twitter.com/danichain_/status/331574230938431489"/>
		<document id="331580662987497473" url="https://twitter.com/danichain_/status/331580662987497473"/>
		<document id="331595318439313409" url="https://twitter.com/danichain_/status/331595318439313409"/>
		<document id="331595573331374080" url="https://twitter.com/danichain_/status/331595573331374080"/>
		<document id="331605263431921665" url="https://twitter.com/danichain_/status/331605263431921665"/>
		<document id="331605595201368064" url="https://twitter.com/danichain_/status/331605595201368064"/>
		<document id="331609640032940033" url="https://twitter.com/danichain_/status/331609640032940033"/>
		<document id="331816722065678336" url="https://twitter.com/danichain_/status/331816722065678336"/>
		<document id="331817011132915712" url="https://twitter.com/danichain_/status/331817011132915712"/>
		<document id="331900707701661696" url="https://twitter.com/danichain_/status/331900707701661696"/>
		<document id="331965291024224256" url="https://twitter.com/danichain_/status/331965291024224256"/>
		<document id="332205589293834241" url="https://twitter.com/danichain_/status/332205589293834241"/>
		<document id="332289857500110848" url="https://twitter.com/danichain_/status/332289857500110848"/>
		<document id="332521184392531968" url="https://twitter.com/danichain_/status/332521184392531968"/>
		<document id="332564312893833216" url="https://twitter.com/danichain_/status/332564312893833216"/>
		<document id="332648910831120384" url="https://twitter.com/danichain_/status/332648910831120384"/>
		<document id="332661548256464896" url="https://twitter.com/danichain_/status/332661548256464896"/>
		<document id="332663381070852096" url="https://twitter.com/danichain_/status/332663381070852096"/>
		<document id="332710792820555776" url="https://twitter.com/danichain_/status/332710792820555776"/>
		<document id="333004430653927424" url="https://twitter.com/danichain_/status/333004430653927424"/>
		<document id="333348198527668224" url="https://twitter.com/danichain_/status/333348198527668224"/>
		<document id="333349789167149057" url="https://twitter.com/danichain_/status/333349789167149057"/>
		<document id="333468412061831168" url="https://twitter.com/danichain_/status/333468412061831168"/>
		<document id="333594005944274946" url="https://twitter.com/danichain_/status/333594005944274946"/>
		<document id="333594014311927808" url="https://twitter.com/danichain_/status/333594014311927808"/>
		<document id="333618554433839104" url="https://twitter.com/danichain_/status/333618554433839104"/>
		<document id="333625972249210880" url="https://twitter.com/danichain_/status/333625972249210880"/>
		<document id="333742274003484672" url="https://twitter.com/danichain_/status/333742274003484672"/>
		<document id="333742465226010624" url="https://twitter.com/danichain_/status/333742465226010624"/>
		<document id="333765890975866880" url="https://twitter.com/danichain_/status/333765890975866880"/>
		<document id="333957500242120706" url="https://twitter.com/danichain_/status/333957500242120706"/>
		<document id="334135493203746816" url="https://twitter.com/danichain_/status/334135493203746816"/>
		<document id="334139802846887937" url="https://twitter.com/danichain_/status/334139802846887937"/>
		<document id="334142000767053824" url="https://twitter.com/danichain_/status/334142000767053824"/>
		<document id="334381977136406529" url="https://twitter.com/danichain_/status/334381977136406529"/>
		<document id="334381985101410304" url="https://twitter.com/danichain_/status/334381985101410304"/>
		<document id="334384880618196993" url="https://twitter.com/danichain_/status/334384880618196993"/>
		<document id="334393279061827584" url="https://twitter.com/danichain_/status/334393279061827584"/>
		<document id="334412336360218625" url="https://twitter.com/danichain_/status/334412336360218625"/>
		<document id="334445904193019904" url="https://twitter.com/danichain_/status/334445904193019904"/>
		<document id="334449905651314688" url="https://twitter.com/danichain_/status/334449905651314688"/>
		<document id="334473836433133569" url="https://twitter.com/danichain_/status/334473836433133569"/>
		<document id="334531979485794304" url="https://twitter.com/danichain_/status/334531979485794304"/>
		<document id="334794764769714176" url="https://twitter.com/danichain_/status/334794764769714176"/>
		<document id="335059902466768897" url="https://twitter.com/danichain_/status/335059902466768897"/>
		<document id="335059910234603520" url="https://twitter.com/danichain_/status/335059910234603520"/>
		<document id="335104401435918336" url="https://twitter.com/danichain_/status/335104401435918336"/>
		<document id="335104409811943424" url="https://twitter.com/danichain_/status/335104409811943424"/>
		<document id="335124452276830208" url="https://twitter.com/danichain_/status/335124452276830208"/>
		<document id="335124460929687552" url="https://twitter.com/danichain_/status/335124460929687552"/>
		<document id="335157122109149185" url="https://twitter.com/danichain_/status/335157122109149185"/>
		<document id="335217791177224192" url="https://twitter.com/danichain_/status/335217791177224192"/>
		<document id="335870252271423490" url="https://twitter.com/danichain_/status/335870252271423490"/>
		<document id="335888945827176448" url="https://twitter.com/danichain_/status/335888945827176448"/>
		<document id="335914390152953856" url="https://twitter.com/danichain_/status/335914390152953856"/>
		<document id="336202794551885824" url="https://twitter.com/danichain_/status/336202794551885824"/>
		<document id="336655967720701953" url="https://twitter.com/danichain_/status/336655967720701953"/>
		<document id="336794167177003008" url="https://twitter.com/danichain_/status/336794167177003008"/>
		<document id="336822882837614592" url="https://twitter.com/danichain_/status/336822882837614592"/>
		<document id="336857695594377216" url="https://twitter.com/danichain_/status/336857695594377216"/>
		<document id="336925008192479232" url="https://twitter.com/danichain_/status/336925008192479232"/>
		<document id="336994071006572544" url="https://twitter.com/danichain_/status/336994071006572544"/>
		<document id="337171837010206720" url="https://twitter.com/danichain_/status/337171837010206720"/>
		<document id="337184928775151616" url="https://twitter.com/danichain_/status/337184928775151616"/>
		<document id="337268051315679232" url="https://twitter.com/danichain_/status/337268051315679232"/>
		<document id="337379674357366785" url="https://twitter.com/danichain_/status/337379674357366785"/>
		<document id="337567832508342273" url="https://twitter.com/danichain_/status/337567832508342273"/>
		<document id="337933330983026690" url="https://twitter.com/danichain_/status/337933330983026690"/>
		<document id="338417656497594368" url="https://twitter.com/danichain_/status/338417656497594368"/>
		<document id="338460826350546945" url="https://twitter.com/danichain_/status/338460826350546945"/>
		<document id="338751398894239744" url="https://twitter.com/danichain_/status/338751398894239744"/>
		<document id="338830475764326400" url="https://twitter.com/danichain_/status/338830475764326400"/>
		<document id="338843963383496704" url="https://twitter.com/danichain_/status/338843963383496704"/>
		<document id="339405005880696832" url="https://twitter.com/danichain_/status/339405005880696832"/>
		<document id="339415718892285952" url="https://twitter.com/danichain_/status/339415718892285952"/>
		<document id="339432021015293953" url="https://twitter.com/danichain_/status/339432021015293953"/>
		<document id="339461945763696640" url="https://twitter.com/danichain_/status/339461945763696640"/>
		<document id="339526772435603458" url="https://twitter.com/danichain_/status/339526772435603458"/>
		<document id="339561127266619392" url="https://twitter.com/danichain_/status/339561127266619392"/>
		<document id="339927419207184384" url="https://twitter.com/danichain_/status/339927419207184384"/>
		<document id="339929855820984321" url="https://twitter.com/danichain_/status/339929855820984321"/>
		<document id="340102636420337665" url="https://twitter.com/danichain_/status/340102636420337665"/>
		<document id="340282296475205632" url="https://twitter.com/danichain_/status/340282296475205632"/>
		<document id="340282504416210944" url="https://twitter.com/danichain_/status/340282504416210944"/>
		<document id="340286739887312896" url="https://twitter.com/danichain_/status/340286739887312896"/>
		<document id="340667700156186624" url="https://twitter.com/danichain_/status/340667700156186624"/>
		<document id="340821663237148675" url="https://twitter.com/danichain_/status/340821663237148675"/>
		<document id="341022365901258752" url="https://twitter.com/danichain_/status/341022365901258752"/>
		<document id="341355459053252608" url="https://twitter.com/danichain_/status/341355459053252608"/>
		<document id="341355870296371200" url="https://twitter.com/danichain_/status/341355870296371200"/>
		<document id="341563873033322496" url="https://twitter.com/danichain_/status/341563873033322496"/>
		<document id="341998829320667136" url="https://twitter.com/danichain_/status/341998829320667136"/>
		<document id="342642007459655680" url="https://twitter.com/danichain_/status/342642007459655680"/>
		<document id="343963161503862786" url="https://twitter.com/danichain_/status/343963161503862786"/>
		<document id="343963198275346432" url="https://twitter.com/danichain_/status/343963198275346432"/>
		<document id="343963393767657472" url="https://twitter.com/danichain_/status/343963393767657472"/>
		<document id="343963433353502721" url="https://twitter.com/danichain_/status/343963433353502721"/>
		<document id="345557131891732480" url="https://twitter.com/danichain_/status/345557131891732480"/>
		<document id="348084734640943104" url="https://twitter.com/danichain_/status/348084734640943104"/>
		<document id="349534592035856385" url="https://twitter.com/danichain_/status/349534592035856385"/>
		<document id="350626854736105472" url="https://twitter.com/danichain_/status/350626854736105472"/>
		<document id="350626862109700097" url="https://twitter.com/danichain_/status/350626862109700097"/>
		<document id="350751326256365568" url="https://twitter.com/danichain_/status/350751326256365568"/>
		<document id="350751549494005760" url="https://twitter.com/danichain_/status/350751549494005760"/>
		<document id="351038645769224192" url="https://twitter.com/danichain_/status/351038645769224192"/>
		<document id="351038653826482178" url="https://twitter.com/danichain_/status/351038653826482178"/>
		<document id="351689221901266944" url="https://twitter.com/danichain_/status/351689221901266944"/>
		<document id="351692142122508289" url="https://twitter.com/danichain_/status/351692142122508289"/>
		<document id="352170470742818817" url="https://twitter.com/danichain_/status/352170470742818817"/>
		<document id="352170480930795520" url="https://twitter.com/danichain_/status/352170480930795520"/>
		<document id="352412080302862336" url="https://twitter.com/danichain_/status/352412080302862336"/>
		<document id="352436525465747457" url="https://twitter.com/danichain_/status/352436525465747457"/>
		<document id="352794894034673667" url="https://twitter.com/danichain_/status/352794894034673667"/>
		<document id="352961199320727554" url="https://twitter.com/danichain_/status/352961199320727554"/>
		<document id="354275035575369729" url="https://twitter.com/danichain_/status/354275035575369729"/>
		<document id="354309276791087105" url="https://twitter.com/danichain_/status/354309276791087105"/>
		<document id="354669803509784576" url="https://twitter.com/danichain_/status/354669803509784576"/>
		<document id="355054125932761088" url="https://twitter.com/danichain_/status/355054125932761088"/>
		<document id="359678400396398592" url="https://twitter.com/danichain_/status/359678400396398592"/>
		<document id="363439294448279554" url="https://twitter.com/danichain_/status/363439294448279554"/>
		<document id="364399522337665026" url="https://twitter.com/danichain_/status/364399522337665026"/>
		<document id="365246234316906496" url="https://twitter.com/danichain_/status/365246234316906496"/>
		<document id="368021836526657536" url="https://twitter.com/danichain_/status/368021836526657536"/>
		<document id="368042264989155329" url="https://twitter.com/danichain_/status/368042264989155329"/>
		<document id="368091267202179072" url="https://twitter.com/danichain_/status/368091267202179072"/>
		<document id="369461790494560256" url="https://twitter.com/danichain_/status/369461790494560256"/>
		<document id="369519612209025024" url="https://twitter.com/danichain_/status/369519612209025024"/>
		<document id="370208089578147840" url="https://twitter.com/danichain_/status/370208089578147840"/>
		<document id="372820163931807744" url="https://twitter.com/danichain_/status/372820163931807744"/>
		<document id="373476445898539009" url="https://twitter.com/danichain_/status/373476445898539009"/>
		<document id="374653538879959040" url="https://twitter.com/danichain_/status/374653538879959040"/>
		<document id="374673134185902080" url="https://twitter.com/danichain_/status/374673134185902080"/>
		<document id="374673794771984384" url="https://twitter.com/danichain_/status/374673794771984384"/>
		<document id="377546225374867456" url="https://twitter.com/danichain_/status/377546225374867456"/>
		<document id="377601182367506432" url="https://twitter.com/danichain_/status/377601182367506432"/>
		<document id="378527833716297728" url="https://twitter.com/danichain_/status/378527833716297728"/>
		<document id="378574323453530112" url="https://twitter.com/danichain_/status/378574323453530112"/>
		<document id="378580298306699264" url="https://twitter.com/danichain_/status/378580298306699264"/>
		<document id="380369852630056960" url="https://twitter.com/danichain_/status/380369852630056960"/>
		<document id="380371001873551360" url="https://twitter.com/danichain_/status/380371001873551360"/>
		<document id="381097787527811072" url="https://twitter.com/danichain_/status/381097787527811072"/>
		<document id="381897546115072000" url="https://twitter.com/danichain_/status/381897546115072000"/>
		<document id="381940824483057664" url="https://twitter.com/danichain_/status/381940824483057664"/>
		<document id="381945210835853312" url="https://twitter.com/danichain_/status/381945210835853312"/>
		<document id="382293727764828160" url="https://twitter.com/danichain_/status/382293727764828160"/>
		<document id="388400111220301824" url="https://twitter.com/danichain_/status/388400111220301824"/>
		<document id="388400746720276480" url="https://twitter.com/danichain_/status/388400746720276480"/>
		<document id="388401201521250304" url="https://twitter.com/danichain_/status/388401201521250304"/>
		<document id="388740391052124160" url="https://twitter.com/danichain_/status/388740391052124160"/>
		<document id="393210243242418176" url="https://twitter.com/danichain_/status/393210243242418176"/>
		<document id="393376149524316160" url="https://twitter.com/danichain_/status/393376149524316160"/>
		<document id="393379523246317568" url="https://twitter.com/danichain_/status/393379523246317568"/>
		<document id="393380674679238657" url="https://twitter.com/danichain_/status/393380674679238657"/>
		<document id="394523913449136128" url="https://twitter.com/danichain_/status/394523913449136128"/>
		<document id="394544028085420032" url="https://twitter.com/danichain_/status/394544028085420032"/>
		<document id="394822671441338368" url="https://twitter.com/danichain_/status/394822671441338368"/>
		<document id="395260895150235649" url="https://twitter.com/danichain_/status/395260895150235649"/>
		<document id="395303113302999041" url="https://twitter.com/danichain_/status/395303113302999041"/>
		<document id="395937648411676672" url="https://twitter.com/danichain_/status/395937648411676672"/>
		<document id="396034982810238976" url="https://twitter.com/danichain_/status/396034982810238976"/>
		<document id="396067372551131136" url="https://twitter.com/danichain_/status/396067372551131136"/>
		<document id="396380237421744128" url="https://twitter.com/danichain_/status/396380237421744128"/>
		<document id="397406276726292480" url="https://twitter.com/danichain_/status/397406276726292480"/>
		<document id="397473333819633664" url="https://twitter.com/danichain_/status/397473333819633664"/>
		<document id="398187798059966464" url="https://twitter.com/danichain_/status/398187798059966464"/>
		<document id="398188332389109760" url="https://twitter.com/danichain_/status/398188332389109760"/>
		<document id="398443206893117440" url="https://twitter.com/danichain_/status/398443206893117440"/>
		<document id="398516475461242880" url="https://twitter.com/danichain_/status/398516475461242880"/>
		<document id="398530128042401793" url="https://twitter.com/danichain_/status/398530128042401793"/>
		<document id="399221221117931520" url="https://twitter.com/danichain_/status/399221221117931520"/>
		<document id="399259933788864512" url="https://twitter.com/danichain_/status/399259933788864512"/>
		<document id="401017166256177153" url="https://twitter.com/danichain_/status/401017166256177153"/>
		<document id="403166549064048640" url="https://twitter.com/danichain_/status/403166549064048640"/>
		<document id="403581521631924227" url="https://twitter.com/danichain_/status/403581521631924227"/>
		<document id="404363471665758208" url="https://twitter.com/danichain_/status/404363471665758208"/>
		<document id="404640594204831744" url="https://twitter.com/danichain_/status/404640594204831744"/>
		<document id="408683419087159297" url="https://twitter.com/danichain_/status/408683419087159297"/>
		<document id="408799745386491904" url="https://twitter.com/danichain_/status/408799745386491904"/>
		<document id="408828591016001536" url="https://twitter.com/danichain_/status/408828591016001536"/>
		<document id="409401862342082561" url="https://twitter.com/danichain_/status/409401862342082561"/>
		<document id="409484859074441216" url="https://twitter.com/danichain_/status/409484859074441216"/>
		<document id="410501140418396160" url="https://twitter.com/danichain_/status/410501140418396160"/>
		<document id="410608884517462016" url="https://twitter.com/danichain_/status/410608884517462016"/>
		<document id="410826059194826752" url="https://twitter.com/danichain_/status/410826059194826752"/>
		<document id="412079837751574528" url="https://twitter.com/danichain_/status/412079837751574528"/>
		<document id="412397521756246016" url="https://twitter.com/danichain_/status/412397521756246016"/>
		<document id="414044201828233216" url="https://twitter.com/danichain_/status/414044201828233216"/>
	</documents>
</author>