<?xml version="1.0" encoding="UTF-8" standalone="no"?><author age_group="xx" gender="xx" lang="EN" type="twitter" url="https://twitter.com/MaiteFinch">
	<documents count="284">
		<document id="387560263123087360" url="https://twitter.com/MaiteFinch/status/387560263123087360"/>
		<document id="387996294267957248" url="https://twitter.com/MaiteFinch/status/387996294267957248"/>
		<document id="388216161118060544" url="https://twitter.com/MaiteFinch/status/388216161118060544"/>
		<document id="388543054522499072" url="https://twitter.com/MaiteFinch/status/388543054522499072"/>
		<document id="389443967533600768" url="https://twitter.com/MaiteFinch/status/389443967533600768"/>
		<document id="389683969618235392" url="https://twitter.com/MaiteFinch/status/389683969618235392"/>
		<document id="390017639327608832" url="https://twitter.com/MaiteFinch/status/390017639327608832"/>
		<document id="390194307740614656" url="https://twitter.com/MaiteFinch/status/390194307740614656"/>
		<document id="390194637794603008" url="https://twitter.com/MaiteFinch/status/390194637794603008"/>
		<document id="390392853957844992" url="https://twitter.com/MaiteFinch/status/390392853957844992"/>
		<document id="392601719185870848" url="https://twitter.com/MaiteFinch/status/392601719185870848"/>
		<document id="392601888748994560" url="https://twitter.com/MaiteFinch/status/392601888748994560"/>
		<document id="394750717443194880" url="https://twitter.com/MaiteFinch/status/394750717443194880"/>
		<document id="394886916984016896" url="https://twitter.com/MaiteFinch/status/394886916984016896"/>
		<document id="394916541579268096" url="https://twitter.com/MaiteFinch/status/394916541579268096"/>
		<document id="395105283099201536" url="https://twitter.com/MaiteFinch/status/395105283099201536"/>
		<document id="395199862972903424" url="https://twitter.com/MaiteFinch/status/395199862972903424"/>
		<document id="395470687923478529" url="https://twitter.com/MaiteFinch/status/395470687923478529"/>
		<document id="395471711904088064" url="https://twitter.com/MaiteFinch/status/395471711904088064"/>
		<document id="395483598918139904" url="https://twitter.com/MaiteFinch/status/395483598918139904"/>
		<document id="395483874446172161" url="https://twitter.com/MaiteFinch/status/395483874446172161"/>
		<document id="395547185867423744" url="https://twitter.com/MaiteFinch/status/395547185867423744"/>
		<document id="395681666746036224" url="https://twitter.com/MaiteFinch/status/395681666746036224"/>
		<document id="395929095378599936" url="https://twitter.com/MaiteFinch/status/395929095378599936"/>
		<document id="397260809115811840" url="https://twitter.com/MaiteFinch/status/397260809115811840"/>
		<document id="397382953845936128" url="https://twitter.com/MaiteFinch/status/397382953845936128"/>
		<document id="397401321776484352" url="https://twitter.com/MaiteFinch/status/397401321776484352"/>
		<document id="397443283657695232" url="https://twitter.com/MaiteFinch/status/397443283657695232"/>
		<document id="397684871805800449" url="https://twitter.com/MaiteFinch/status/397684871805800449"/>
		<document id="397725531837190144" url="https://twitter.com/MaiteFinch/status/397725531837190144"/>
		<document id="397725771550040064" url="https://twitter.com/MaiteFinch/status/397725771550040064"/>
		<document id="397835956117831681" url="https://twitter.com/MaiteFinch/status/397835956117831681"/>
		<document id="398002039000956928" url="https://twitter.com/MaiteFinch/status/398002039000956928"/>
		<document id="398017098951450624" url="https://twitter.com/MaiteFinch/status/398017098951450624"/>
		<document id="398140989593755648" url="https://twitter.com/MaiteFinch/status/398140989593755648"/>
		<document id="398379468513103872" url="https://twitter.com/MaiteFinch/status/398379468513103872"/>
		<document id="398787350916247552" url="https://twitter.com/MaiteFinch/status/398787350916247552"/>
		<document id="398833785833127936" url="https://twitter.com/MaiteFinch/status/398833785833127936"/>
		<document id="398846441281437696" url="https://twitter.com/MaiteFinch/status/398846441281437696"/>
		<document id="399824231237943296" url="https://twitter.com/MaiteFinch/status/399824231237943296"/>
		<document id="400030327814365184" url="https://twitter.com/MaiteFinch/status/400030327814365184"/>
		<document id="400272063552061440" url="https://twitter.com/MaiteFinch/status/400272063552061440"/>
		<document id="400391487978209280" url="https://twitter.com/MaiteFinch/status/400391487978209280"/>
		<document id="400573911030829056" url="https://twitter.com/MaiteFinch/status/400573911030829056"/>
		<document id="400648226296311808" url="https://twitter.com/MaiteFinch/status/400648226296311808"/>
		<document id="401011881844146176" url="https://twitter.com/MaiteFinch/status/401011881844146176"/>
		<document id="401033590873403392" url="https://twitter.com/MaiteFinch/status/401033590873403392"/>
		<document id="401265241729687553" url="https://twitter.com/MaiteFinch/status/401265241729687553"/>
		<document id="401289358298206209" url="https://twitter.com/MaiteFinch/status/401289358298206209"/>
		<document id="401327769587810304" url="https://twitter.com/MaiteFinch/status/401327769587810304"/>
		<document id="401404521395814400" url="https://twitter.com/MaiteFinch/status/401404521395814400"/>
		<document id="402452411673231360" url="https://twitter.com/MaiteFinch/status/402452411673231360"/>
		<document id="402475004828188672" url="https://twitter.com/MaiteFinch/status/402475004828188672"/>
		<document id="402723461275340800" url="https://twitter.com/MaiteFinch/status/402723461275340800"/>
		<document id="402895112188870656" url="https://twitter.com/MaiteFinch/status/402895112188870656"/>
		<document id="402919994134372352" url="https://twitter.com/MaiteFinch/status/402919994134372352"/>
		<document id="403096015823073280" url="https://twitter.com/MaiteFinch/status/403096015823073280"/>
		<document id="403142172142481408" url="https://twitter.com/MaiteFinch/status/403142172142481408"/>
		<document id="403428983121129472" url="https://twitter.com/MaiteFinch/status/403428983121129472"/>
		<document id="403451282867748864" url="https://twitter.com/MaiteFinch/status/403451282867748864"/>
		<document id="403451394478186496" url="https://twitter.com/MaiteFinch/status/403451394478186496"/>
		<document id="403640531596894208" url="https://twitter.com/MaiteFinch/status/403640531596894208"/>
		<document id="403806518233284608" url="https://twitter.com/MaiteFinch/status/403806518233284608"/>
		<document id="403835056763838464" url="https://twitter.com/MaiteFinch/status/403835056763838464"/>
		<document id="405020436158623745" url="https://twitter.com/MaiteFinch/status/405020436158623745"/>
		<document id="405367932513169408" url="https://twitter.com/MaiteFinch/status/405367932513169408"/>
		<document id="405377872660951041" url="https://twitter.com/MaiteFinch/status/405377872660951041"/>
		<document id="405385662230462464" url="https://twitter.com/MaiteFinch/status/405385662230462464"/>
		<document id="405403347395817472" url="https://twitter.com/MaiteFinch/status/405403347395817472"/>
		<document id="405416846213410817" url="https://twitter.com/MaiteFinch/status/405416846213410817"/>
		<document id="405417000362471424" url="https://twitter.com/MaiteFinch/status/405417000362471424"/>
		<document id="405420952453791745" url="https://twitter.com/MaiteFinch/status/405420952453791745"/>
		<document id="405421389475086337" url="https://twitter.com/MaiteFinch/status/405421389475086337"/>
		<document id="405448519093194752" url="https://twitter.com/MaiteFinch/status/405448519093194752"/>
		<document id="405608233811075073" url="https://twitter.com/MaiteFinch/status/405608233811075073"/>
		<document id="405653629795074048" url="https://twitter.com/MaiteFinch/status/405653629795074048"/>
		<document id="405669938968686592" url="https://twitter.com/MaiteFinch/status/405669938968686592"/>
		<document id="405700180181532672" url="https://twitter.com/MaiteFinch/status/405700180181532672"/>
		<document id="405985772882657280" url="https://twitter.com/MaiteFinch/status/405985772882657280"/>
		<document id="406022511068192768" url="https://twitter.com/MaiteFinch/status/406022511068192768"/>
		<document id="406071419303657472" url="https://twitter.com/MaiteFinch/status/406071419303657472"/>
		<document id="406339600362512384" url="https://twitter.com/MaiteFinch/status/406339600362512384"/>
		<document id="406393494123470849" url="https://twitter.com/MaiteFinch/status/406393494123470849"/>
		<document id="406423697072070657" url="https://twitter.com/MaiteFinch/status/406423697072070657"/>
		<document id="407525749822734336" url="https://twitter.com/MaiteFinch/status/407525749822734336"/>
		<document id="407790717931495424" url="https://twitter.com/MaiteFinch/status/407790717931495424"/>
		<document id="407911355652390913" url="https://twitter.com/MaiteFinch/status/407911355652390913"/>
		<document id="407932484655931392" url="https://twitter.com/MaiteFinch/status/407932484655931392"/>
		<document id="407934640226185217" url="https://twitter.com/MaiteFinch/status/407934640226185217"/>
		<document id="408250988013707264" url="https://twitter.com/MaiteFinch/status/408250988013707264"/>
		<document id="409990535433031680" url="https://twitter.com/MaiteFinch/status/409990535433031680"/>
		<document id="410014146457923584" url="https://twitter.com/MaiteFinch/status/410014146457923584"/>
		<document id="410163238131990528" url="https://twitter.com/MaiteFinch/status/410163238131990528"/>
		<document id="410306778984091648" url="https://twitter.com/MaiteFinch/status/410306778984091648"/>
		<document id="410405678931402752" url="https://twitter.com/MaiteFinch/status/410405678931402752"/>
		<document id="410543214429339648" url="https://twitter.com/MaiteFinch/status/410543214429339648"/>
		<document id="411137340036636672" url="https://twitter.com/MaiteFinch/status/411137340036636672"/>
		<document id="412509057896169472" url="https://twitter.com/MaiteFinch/status/412509057896169472"/>
		<document id="412565969202999296" url="https://twitter.com/MaiteFinch/status/412565969202999296"/>
		<document id="412566305112219648" url="https://twitter.com/MaiteFinch/status/412566305112219648"/>
		<document id="412588129053577216" url="https://twitter.com/MaiteFinch/status/412588129053577216"/>
		<document id="412634674310438913" url="https://twitter.com/MaiteFinch/status/412634674310438913"/>
		<document id="412708857132367872" url="https://twitter.com/MaiteFinch/status/412708857132367872"/>
		<document id="412874984949026816" url="https://twitter.com/MaiteFinch/status/412874984949026816"/>
		<document id="412878403180589056" url="https://twitter.com/MaiteFinch/status/412878403180589056"/>
		<document id="412902062259585024" url="https://twitter.com/MaiteFinch/status/412902062259585024"/>
		<document id="412902433497432064" url="https://twitter.com/MaiteFinch/status/412902433497432064"/>
		<document id="412903209305264128" url="https://twitter.com/MaiteFinch/status/412903209305264128"/>
		<document id="412949286616571905" url="https://twitter.com/MaiteFinch/status/412949286616571905"/>
		<document id="412981920667291649" url="https://twitter.com/MaiteFinch/status/412981920667291649"/>
		<document id="412995835887370240" url="https://twitter.com/MaiteFinch/status/412995835887370240"/>
		<document id="413252436053458944" url="https://twitter.com/MaiteFinch/status/413252436053458944"/>
		<document id="413266308898521088" url="https://twitter.com/MaiteFinch/status/413266308898521088"/>
		<document id="413374490408914945" url="https://twitter.com/MaiteFinch/status/413374490408914945"/>
		<document id="413418566781009920" url="https://twitter.com/MaiteFinch/status/413418566781009920"/>
		<document id="413590936464412672" url="https://twitter.com/MaiteFinch/status/413590936464412672"/>
		<document id="413629985942159360" url="https://twitter.com/MaiteFinch/status/413629985942159360"/>
		<document id="413645050338619392" url="https://twitter.com/MaiteFinch/status/413645050338619392"/>
		<document id="413691611798069249" url="https://twitter.com/MaiteFinch/status/413691611798069249"/>
		<document id="413948230482014208" url="https://twitter.com/MaiteFinch/status/413948230482014208"/>
		<document id="413977197977030656" url="https://twitter.com/MaiteFinch/status/413977197977030656"/>
		<document id="414008630443511808" url="https://twitter.com/MaiteFinch/status/414008630443511808"/>
		<document id="414082994375524352" url="https://twitter.com/MaiteFinch/status/414082994375524352"/>
		<document id="416924460042563584" url="https://twitter.com/MaiteFinch/status/416924460042563584"/>
		<document id="417964087466012673" url="https://twitter.com/MaiteFinch/status/417964087466012673"/>
		<document id="417964119623753730" url="https://twitter.com/MaiteFinch/status/417964119623753730"/>
		<document id="387560263123087360" url="https://twitter.com/MaiteFinch/status/387560263123087360"/>
		<document id="387996294267957248" url="https://twitter.com/MaiteFinch/status/387996294267957248"/>
		<document id="388216161118060544" url="https://twitter.com/MaiteFinch/status/388216161118060544"/>
		<document id="388543054522499072" url="https://twitter.com/MaiteFinch/status/388543054522499072"/>
		<document id="389443967533600768" url="https://twitter.com/MaiteFinch/status/389443967533600768"/>
		<document id="389683969618235392" url="https://twitter.com/MaiteFinch/status/389683969618235392"/>
		<document id="390017639327608832" url="https://twitter.com/MaiteFinch/status/390017639327608832"/>
		<document id="390194307740614656" url="https://twitter.com/MaiteFinch/status/390194307740614656"/>
		<document id="390194637794603008" url="https://twitter.com/MaiteFinch/status/390194637794603008"/>
		<document id="390392853957844992" url="https://twitter.com/MaiteFinch/status/390392853957844992"/>
		<document id="392601719185870848" url="https://twitter.com/MaiteFinch/status/392601719185870848"/>
		<document id="392601888748994560" url="https://twitter.com/MaiteFinch/status/392601888748994560"/>
		<document id="394750717443194880" url="https://twitter.com/MaiteFinch/status/394750717443194880"/>
		<document id="394886916984016896" url="https://twitter.com/MaiteFinch/status/394886916984016896"/>
		<document id="394916541579268096" url="https://twitter.com/MaiteFinch/status/394916541579268096"/>
		<document id="395105283099201536" url="https://twitter.com/MaiteFinch/status/395105283099201536"/>
		<document id="395199862972903424" url="https://twitter.com/MaiteFinch/status/395199862972903424"/>
		<document id="395470687923478529" url="https://twitter.com/MaiteFinch/status/395470687923478529"/>
		<document id="395471711904088064" url="https://twitter.com/MaiteFinch/status/395471711904088064"/>
		<document id="395483598918139904" url="https://twitter.com/MaiteFinch/status/395483598918139904"/>
		<document id="395483874446172161" url="https://twitter.com/MaiteFinch/status/395483874446172161"/>
		<document id="395547185867423744" url="https://twitter.com/MaiteFinch/status/395547185867423744"/>
		<document id="395681666746036224" url="https://twitter.com/MaiteFinch/status/395681666746036224"/>
		<document id="395929095378599936" url="https://twitter.com/MaiteFinch/status/395929095378599936"/>
		<document id="397260809115811840" url="https://twitter.com/MaiteFinch/status/397260809115811840"/>
		<document id="397382953845936128" url="https://twitter.com/MaiteFinch/status/397382953845936128"/>
		<document id="397401321776484352" url="https://twitter.com/MaiteFinch/status/397401321776484352"/>
		<document id="397443283657695232" url="https://twitter.com/MaiteFinch/status/397443283657695232"/>
		<document id="397684871805800449" url="https://twitter.com/MaiteFinch/status/397684871805800449"/>
		<document id="397725531837190144" url="https://twitter.com/MaiteFinch/status/397725531837190144"/>
		<document id="397725771550040064" url="https://twitter.com/MaiteFinch/status/397725771550040064"/>
		<document id="397835956117831681" url="https://twitter.com/MaiteFinch/status/397835956117831681"/>
		<document id="398002039000956928" url="https://twitter.com/MaiteFinch/status/398002039000956928"/>
		<document id="398017098951450624" url="https://twitter.com/MaiteFinch/status/398017098951450624"/>
		<document id="398140989593755648" url="https://twitter.com/MaiteFinch/status/398140989593755648"/>
		<document id="398379468513103872" url="https://twitter.com/MaiteFinch/status/398379468513103872"/>
		<document id="398787350916247552" url="https://twitter.com/MaiteFinch/status/398787350916247552"/>
		<document id="398833785833127936" url="https://twitter.com/MaiteFinch/status/398833785833127936"/>
		<document id="398846441281437696" url="https://twitter.com/MaiteFinch/status/398846441281437696"/>
		<document id="399824231237943296" url="https://twitter.com/MaiteFinch/status/399824231237943296"/>
		<document id="400030327814365184" url="https://twitter.com/MaiteFinch/status/400030327814365184"/>
		<document id="400272063552061440" url="https://twitter.com/MaiteFinch/status/400272063552061440"/>
		<document id="400391487978209280" url="https://twitter.com/MaiteFinch/status/400391487978209280"/>
		<document id="400573911030829056" url="https://twitter.com/MaiteFinch/status/400573911030829056"/>
		<document id="400648226296311808" url="https://twitter.com/MaiteFinch/status/400648226296311808"/>
		<document id="401011881844146176" url="https://twitter.com/MaiteFinch/status/401011881844146176"/>
		<document id="401033590873403392" url="https://twitter.com/MaiteFinch/status/401033590873403392"/>
		<document id="401265241729687553" url="https://twitter.com/MaiteFinch/status/401265241729687553"/>
		<document id="401289358298206209" url="https://twitter.com/MaiteFinch/status/401289358298206209"/>
		<document id="401327769587810304" url="https://twitter.com/MaiteFinch/status/401327769587810304"/>
		<document id="401404521395814400" url="https://twitter.com/MaiteFinch/status/401404521395814400"/>
		<document id="402452411673231360" url="https://twitter.com/MaiteFinch/status/402452411673231360"/>
		<document id="402475004828188672" url="https://twitter.com/MaiteFinch/status/402475004828188672"/>
		<document id="402723461275340800" url="https://twitter.com/MaiteFinch/status/402723461275340800"/>
		<document id="402895112188870656" url="https://twitter.com/MaiteFinch/status/402895112188870656"/>
		<document id="402919994134372352" url="https://twitter.com/MaiteFinch/status/402919994134372352"/>
		<document id="403096015823073280" url="https://twitter.com/MaiteFinch/status/403096015823073280"/>
		<document id="403142172142481408" url="https://twitter.com/MaiteFinch/status/403142172142481408"/>
		<document id="403428983121129472" url="https://twitter.com/MaiteFinch/status/403428983121129472"/>
		<document id="403451282867748864" url="https://twitter.com/MaiteFinch/status/403451282867748864"/>
		<document id="403451394478186496" url="https://twitter.com/MaiteFinch/status/403451394478186496"/>
		<document id="403640531596894208" url="https://twitter.com/MaiteFinch/status/403640531596894208"/>
		<document id="403806518233284608" url="https://twitter.com/MaiteFinch/status/403806518233284608"/>
		<document id="403835056763838464" url="https://twitter.com/MaiteFinch/status/403835056763838464"/>
		<document id="405020436158623745" url="https://twitter.com/MaiteFinch/status/405020436158623745"/>
		<document id="405367932513169408" url="https://twitter.com/MaiteFinch/status/405367932513169408"/>
		<document id="405377872660951041" url="https://twitter.com/MaiteFinch/status/405377872660951041"/>
		<document id="405385662230462464" url="https://twitter.com/MaiteFinch/status/405385662230462464"/>
		<document id="405403347395817472" url="https://twitter.com/MaiteFinch/status/405403347395817472"/>
		<document id="405416846213410817" url="https://twitter.com/MaiteFinch/status/405416846213410817"/>
		<document id="405417000362471424" url="https://twitter.com/MaiteFinch/status/405417000362471424"/>
		<document id="405420952453791745" url="https://twitter.com/MaiteFinch/status/405420952453791745"/>
		<document id="405421389475086337" url="https://twitter.com/MaiteFinch/status/405421389475086337"/>
		<document id="405448519093194752" url="https://twitter.com/MaiteFinch/status/405448519093194752"/>
		<document id="405608233811075073" url="https://twitter.com/MaiteFinch/status/405608233811075073"/>
		<document id="405653629795074048" url="https://twitter.com/MaiteFinch/status/405653629795074048"/>
		<document id="405669938968686592" url="https://twitter.com/MaiteFinch/status/405669938968686592"/>
		<document id="405700180181532672" url="https://twitter.com/MaiteFinch/status/405700180181532672"/>
		<document id="405985772882657280" url="https://twitter.com/MaiteFinch/status/405985772882657280"/>
		<document id="406022511068192768" url="https://twitter.com/MaiteFinch/status/406022511068192768"/>
		<document id="406071419303657472" url="https://twitter.com/MaiteFinch/status/406071419303657472"/>
		<document id="406339600362512384" url="https://twitter.com/MaiteFinch/status/406339600362512384"/>
		<document id="406393494123470849" url="https://twitter.com/MaiteFinch/status/406393494123470849"/>
		<document id="406423697072070657" url="https://twitter.com/MaiteFinch/status/406423697072070657"/>
		<document id="407525749822734336" url="https://twitter.com/MaiteFinch/status/407525749822734336"/>
		<document id="407790717931495424" url="https://twitter.com/MaiteFinch/status/407790717931495424"/>
		<document id="407911355652390913" url="https://twitter.com/MaiteFinch/status/407911355652390913"/>
		<document id="407932484655931392" url="https://twitter.com/MaiteFinch/status/407932484655931392"/>
		<document id="407934640226185217" url="https://twitter.com/MaiteFinch/status/407934640226185217"/>
		<document id="408250988013707264" url="https://twitter.com/MaiteFinch/status/408250988013707264"/>
		<document id="409990535433031680" url="https://twitter.com/MaiteFinch/status/409990535433031680"/>
		<document id="410014146457923584" url="https://twitter.com/MaiteFinch/status/410014146457923584"/>
		<document id="410163238131990528" url="https://twitter.com/MaiteFinch/status/410163238131990528"/>
		<document id="410306778984091648" url="https://twitter.com/MaiteFinch/status/410306778984091648"/>
		<document id="410405678931402752" url="https://twitter.com/MaiteFinch/status/410405678931402752"/>
		<document id="410543214429339648" url="https://twitter.com/MaiteFinch/status/410543214429339648"/>
		<document id="411137340036636672" url="https://twitter.com/MaiteFinch/status/411137340036636672"/>
		<document id="412509057896169472" url="https://twitter.com/MaiteFinch/status/412509057896169472"/>
		<document id="412565969202999296" url="https://twitter.com/MaiteFinch/status/412565969202999296"/>
		<document id="412566305112219648" url="https://twitter.com/MaiteFinch/status/412566305112219648"/>
		<document id="412588129053577216" url="https://twitter.com/MaiteFinch/status/412588129053577216"/>
		<document id="412634674310438913" url="https://twitter.com/MaiteFinch/status/412634674310438913"/>
		<document id="412708857132367872" url="https://twitter.com/MaiteFinch/status/412708857132367872"/>
		<document id="412874984949026816" url="https://twitter.com/MaiteFinch/status/412874984949026816"/>
		<document id="412878403180589056" url="https://twitter.com/MaiteFinch/status/412878403180589056"/>
		<document id="412902062259585024" url="https://twitter.com/MaiteFinch/status/412902062259585024"/>
		<document id="412902433497432064" url="https://twitter.com/MaiteFinch/status/412902433497432064"/>
		<document id="412903209305264128" url="https://twitter.com/MaiteFinch/status/412903209305264128"/>
		<document id="412949286616571905" url="https://twitter.com/MaiteFinch/status/412949286616571905"/>
		<document id="412981920667291649" url="https://twitter.com/MaiteFinch/status/412981920667291649"/>
		<document id="412995835887370240" url="https://twitter.com/MaiteFinch/status/412995835887370240"/>
		<document id="413252436053458944" url="https://twitter.com/MaiteFinch/status/413252436053458944"/>
		<document id="413266308898521088" url="https://twitter.com/MaiteFinch/status/413266308898521088"/>
		<document id="413374490408914945" url="https://twitter.com/MaiteFinch/status/413374490408914945"/>
		<document id="413418566781009920" url="https://twitter.com/MaiteFinch/status/413418566781009920"/>
		<document id="413590936464412672" url="https://twitter.com/MaiteFinch/status/413590936464412672"/>
		<document id="413629985942159360" url="https://twitter.com/MaiteFinch/status/413629985942159360"/>
		<document id="413645050338619392" url="https://twitter.com/MaiteFinch/status/413645050338619392"/>
		<document id="413691611798069249" url="https://twitter.com/MaiteFinch/status/413691611798069249"/>
		<document id="413948230482014208" url="https://twitter.com/MaiteFinch/status/413948230482014208"/>
		<document id="413977197977030656" url="https://twitter.com/MaiteFinch/status/413977197977030656"/>
		<document id="414008630443511808" url="https://twitter.com/MaiteFinch/status/414008630443511808"/>
		<document id="414082994375524352" url="https://twitter.com/MaiteFinch/status/414082994375524352"/>
		<document id="416924460042563584" url="https://twitter.com/MaiteFinch/status/416924460042563584"/>
		<document id="417964087466012673" url="https://twitter.com/MaiteFinch/status/417964087466012673"/>
		<document id="417964119623753730" url="https://twitter.com/MaiteFinch/status/417964119623753730"/>
	</documents>
</author>