<?xml version="1.0" encoding="UTF-8" standalone="no"?><author age_group="xx" gender="xx" lang="EN" type="twitter" url="https://twitter.com/Remetey">
	<documents count="40">
		<document id="106859757813501952" url="https://twitter.com/Remetey/status/106859757813501952"/>
		<document id="12631136991715328" url="https://twitter.com/Remetey/status/12631136991715328"/>
		<document id="13348714562" url="https://twitter.com/Remetey/status/13348714562"/>
		<document id="13675161621" url="https://twitter.com/Remetey/status/13675161621"/>
		<document id="13715901454" url="https://twitter.com/Remetey/status/13715901454"/>
		<document id="15308498365" url="https://twitter.com/Remetey/status/15308498365"/>
		<document id="17082703090" url="https://twitter.com/Remetey/status/17082703090"/>
		<document id="176090184243355648" url="https://twitter.com/Remetey/status/176090184243355648"/>
		<document id="210283573146697728" url="https://twitter.com/Remetey/status/210283573146697728"/>
		<document id="232446784486662145" url="https://twitter.com/Remetey/status/232446784486662145"/>
		<document id="232743987272896512" url="https://twitter.com/Remetey/status/232743987272896512"/>
		<document id="247633352008552449" url="https://twitter.com/Remetey/status/247633352008552449"/>
		<document id="251023903001018368" url="https://twitter.com/Remetey/status/251023903001018368"/>
		<document id="25230715398397952" url="https://twitter.com/Remetey/status/25230715398397952"/>
		<document id="27049615480" url="https://twitter.com/Remetey/status/27049615480"/>
		<document id="304501511390629888" url="https://twitter.com/Remetey/status/304501511390629888"/>
		<document id="304502038195220480" url="https://twitter.com/Remetey/status/304502038195220480"/>
		<document id="326945589982003200" url="https://twitter.com/Remetey/status/326945589982003200"/>
		<document id="332919372110770177" url="https://twitter.com/Remetey/status/332919372110770177"/>
		<document id="375648941779324928" url="https://twitter.com/Remetey/status/375648941779324928"/>
		<document id="41862974960443392" url="https://twitter.com/Remetey/status/41862974960443392"/>
		<document id="42265258659819520" url="https://twitter.com/Remetey/status/42265258659819520"/>
		<document id="44409373291855872" url="https://twitter.com/Remetey/status/44409373291855872"/>
		<document id="44411211852419072" url="https://twitter.com/Remetey/status/44411211852419072"/>
		<document id="5487944767" url="https://twitter.com/Remetey/status/5487944767"/>
		<document id="5488909980" url="https://twitter.com/Remetey/status/5488909980"/>
		<document id="5501104604" url="https://twitter.com/Remetey/status/5501104604"/>
		<document id="5515175074" url="https://twitter.com/Remetey/status/5515175074"/>
		<document id="5552882040" url="https://twitter.com/Remetey/status/5552882040"/>
		<document id="5582693385" url="https://twitter.com/Remetey/status/5582693385"/>
		<document id="5613390730" url="https://twitter.com/Remetey/status/5613390730"/>
		<document id="56272982070394880" url="https://twitter.com/Remetey/status/56272982070394880"/>
		<document id="5660108398" url="https://twitter.com/Remetey/status/5660108398"/>
		<document id="5792231588" url="https://twitter.com/Remetey/status/5792231588"/>
		<document id="6008163103" url="https://twitter.com/Remetey/status/6008163103"/>
		<document id="6210502061" url="https://twitter.com/Remetey/status/6210502061"/>
		<document id="8068312161" url="https://twitter.com/Remetey/status/8068312161"/>
		<document id="84548596086734848" url="https://twitter.com/Remetey/status/84548596086734848"/>
		<document id="9447094743" url="https://twitter.com/Remetey/status/9447094743"/>
		<document id="9776450804" url="https://twitter.com/Remetey/status/9776450804"/>
	</documents>
</author>