<?xml version="1.0" encoding="UTF-8" standalone="no"?><author age_group="xx" gender="xx" lang="EN" type="twitter" url="https://twitter.com/perejoanmitjans">
	<documents count="206">
		<document id="189635301923225600" url="https://twitter.com/perejoanmitjans/status/189635301923225600"/>
		<document id="203791063478054912" url="https://twitter.com/perejoanmitjans/status/203791063478054912"/>
		<document id="203792217255583744" url="https://twitter.com/perejoanmitjans/status/203792217255583744"/>
		<document id="210097668083560449" url="https://twitter.com/perejoanmitjans/status/210097668083560449"/>
		<document id="215364807627513856" url="https://twitter.com/perejoanmitjans/status/215364807627513856"/>
		<document id="217320062867095552" url="https://twitter.com/perejoanmitjans/status/217320062867095552"/>
		<document id="220581923230203905" url="https://twitter.com/perejoanmitjans/status/220581923230203905"/>
		<document id="223509246556377089" url="https://twitter.com/perejoanmitjans/status/223509246556377089"/>
		<document id="234613101901795328" url="https://twitter.com/perejoanmitjans/status/234613101901795328"/>
		<document id="234614271747694592" url="https://twitter.com/perejoanmitjans/status/234614271747694592"/>
		<document id="240164504095293442" url="https://twitter.com/perejoanmitjans/status/240164504095293442"/>
		<document id="245628396040777730" url="https://twitter.com/perejoanmitjans/status/245628396040777730"/>
		<document id="247629927367708673" url="https://twitter.com/perejoanmitjans/status/247629927367708673"/>
		<document id="256042207000285185" url="https://twitter.com/perejoanmitjans/status/256042207000285185"/>
		<document id="267740015000436738" url="https://twitter.com/perejoanmitjans/status/267740015000436738"/>
		<document id="269032400821039104" url="https://twitter.com/perejoanmitjans/status/269032400821039104"/>
		<document id="272640802486882304" url="https://twitter.com/perejoanmitjans/status/272640802486882304"/>
		<document id="275675435491287040" url="https://twitter.com/perejoanmitjans/status/275675435491287040"/>
		<document id="276379923881529344" url="https://twitter.com/perejoanmitjans/status/276379923881529344"/>
		<document id="279657139201519616" url="https://twitter.com/perejoanmitjans/status/279657139201519616"/>
		<document id="287125955376463872" url="https://twitter.com/perejoanmitjans/status/287125955376463872"/>
		<document id="293296906002628608" url="https://twitter.com/perejoanmitjans/status/293296906002628608"/>
		<document id="297090435887808512" url="https://twitter.com/perejoanmitjans/status/297090435887808512"/>
		<document id="297262845765234689" url="https://twitter.com/perejoanmitjans/status/297262845765234689"/>
		<document id="297655075969589250" url="https://twitter.com/perejoanmitjans/status/297655075969589250"/>
		<document id="306372183922442240" url="https://twitter.com/perejoanmitjans/status/306372183922442240"/>
		<document id="306676607119147009" url="https://twitter.com/perejoanmitjans/status/306676607119147009"/>
		<document id="309439832785055744" url="https://twitter.com/perejoanmitjans/status/309439832785055744"/>
		<document id="315103885247266817" url="https://twitter.com/perejoanmitjans/status/315103885247266817"/>
		<document id="316585548707938304" url="https://twitter.com/perejoanmitjans/status/316585548707938304"/>
		<document id="319471231210516480" url="https://twitter.com/perejoanmitjans/status/319471231210516480"/>
		<document id="319522050442149889" url="https://twitter.com/perejoanmitjans/status/319522050442149889"/>
		<document id="319522915664138241" url="https://twitter.com/perejoanmitjans/status/319522915664138241"/>
		<document id="319738173997580289" url="https://twitter.com/perejoanmitjans/status/319738173997580289"/>
		<document id="320072149584977921" url="https://twitter.com/perejoanmitjans/status/320072149584977921"/>
		<document id="320830500249944064" url="https://twitter.com/perejoanmitjans/status/320830500249944064"/>
		<document id="322248954366533632" url="https://twitter.com/perejoanmitjans/status/322248954366533632"/>
		<document id="325005689669971971" url="https://twitter.com/perejoanmitjans/status/325005689669971971"/>
		<document id="325300574570565633" url="https://twitter.com/perejoanmitjans/status/325300574570565633"/>
		<document id="332041275266174977" url="https://twitter.com/perejoanmitjans/status/332041275266174977"/>
		<document id="334345193170026496" url="https://twitter.com/perejoanmitjans/status/334345193170026496"/>
		<document id="336156082126872576" url="https://twitter.com/perejoanmitjans/status/336156082126872576"/>
		<document id="338412916103581697" url="https://twitter.com/perejoanmitjans/status/338412916103581697"/>
		<document id="338707434203926528" url="https://twitter.com/perejoanmitjans/status/338707434203926528"/>
		<document id="339758464488321024" url="https://twitter.com/perejoanmitjans/status/339758464488321024"/>
		<document id="342555318481473536" url="https://twitter.com/perejoanmitjans/status/342555318481473536"/>
		<document id="342923596001312768" url="https://twitter.com/perejoanmitjans/status/342923596001312768"/>
		<document id="343021287297409025" url="https://twitter.com/perejoanmitjans/status/343021287297409025"/>
		<document id="343395385252929537" url="https://twitter.com/perejoanmitjans/status/343395385252929537"/>
		<document id="348696568511209472" url="https://twitter.com/perejoanmitjans/status/348696568511209472"/>
		<document id="367054610495569922" url="https://twitter.com/perejoanmitjans/status/367054610495569922"/>
		<document id="369825537306271745" url="https://twitter.com/perejoanmitjans/status/369825537306271745"/>
		<document id="372277439080431616" url="https://twitter.com/perejoanmitjans/status/372277439080431616"/>
		<document id="375396679714758658" url="https://twitter.com/perejoanmitjans/status/375396679714758658"/>
		<document id="378822795121000448" url="https://twitter.com/perejoanmitjans/status/378822795121000448"/>
		<document id="379668876297900032" url="https://twitter.com/perejoanmitjans/status/379668876297900032"/>
		<document id="379731367682011136" url="https://twitter.com/perejoanmitjans/status/379731367682011136"/>
		<document id="380018498056888320" url="https://twitter.com/perejoanmitjans/status/380018498056888320"/>
		<document id="385429972279513088" url="https://twitter.com/perejoanmitjans/status/385429972279513088"/>
		<document id="387522848631189504" url="https://twitter.com/perejoanmitjans/status/387522848631189504"/>
		<document id="398586788563787776" url="https://twitter.com/perejoanmitjans/status/398586788563787776"/>
		<document id="410839847767912448" url="https://twitter.com/perejoanmitjans/status/410839847767912448"/>
		<document id="411494630119575552" url="https://twitter.com/perejoanmitjans/status/411494630119575552"/>
		<document id="412549858109956096" url="https://twitter.com/perejoanmitjans/status/412549858109956096"/>
		<document id="412628866557939712" url="https://twitter.com/perejoanmitjans/status/412628866557939712"/>
		<document id="413955725270847489" url="https://twitter.com/perejoanmitjans/status/413955725270847489"/>
		<document id="413967407750078464" url="https://twitter.com/perejoanmitjans/status/413967407750078464"/>
		<document id="415197220582207488" url="https://twitter.com/perejoanmitjans/status/415197220582207488"/>
		<document id="418687613403676672" url="https://twitter.com/perejoanmitjans/status/418687613403676672"/>
		<document id="419028993245839360" url="https://twitter.com/perejoanmitjans/status/419028993245839360"/>
		<document id="189635301923225600" url="https://twitter.com/perejoanmitjans/status/189635301923225600"/>
		<document id="203791063478054912" url="https://twitter.com/perejoanmitjans/status/203791063478054912"/>
		<document id="203792217255583744" url="https://twitter.com/perejoanmitjans/status/203792217255583744"/>
		<document id="210097668083560449" url="https://twitter.com/perejoanmitjans/status/210097668083560449"/>
		<document id="215364807627513856" url="https://twitter.com/perejoanmitjans/status/215364807627513856"/>
		<document id="217320062867095552" url="https://twitter.com/perejoanmitjans/status/217320062867095552"/>
		<document id="220581923230203905" url="https://twitter.com/perejoanmitjans/status/220581923230203905"/>
		<document id="223509246556377089" url="https://twitter.com/perejoanmitjans/status/223509246556377089"/>
		<document id="234613101901795328" url="https://twitter.com/perejoanmitjans/status/234613101901795328"/>
		<document id="234614271747694592" url="https://twitter.com/perejoanmitjans/status/234614271747694592"/>
		<document id="240164504095293442" url="https://twitter.com/perejoanmitjans/status/240164504095293442"/>
		<document id="245628396040777730" url="https://twitter.com/perejoanmitjans/status/245628396040777730"/>
		<document id="247629927367708673" url="https://twitter.com/perejoanmitjans/status/247629927367708673"/>
		<document id="256042207000285185" url="https://twitter.com/perejoanmitjans/status/256042207000285185"/>
		<document id="267740015000436738" url="https://twitter.com/perejoanmitjans/status/267740015000436738"/>
		<document id="269032400821039104" url="https://twitter.com/perejoanmitjans/status/269032400821039104"/>
		<document id="272640802486882304" url="https://twitter.com/perejoanmitjans/status/272640802486882304"/>
		<document id="275675435491287040" url="https://twitter.com/perejoanmitjans/status/275675435491287040"/>
		<document id="276379923881529344" url="https://twitter.com/perejoanmitjans/status/276379923881529344"/>
		<document id="279657139201519616" url="https://twitter.com/perejoanmitjans/status/279657139201519616"/>
		<document id="287125955376463872" url="https://twitter.com/perejoanmitjans/status/287125955376463872"/>
		<document id="293296906002628608" url="https://twitter.com/perejoanmitjans/status/293296906002628608"/>
		<document id="297090435887808512" url="https://twitter.com/perejoanmitjans/status/297090435887808512"/>
		<document id="297262845765234689" url="https://twitter.com/perejoanmitjans/status/297262845765234689"/>
		<document id="297655075969589250" url="https://twitter.com/perejoanmitjans/status/297655075969589250"/>
		<document id="306372183922442240" url="https://twitter.com/perejoanmitjans/status/306372183922442240"/>
		<document id="306676607119147009" url="https://twitter.com/perejoanmitjans/status/306676607119147009"/>
		<document id="309439832785055744" url="https://twitter.com/perejoanmitjans/status/309439832785055744"/>
		<document id="315103885247266817" url="https://twitter.com/perejoanmitjans/status/315103885247266817"/>
		<document id="316585548707938304" url="https://twitter.com/perejoanmitjans/status/316585548707938304"/>
		<document id="319471231210516480" url="https://twitter.com/perejoanmitjans/status/319471231210516480"/>
		<document id="319522050442149889" url="https://twitter.com/perejoanmitjans/status/319522050442149889"/>
		<document id="319522915664138241" url="https://twitter.com/perejoanmitjans/status/319522915664138241"/>
		<document id="319738173997580289" url="https://twitter.com/perejoanmitjans/status/319738173997580289"/>
		<document id="320072149584977921" url="https://twitter.com/perejoanmitjans/status/320072149584977921"/>
		<document id="320830500249944064" url="https://twitter.com/perejoanmitjans/status/320830500249944064"/>
		<document id="322248954366533632" url="https://twitter.com/perejoanmitjans/status/322248954366533632"/>
		<document id="325005689669971971" url="https://twitter.com/perejoanmitjans/status/325005689669971971"/>
		<document id="325300574570565633" url="https://twitter.com/perejoanmitjans/status/325300574570565633"/>
		<document id="332041275266174977" url="https://twitter.com/perejoanmitjans/status/332041275266174977"/>
		<document id="334345193170026496" url="https://twitter.com/perejoanmitjans/status/334345193170026496"/>
		<document id="336156082126872576" url="https://twitter.com/perejoanmitjans/status/336156082126872576"/>
		<document id="338412916103581697" url="https://twitter.com/perejoanmitjans/status/338412916103581697"/>
		<document id="338707434203926528" url="https://twitter.com/perejoanmitjans/status/338707434203926528"/>
		<document id="339758464488321024" url="https://twitter.com/perejoanmitjans/status/339758464488321024"/>
		<document id="342555318481473536" url="https://twitter.com/perejoanmitjans/status/342555318481473536"/>
		<document id="342923596001312768" url="https://twitter.com/perejoanmitjans/status/342923596001312768"/>
		<document id="343021287297409025" url="https://twitter.com/perejoanmitjans/status/343021287297409025"/>
		<document id="343395385252929537" url="https://twitter.com/perejoanmitjans/status/343395385252929537"/>
		<document id="348696568511209472" url="https://twitter.com/perejoanmitjans/status/348696568511209472"/>
		<document id="367054610495569922" url="https://twitter.com/perejoanmitjans/status/367054610495569922"/>
		<document id="369825537306271745" url="https://twitter.com/perejoanmitjans/status/369825537306271745"/>
		<document id="372277439080431616" url="https://twitter.com/perejoanmitjans/status/372277439080431616"/>
		<document id="375396679714758658" url="https://twitter.com/perejoanmitjans/status/375396679714758658"/>
		<document id="378822795121000448" url="https://twitter.com/perejoanmitjans/status/378822795121000448"/>
		<document id="379668876297900032" url="https://twitter.com/perejoanmitjans/status/379668876297900032"/>
		<document id="379731367682011136" url="https://twitter.com/perejoanmitjans/status/379731367682011136"/>
		<document id="380018498056888320" url="https://twitter.com/perejoanmitjans/status/380018498056888320"/>
		<document id="385429972279513088" url="https://twitter.com/perejoanmitjans/status/385429972279513088"/>
		<document id="387522848631189504" url="https://twitter.com/perejoanmitjans/status/387522848631189504"/>
		<document id="398586788563787776" url="https://twitter.com/perejoanmitjans/status/398586788563787776"/>
		<document id="410839847767912448" url="https://twitter.com/perejoanmitjans/status/410839847767912448"/>
		<document id="411494630119575552" url="https://twitter.com/perejoanmitjans/status/411494630119575552"/>
		<document id="412549858109956096" url="https://twitter.com/perejoanmitjans/status/412549858109956096"/>
		<document id="412628866557939712" url="https://twitter.com/perejoanmitjans/status/412628866557939712"/>
		<document id="413955725270847489" url="https://twitter.com/perejoanmitjans/status/413955725270847489"/>
		<document id="413967407750078464" url="https://twitter.com/perejoanmitjans/status/413967407750078464"/>
		<document id="415197220582207488" url="https://twitter.com/perejoanmitjans/status/415197220582207488"/>
		<document id="418687613403676672" url="https://twitter.com/perejoanmitjans/status/418687613403676672"/>
		<document id="419028993245839360" url="https://twitter.com/perejoanmitjans/status/419028993245839360"/>
	</documents>
</author>